500,153650
519.904,150474
539.808,147297
559.712,144121
579.616,140945
599.52,137769
619.424,134593
639.328,131416
659.232,128240
679.136,125064
699.04,121888
718.944,118711
738.848,115535
758.752,112359
778.656,109183
798.56,106007
818.464,102830
838.368,99654.2
858.272,96478
878.176,93301.7
898.08,90125.5
917.984,86949.3
937.888,83773.1
957.792,80596.9
977.696,77420.6
997.599,74244.4
1017.5,71068.2
1037.41,67974.2
1057.31,65052
1077.22,62376.5
1097.12,59810.7
1117.02,57378.5
1136.93,55118.5
1156.83,53023.4
1176.74,50985.6
1196.64,49058.5
1216.54,47274
1236.45,45499.4
1256.35,43865.9
1276.26,42345.7
1296.16,40885.7
1316.06,39491.6
1335.97,38170.6
1355.87,36905.1
1375.78,35682.9
1395.68,34533.3
1415.58,33458.4
1435.49,32391
1455.39,31380.1
1475.3,30416.4
1495.2,29507.2
1515.1,28626.7
1535.01,27745.2
1554.91,26872.1
1574.81,26078.5
1594.72,25309.1
1614.62,24563.9
1634.53,23862.2
1654.43,23180.3
1674.33,22524
1694.24,21892.5
1714.14,21284.3
1734.05,20700.4
1753.95,20132.4
1773.85,19612.4
1793.76,19101.2
1813.66,18601.1
1833.57,18119.2
1853.47,17645.9
1873.37,17202.6
1893.28,16765.3
1913.18,16355.4
1933.09,15952.9
1952.99,15572.2
1972.89,15198.5
1992.8,14838.2
2012.7,14476.5
2032.61,14135.2
2052.51,13800.2
2072.41,13473.5
2092.32,13154.1
2112.22,12844.9
2132.13,12547.4
2152.03,12266.8
2171.93,11989.5
2191.84,11720.1
2211.74,11454.3
2231.65,11204.7
2251.55,10955.6
2271.45,10724.9
2291.36,10494.2
2311.26,10274
2331.17,10056.2
2351.07,9848.11
2370.97,9647.73
2390.88,9450.22
2410.78,9261.55
2430.69,9072.88
2450.59,8892.99
2470.49,8714.25
2490.4,8543.05
2510.3,8378.75
2530.21,8214.88
2550.11,8057.72
2570.01,7900.57
2589.92,7752.58
2609.82,7610.74
2629.73,7469.06
2649.63,7331.79
2669.53,7194.53
2689.44,7062.77
2709.34,6937.11
2729.25,6811.46
2749.15,6691.68
2769.05,6572.84
2788.96,6455.29
2808.86,6345.09
2828.77,6234.9
2848.67,6128.23
2868.57,6026.14
2888.48,5924.05
2908.38,5825.49
2928.29,5729.07
2948.19,5632.66
2968.09,5539.9
2988,5448.29
3007.9,5356.46
3027.81,5269.96
3047.71,5184.14
3067.61,5098.31
3087.52,5017.43
3107.42,4936.92
3127.33,4856.42
3147.23,4780.62
3167.13,4705.26
3187.04,4629.9
3206.94,4559.72
3226.85,4490.46
3246.75,4421.19
3266.65,4354.09
3286.56,4287.97
3306.46,4221.85
3326.37,4158.05
3346.27,4096.38
3366.17,13236.7
3386.08,13042.5
3405.98,12856.9
3425.89,12671.3
3445.79,12485.7
3465.69,12314.8
3485.6,12145
3505.5,11975.1
3525.41,16233.2
3545.31,16009.9
3565.21,15786.6
3585.12,15565.3
3605.02,15360.3
3624.92,15155.3
3644.83,14950.2
3664.73,14754.3
3684.64,14564.7
3704.54,14375.1
3724.45,14185.5
3744.35,14007.7
3764.25,13830.3
3784.16,13652.9
3804.06,13476.2
3823.96,15250.6
3843.87,15062.1
3863.77,14873.6
3883.68,14693.9
3903.58,14520.5
3923.48,14347
3943.39,14173.5
3963.29,14007.5
3983.2,13843.7
4003.1,13678.5
4023,13505.8
4042.91,13341
4062.81,13177
4082.72,13013.1
4102.62,12849.2
4122.52,12693.9
4142.43,12539.3
4162.33,12384.7
4182.24,12230.1
4202.14,12086.8
4222.04,11944.5
4241.95,11802.2
4261.85,11659.9
4281.76,11523.4
4301.66,11388.5
4321.56,11253.5
4341.47,11118.5
4361.37,10989.8
4381.28,10864.9
4401.18,10740
4421.08,10615.1
4440.99,10493.5
4460.89,10378.2
4480.8,10262.9
4500.7,10147.5
4520.6,10032.2
4540.51,9922.04
4560.41,9812
4580.32,9701.95
4600.22,9591.9
4620.12,9486.84
4640.03,9385.72
4659.93,9284.6
4679.84,9183.48
4699.74,9082.58
4719.64,8987.47
4739.55,8892.35
4759.45,8797.23
4779.36,8702.12
4799.26,8609.9
4819.16,8521.77
4839.07,8433.64
4858.97,8345.51
4878.88,8257.38
4898.78,8173.3
4918.68,8091.01
4938.59,8008.72
4958.49,7926.43
4978.4,7844.15
4998.3,7762.42
5018.2,7685.67
5038.11,7609.38
5058.01,7533.09
5077.92,7456.81
5097.82,7382.55
5117.72,7308.3
5137.63,7234.05
5157.53,7159.8
5177.44,7085.68
5197.34,7017.53
5217.24,6949.37
5237.15,6881.21
5257.05,6813.05
5276.96,6744.89
5296.86,6681.21
5316.76,6617.77
5336.67,6554.34
5356.57,6490.9
5376.48,6427.46
5396.38,6367.97
5416.28,6309.63
5436.19,6251.29
5456.09,6192.95
5476,6134.61
5495.9,6077.39
5515.8,6021.56
5535.71,5965.73
5555.61,5909.9
5575.52,5854.07
5595.42,5798.53
5615.32,5746.83
5635.23,5695.13
5655.13,5643.43
5675.04,5591.73
5694.94,5540.02
5714.84,5490.57
5734.75,5442.65
5754.65,5394.73
5774.55,5346.81
5794.46,5298.89
5814.36,5250.97
5834.27,5205.75
5854.17,5160.63
5874.07,5115.51
5893.98,5070.39
5913.88,5025.27
5933.79,4981.01
5953.69,4938.88
5973.59,4896.75
5993.5,4854.61
6013.4,4812.64
6033.31,4770.74
6053.21,4729.95
6073.11,4690.43
6093.02,4650.92
6112.92,4611.41
6132.83,4571.89
6152.73,4532.38
6172.63,4493.97
6192.54,4456.73
6212.44,4419.49
6232.35,4382.25
6252.25,4345.01
6272.15,4307.77
6292.06,4271.81
6311.96,4237.37
6331.87,4202.94
6351.77,4168.5
6371.67,4134.07
6391.58,4099.64
6411.48,4065.82
6431.39,4033.61
6451.29,4001.41
6471.19,3969.21
6491.1,3937
6511,3904.8
6530.91,3872.6
6550.81,3842.69
6570.71,3812.79
6590.62,3782.89
6610.52,3752.99
6630.43,3723.09
6650.33,3693.2
6670.23,3664.37
6690.14,3636.36
6710.04,3608.36
6729.95,3580.36
6749.85,3552.36
6769.75,3524.35
6789.66,3496.42
6809.56,3470.45
6829.47,3444.48
6849.37,3418.52
6869.27,3392.55
6889.18,3366.58
6909.08,3340.61
6928.99,3315.21
6948.89,3290.83
6968.79,3266.46
6988.7,3242.09
7008.6,3217.72
7028.51,3193.34
7048.41,3168.97
7068.31,3145.62
7088.22,3123.05
7108.12,3100.47
7128.03,3077.9
7147.93,3055.32
7167.83,3032.75
7187.74,3010.17
7207.64,2988.59
7227.55,2967.57
7247.45,2946.55
7267.35,2925.53
7287.26,2904.51
7307.16,2883.5
7327.07,2862.48
7346.97,2842.16
7366.87,2822.41
7386.78,2802.67
7406.68,2782.92
7426.59,2763.18
7446.49,2743.43
7466.39,2723.69
7486.3,2704.47
7506.2,2686.17
7526.1,2667.87
7546.01,2649.57
7565.91,2631.27
7585.82,2612.97
7605.72,2594.67
7625.63,2576.41
7645.53,2559.45
7665.43,2542.49
7685.34,2525.54
7705.24,2508.58
7725.15,2491.62
7745.05,2474.67
7764.95,2457.71
7784.86,2441.28
7804.76,2425.39
7824.67,2409.5
7844.57,2393.61
7864.47,2377.72
7884.38,2361.83
7904.28,2345.94
7924.18,2330.05
7944.09,2314.77
7963.99,2299.59
7983.9,2284.4
8003.8,2269.29
8023.7,2254.49
8043.61,2239.69
8063.51,2224.9
8083.42,2210.15
8103.32,2196.12
8123.23,2182.09
8143.13,2168.06
8163.03,2154.03
8182.94,2140
8202.84,2125.97
8222.74,2111.94
8242.65,2098.03
8262.55,2084.91
8282.46,2071.79
8302.36,2058.68
8322.26,2045.56
8342.17,2032.44
8362.07,2019.33
8381.98,2006.21
8401.88,1993.13
8421.78,1980.97
8441.69,1968.8
8461.59,1956.64
8481.5,1944.47
8501.4,1932.3
8521.3,1920.14
8541.21,1907.97
8561.11,1895.81
8581.02,1884.27
8600.92,1872.88
8620.82,1861.49
8640.73,1850.1
8660.63,1838.71
8680.54,1827.33
8700.44,1815.94
8720.34,1804.55
8740.25,1793.5
8760.15,1782.92
8780.06,1772.34
8799.96,1761.77
8819.86,1751.19
8839.77,1740.62
8859.67,1730.04
8879.58,1719.47
8899.48,1708.89
8919.38,1698.9
8939.29,1689.05
8959.19,1679.19
8979.1,1669.33
8999,1659.48
9018.9,1649.62
9038.81,1639.76
9058.71,1629.9
9078.62,1620.11
9098.52,1611
9118.42,1601.88
9138.33,1592.77
9158.23,1583.66
9178.14,1574.55
9198.04,1565.44
9217.94,1556.33
9237.85,1547.22
9257.75,1538.19
9277.66,1529.68
9297.56,1521.17
9317.46,1512.66
9337.37,1504.15
9357.27,1495.64
9377.17,1487.13
9397.08,1478.63
9416.98,1470.12
9436.89,1461.63
9456.79,1453.64
9476.7,1445.65
9496.6,1437.66
9516.5,1429.67
9536.41,1421.68
9556.31,1413.69
9576.21,1405.7
9596.12,1397.71
9616.02,1389.72
9635.93,1382.22
9655.83,1374.83
9675.74,1367.44
9695.64,1360.06
9715.54,1352.67
9735.45,1345.29
9755.35,1337.9
9775.25,1330.52
9795.16,1323.13
9815.06,1315.93
9834.97,1309.06
9854.87,1302.2
9874.77,1295.33
9894.68,1288.46
9914.58,1281.6
9934.49,1274.73
9954.39,1267.86
9974.29,1260.99
9994.2,1254.13
10014.1,1247.62
10034,1241.26
10053.9,1234.9
10073.8,1228.54
10093.7,1222.18
10113.6,1215.83
10133.5,1209.47
10153.4,1203.11
10173.3,1196.75
10193.2,1190.39
10213.1,1184.01
10233,1177.63
10253,1171.24
10272.9,1164.85
10292.8,1158.47
10312.7,1152.08
10332.6,1145.69
10352.5,1139.31
10372.4,1132.92
10392.3,1126.64
10412.2,1121.2
10432.1,1115.75
10452,1110.31
10471.9,1104.86
10491.8,1099.42
10511.7,1093.97
10531.6,1088.53
10551.5,1083.08
10571.4,1077.64
10591.3,1072.19
10611.2,1066.9
10631.1,1061.74
10651,1056.57
10670.9,1051.4
10690.8,1046.24
10710.7,1041.07
10730.6,1035.9
10750.5,1030.73
10770.5,1025.57
10790.4,1020.4
10810.3,1015.24
10830.2,1010.35
10850.1,1005.46
10870,1000.57
10889.9,995.679
10909.8,990.79
10929.7,985.9
10949.6,981.011
10969.5,976.122
10989.4,971.232
11009.3,966.343
11029.2,961.556
11049.1,956.889
11069,952.222
11088.9,947.555
11108.8,942.888
11128.7,938.221
11148.6,933.554
11168.5,928.887
11188.4,924.219
11208.3,919.553
11228.2,914.886
11248.1,910.605
11268.1,906.362
11288,902.12
11307.9,897.877
11327.8,893.634
11347.7,889.391
11367.6,885.148
11387.5,880.906
11407.4,876.663
11427.3,872.42
11447.2,868.177
11467.1,864.311
11487,860.506
11506.9,856.701
11526.8,852.896
11546.7,849.092
11566.6,845.287
11586.5,841.482
11606.4,837.678
11626.3,833.873
11646.2,830.068
11666.1,826.263
11686,822.455
11705.9,818.636
11725.8,814.818
11745.7,810.999
11765.7,807.18
11785.6,803.362
11805.5,799.544
11825.4,795.725
11845.3,791.906
11865.2,788.088
11885.1,784.269
11905,780.579
11924.9,777.273
11944.8,773.967
11964.7,770.662
11984.6,767.356
12004.5,764.05
12024.4,760.744
12044.3,757.438
12064.2,754.132
12084.1,750.826
12104,747.52
12123.9,744.215
12143.8,740.92
12163.7,737.674
12183.6,734.427
12203.5,731.18
12223.4,727.934
12243.3,724.687
12263.3,721.44
12283.2,718.194
12303.1,714.947
12323,711.7
12342.9,708.453
12362.8,705.207
12382.7,702.215
12402.6,699.368
12422.5,696.521
12442.4,693.674
12462.3,690.827
12482.2,687.98
12502.1,685.133
12522,682.286
12541.9,679.439
12561.8,676.592
12581.7,673.745
12601.6,670.898
12621.5,668.054
12641.4,665.234
12661.3,662.414
12681.2,659.594
12701.1,656.775
12721,653.955
12740.9,651.135
12760.9,648.316
12780.8,645.496
12800.7,642.676
12820.6,639.857
12840.5,637.037
12860.4,634.222
12880.3,631.655
12900.2,629.088
12920.1,626.521
12940,623.954
12959.9,621.387
12979.8,618.82
12999.7,616.254
13019.6,613.687
13039.5,611.12
13059.4,608.553
13079.3,605.986
13099.2,603.419
13119.1,600.959
13139,598.625
13158.9,596.292
13178.8,593.958
13198.7,591.625
13218.6,589.292
13238.5,586.958
13258.5,584.624
13278.4,582.291
13298.3,579.957
13318.2,577.624
13338.1,575.29
13358,572.957
13377.9,570.669
13397.8,568.452
13417.7,566.235
13437.6,564.019
13457.5,561.802
13477.4,559.585
13497.3,557.368
13517.2,555.151
13537.1,552.934
13557,550.717
13576.9,548.5
13596.8,546.284
13616.7,544.067
13636.6,541.913
13656.5,539.886
13676.4,537.86
13696.3,535.833
13716.2,533.806
13736.1,531.78
13756.1,529.753
13776,527.726
13795.9,525.699
13815.8,523.673
13835.7,521.646
13855.6,519.619
13875.5,517.592
13895.4,515.566
13915.3,513.619
13935.2,511.695
13955.1,509.773
13975,507.849
13994.9,505.927
14014.8,504.003
14034.7,502.08
14054.6,500.157
14074.5,498.234
14094.4,496.311
14114.3,494.388
14134.2,492.465
14154.1,490.542
14174,488.652
14193.9,486.889
14213.8,485.127
14233.7,483.364
14253.7,481.601
14273.6,479.839
14293.5,478.076
14313.4,476.313
14333.3,474.551
14353.2,472.788
14373.1,471.025
14393,469.263
14412.9,467.5
14432.8,465.737
14452.7,463.988
14472.6,462.321
14492.5,460.654
14512.4,458.987
14532.3,457.32
14552.2,455.653
14572.1,453.987
14592,452.32
14611.9,450.653
14631.8,448.986
14651.7,447.319
14671.6,445.652
14691.5,443.986
14711.4,442.319
14731.3,440.66
14751.3,439.113
14771.2,437.566
14791.1,436.019
14811,434.472
14830.9,432.925
14850.8,431.378
14870.7,429.831
14890.6,428.284
14910.5,426.737
14930.4,425.19
14950.3,423.643
14970.2,422.095
14990.1,420.548
15010,419.104
15029.9,417.698
15049.8,416.225
15069.7,414.753
15089.6,413.28
15109.5,411.807
15129.4,410.335
15149.3,408.862
15169.2,407.39
15189.1,405.917
15209,404.445
15228.9,402.972
15248.8,401.5
15268.8,400.027
15288.7,398.555
15308.6,397.082
15328.5,395.723
15348.4,394.374
15368.3,393.024
15388.2,391.675
15408.1,390.325
15428,388.976
15447.9,387.626
15467.8,386.277
15487.7,384.927
15507.6,383.577
15527.5,382.228
15547.4,380.878
15567.3,379.529
15587.2,378.179
15607.1,376.83
15627,375.575
15646.9,374.337
15666.8,373.099
15686.7,371.86
15706.6,370.622
15726.5,369.384
15746.5,368.145
15766.4,366.907
15786.3,365.669
15806.2,364.431
15826.1,363.192
15846,361.954
15865.9,360.716
15885.8,359.477
15905.7,358.239
15925.6,357.019
15945.5,355.845
15965.4,354.67
15985.3,353.496
16005.2,352.322
16025.1,351.147
16045,349.973
16064.9,348.799
16084.8,347.624
16104.7,346.45
16124.6,345.276
16144.5,344.101
16164.4,342.927
16184.3,341.753
16204.2,340.579
16224.1,339.404
16244,338.272
16264,337.158
16283.9,336.044
16303.8,334.93
16323.7,333.816
16343.6,332.702
16363.5,331.588
16383.4,330.474
16403.3,329.36
16423.2,328.246
16443.1,327.132
16463,326.018
16482.9,324.903
16502.8,323.789
16522.7,322.675
16542.6,321.577
16562.5,320.584
16582.4,319.59
16602.3,318.597
16622.2,317.603
16642.1,316.609
16662,315.616
16681.9,314.622
16701.8,313.629
16721.7,312.635
16741.6,311.642
16761.6,310.648
16781.5,309.655
16801.4,308.661
16821.3,307.668
16841.2,306.674
16861.1,305.681
16881,304.716
16900.9,303.776
16920.8,302.835
16940.7,301.895
16960.6,300.954
16980.5,300.014
17000.4,299.073
17020.3,298.133
17040.2,297.193
17060.1,296.252
17080,295.312
17099.9,294.371
17119.8,293.431
17139.7,292.49
17159.6,291.55
17179.5,290.609
17199.4,289.669
17219.3,288.776
17239.2,287.885
17259.2,286.994
17279.1,286.103
17299,285.212
17318.9,284.321
17338.8,283.43
17358.7,282.539
17378.6,281.648
17398.5,280.757
17418.4,279.866
17438.3,278.975
17458.2,278.084
17478.1,277.193
17498,276.302
17517.9,275.411
17537.8,274.557
17557.7,273.761
17577.6,272.964
17597.5,272.167
17617.4,271.37
17637.3,270.574
17657.2,269.777
17677.1,268.98
17697,268.183
17716.9,267.387
17736.8,266.59
17756.8,265.793
17776.7,264.996
17796.6,264.2
17816.5,263.403
17836.4,262.606
17856.3,261.809
17876.2,261.013
17896.1,260.248
17916,259.492
17935.9,258.735
17955.8,257.978
17975.7,257.221
17995.6,256.465
18015.5,255.708
18035.4,254.951
18055.3,254.194
18075.2,253.438
18095.1,252.681
18115,251.924
18134.9,251.167
18154.8,250.411
18174.7,249.654
18194.6,248.897
18214.5,248.14
18234.4,247.393
18254.3,246.676
18274.3,245.959
18294.2,245.243
18314.1,244.526
18334,243.809
18353.9,243.092
18373.8,242.376
18393.7,241.659
18413.6,240.942
18433.5,240.225
18453.4,239.509
18473.3,238.792
18493.2,238.075
18513.1,237.358
18533,236.642
18552.9,235.925
18572.8,235.208
18592.7,234.538
18612.6,233.895
18632.5,233.252
18652.4,232.609
18672.3,231.965
18692.2,231.322
18712.1,230.679
18732,230.035
18752,229.392
18771.9,228.749
18791.8,228.105
18811.7,227.462
18831.6,226.819
18851.5,226.175
18871.4,225.532
18891.3,224.889
18911.2,224.246
18931.1,223.602
18951,222.961
18970.9,222.352
18990.8,221.743
19010.7,221.135
19030.6,220.526
19050.5,219.918
19070.4,219.309
19090.3,218.7
19110.2,218.092
19130.1,217.483
19150,216.875
19169.9,216.266
19189.8,215.657
19209.7,215.049
19229.6,214.44
19249.5,213.832
19269.5,213.223
19289.4,212.614
19309.3,212.006
19329.2,211.41
19349.1,210.83
19369,210.25
19388.9,209.669
19408.8,209.089
19428.7,208.509
19448.6,207.929
19468.5,207.348
19488.4,206.768
19508.3,206.188
19528.2,205.608
19548.1,205.028
19568,204.447
19587.9,203.867
19607.8,203.287
19627.7,202.707
19647.6,202.126
19667.5,201.546
19687.4,200.966
19707.3,200.435
19727.2,199.912
19747.2,199.389
19767.1,198.866
19787,198.343
19806.9,197.82
19826.8,197.296
19846.7,196.773
19866.6,196.25
19886.5,195.727
19906.4,195.204
19926.3,194.681
19946.2,194.157
19966.1,193.634
19986,193.111
20005.9,192.592
20025.8,192.081
20045.7,191.571
20065.6,191.06
20085.5,190.554
20105.4,190.057
20125.3,189.56
20145.2,189.064
20165.1,188.567
20185,188.071
20204.9,187.574
20224.8,187.077
20244.7,186.581
20264.7,186.084
20284.6,185.587
20304.5,185.091
20324.4,184.594
20344.3,184.098
20364.2,183.601
20384.1,183.104
20404,182.608
20423.9,182.111
20443.8,181.614
20463.7,181.118
20483.6,180.646
20503.5,180.185
20523.4,179.724
20543.3,179.263
20563.2,178.802
20583.1,178.341
20603,177.88
20622.9,177.419
20642.8,176.959
20662.7,176.498
20682.6,176.037
20702.5,175.576
20722.4,175.115
20742.3,174.654
20762.3,174.193
20782.2,173.732
20802.1,173.272
20822,172.811
20841.9,172.35
20861.8,171.889
20881.7,171.448
20901.6,171.021
20921.5,170.594
20941.4,170.167
20961.3,169.74
20981.2,169.314
21001.1,168.887
21021,168.46
21040.9,168.033
21060.8,167.606
21080.7,167.179
21100.6,166.752
21120.5,166.326
21140.4,165.899
21160.3,165.472
21180.2,165.045
21200.1,164.618
21220,164.191
21239.9,163.764
21259.9,163.337
21279.8,162.911
21299.7,162.516
21319.6,162.121
21339.5,161.727
21359.4,161.332
21379.3,160.938
21399.2,160.543
21419.1,160.149
21439,159.754
21458.9,159.36
21478.8,158.965
21498.7,158.571
21518.6,158.176
21538.5,157.782
21558.4,157.387
21578.3,156.993
21598.2,156.599
21618.1,156.204
21638,155.81
21657.9,155.415
21677.8,155.021
21697.7,154.626
21717.6,154.251
21737.5,153.879
21757.5,153.507
21777.4,153.135
21797.3,152.762
21817.2,152.39
21837.1,152.018
21857,151.646
21876.9,151.273
21896.8,150.901
21916.7,150.529
21936.6,150.156
21956.5,149.784
21976.4,149.412
21996.3,149.04
22016.2,148.667
22036.1,148.295
22056,147.923
22075.9,147.551
22095.8,147.178
22115.7,146.806
22135.6,146.456
22155.5,146.111
22175.4,145.766
22195.3,145.422
22215.2,145.077
22235.1,144.733
22255.1,144.388
22275,144.043
22294.9,143.699
22314.8,143.354
22334.7,143.01
22354.6,142.665
22374.5,142.32
22394.4,141.976
22414.3,141.631
22434.2,141.287
22454.1,140.942
22474,140.597
22493.9,140.253
22513.8,139.908
22533.7,139.564
22553.6,139.223
22573.5,138.902
22593.4,138.582
22613.3,138.261
22633.2,137.94
22653.1,137.619
22673,137.298
22692.9,136.977
22712.8,136.656
22732.7,136.335
22752.7,136.015
22772.6,135.694
22792.5,135.373
22812.4,135.052
22832.3,134.731
22852.2,134.41
22872.1,134.089
22892,133.769
22911.9,133.448
22931.8,133.127
22951.7,132.806
22971.6,132.485
22991.5,132.166
23011.4,131.868
23031.3,131.57
23051.2,131.271
23071.1,130.973
23091,130.675
23110.9,130.377
23130.8,130.079
23150.7,129.781
23170.6,129.482
23190.5,129.184
23210.4,128.886
23230.3,128.588
23250.3,128.29
23270.2,127.992
23290.1,127.693
23310,127.395
23329.9,127.097
23349.8,126.799
23369.7,126.501
23389.6,126.202
23409.5,125.904
23429.4,125.606
23449.3,125.319
23469.2,125.045
23489.1,124.771
23509,124.497
23528.9,124.223
23548.8,123.95
23568.7,123.676
23588.6,123.402
23608.5,123.128
23628.4,122.854
23648.3,122.58
23668.2,122.306
23688.1,122.032
23708,121.758
23727.9,121.484
23747.8,121.21
23767.8,120.936
23787.7,120.662
23807.6,120.388
23827.5,120.114
23847.4,119.84
23867.3,119.567
23887.2,119.293
23907.1,119.025
23927,118.769
23946.9,118.514
23966.8,118.258
23986.7,118.002
24006.6,117.747
24026.5,117.491
24046.4,117.235
24066.3,116.98
24086.2,116.724
24106.1,116.468
24126,116.212
24145.9,115.957
24165.8,115.701
24185.7,115.445
24205.6,115.19
24225.5,114.934
24245.4,114.678
24265.4,114.423
24285.3,114.167
24305.2,113.911
24325.1,113.656
24345,113.4
24364.9,113.144
24384.8,112.903
24404.7,112.667
24424.6,112.432
24444.5,112.196
24464.4,111.96
24484.3,111.724
24504.2,111.488
24524.1,111.253
24544,111.017
24563.9,110.781
24583.8,110.545
24603.7,110.31
24623.6,110.074
24643.5,109.838
24663.4,109.602
24683.3,109.366
24703.2,109.131
24723.1,108.895
24743,108.659
24763,108.423
24782.9,108.187
24802.8,107.952
24822.7,107.716
24842.6,107.48
24862.5,107.25
24882.4,107.024
24902.3,106.798
24922.2,106.572
24942.1,106.346
24962,106.12
24981.9,105.894
25001.8,105.668
25021.7,105.442
25041.6,105.216
25061.5,104.99
25081.4,104.764
25101.3,104.538
25121.2,104.312
25141.1,104.086
25161,103.86
25180.9,103.633
25200.8,103.407
25220.7,103.181
25240.6,102.955
25260.6,102.729
25280.5,102.503
25300.4,102.277
25320.3,102.051
25340.2,101.831
25360.1,101.617
25380,101.403
25399.9,101.189
25419.8,100.975
25439.7,100.762
25459.6,100.548
25479.5,100.334
25499.4,100.12
25519.3,581.17
25539.2,580.069
25559.1,578.968
25579,577.867
25598.9,576.766
25618.8,575.665
25638.7,574.564
25658.6,573.463
25678.5,572.362
25698.4,571.261
25718.3,570.16
25738.2,569.059
25758.2,567.958
25778.1,566.857
25798,565.756
25817.9,564.656
25837.8,563.564
25857.7,562.489
25877.6,561.413
25897.5,560.337
25917.4,559.261
25937.3,558.186
25957.2,557.11
25977.1,556.034
25997,554.958
26016.9,553.883
26036.8,552.807
26056.7,551.731
26076.6,550.655
26096.5,549.58
26116.4,548.504
26136.3,547.428
26156.2,546.352
26176.1,545.276
26196,544.201
26215.9,543.125
26235.8,542.049
26255.8,540.974
26275.7,539.898
26295.6,538.822
26315.5,537.746
26335.4,536.695
26355.3,535.713
26375.2,534.73
26395.1,533.747
26415,532.764
26434.9,531.782
26454.8,530.799
26474.7,529.816
26494.6,528.833
26514.5,527.85
26534.4,526.868
26554.3,525.885
26574.2,524.902
26594.1,523.919
26614,522.937
26633.9,521.954
26653.8,520.971
26673.7,519.988
26693.6,519.005
26713.5,518.023
26733.4,517.04
26753.4,516.057
26773.3,515.074
26793.2,514.091
26813.1,513.109
26833,512.126
26852.9,511.15
26872.8,510.212
26892.7,509.274
26912.6,508.336
26932.5,507.398
26952.4,506.46
26972.3,505.522
26992.2,504.584
27012.1,503.646
27032,502.708
27051.9,501.771
27071.8,500.832
27091.7,499.895
27111.6,498.957
27131.5,498.019
27151.4,497.081
27171.3,496.143
27191.2,495.205
27211.1,494.267
27231,493.329
27251,492.391
27270.9,491.453
27290.8,490.516
27310.7,489.578
27330.6,488.64
27350.5,487.702
27370.4,486.765
27390.3,485.903
27410.2,485.041
27430.1,484.179
27450,483.317
27469.9,482.455
27489.8,481.593
27509.7,480.731
27529.6,479.868
27549.5,479.006
27569.4,478.144
27589.3,477.282
27609.2,476.42
27629.1,475.558
27649,474.696
27668.9,473.834
27688.8,472.971
27708.7,472.109
27728.6,471.247
27748.5,470.385
27768.5,469.523
27788.4,468.661
27808.3,467.799
27828.2,466.937
27848.1,466.075
27868,465.212
27887.9,464.35
27907.8,463.488
27927.7,462.663
27947.6,461.842
27967.5,461.02
27987.4,460.199
28007.3,459.378
28027.2,458.557
28047.1,457.736
28067,456.915
28086.9,456.094
28106.8,455.273
28126.7,454.452
28146.6,453.631
28166.5,452.81
28186.4,451.989
28206.3,451.168
28226.2,450.347
28246.1,449.526
28266.1,448.705
28286,447.884
28305.9,447.062
28325.8,446.241
28345.7,445.42
28365.6,444.599
28385.5,443.778
28405.4,442.957
28425.3,442.136
28445.2,441.315
28465.1,440.543
28485,439.787
28504.9,439.03
28524.8,438.274
28544.7,437.518
28564.6,436.761
28584.5,436.005
28604.4,435.249
28624.3,434.492
28644.2,433.736
28664.1,432.98
28684,432.223
28703.9,431.467
28723.8,430.711
28743.8,429.954
28763.7,429.198
28783.6,428.442
28803.5,427.686
28823.4,426.929
28843.3,426.173
28863.2,425.417
28883.1,424.66
28903,423.904
28922.9,423.148
28942.8,422.391
28962.7,421.635
28982.6,420.879
29002.5,420.122
29022.4,419.395
29042.3,418.684
29062.2,417.974
29082.1,417.264
29102,416.553
29121.9,415.843
29141.8,415.133
29161.7,414.423
29181.6,413.712
29201.5,413.002
29221.4,412.292
29241.3,411.581
29261.3,410.871
29281.2,410.161
29301.1,409.451
29321,408.74
29340.9,408.03
29360.8,407.32
29380.7,406.609
29400.6,405.899
29420.5,405.189
29440.4,404.478
29460.3,403.768
29480.2,403.058
29500.1,402.348
29520,401.637
29539.9,400.927
29559.8,400.217
29579.7,399.506
29599.6,398.825
29619.5,398.145
29639.4,397.464
29659.3,396.783
29679.2,396.103
29699.1,395.422
29719,394.742
29738.9,394.061
29758.8,393.38
29778.8,392.7
29798.7,392.019
29818.6,391.339
29838.5,390.658
29858.4,389.977
29878.3,389.297
29898.2,388.616
29918.1,387.935
29938,387.255
29957.9,386.574
29977.8,385.894
29997.7,385.213
30017.6,384.543
30037.5,383.874
30057.4,383.205
30077.3,382.536
30097.2,381.867
30117.1,381.198
30137,380.529
30156.9,379.875
30176.8,379.25
30196.7,378.626
30216.6,378.001
30236.5,377.376
30256.5,376.751
30276.4,376.126
30296.3,375.501
30316.2,374.876
30336.1,374.251
30356,373.626
30375.9,373.001
30395.8,372.376
30415.7,371.751
30435.6,371.127
30455.5,370.502
30475.4,369.877
30495.3,369.252
30515.2,368.627
30535.1,368.002
30555,367.377
30574.9,366.752
30594.8,366.127
30614.7,365.502
30634.6,364.877
30654.5,364.252
30674.4,363.627
30694.3,363.003
30714.2,362.378
30734.1,361.753
30754.1,361.154
30774,360.567
30793.9,359.98
30813.8,359.393
30833.7,358.805
30853.6,358.218
30873.5,357.631
30893.4,357.044
30913.3,356.456
30933.2,355.869
30953.1,355.282
30973,354.694
30992.9,354.107
31012.8,353.52
31032.7,352.933
31052.6,352.345
31072.5,351.758
31092.4,351.171
31112.3,350.583
31132.2,349.996
31152.1,349.409
31172,348.822
31191.9,348.234
31211.8,347.647
31231.7,347.06
31251.7,346.472
31271.6,345.885
31291.5,345.298
31311.4,344.711
31331.3,344.123
31351.2,343.56
31371.1,343.017
31391,342.473
31410.9,341.929
31430.8,341.385
31450.7,340.841
31470.6,340.297
31490.5,339.753
31510.4,339.21
31530.3,338.666
31550.2,338.122
31570.1,337.578
31590,337.034
31609.9,336.49
31629.8,335.946
31649.7,335.402
31669.6,334.859
31689.5,334.315
31709.4,333.771
31729.3,333.227
31749.2,332.683
31769.2,332.139
31789.1,331.595
31809,331.052
31828.9,330.508
31848.8,329.964
31868.7,329.42
31888.6,328.876
31908.5,328.332
31928.4,327.788
31948.3,327.244
31968.2,326.711
31988.1,326.194
32008,325.676
32027.9,325.159
32047.8,324.641
32067.7,324.124
32087.6,323.606
32107.5,323.089
32127.4,322.571
32147.3,322.054
32167.2,321.536
32187.1,321.019
32207,320.501
32226.9,319.984
32246.8,319.466
32266.8,318.949
32286.7,318.431
32306.6,317.914
32326.5,317.396
32346.4,316.879
32366.3,316.361
32386.2,315.844
32406.1,315.326
32426,314.809
32445.9,314.291
32465.8,313.773
32485.7,313.256
32505.6,312.738
32525.5,312.221
32545.4,311.703
32565.3,311.186
32585.2,310.679
32605.1,310.201
32625,309.723
32644.9,309.246
32664.8,308.768
32684.7,308.291
32704.6,307.813
32724.5,307.335
32744.4,306.858
32764.4,306.38
32784.3,305.902
32804.2,305.425
32824.1,304.947
32844,304.469
32863.9,303.992
32883.8,303.514
32903.7,303.036
32923.6,302.559
32943.5,302.081
32963.4,301.603
32983.3,301.126
33003.2,300.648
33023.1,300.17
33043,299.693
33062.9,299.215
33082.8,298.737
33102.7,298.26
33122.6,297.782
33142.5,297.305
33162.4,296.827
33182.3,296.349
33202.2,295.872
33222.1,295.397
33242,294.948
33262,294.5
33281.9,294.051
33301.8,293.602
33321.7,293.153
33341.6,292.705
33361.5,292.256
33381.4,291.807
33401.3,291.358
33421.2,290.909
33441.1,290.461
33461,290.012
33480.9,289.563
33500.8,289.114
33520.7,288.666
33540.6,288.217
33560.5,287.768
33580.4,287.32
33600.3,286.871
33620.2,286.422
33640.1,285.973
33660,285.524
33679.9,285.076
33699.8,284.627
33719.7,284.178
33739.6,283.729
33759.6,283.281
33779.5,282.832
33799.4,282.383
33819.3,281.934
33839.2,281.486
33859.1,281.037
33879,280.601
33898.9,280.18
33918.8,279.759
33938.7,279.338
33958.6,278.918
33978.5,278.497
33998.4,278.076
34018.3,277.656
34038.2,277.235
34058.1,276.814
34078,276.393
34097.9,275.973
34117.8,275.552
34137.7,275.131
34157.6,274.71
34177.5,274.29
34197.4,273.869
34217.3,273.448
34237.2,273.027
34257.2,272.607
34277.1,272.186
34297,271.765
34316.9,271.344
34336.8,270.924
34356.7,270.503
34376.6,270.082
34396.5,269.661
34416.4,269.241
34436.3,268.82
34456.2,268.399
34476.1,267.978
34496,267.558
34515.9,267.137
34535.8,266.725
34555.7,266.336
34575.6,265.946
34595.5,265.557
34615.4,265.167
34635.3,264.778
34655.2,264.388
34675.1,263.999
34695,263.609
34714.9,263.22
34734.8,262.83
34754.8,262.441
34774.7,262.051
34794.6,261.662
34814.5,261.272
34834.4,260.883
34854.3,260.493
34874.2,260.104
34894.1,259.714
34914,259.325
34933.9,258.935
34953.8,258.546
34973.7,258.156
34993.6,257.767
35013.5,257.377
35033.4,256.988
35053.3,256.598
35073.2,256.209
35093.1,255.819
35113,255.43
35132.9,255.04
35152.8,254.651
35172.7,254.261
35192.6,253.872
35212.5,253.485
35232.4,253.114
35252.4,252.743
35272.3,252.373
35292.2,252.002
35312.1,251.632
35332,251.261
35351.9,250.89
35371.8,250.52
35391.7,250.149
35411.6,249.779
35431.5,249.408
35451.4,249.037
35471.3,248.667
35491.2,248.296
35511.1,247.925
35531,247.555
35550.9,247.184
35570.8,246.814
35590.7,246.443
35610.6,246.072
35630.5,245.702
35650.4,245.331
35670.3,244.96
35690.2,244.59
35710.1,244.219
35730,243.849
35749.9,243.478
35769.9,243.107
35789.8,242.737
35809.7,242.366
35829.6,241.995
35849.5,241.625
35869.4,241.254
35889.3,240.884
35909.2,240.544
35929.1,240.205
35949,239.867
35968.9,239.528
35988.8,239.19
36008.7,238.851
36028.6,238.513
36048.5,238.174
36068.4,237.836
36088.3,237.497
36108.2,237.159
36128.1,236.82
36148,236.482
36167.9,236.143
36187.8,235.805
36207.7,235.466
36227.6,235.127
36247.6,234.789
36267.5,234.45
36287.4,234.112
36307.3,233.773
36327.2,233.435
36347.1,233.096
36367,232.758
36386.9,232.419
36406.8,232.081
36426.7,231.742
36446.6,231.404
36466.5,231.065
36486.4,230.727
36506.3,230.388
36526.2,230.05
36546.1,229.711
36566,229.372
36585.9,229.034
36605.8,228.7
36625.7,228.378
36645.6,228.056
36665.5,227.734
36685.4,227.412
36705.3,227.09
36725.2,226.768
36745.1,226.446
36765.1,226.123
36785,225.801
36804.9,225.479
36824.8,225.157
36844.7,224.835
36864.6,224.513
36884.5,224.191
36904.4,223.869
36924.3,223.547
36944.2,223.225
36964.1,222.902
36984,222.58
37003.9,222.258
37023.8,221.936
37043.7,221.614
37063.6,221.292
37083.5,220.97
37103.4,220.648
37123.3,220.326
37143.2,220.004
37163.1,219.682
37183,219.359
37202.9,219.037
37222.8,218.715
37242.7,218.393
37262.7,218.071
37282.6,217.749
37302.5,217.427
37322.4,217.12
37342.3,216.823
37362.2,216.526
37382.1,216.228
37402,215.931
37421.9,215.634
37441.8,215.336
37461.7,215.039
37481.6,214.742
37501.5,214.445
37521.4,214.147
37541.3,213.85
37561.2,213.553
37581.1,213.255
37601,212.958
37620.9,212.661
37640.8,212.364
37660.7,212.066
37680.6,211.769
37700.5,211.472
37720.4,211.174
37740.3,210.877
37760.3,210.58
37780.2,210.283
37800.1,209.985
37820,209.688
37839.9,209.391
37859.8,209.093
37879.7,208.796
37899.6,208.499
37919.5,208.202
37939.4,207.904
37959.3,207.607
37979.2,207.31
37999.1,207.012
38019,206.715
38038.9,206.418
38058.8,206.141
38078.7,205.866
38098.6,205.591
38118.5,205.315
38138.4,205.04
38158.3,204.764
38178.2,204.489
38198.1,204.214
38218,203.938
38237.9,203.663
38257.9,203.388
38277.8,203.112
38297.7,202.837
38317.6,202.562
38337.5,202.286
38357.4,202.011
38377.3,201.736
38397.2,201.46
38417.1,201.185
38437,200.909
38456.9,200.634
38476.8,200.359
38496.7,200.083
38516.6,199.808
38536.5,199.533
38556.4,199.257
38576.3,198.982
38596.2,198.707
38616.1,198.431
38636,198.156
38655.9,197.88
38675.8,197.605
38695.7,197.33
38715.6,197.054
38735.5,196.779
38755.5,196.504
38775.4,196.228
38795.3,195.956
38815.2,195.693
38835.1,195.43
38855,195.167
38874.9,194.905
38894.8,194.642
38914.7,194.379
38934.6,194.116
38954.5,193.853
38974.4,193.59
38994.3,193.327
39014.2,193.064
39034.1,192.801
39054,192.538
39073.9,192.275
39093.8,192.013
39113.7,191.75
39133.6,191.487
39153.5,191.224
39173.4,190.961
39193.3,190.698
39213.2,190.435
39233.1,190.172
39253.1,189.909
39273,189.646
39292.9,189.383
39312.8,189.121
39332.7,188.858
39352.6,188.595
39372.5,188.332
39392.4,188.069
39412.3,187.806
39432.2,187.543
39452.1,187.28
39472,187.017
39491.9,186.754
39511.8,186.491
39531.7,186.228
39551.6,185.978
39571.5,185.737
39591.4,185.496
39611.3,185.255
39631.2,185.015
39651.1,184.774
39671,184.533
39690.9,184.292
39710.8,184.051
39730.7,183.81
39750.6,183.569
39770.6,183.328
39790.5,183.087
39810.4,182.846
39830.3,182.605
39850.2,182.364
39870.1,182.123
39890,181.882
39909.9,181.641
39929.8,181.4
39949.7,181.159
39969.6,180.918
39989.5,180.677
40009.4,180.438
40029.3,180.201
40049.2,179.964
40069.1,179.727
40089,179.49
40108.9,179.253
40128.8,179.016
40148.7,178.779
40168.6,178.542
40188.5,178.305
40208.4,178.068
40228.3,177.831
40248.3,177.594
40268.2,177.357
40288.1,177.12
40308,176.883
40327.9,176.651
40347.8,176.426
40367.7,176.202
40387.6,175.978
40407.5,175.753
40427.4,175.529
40447.3,175.304
40467.2,175.08
40487.1,174.855
40507,174.631
40526.9,174.406
40546.8,174.182
40566.7,173.957
40586.6,173.733
40606.5,173.508
40626.4,173.284
40646.3,173.059
40666.2,172.835
40686.1,172.61
40706,172.386
40725.9,172.161
40745.9,171.937
40765.8,171.712
40785.7,171.488
40805.6,171.263
40825.5,171.039
40845.4,170.814
40865.3,170.59
40885.2,170.365
40905.1,170.141
40925,169.916
40944.9,169.692
40964.8,169.467
40984.7,169.243
41004.6,169.018
41024.5,168.794
41044.4,168.569
41064.3,168.345
41084.2,168.12
41104.1,167.896
41124,167.681
41143.9,167.471
41163.8,167.261
41183.7,167.051
41203.6,166.841
41223.5,166.631
41243.4,166.421
41263.4,166.211
41283.3,166.001
41303.2,165.791
41323.1,165.581
41343,165.371
41362.9,165.161
41382.8,164.951
41402.7,164.741
41422.6,164.531
41442.5,164.321
41462.4,164.111
41482.3,163.901
41502.2,163.691
41522.1,163.481
41542,163.271
41561.9,163.061
41581.8,162.851
41601.7,162.641
41621.6,162.431
41641.5,162.221
41661.4,162.011
41681.3,161.801
41701.2,161.591
41721.1,161.381
41741,161.171
41760.9,160.961
41780.9,160.751
41800.8,160.541
41820.7,160.331
41840.6,160.121
41860.5,159.911
41880.4,159.701
41900.3,159.491
41920.2,159.288
41940.1,159.091
41960,158.895
41979.9,158.699
41999.8,158.502
42019.7,158.306
42039.6,158.11
42059.5,157.913
42079.4,157.717
42099.3,157.52
42119.2,157.324
42139.1,157.128
42159,156.931
42178.9,156.735
42198.8,156.539
42218.7,156.342
42238.6,156.146
42258.6,155.95
42278.5,155.753
42298.4,155.557
42318.3,155.36
42338.2,155.164
42358.1,154.968
42378,154.771
42397.9,154.575
42417.8,154.379
42437.7,154.182
42457.6,153.986
42477.5,153.79
42497.4,153.593
42517.3,153.397
42537.2,153.201
42557.1,153.004
42577,152.808
42596.9,152.611
42616.8,152.415
42636.7,152.219
42656.6,152.022
42676.5,151.826
42696.4,151.63
42716.3,151.433
42736.3,151.241
42756.2,151.058
42776.1,150.876
42796,150.693
42815.9,150.51
42835.8,150.327
42855.7,150.145
42875.6,149.962
42895.5,149.779
42915.4,149.596
42935.3,149.414
42955.2,149.231
42975.1,149.048
42995,148.865
43014.9,148.683
43034.8,148.5
43054.7,148.317
43074.6,148.134
43094.5,147.952
43114.4,147.769
43134.3,147.586
43154.2,147.404
43174.1,147.221
43194,147.038
43213.9,146.855
43233.8,146.673
43253.8,146.49
43273.7,146.307
43293.6,146.124
43313.5,145.942
43333.4,145.759
43353.3,145.576
43373.2,145.393
43393.1,145.211
43413,145.028
43432.9,144.845
43452.8,144.662
43472.7,144.48
43492.6,144.297
43512.5,144.114
43532.4,143.931
43552.3,143.749
43572.2,143.575
43592.1,143.406
43612,143.238
43631.9,143.07
43651.8,142.902
43671.7,142.734
43691.6,142.565
43711.5,142.397
43731.4,142.229
43751.3,142.061
43771.3,141.892
43791.2,141.724
43811.1,141.556
43831,141.388
43850.9,141.219
43870.8,141.051
43890.7,140.883
43910.6,140.715
43930.5,140.547
43950.4,140.378
43970.3,140.21
43990.2,140.042
44010.1,139.874
44030,139.705
44049.9,139.537
44069.8,139.369
44089.7,139.201
44109.6,139.032
44129.5,138.864
44149.4,138.696
44169.3,138.528
44189.2,138.36
44209.1,138.191
44229,138.023
44248.9,137.855
44268.9,137.687
44288.8,137.518
44308.7,137.35
44328.6,137.182
44348.5,137.014
44368.4,136.845
44388.3,136.677
44408.2,136.509
44428.1,136.344
44448,136.184
44467.9,136.024
44487.8,135.864
44507.7,135.704
44527.6,135.544
44547.5,135.383
44567.4,135.223
44587.3,135.063
44607.2,134.903
44627.1,134.743
44647,134.583
44666.9,134.423
44686.8,134.263
44706.7,134.103
44726.6,133.943
44746.6,133.783
44766.5,133.622
44786.4,133.462
44806.3,133.302
44826.2,133.142
44846.1,132.982
44866,132.822
44885.9,132.662
44905.8,132.502
44925.7,132.342
44945.6,132.182
44965.5,132.022
44985.4,131.861
45005.3,131.701
45025.2,131.541
45045.1,131.381
45065,131.221
45084.9,131.061
45104.8,130.901
45124.7,130.741
45144.6,130.581
45164.5,130.421
45184.4,130.261
45204.3,130.1
45224.2,129.94
45244.1,129.78
45264.1,129.62
45284,129.463
45303.9,129.316
45323.8,129.169
45343.7,129.022
45363.6,128.875
45383.5,128.729
45403.4,128.582
45423.3,128.435
45443.2,128.288
45463.1,128.141
45483,127.994
45502.9,127.848
45522.8,127.701
45542.7,127.554
45562.6,127.407
45582.5,127.26
45602.4,127.113
45622.3,126.967
45642.2,126.82
45662.1,126.673
45682,126.526
45701.9,126.379
45721.8,126.232
45741.7,126.086
45761.7,125.939
45781.6,125.792
45801.5,125.645
45821.4,125.498
45841.3,125.351
45861.2,125.205
45881.1,125.058
45901,124.911
45920.9,124.764
45940.8,124.617
45960.7,124.47
45980.6,124.324
46000.5,124.177
46020.4,124.03
46040.3,123.883
46060.2,123.736
46080.1,123.589
46100,123.443
46119.9,123.296
46139.8,123.149
46159.7,123.002
46179.6,122.86
46199.5,122.722
46219.4,122.585
46239.3,122.448
46259.3,122.31
46279.2,122.173
46299.1,122.035
46319,121.898
46338.9,121.761
46358.8,121.623
46378.7,121.486
46398.6,121.348
46418.5,121.211
46438.4,121.073
46458.3,120.936
46478.2,120.799
46498.1,120.661
46518,120.524
46537.9,120.386
46557.8,120.249
46577.7,120.111
46597.6,119.974
46617.5,119.837
46637.4,119.699
46657.3,119.562
46677.2,119.424
46697.1,119.287
46717,119.15
46736.9,119.012
46756.9,118.875
46776.8,118.737
46796.7,118.6
46816.6,118.462
46836.5,118.325
46856.4,118.188
46876.3,118.05
46896.2,117.913
46916.1,117.775
46936,117.638
46955.9,117.501
46975.8,117.363
46995.7,117.226
47015.6,117.088
47035.5,116.951
47055.4,116.813
47075.3,116.678
47095.2,116.549
47115.1,116.419
47135,116.29
47154.9,116.161
47174.8,116.031
47194.7,115.902
47214.6,115.773
47234.5,115.643
47254.5,115.514
47274.4,115.385
47294.3,115.255
47314.2,115.126
47334.1,114.996
47354,114.867
47373.9,114.738
47393.8,114.608
47413.7,114.479
47433.6,114.35
47453.5,114.22
47473.4,114.091
47493.3,113.962
47513.2,113.832
47533.1,113.703
47553,113.574
47572.9,113.444
47592.8,113.315
47612.7,113.185
47632.6,113.056
47652.5,112.927
47672.4,112.797
47692.3,112.668
47712.2,112.539
47732.1,112.409
47752.1,112.28
47772,112.151
47791.9,112.021
47811.8,111.892
47831.7,111.762
47851.6,111.633
47871.5,111.504
47891.4,111.374
47911.3,111.245
47931.2,111.116
47951.1,110.986
47971,110.857
47990.9,110.728
48010.8,110.609
48030.7,110.49
48050.6,110.371
48070.5,110.251
48090.4,110.132
48110.3,110.013
48130.2,109.894
48150.1,109.775
48170,109.656
48189.9,109.536
48209.8,109.417
48229.7,109.298
48249.6,109.179
48269.6,109.06
48289.5,108.941
48309.4,108.821
48329.3,108.702
48349.2,108.583
48369.1,108.464
48389,108.345
48408.9,108.226
48428.8,108.107
48448.7,107.987
48468.6,107.868
48488.5,107.749
48508.4,107.63
48528.3,107.511
48548.2,107.392
48568.1,107.272
48588,107.153
48607.9,107.034
48627.8,106.915
48647.7,106.796
48667.6,106.677
48687.5,106.557
48707.4,106.438
48727.3,106.319
48747.3,106.2
48767.2,106.081
48787.1,105.962
48807,105.843
48826.9,105.723
48846.8,105.604
48866.7,105.485
48886.6,105.366
48906.5,105.247
48926.4,105.128
48946.3,105.015
48966.2,104.905
48986.1,104.794
49006,104.684
49025.9,104.573
49045.8,104.462
49065.7,104.352
49085.6,104.241
49105.5,104.131
49125.4,104.02
49145.3,103.909
49165.2,103.799
49185.1,103.688
49205,103.578
49224.9,103.467
49244.8,103.356
49264.8,103.246
49284.7,103.135
49304.6,103.025
49324.5,102.914
49344.4,102.803
49364.3,102.693
49384.2,102.582
49404.1,102.472
49424,102.361
49443.9,102.25
49463.8,102.14
49483.7,102.029
49503.6,101.919
49523.5,101.808
49543.4,101.697
49563.3,101.587
49583.2,101.476
49603.1,101.366
49623,101.255
49642.9,101.144
49662.8,101.034
49682.7,100.923
49702.6,100.813
49722.5,100.702
49742.4,100.591
49762.4,100.481
49782.3,100.37
49802.2,100.26
49822.1,100.149
49842,100.038
49861.9,99.9277
49881.8,99.8172
49901.7,99.7092
49921.6,99.6032
49941.5,99.4971
49961.4,99.391
49981.3,99.2849
50001.2,99.179
50021.1,99.0745
50041,98.97
50060.9,98.8656
50080.8,98.7611
50100.7,98.6566
50120.6,98.5522
50140.5,98.4477
50160.4,98.3432
50180.3,98.2388
50200.2,98.1343
50220.1,98.0298
50240,97.9254
50260,97.8209
50279.9,97.7164
50299.8,97.612
50319.7,97.5075
50339.6,97.403
50359.5,97.2986
50379.4,97.1941
50399.3,97.0896
50419.2,96.9852
50439.1,96.8807
50459,96.7762
50478.9,96.6718
50498.8,96.5673
50518.7,96.4628
50538.6,96.3584
50558.5,96.2539
50578.4,96.1494
50598.3,96.045
50618.2,95.9405
50638.1,95.836
50658,95.7316
50677.9,95.6271
50697.8,95.5226
50717.7,95.4181
50737.6,95.3137
50757.6,95.2092
50777.5,95.1048
50797.4,95.0003
50817.3,94.8958
50837.2,94.7914
50857.1,94.6869
50877,94.5899
50896.9,94.4942
50916.8,94.3986
50936.7,94.3029
50956.6,94.2072
50976.5,94.1115
50996.4,94.0159
51016.3,93.9202
51036.2,93.8245
51056.1,93.7288
51076,93.6332
51095.9,93.5375
51115.8,93.4418
51135.7,93.3461
51155.6,93.2505
51175.5,93.1548
51195.4,93.0591
51215.3,92.9634
51235.3,92.8677
51255.2,92.7721
51275.1,92.6764
51295,92.5807
51314.9,92.4851
51334.8,92.3894
51354.7,92.2937
51374.6,92.1981
51394.5,92.1023
51414.4,92.0067
51434.3,91.911
51454.2,91.8153
51474.1,91.7197
51494,91.624
51513.9,91.5283
51533.8,91.4326
51553.7,91.337
51573.6,91.2413
51593.5,91.1456
51613.4,91.0499
51633.3,90.9542
51653.2,90.8586
51673.1,90.7629
51693,90.6672
51712.9,90.5716
51732.8,90.4759
51752.8,90.3802
51772.7,90.2845
51792.6,90.1888
51812.5,90.0932
51832.4,89.9975
51852.3,89.9018
51872.2,89.8096
51892.1,89.7195
51912,89.6293
51931.9,89.5392
51951.8,89.4491
51971.7,89.359
51991.6,89.2689
52011.5,89.1788
52031.4,89.0887
52051.3,88.9986
52071.2,88.9085
52091.1,88.8184
52111,88.7283
52130.9,88.6382
52150.8,88.548
52170.7,88.4579
52190.6,88.3678
52210.5,88.2777
52230.4,88.1876
52250.3,88.0975
52270.3,88.0074
52290.2,87.9173
52310.1,87.8272
52330,87.7371
52349.9,87.647
52369.8,87.5569
52389.7,87.4668
52409.6,87.3767
52429.5,87.2865
52449.4,87.1964
52469.3,87.1063
52489.2,87.0162
52509.1,86.9261
52529,86.836
52548.9,86.7459
52568.8,86.6558
52588.7,86.5657
52608.6,86.4756
52628.5,86.3855
52648.4,86.2954
52668.3,86.2053
52688.2,86.1152
52708.1,86.025
52728,85.935
52747.9,85.8448
52767.9,85.7547
52787.8,85.6646
52807.7,85.5745
52827.6,85.4844
52847.5,85.3943
52867.4,85.3042
52887.3,85.2202
52907.2,85.1372
52927.1,85.0542
52947,84.9712
52966.9,84.8881
52986.8,84.8051
53006.7,84.7221
53026.6,84.6391
53046.5,84.5561
53066.4,84.473
53086.3,84.39
53106.2,84.307
53126.1,84.224
53146,84.141
53165.9,84.0579
53185.8,83.9749
53205.7,83.8919
53225.6,83.8089
53245.5,83.7259
53265.4,83.6429
53285.4,83.5598
53305.3,83.4768
53325.2,83.3938
53345.1,83.3108
53365,83.2277
53384.9,83.1447
53404.8,83.0617
53424.7,82.9787
53444.6,82.8957
53464.5,82.8127
53484.4,82.7296
53504.3,82.6466
53524.2,82.5636
53544.1,82.4806
53564,82.3975
53583.9,82.3145
53603.8,82.2315
53623.7,82.1485
53643.6,82.0654
53663.5,81.9824
53683.4,81.8994
53703.3,81.8164
53723.2,81.7334
53743.1,81.6504
53763.1,81.5673
53783,81.4843
53802.9,81.4013
53822.8,81.3183
53842.7,81.2352
53862.6,81.1522
53882.5,81.0692
53902.4,80.9862
53922.3,80.9057
53942.2,80.8268
53962.1,80.7479
53982,80.669
54001.9,80.5901
54021.8,80.5112
54041.7,80.4323
54061.6,80.3534
54081.5,80.2745
54101.4,80.1957
54121.3,80.1168
54141.2,80.0379
54161.1,79.959
54181,79.8801
54200.9,79.8012
54220.8,79.7223
54240.8,79.6434
54260.7,79.5645
54280.6,79.4856
54300.5,79.4067
54320.4,79.3278
54340.3,79.2489
54360.2,79.17
54380.1,79.0911
54400,79.0122
54419.9,78.9333
54439.8,78.8544
54459.7,78.7755
54479.6,78.6966
54499.5,78.6177
54519.4,78.5388
54539.3,78.4599
54559.2,78.381
54579.1,78.3021
54599,78.2232
54618.9,78.1444
54638.8,78.0654
54658.7,77.9866
54678.6,77.9077
54698.5,77.8288
54718.4,77.7499
54738.3,77.671
54758.3,77.5921
54778.2,77.5132
54798.1,77.4343
54818,77.3554
54837.9,77.2765
54857.8,77.1976
54877.7,77.1187
54897.6,77.0398
54917.5,76.9609
54937.4,76.882
54957.3,76.8031
54977.2,76.7293
54997.1,76.6562
55017,76.5832
55036.9,76.5101
55056.8,76.437
55076.7,76.3639
55096.6,76.2909
55116.5,76.2178
55136.4,76.1448
55156.3,76.0717
55176.2,75.9987
55196.1,75.9256
55216,75.8525
55235.9,75.7795
55255.9,75.7064
55275.8,75.6334
55295.7,75.5603
55315.6,75.4873
55335.5,75.4142
55355.4,75.3411
55375.3,75.2681
55395.2,75.195
55415.1,75.1219
55435,75.0489
55454.9,74.9758
55474.8,74.9028
55494.7,74.8297
55514.6,74.7567
55534.5,74.6836
55554.4,74.6105
55574.3,74.5375
55594.2,74.4644
55614.1,74.3913
55634,74.3183
55653.9,74.2452
55673.8,74.1722
55693.7,74.0991
55713.6,74.0261
55733.6,73.953
55753.5,73.8799
55773.4,73.8069
55793.3,73.7338
55813.2,73.6608
55833.1,73.5877
55853,73.5146
55872.9,73.4416
55892.8,73.3685
55912.7,73.2954
55932.6,73.2224
55952.5,73.1493
55972.4,73.0763
55992.3,73.0032
56012.2,72.9302
56032.1,72.8578
56052,72.7909
56071.9,72.7241
56091.8,72.6573
56111.7,72.5905
56131.6,72.5236
56151.5,72.4568
56171.4,72.39
56191.3,72.3232
56211.2,72.2563
56231.1,72.1895
56251,72.1227
56271,72.0559
56290.9,71.989
56310.8,71.9222
56330.7,71.8554
56350.6,71.7886
56370.5,71.7217
56390.4,71.6549
56410.3,71.5881
56430.2,71.5213
56450.1,71.4544
56470,71.3876
56489.9,71.3208
56509.8,71.254
56529.7,71.1871
56549.6,71.1203
56569.5,71.0535
56589.4,70.9867
56609.3,70.9198
56629.2,70.853
56649.1,70.7862
56669,70.7194
56688.9,70.6526
56708.8,70.5857
56728.7,70.5189
56748.6,70.4521
56768.6,70.3853
56788.5,70.3184
56808.4,70.2516
56828.3,70.1848
56848.2,70.118
56868.1,70.0511
56888,69.9843
56907.9,69.9175
56927.8,69.8507
56947.7,69.7838
56967.6,69.717
56987.5,69.6502
57007.4,69.5834
57027.3,69.5165
57047.2,69.4497
57067.1,69.3829
57087,69.3161
57106.9,69.2493
57126.8,69.1824
57146.7,69.1183
57166.6,69.0548
57186.5,68.9912
57206.4,68.9277
57226.3,68.8642
57246.2,68.8006
57266.2,68.7371
57286.1,68.6735
57306,68.61
57325.9,68.5464
57345.8,68.4829
57365.7,68.4193
57385.6,68.3558
57405.5,68.2922
57425.4,68.2287
57445.3,68.1651
57465.2,68.1016
57485.1,68.038
57505,67.9745
57524.9,67.9109
57544.8,67.8474
57564.7,67.7839
57584.6,67.7203
57604.5,67.6568
57624.4,67.5932
57644.3,67.5297
57664.2,67.4661
57684.1,67.4026
57704,67.339
57723.9,67.2755
57743.8,67.2119
57763.8,67.1484
57783.7,67.0848
57803.6,67.0213
57823.5,66.9577
57843.4,66.8942
57863.3,66.8306
57883.2,66.7671
57903.1,66.7035
57923,66.64
57942.9,66.5765
57962.8,66.5129
57982.7,66.4494
58002.6,66.3858
58022.5,66.3223
58042.4,66.2587
58062.3,66.1952
58082.2,66.1316
58102.1,66.0681
58122,66.0045
58141.9,65.941
58161.8,65.8774
58181.7,65.8139
58201.6,65.7503
58221.5,65.6868
58241.4,65.6232
58261.4,65.5627
58281.3,65.5043
58301.2,65.446
58321.1,65.3876
58341,65.3293
58360.9,65.271
58380.8,65.2126
58400.7,65.1543
58420.6,65.0959
58440.5,65.0376
58460.4,64.9793
58480.3,64.9209
58500.2,64.8626
58520.1,64.8043
58540,64.7459
58559.9,64.6876
58579.8,64.6292
58599.7,64.5709
58619.6,64.5126
58639.5,64.4542
58659.4,64.3959
58679.3,64.3376
58699.2,64.2792
58719.1,64.2209
58739.1,64.1625
58759,64.1042
58778.9,64.0459
58798.8,63.9875
58818.7,63.9292
58838.6,63.8708
58858.5,63.8125
58878.4,63.7542
58898.3,63.6958
58918.2,63.6375
58938.1,63.5791
58958,63.5208
58977.9,63.4625
58997.8,63.4041
59017.7,63.3458
59037.6,63.2874
59057.5,63.2291
59077.4,63.1708
59097.3,63.1124
59117.2,63.0541
59137.1,62.9958
59157,62.9374
59176.9,62.8791
59196.8,62.8207
59216.7,62.7624
59236.6,62.7041
59256.6,62.6457
59276.5,62.5874
59296.4,62.529
59316.3,62.4707
59336.2,62.4124
59356.1,62.354
59376,62.2957
59395.9,62.2382
59415.8,62.1827
59435.7,62.1273
59455.6,62.0718
59475.5,62.0163
59495.4,61.9609
59515.3,61.9054
59535.2,61.8499
59555.1,61.7944
59575,61.739
59594.9,61.6835
59614.8,61.628
59634.7,61.5726
59654.6,61.5171
59674.5,61.4616
59694.4,61.4062
59714.3,61.3507
59734.3,61.2952
59754.2,61.2397
59774.1,61.1843
59794,61.1288
59813.9,61.0733
59833.8,61.0179
59853.7,60.9624
59873.6,60.9069
59893.5,60.8515
59913.4,60.796
59933.3,60.7405
59953.2,60.6851
59973.1,60.6296
59993,60.5741
60012.9,60.5202
60032.8,60.4672
60052.7,60.4142
60072.6,60.3611
60092.5,60.3081
60112.4,60.255
60132.3,60.202
60152.2,60.149
60172.1,60.0959
60192,60.0429
60211.9,59.9899
60231.8,59.9368
60251.7,59.8838
60271.7,59.8308
60291.6,59.7777
60311.5,59.7247
60331.4,59.6717
60351.3,59.6186
60371.2,59.5656
60391.1,59.5126
60411,59.4595
60430.9,59.4065
60450.8,59.3534
60470.7,59.3004
60490.6,59.2474
60510.5,59.1943
60530.4,59.1413
60550.3,59.0883
60570.2,59.0371
60590.1,58.9859
60610,58.9346
60629.9,58.8834
60649.8,58.8322
60669.7,58.781
60689.6,58.7298
60709.5,58.6785
60729.4,58.6273
60749.3,58.5761
60769.3,58.5249
60789.2,58.4737
60809.1,58.4224
60829,58.3712
60848.9,58.32
60868.8,58.2688
60888.7,58.2176
60908.6,58.1663
60928.5,58.1151
60948.4,58.0639
60968.3,58.0127
60988.2,57.9615
61008.1,57.9103
61028,57.859
61047.9,57.8078
61067.8,57.7566
61087.7,57.7054
61107.6,57.6542
61127.5,57.6029
61147.4,57.5517
61167.3,57.5005
61187.2,57.4493
61207.1,57.3981
61227,57.3468
61246.9,57.2956
61266.9,57.2444
61286.8,57.1932
61306.7,57.142
61326.6,57.0907
61346.5,57.0395
61366.4,56.9883
61386.3,56.9371
61406.2,56.8859
61426.1,56.8347
61446,56.7834
61465.9,56.7322
61485.8,56.681
61505.7,56.6298
61525.6,56.5785
61545.5,56.5273
61565.4,56.4761
61585.3,56.4249
61605.2,56.3737
61625.1,56.3225
61645,56.2712
61664.9,56.22
61684.8,56.1688
61704.7,56.1176
61724.6,56.0664
61744.5,56.0181
61764.5,55.971
61784.4,55.9238
61804.3,55.8767
61824.2,55.8295
61844.1,55.7823
61864,55.7352
61883.9,55.688
61903.8,55.6409
61923.7,55.5937
61943.6,55.5466
61963.5,55.4994
61983.4,55.4523
62003.3,55.4051
62023.2,55.358
62043.1,55.3108
62063,55.2637
62082.9,55.2165
62102.8,55.1693
62122.7,55.1222
62142.6,55.0751
62162.5,55.0279
62182.4,54.9807
62202.3,54.9336
62222.2,54.8864
62242.1,54.8393
62262.1,54.7921
62282,54.745
62301.9,54.6978
62321.8,54.6507
62341.7,54.6035
62361.6,54.5564
62381.5,54.5092
62401.4,54.462
62421.3,54.4149
62441.2,54.3677
62461.1,54.3206
62481,54.2734
62500.9,54.2263
62520.8,54.1791
62540.7,54.132
62560.6,54.0848
62580.5,54.0377
62600.4,53.9905
62620.3,53.9434
62640.2,53.8962
62660.1,53.8491
62680,53.8019
62699.9,53.7548
62719.8,53.7076
62739.8,53.6604
62759.7,53.6133
62779.6,53.5661
62799.5,53.519
62819.4,53.4718
62839.3,53.4247
62859.2,53.3775
62879.1,53.3304
62899,53.2832
62918.9,53.2361
62938.8,53.1889
62958.7,53.1447
62978.6,53.1007
62998.5,53.0567
63018.4,53.0127
63038.3,52.9687
63058.2,52.9246
63078.1,52.8806
63098,52.8366
63117.9,52.7926
63137.8,52.7486
63157.7,52.7046
63177.6,52.6606
63197.5,52.6165
63217.4,52.5725
63237.3,52.5285
63257.3,52.4845
63277.2,52.4405
63297.1,52.3965
63317,52.3525
63336.9,52.3084
63356.8,52.2644
63376.7,52.2204
63396.6,52.1764
63416.5,52.1324
63436.4,52.0884
63456.3,52.0443
63476.2,52.0003
63496.1,51.9563
63516,51.9123
63535.9,51.8683
63555.8,51.8243
63575.7,51.7802
63595.6,51.7362
63615.5,51.6922
63635.4,51.6482
63655.3,51.6042
63675.2,51.5602
63695.1,51.5162
63715,51.4722
63734.9,51.4281
63754.9,51.3841
63774.8,51.3401
63794.7,51.2961
63814.6,51.2521
63834.5,51.2081
63854.4,51.164
63874.3,51.12
63894.2,51.076
63914.1,51.032
63934,50.988
63953.9,50.944
63973.8,50.9
63993.7,50.8559
64013.6,50.8119
64033.5,50.7679
64053.4,50.7239
64073.3,50.6799
64093.2,50.6359
64113.1,50.5918
64133,50.5478
64152.9,50.5038
64172.8,50.4602
64192.7,50.4192
64212.6,50.3781
64232.5,50.337
64252.4,50.2959
64272.4,50.2549
64292.3,50.2138
64312.2,50.1727
64332.1,50.1317
64352,50.0906
64371.9,50.0495
64391.8,50.0085
64411.7,49.9674
64431.6,49.9263
64451.5,49.8852
64471.4,49.8442
64491.3,49.8031
64511.2,49.762
64531.1,49.721
64551,49.6799
64570.9,49.6388
64590.8,49.5978
64610.7,49.5567
64630.6,49.5156
64650.5,49.4745
64670.4,49.4335
64690.3,49.3924
64710.2,49.3513
64730.1,49.3103
64750,49.2692
64770,49.2281
64789.9,49.187
64809.8,49.146
64829.7,49.1049
64849.6,49.0638
64869.5,49.0228
64889.4,48.9817
64909.3,48.9406
64929.2,48.8996
64949.1,48.8585
64969,48.8174
64988.9,48.7763
65008.8,48.7353
65028.7,48.6942
65048.6,48.6531
65068.5,48.6121
65088.4,48.571
65108.3,48.5299
65128.2,48.4888
65148.1,48.4478
65168,48.4067
65187.9,48.3656
65207.8,48.3246
65227.7,48.2835
65247.6,48.2424
65267.6,48.2014
65287.5,48.1603
65307.4,48.1192
65327.3,48.0781
65347.2,48.0371
65367.1,47.996
65387,47.9549
65406.9,47.9139
65426.8,47.8738
65446.7,47.8357
65466.6,47.7976
65486.5,47.7595
65506.4,47.7214
65526.3,47.6833
65546.2,47.6452
65566.1,47.6071
65586,47.569
65605.9,47.5309
65625.8,47.4928
65645.7,47.4547
65665.6,47.4166
65685.5,47.3785
65705.4,47.3404
65725.3,47.3023
65745.3,47.2642
65765.2,47.2261
65785.1,47.188
65805,47.1499
65824.9,47.1117
65844.8,47.0737
65864.7,47.0355
65884.6,46.9974
65904.5,46.9593
65924.4,46.9212
65944.3,46.8831
65964.2,46.845
65984.1,46.8069
66004,46.7688
66023.9,46.7307
66043.8,46.6926
66063.7,46.6545
66083.6,46.6164
66103.5,46.5783
66123.4,46.5402
66143.3,46.5021
66163.2,46.464
66183.1,46.4259
66203,46.3878
66222.9,46.3497
66242.9,46.3116
66262.8,46.2735
66282.7,46.2354
66302.6,46.1973
66322.5,46.1592
66342.4,46.1211
66362.3,46.083
66382.2,46.0449
66402.1,46.0068
66422,45.9687
66441.9,45.9306
66461.8,45.8925
66481.7,45.8544
66501.6,45.8163
66521.5,45.7782
66541.4,45.74
66561.3,45.702
66581.2,45.6639
66601.1,45.6258
66621,45.5877
66640.9,45.5495
66660.8,45.5115
66680.7,45.4733
66700.6,45.4353
66720.5,45.4001
66740.5,45.3648
66760.4,45.3295
66780.3,45.2942
66800.2,45.259
66820.1,45.2237
66840,45.1884
66859.9,45.1532
66879.8,45.1179
66899.7,45.0826
66919.6,45.0474
66939.5,45.0121
66959.4,44.9768
66979.3,44.9415
66999.2,44.9063
67019.1,44.871
67039,44.8357
67058.9,44.8005
67078.8,44.7652
67098.7,44.7299
67118.6,44.6947
67138.5,44.6594
67158.4,44.6241
67178.3,44.5888
67198.2,44.5536
67218.1,44.5183
67238,44.483
67258,44.4478
67277.9,44.4125
67297.8,44.3772
67317.7,44.3419
67337.6,44.3067
67357.5,44.2714
67377.4,44.2361
67397.3,44.2009
67417.2,44.1656
67437.1,44.1303
67457,44.0951
67476.9,44.0598
67496.8,44.0245
67516.7,43.9892
67536.6,43.954
67556.5,43.9187
67576.4,43.8834
67596.3,43.8482
67616.2,43.8129
67636.1,43.7776
67656,43.7424
67675.9,43.7071
67695.8,43.6718
67715.7,43.6365
67735.6,43.6013
67755.6,43.566
67775.5,43.5307
67795.4,43.4955
67815.3,43.4602
67835.2,43.4249
67855.1,43.3896
67875,43.3544
67894.9,43.3191
67914.8,43.2838
67934.7,43.2486
67954.6,43.2133
67974.5,43.178
67994.4,43.1428
68014.3,43.108
68034.2,43.0751
68054.1,43.0422
68074,43.0093
68093.9,42.9764
68113.8,42.9435
68133.7,42.9106
68153.6,42.8777
68173.5,42.8448
68193.4,42.8119
68213.3,42.779
68233.2,42.7461
68253.1,42.7132
68273.1,42.6803
68293,42.6474
68312.9,42.6145
68332.8,42.5816
68352.7,42.5487
68372.6,42.5158
68392.5,42.4829
68412.4,42.45
68432.3,42.4171
68452.2,42.3842
68472.1,42.3514
68492,42.3185
68511.9,42.2855
68531.8,42.2527
68551.7,42.2198
68571.6,42.1869
68591.5,42.154
68611.4,42.1211
68631.3,42.0882
68651.2,42.0553
68671.1,42.0224
68691,41.9895
68710.9,41.9566
68730.8,41.9237
68750.8,41.8908
68770.6,41.8579
68790.6,41.825
68810.5,41.7921
68830.4,41.7592
68850.3,41.7263
68870.2,41.6934
68890.1,41.6605
68910,41.6276
68929.9,41.5947
68949.8,41.5618
68969.7,41.5289
68989.6,41.496
69009.5,41.4631
69029.4,41.4302
69049.3,41.3973
69069.2,41.3644
69089.1,41.3315
69109,41.2986
69128.9,41.2657
69148.8,41.2328
69168.7,41.1999
69188.6,41.167
69208.5,41.1341
69228.4,41.1012
69248.4,41.0683
69268.3,41.0354
69288.2,41.0025
69308.1,40.9696
69328,40.9367
69347.9,40.9047
69367.8,40.8739
69387.7,40.8432
69407.6,40.8124
69427.5,40.7816
69447.4,40.7508
69467.3,40.7201
69487.2,40.6893
69507.1,40.6585
69527,40.6278
69546.9,40.597
69566.8,40.5662
69586.7,40.5355
69606.6,40.5047
69626.5,40.4739
69646.4,40.4432
69666.3,40.4124
69686.2,40.3816
69706.1,40.3509
69726,40.3201
69745.9,40.2893
69765.9,40.2586
69785.8,40.2278
69805.7,40.197
69825.6,40.1662
69845.5,40.1355
69865.4,40.1047
69885.3,40.0739
69905.2,40.0432
69925.1,40.0124
69945,39.9816
69964.9,39.9509
69984.8,39.9201
70004.7,39.8893
70024.6,39.8586
70044.5,39.8278
70064.4,39.797
70084.3,39.7663
70104.2,39.7355
70124.1,39.7047
70144,39.674
70163.9,39.6432
70183.8,39.6124
70203.7,39.5816
70223.6,39.5509
70243.5,39.5201
70263.5,39.4893
70283.4,39.4586
70303.3,39.4278
70323.2,39.397
70343.1,39.3663
70363,39.3355
70382.9,39.3047
70402.8,39.274
70422.7,39.2432
70442.6,39.2124
70462.5,39.1817
70482.4,39.1509
70502.3,39.1201
70522.2,39.0894
70542.1,39.0586
70562,39.0278
70581.9,38.9971
70601.8,38.9663
70621.7,38.9355
70641.6,38.9048
70661.5,38.874
70681.4,38.8432
70701.3,38.8137
70721.3,38.7851
70741.1,38.7565
70761.1,38.728
70781,38.6994
70800.9,38.6708
70820.8,38.6422
70840.7,38.6137
70860.6,38.5851
70880.5,38.5565
70900.4,38.5279
70920.3,38.4993
70940.2,38.4708
70960.1,38.4422
70980,38.4136
70999.9,38.385
71019.8,38.3565
71039.7,38.3279
71059.6,38.2993
71079.5,38.2707
71099.4,38.2421
71119.3,38.2136
71139.2,38.185
71159.1,38.1564
71179,38.1278
71198.9,38.0993
71218.8,38.0707
71238.8,38.0421
71258.7,38.0135
71278.6,37.985
71298.5,37.9564
71318.4,37.9278
71338.3,37.8992
71358.2,37.8706
71378.1,37.8421
71398,37.8135
71417.9,37.7849
71437.8,37.7563
71457.7,37.7277
71477.6,37.6992
71497.5,37.6706
71517.4,37.642
71537.3,37.6134
71557.2,37.5849
71577.1,37.5563
71597,37.5277
71616.9,37.4991
71636.8,37.4706
71656.7,37.442
71676.6,37.4134
71696.5,37.3848
71716.4,37.3563
71736.4,37.3277
71756.3,37.2991
71776.2,37.2705
71796.1,37.2419
71816,37.2134
71835.9,37.1848
71855.8,37.1562
71875.7,37.1276
71895.6,37.099
71915.5,37.0705
71935.4,37.0419
71955.3,37.0133
71975.2,36.9847
71995.1,36.9562
72015,36.9276
72034.9,36.899
72054.8,36.8704
72074.7,36.8424
72094.6,36.8159
72114.5,36.7894
72134.4,36.7629
72154.3,36.7364
72174.2,36.7099
72194.1,36.6835
72214,36.657
72233.9,36.6305
72253.9,36.604
72273.8,36.5775
72293.7,36.5511
72313.6,36.5246
72333.5,36.4981
72353.4,36.4716
72373.3,36.4451
72393.2,36.4187
72413.1,36.3922
72433,36.3657
72452.9,36.3392
72472.8,36.3127
72492.7,36.2863
72512.6,36.2598
72532.5,36.2333
72552.4,36.2068
72572.3,36.1803
72592.2,36.1539
72612.1,36.1274
72632,36.1009
72651.9,36.0744
72671.8,36.0479
72691.7,36.0215
72711.6,35.995
72731.5,35.9685
72751.4,35.942
72771.4,35.9156
72791.3,35.8891
72811.2,35.8626
72831.1,35.8361
72851,35.8096
72870.9,35.7831
72890.8,35.7567
72910.7,35.7302
72930.6,35.7037
72950.5,35.6772
72970.4,35.6507
72990.3,35.6243
73010.2,35.5978
73030.1,35.5713
73050,35.5448
73069.9,35.5183
73089.8,35.4919
73109.7,35.4654
73129.6,35.4389
73149.5,35.4124
73169.4,35.3859
73189.3,35.3595
73209.2,35.333
73229.1,35.3065
73249,35.28
73269,35.2535
73288.9,35.2271
73308.8,35.2006
73328.7,35.1741
73348.6,35.1476
73368.5,35.1211
73388.4,35.0947
73408.3,35.0682
73428.2,35.0417
73448.1,35.0152
73468,34.9887
73487.9,34.963
73507.8,34.9385
73527.7,34.9139
73547.6,34.8894
73567.5,34.8648
73587.4,34.8403
73607.3,34.8157
73627.2,34.7912
73647.1,34.7666
73667,34.7421
73686.9,34.7175
73706.8,34.693
73726.7,34.6684
73746.6,34.6439
73766.6,34.6193
73786.5,34.5948
73806.4,34.5702
73826.3,34.5457
73846.2,34.5211
73866.1,34.4966
73886,34.472
73905.9,34.4475
73925.8,34.4229
73945.7,34.3984
73965.6,34.3738
73985.5,34.3493
74005.4,34.3247
74025.3,34.3002
74045.2,34.2756
74065.1,34.251
74085,34.2265
74104.9,34.202
74124.8,34.1774
74144.7,34.1529
74164.6,34.1283
74184.5,34.1037
74204.4,34.0792
74224.3,34.0546
74244.3,34.0301
74264.2,34.0055
74284.1,33.981
74304,33.9564
74323.9,33.9319
74343.8,33.9073
74363.7,33.8828
74383.6,33.8582
74403.5,33.8337
74423.4,33.8091
74443.3,33.7846
74463.2,33.76
74483.1,33.7355
74503,33.7109
74522.9,33.6864
74542.8,33.6618
74562.7,33.6373
74582.6,33.6127
74602.5,33.5882
74622.4,33.5636
74642.3,33.5391
74662.2,33.5145
74682.1,33.49
74702,33.4654
74721.9,33.4409
74741.9,33.4163
74761.8,33.3918
74781.7,33.3672
74801.6,33.3427
74821.5,33.3181
74841.4,33.2936
74861.3,33.269
74881.2,33.2445
74901.1,33.2199
74921,33.1954
74940.9,33.1724
74960.8,33.1494
74980.7,33.1264
75000.6,33.1034
75020.5,33.0804
75040.4,33.0573
75060.3,33.0343
75080.2,33.0113
75100.1,32.9883
75120,32.9653
75139.9,32.9423
75159.8,32.9193
75179.7,32.8962
75199.6,32.8732
75219.5,32.8502
75239.5,32.8272
75259.4,32.8042
75279.3,32.7812
75299.2,32.7581
75319.1,32.7351
75339,32.7121
75358.9,32.6891
75378.8,32.6661
75398.7,32.6431
75418.6,32.62
75438.5,32.597
75458.4,32.574
75478.3,32.551
75498.2,32.528
75518.1,32.505
75538,32.482
75557.9,32.4589
75577.8,32.4359
75597.7,32.4129
75617.6,32.3899
75637.5,32.3669
75657.4,32.3439
75677.3,32.3208
75697.2,32.2978
75717.1,32.2748
75737,32.2518
75757,32.2288
75776.9,32.2058
75796.8,32.1828
75816.7,32.1597
75836.6,32.1367
75856.5,32.1137
75876.4,32.0907
75896.3,32.0677
75916.2,32.0446
75936.1,32.0216
75956,31.9986
75975.9,31.9756
75995.8,31.9526
76015.7,31.9296
76035.6,31.9066
76055.5,31.8835
76075.4,31.8605
76095.3,31.8375
76115.2,31.8145
76135.1,31.7915
76155,31.7685
76174.9,31.7454
76194.8,31.7224
76214.7,31.6994
76234.6,31.6764
76254.5,31.6534
76274.5,31.6304
76294.4,31.6074
76314.3,31.5843
76334.2,31.5613
76354.1,31.5383
76374,31.5153
76393.9,31.4936
76413.8,31.4724
76433.7,31.4513
76453.6,31.4301
76473.5,31.4089
76493.4,31.3878
76513.3,31.3666
76533.2,31.3455
76553.1,31.3243
76573,31.3032
76592.9,31.282
76612.8,31.2608
76632.7,31.2397
76652.6,31.2185
76672.5,31.1974
76692.4,31.1762
76712.3,31.155
76732.2,31.1339
76752.1,31.1127
76772.1,31.0916
76792,31.0704
76811.9,31.0493
76831.8,31.0281
76851.7,31.0069
76871.6,30.9858
76891.5,30.9646
76911.4,30.9435
76931.3,30.9223
76951.2,30.9012
76971.1,30.88
76991,30.8588
77010.9,30.8377
77030.8,30.8165
77050.7,30.7954
77070.6,30.7742
77090.5,30.7531
77110.4,30.7319
77130.3,30.7107
77150.2,30.6896
77170.1,30.6684
77190,30.6473
77209.9,30.6261
77229.8,30.605
77249.8,30.5838
77269.6,30.5626
77289.6,30.5415
77309.5,30.5203
77329.4,30.4992
77349.3,30.478
77369.2,30.4569
77389.1,30.4357
77409,30.4145
77428.9,30.3934
77448.8,30.3722
77468.7,30.3511
77488.6,30.3299
77508.5,30.3088
77528.4,30.2876
77548.3,30.2664
77568.2,30.2453
77588.1,30.2241
77608,30.203
77627.9,30.1818
77647.8,30.1606
77667.7,30.1395
77687.6,30.1183
77707.5,30.0972
77727.4,30.076
77747.4,30.0549
77767.3,30.0337
77787.2,30.0125
77807.1,29.9914
77827,29.9702
77846.9,29.9491
77866.8,29.9279
77886.7,29.9072
77906.6,29.8873
77926.5,29.8674
77946.4,29.8475
77966.3,29.8277
77986.2,29.8078
78006.1,29.7879
78026,29.768
78045.9,29.7481
78065.8,29.7283
78085.7,29.7084
78105.6,29.6885
78125.5,29.6686
78145.4,29.6487
78165.3,29.6289
78185.2,29.609
78205.1,29.5891
78225,29.5692
78245,29.5493
78264.9,29.5294
78284.8,29.5096
78304.7,29.4897
78324.6,29.4698
78344.5,29.4499
78364.4,29.43
78384.3,29.4102
78404.2,29.3903
78424.1,29.3704
78444,29.3505
78463.9,29.3306
78483.8,29.3107
78503.7,29.2909
78523.6,29.271
78543.5,29.2511
78563.4,29.2312
78583.3,29.2113
78603.2,29.1915
78623.1,29.1716
78643,29.1517
78662.9,29.1318
78682.8,29.1119
78702.7,29.0921
78722.6,29.0722
78742.5,29.0523
78762.5,29.0324
78782.4,29.0125
78802.3,28.9927
78822.2,28.9728
78842.1,28.9529
78862,28.933
78881.9,28.9131
78901.8,28.8932
78921.7,28.8734
78941.6,28.8535
78961.5,28.8336
78981.4,28.8137
79001.3,28.7938
79021.2,28.774
79041.1,28.7541
79061,28.7342
79080.9,28.7143
79100.8,28.6944
79120.7,28.6745
79140.6,28.6547
79160.5,28.6348
79180.4,28.6149
79200.3,28.595
79220.3,28.5751
79240.1,28.5553
79260.1,28.5354
79280,28.5155
79299.9,28.4956
79319.8,28.4757
79339.7,28.4559
79359.6,28.436
79379.5,28.4161
79399.4,28.3962
79419.3,28.3775
79439.2,28.3588
79459.1,28.3402
79479,28.3215
79498.9,28.3028
79518.8,28.2842
79538.7,28.2655
79558.6,28.2468
79578.5,28.2282
79598.4,28.2095
79618.3,28.1908
79638.2,28.1722
79658.1,28.1535
79678,28.1348
79697.9,28.1162
79717.8,28.0975
79737.8,28.0788
79757.7,28.0601
79777.6,28.0415
79797.5,28.0228
79817.4,28.0041
79837.3,27.9855
79857.2,27.9668
79877.1,27.9481
79897,27.9295
79916.9,27.9108
79936.8,27.8921
79956.7,27.8735
79976.6,27.8548
79996.5,27.8361
80016.4,27.8178
80036.3,27.7995
80056.2,27.7812
80076.1,27.7629
80096,27.7446
80115.9,27.7263
80135.8,27.708
80155.7,27.6897
80175.6,27.6714
80195.5,27.6531
80215.4,27.6348
80235.3,27.6165
80255.3,27.5982
80275.2,27.5799
80295.1,27.5616
80315,27.5433
80334.9,27.525
80354.8,27.5067
80374.7,27.4884
80394.6,27.4701
80414.5,27.4518
80434.4,27.4335
80454.3,27.4152
80474.2,27.3969
80494.1,27.3786
80514,27.3603
80533.9,27.342
80553.8,27.3237
80573.7,27.3054
80593.6,27.2871
80613.5,27.2688
80633.4,27.2505
80653.3,27.2322
80673.2,27.2139
80693.1,27.1956
80713,27.1773
80732.9,27.159
80752.9,27.1407
80772.8,27.1224
80792.7,27.1041
80812.6,27.0858
80832.5,27.0675
80852.4,27.0492
80872.3,27.0309
80892.2,27.0126
80912.1,26.9943
80932,26.976
80951.9,26.9578
80971.8,26.9408
80991.7,26.9237
81011.6,26.9067
81031.5,26.8897
81051.4,26.8727
81071.3,26.8556
81091.2,26.8386
81111.1,26.8216
81131,26.8046
81150.9,26.7875
81170.8,26.7705
81190.7,26.7535
81210.6,26.7365
81230.5,26.7194
81250.4,26.7024
81270.4,26.6854
81290.3,26.6684
81310.2,26.6513
81330.1,26.6343
81350,26.6173
81369.9,26.6003
81389.8,26.5832
81409.7,26.5662
81429.6,26.5492
81449.5,26.5322
81469.4,26.5151
81489.3,26.4981
81509.2,26.4811
81529.1,26.4641
81549,26.447
81568.9,26.43
81588.8,26.413
81608.7,26.396
81628.6,26.3789
81648.5,26.3619
81668.4,26.3449
81688.3,26.3279
81708.2,26.3108
81728.1,26.2938
81748,26.2768
81768,26.2598
81787.9,26.2427
81807.8,26.2257
81827.7,26.2087
81847.6,26.1917
81867.5,26.1746
81887.4,26.1576
81907.3,26.1406
81927.2,26.1236
81947.1,26.1066
81967,26.0895
81986.9,26.0725
82006.8,26.0555
82026.7,26.0385
82046.6,26.0214
82066.5,26.0044
82086.4,25.9874
82106.3,25.9704
82126.2,25.9533
82146.1,25.9363
82166,25.9193
82185.9,25.9023
82205.8,25.8852
82225.8,25.8682
82245.6,25.8512
82265.6,25.8342
82285.5,25.8171
82305.4,25.8001
82325.3,25.7831
82345.2,25.7661
82365.1,25.749
82385,25.732
82404.9,25.715
82424.8,25.698
82444.7,25.6809
82464.6,25.6639
82484.5,25.6469
82504.4,25.6299
82524.3,25.6128
82544.2,25.596
82564.1,25.5801
82584,25.5642
82603.9,25.5482
82623.8,25.5323
82643.7,25.5163
82663.6,25.5004
82683.5,25.4844
82703.4,25.4685
82723.3,25.4526
82743.3,25.4366
82763.2,25.4207
82783.1,25.4047
82803,25.3888
82822.9,25.3728
82842.8,25.3569
82862.7,25.3409
82882.6,25.325
82902.5,25.3091
82922.4,25.2931
82942.3,25.2772
82962.2,25.2612
82982.1,25.2453
83002,25.2293
83021.9,25.2134
83041.8,25.1975
83061.7,25.1815
83081.6,25.1656
83101.5,25.1496
83121.4,25.1337
83141.3,25.1177
83161.2,25.1018
83181.1,25.0859
83201,25.0699
83220.9,25.054
83240.9,25.038
83260.8,25.0221
83280.7,25.0061
83300.6,24.9902
83320.5,24.9742
83340.4,24.9583
83360.3,24.9424
83380.2,24.9264
83400.1,24.9105
83420,24.8945
83439.9,24.8786
83459.8,24.8626
83479.7,24.8467
83499.6,24.8308
83519.5,24.8148
83539.4,24.7989
83559.3,24.7829
83579.2,24.767
83599.1,24.751
83619,24.7351
83638.9,24.7191
83658.8,24.7032
83678.7,24.6873
83698.6,24.6713
83718.5,24.6554
83738.5,24.6394
83758.4,24.6235
83778.3,24.6075
83798.2,24.5916
83818.1,24.5757
83838,24.5597
83857.9,24.5438
83877.8,24.5278
83897.7,24.5119
83917.6,24.4959
83937.5,24.48
83957.4,24.4641
83977.3,24.4481
83997.2,24.4322
84017.1,24.4162
84037,24.4003
84056.9,24.3843
84076.8,24.3684
84096.7,24.3524
84116.6,24.3365
84136.5,24.3206
84156.4,24.305
84176.3,24.2903
84196.2,24.2756
84216.1,24.2609
84236,24.2462
84255.9,24.2315
84275.9,24.2168
84295.8,24.2021
84315.7,24.1873
84335.6,24.1726
84355.5,24.1579
84375.4,24.1432
84395.3,24.1285
84415.2,24.1138
84435.1,24.0991
84455,24.0844
84474.9,24.0697
84494.8,24.055
84514.7,24.0403
84534.6,24.0256
84554.5,24.0109
84574.4,23.9961
84594.3,23.9814
84614.2,23.9667
84634.1,23.952
84654,23.9373
84673.9,23.9226
84693.8,23.9079
84713.7,23.8932
84733.6,23.8785
84753.5,23.8638
84773.5,23.8491
84793.4,23.8343
84813.3,23.8196
84833.2,23.8049
84853.1,23.7902
84873,23.7755
84892.9,23.7608
84912.8,23.7461
84932.7,23.7314
84952.6,23.7167
84972.5,23.702
84992.4,23.6873
85012.3,23.6726
85032.2,23.6578
85052.1,23.6431
85072,23.6284
85091.9,23.6137
85111.8,23.599
85131.7,23.5843
85151.6,23.5696
85171.5,23.5549
85191.4,23.5402
85211.3,23.5255
85231.2,23.5108
85251.1,23.4961
85271.1,23.4813
85291,23.4666
85310.9,23.4519
85330.8,23.4372
85350.7,23.4225
85370.6,23.4078
85390.5,23.3931
85410.4,23.3784
85430.3,23.3637
85450.2,23.349
85470.1,23.3343
85490,23.3196
85509.9,23.3048
85529.8,23.2901
85549.7,23.2754
85569.6,23.2607
85589.5,23.246
85609.4,23.2313
85629.3,23.2166
85649.2,23.2019
85669.1,23.1872
85689,23.1725
85708.9,23.1578
85728.8,23.1431
85748.8,23.1283
85768.7,23.1136
85788.6,23.0989
85808.5,23.0846
85828.4,23.0708
85848.3,23.0569
85868.2,23.0431
85888.1,23.0293
85908,23.0154
85927.9,23.0016
85947.8,22.9878
85967.7,22.9739
85987.6,22.9601
86007.5,22.9462
86027.4,22.9324
86047.3,22.9186
86067.2,22.9048
86087.1,22.8909
86107,22.8771
86126.9,22.8633
86146.8,22.8494
86166.7,22.8356
86186.6,22.8218
86206.5,22.8079
86226.4,22.7941
86246.4,22.7803
86266.3,22.7664
86286.2,22.7526
86306.1,22.7387
86326,22.7249
86345.9,22.7111
86365.8,22.6972
86385.7,22.6834
86405.6,22.6696
86425.5,22.6557
86445.4,22.6419
86465.3,22.6281
86485.2,22.6142
86505.1,22.6004
86525,22.5866
86544.9,22.5727
86564.8,22.5589
86584.7,22.5451
86604.6,22.5312
86624.5,22.5174
86644.4,22.5036
86664.3,22.4897
86684.2,22.4759
86704.1,22.4621
86724,22.4482
86744,22.4344
86763.9,22.4206
86783.8,22.4067
86803.7,22.3929
86823.6,22.3791
86843.5,22.3652
86863.4,22.3514
86883.3,22.3376
86903.2,22.3237
86923.1,22.3099
86943,22.2961
86962.9,22.2822
86982.8,22.2684
87002.7,22.2546
87022.6,22.2407
87042.5,22.2269
87062.4,22.2131
87082.3,22.1992
87102.2,22.1854
87122.1,22.1716
87142,22.1577
87161.9,22.1439
87181.8,22.1301
87201.7,22.1162
87221.6,22.1024
87241.5,22.0886
87261.5,22.0747
87281.4,22.0609
87301.3,22.0471
87321.2,22.0332
87341.1,22.0194
87361,22.0056
87380.9,21.9917
87400.8,21.9779
87420.7,21.9641
87440.6,21.9502
87460.5,21.9364
87480.4,21.9231
87500.3,21.9104
87520.2,21.8976
87540.1,21.8848
87560,21.8721
87579.9,21.8593
87599.8,21.8466
87619.7,21.8338
87639.6,21.8211
87659.5,21.8083
87679.4,21.7955
87699.3,21.7828
87719.2,21.77
87739.1,21.7573
87759.1,21.7445
87779,21.7317
87798.9,21.719
87818.8,21.7062
87838.7,21.6935
87858.6,21.6807
87878.5,21.6679
87898.4,21.6552
87918.3,21.6424
87938.2,21.6297
87958.1,21.6169
87978,21.6041
87997.9,21.5914
88017.8,21.5786
88037.7,21.5659
88057.6,21.5531
88077.5,21.5403
88097.4,21.5276
88117.3,21.5148
88137.2,21.5021
88157.1,21.4893
88177,21.4765
88196.9,21.4638
88216.8,21.451
88236.7,21.4383
88256.6,21.4255
88276.6,21.4128
88296.5,21.4
88316.4,21.3872
88336.3,21.3745
88356.2,21.3617
88376.1,21.349
88396,21.3362
88415.9,21.3234
88435.8,21.3107
88455.7,21.2979
88475.6,21.2852
88495.5,21.2724
88515.4,21.2596
88535.3,21.2469
88555.2,21.2341
88575.1,21.2214
88595,21.2086
88614.9,21.1958
88634.8,21.1831
88654.7,21.1703
88674.6,21.1576
88694.5,21.1448
88714.4,21.132
88734.3,21.1193
88754.3,21.1065
88774.1,21.0938
88794.1,21.081
88814,21.0682
88833.9,21.0555
88853.8,21.0427
88873.7,21.03
88893.6,21.0172
88913.5,21.0044
88933.4,20.9917
88953.3,20.9789
88973.2,20.9662
88993.1,20.9534
89013,20.9407
89032.9,20.9279
89052.8,20.9151
89072.7,20.9024
89092.6,20.8896
89112.5,20.8769
89132.4,20.8641
89152.3,20.8513
89172.2,20.8386
89192.1,20.8264
89212,20.8146
89231.9,20.8028
89251.9,20.791
89271.8,20.7792
89291.7,20.7674
89311.6,20.7556
89331.5,20.7438
89351.4,20.732
89371.3,20.7202
89391.2,20.7084
89411.1,20.6966
89431,20.6848
89450.9,20.673
89470.8,20.6612
89490.7,20.6494
89510.6,20.6376
89530.5,20.6258
89550.4,20.614
89570.3,20.6022
89590.2,20.5904
89610.1,20.5786
89630,20.5668
89649.9,20.555
89669.8,20.5432
89689.7,20.5314
89709.6,20.5196
89729.5,20.5078
89749.5,20.496
89769.4,20.4842
89789.3,20.4724
89809.2,20.4606
89829.1,20.4488
89849,20.437
89868.9,20.4252
89888.8,20.4134
89908.7,20.4016
89928.6,20.3898
89948.5,20.378
89968.4,20.3662
89988.3,20.3544
90008.2,20.3426
90028.1,20.3308
90048,20.319
90067.9,20.3071
90087.8,20.2953
90107.7,20.2836
90127.6,20.2717
90147.5,20.2599
90167.4,20.2481
90187.3,20.2363
90207.2,20.2245
90227.1,20.2127
90247,20.2009
90267,20.1891
90286.9,20.1773
90306.8,20.1655
90326.7,20.1537
90346.6,20.1419
90366.5,20.1301
90386.4,20.1183
90406.3,20.1065
90426.2,20.0947
90446.1,20.0829
90466,20.0711
90485.9,20.0593
90505.8,20.0475
90525.7,20.0357
90545.6,20.0239
90565.5,20.0121
90585.4,20.0003
90605.3,19.9885
90625.2,19.9767
90645.1,19.9649
90665,19.9531
90684.9,19.9413
90704.8,19.9295
90724.8,19.9177
90744.6,19.9059
90764.6,19.8941
90784.5,19.8823
90804.4,19.8705
90824.3,19.8587
90844.2,19.8469
90864.1,19.8351
90884,19.8233
90903.9,19.8115
90923.8,19.7997
90943.7,19.7884
90963.6,19.7774
90983.5,19.7664
91003.4,19.7554
91023.3,19.7444
91043.2,19.7334
91063.1,19.7224
91083,19.7114
91102.9,19.7003
91122.8,19.6893
91142.7,19.6783
91162.6,19.6673
91182.5,19.6563
91202.4,19.6453
91222.3,19.6343
91242.3,19.6233
91262.2,19.6122
91282.1,19.6012
91302,19.5902
91321.9,19.5792
91341.8,19.5682
91361.7,19.5572
91381.6,19.5462
91401.5,19.5352
91421.4,19.5242
91441.3,19.5131
91461.2,19.5021
91481.1,19.4911
91501,19.4801
91520.9,19.4691
91540.8,19.4581
91560.7,19.4471
91580.6,19.4361
91600.5,19.425
91620.4,19.414
91640.3,19.403
91660.2,19.392
91680.1,19.381
91700,19.37
91719.9,19.359
91739.9,19.348
91759.8,19.3369
91779.7,19.3259
91799.6,19.3149
91819.5,19.3039
91839.4,19.2929
91859.3,19.2819
91879.2,19.2709
91899.1,19.2599
91919,19.2488
91938.9,19.2378
91958.8,19.2268
91978.7,19.2158
91998.6,19.2048
92018.5,19.1938
92038.4,19.1828
92058.3,19.1718
92078.2,19.1607
92098.1,19.1497
92118,19.1387
92137.9,19.1277
92157.8,19.1167
92177.7,19.1057
92197.6,19.0947
92217.5,19.0837
92237.4,19.0727
92257.4,19.0616
92277.3,19.0506
92297.2,19.0396
92317.1,19.0286
92337,19.0176
92356.9,19.0066
92376.8,18.9956
92396.7,18.9846
92416.6,18.9735
92436.5,18.9625
92456.4,18.9515
92476.3,18.9405
92496.2,18.9295
92516.1,18.9185
92536,18.9075
92555.9,18.8965
92575.8,18.8854
92595.7,18.8744
92615.6,18.8634
92635.5,18.8524
92655.4,18.8414
92675.3,18.8304
92695.2,18.8194
92715.1,18.8086
92735,18.7983
92754.9,18.7881
92774.9,18.7778
92794.8,18.7676
92814.7,18.7573
92834.6,18.7471
92854.5,18.7368
92874.4,18.7266
92894.3,18.7163
92914.2,18.7061
92934.1,18.6958
92954,18.6856
92973.9,18.6753
92993.8,18.6651
93013.7,18.6548
93033.6,18.6446
93053.5,18.6343
93073.4,18.6241
93093.3,18.6138
93113.2,18.6036
93133.1,18.5933
93153,18.5831
93172.9,18.5728
93192.8,18.5626
93212.7,18.5523
93232.6,18.5421
93252.5,18.5318
93272.5,18.5216
93292.4,18.5113
93312.3,18.5011
93332.2,18.4908
93352.1,18.4806
93372,18.4703
93391.9,18.4601
93411.8,18.4498
93431.7,18.4396
93451.6,18.4293
93471.5,18.4191
93491.4,18.4088
93511.3,18.3986
93531.2,18.3883
93551.1,18.3781
93571,18.3678
93590.9,18.3576
93610.8,18.3473
93630.7,18.3371
93650.6,18.3268
93670.5,18.3166
93690.4,18.3063
93710.3,18.2961
93730.3,18.2858
93750.1,18.2756
93770.1,18.2653
93790,18.2551
93809.9,18.2448
93829.8,18.2346
93849.7,18.2243
93869.6,18.2141
93889.5,18.2038
93909.4,18.1936
93929.3,18.1833
93949.2,18.1731
93969.1,18.1628
93989,18.1526
94008.9,18.1423
94028.8,18.1321
94048.7,18.1218
94068.6,18.1116
94088.5,18.1013
94108.4,18.0911
94128.3,18.0808
94148.2,18.0706
94168.1,18.0603
94188,18.0501
94207.9,18.0398
94227.8,18.0296
94247.8,18.0193
94267.7,18.0091
94287.6,17.9988
94307.5,17.9886
94327.4,17.9783
94347.3,17.9681
94367.2,17.9578
94387.1,17.9476
94407,17.9373
94426.9,17.9271
94446.8,17.9168
94466.7,17.9066
94486.6,17.8963
94506.5,17.8861
94526.4,17.8761
94546.3,17.8666
94566.2,17.857
94586.1,17.8475
94606,17.838
94625.9,17.8285
94645.8,17.8189
94665.7,17.8094
94685.6,17.7999
94705.5,17.7904
94725.4,17.7808
94745.4,17.7713
94765.3,17.7618
94785.2,17.7523
94805.1,17.7427
94825,17.7332
94844.9,17.7237
94864.8,17.7142
94884.7,17.7047
94904.6,17.6951
94924.5,17.6856
94944.4,17.6761
94964.3,17.6666
94984.2,17.657
95004.1,17.6475
95024,17.638
95043.9,17.6285
95063.8,17.6189
95083.7,17.6094
95103.6,17.5999
95123.5,17.5904
95143.4,17.5809
95163.3,17.5713
95183.2,17.5618
95203.1,17.5523
95223,17.5428
95243,17.5332
95262.9,17.5237
95282.8,17.5142
95302.7,17.5047
95322.6,17.4951
95342.5,17.4856
95362.4,17.4761
95382.3,17.4666
95402.2,17.457
95422.1,17.4475
95442,17.438
95461.9,17.4285
95481.8,17.419
95501.7,17.4094
95521.6,17.3999
95541.5,17.3904
95561.4,17.3809
95581.3,17.3713
95601.2,17.3618
95621.1,17.3523
95641,17.3428
95660.9,17.3332
95680.8,17.3237
95700.7,17.3142
95720.6,17.3047
95740.6,17.2951
95760.5,17.2856
95780.4,17.2761
95800.3,17.2666
95820.2,17.2571
95840.1,17.2475
95860,17.238
95879.9,17.2285
95899.8,17.219
95919.7,17.2094
95939.6,17.1999
95959.5,17.1904
95979.4,17.1809
95999.3,17.1713
96019.2,17.1618
96039.1,17.1523
96059,17.1428
96078.9,17.1333
96098.8,17.1237
96118.7,17.1142
96138.6,17.1047
96158.5,17.0952
96178.4,17.0856
96198.3,17.0761
96218.2,17.0666
96238.1,17.0571
96258,17.0475
96278,17.038
96297.9,17.0285
96317.8,17.019
96337.7,17.0094
96357.6,16.9999
96377.5,16.9906
96397.4,16.9818
96417.3,16.9729
96437.2,16.964
96457.1,16.9551
96477,16.9463
96496.9,16.9374
96516.8,16.9285
96536.7,16.9196
96556.6,16.9108
96576.5,16.9019
96596.4,16.893
96616.3,16.8841
96636.2,16.8753
96656.1,16.8664
96676,16.8575
96695.9,16.8486
96715.8,16.8398
96735.7,16.8309
96755.6,16.822
96775.6,16.8131
96795.5,16.8043
96815.4,16.7954
96835.3,16.7865
96855.2,16.7776
96875.1,16.7688
96895,16.7599
96914.9,16.751
96934.8,16.7421
96954.7,16.7333
96974.6,16.7244
96994.5,16.7155
97014.4,16.7066
97034.3,16.6978
97054.2,16.6889
97074.1,16.68
97094,16.6711
97113.9,16.6623
97133.8,16.6534
97153.7,16.6445
97173.6,16.6356
97193.5,16.6268
97213.4,16.6179
97233.3,16.609
97253.3,16.6001
97273.2,16.5913
97293.1,16.5824
97313,16.5735
97332.9,16.5646
97352.8,16.5558
97372.7,16.5469
97392.6,16.538
97412.5,16.5291
97432.4,16.5203
97452.3,16.5114
97472.2,16.5025
97492.1,16.4936
97512,16.4848
97531.9,16.4759
97551.8,16.467
97571.7,16.4582
97591.6,16.4493
97611.5,16.4404
97631.4,16.4315
97651.3,16.4226
97671.2,16.4138
97691.1,16.4049
97711,16.396
97730.9,16.3871
97750.9,16.3783
97770.8,16.3694
97790.7,16.3605
97810.6,16.3516
97830.5,16.3428
97850.4,16.3339
97870.3,16.325
97890.2,16.3161
97910.1,16.3073
97930,16.2984
97949.9,16.2895
97969.8,16.2807
97989.7,16.2718
98009.6,16.2629
98029.5,16.254
98049.4,16.2451
98069.3,16.2363
98089.2,16.2274
98109.1,16.2185
98129,16.2097
98148.9,16.2008
98168.8,16.1919
98188.7,16.183
98208.6,16.1742
98228.5,16.1653
98248.5,16.1564
98268.4,16.1481
98288.3,16.1398
98308.2,16.1316
98328.1,16.1233
98348,16.115
98367.9,16.1067
98387.8,16.0985
98407.7,16.0902
98427.6,16.0819
98447.5,16.0737
98467.4,16.0654
98487.3,16.0571
98507.2,16.0489
98527.1,16.0406
98547,16.0323
98566.9,16.0241
98586.8,16.0158
98606.7,16.0075
98626.6,15.9993
98646.5,15.991
98666.4,15.9827
98686.3,15.9745
98706.2,15.9662
98726.1,15.9579
98746,15.9497
98766,15.9414
98785.9,15.9331
98805.8,15.9249
98825.7,15.9166
98845.6,15.9083
98865.5,15.9001
98885.4,15.8918
98905.3,15.8835
98925.2,15.8753
98945.1,15.867
98965,15.8587
98984.9,15.8505
99004.8,15.8422
99024.7,15.8339
99044.6,15.8257
99064.5,15.8174
99084.4,15.8091
99104.3,15.8009
99124.2,15.7926
99144.1,15.7843
99164,15.7761
99183.9,15.7678
99203.8,15.7595
99223.8,15.7512
99243.6,15.743
99263.6,15.7347
99283.5,15.7264
99303.4,15.7182
99323.3,15.7099
99343.2,15.7016
99363.1,15.6934
99383,15.6851
99402.9,15.6768
99422.8,15.6686
99442.7,15.6603
99462.6,15.652
99482.5,15.6438
99502.4,15.6355
99522.3,15.6272
99542.2,15.619
99562.1,15.6107
99582,15.6024
99601.9,15.5942
99621.8,15.5859
99641.7,15.5776
99661.6,15.5694
99681.5,15.5611
99701.4,15.5528
99721.3,15.5446
99741.3,15.5363
99761.2,15.528
99781.1,15.5198
99801,15.5115
99820.9,15.5032
99840.8,15.495
99860.7,15.4867
99880.6,15.4784
99900.5,15.4702
99920.4,15.4619
99940.3,15.4536
99960.2,15.4454
99980.1,15.4371
100000,15.4288