500,7284.41
519.904,7121.82
539.808,6959.22
559.712,6796.63
579.616,6634.03
599.52,6471.44
619.424,6308.85
639.328,6146.25
659.232,5983.66
679.136,5821.06
699.04,5658.47
718.944,5495.87
738.848,5333.28
758.752,5170.69
778.656,5008.09
798.56,4845.5
818.464,4682.9
838.368,4520.31
858.272,4357.71
878.176,4195.12
898.08,4032.53
917.984,3869.93
937.888,3707.34
957.792,3544.74
977.696,3382.15
997.599,3219.55
1017.5,3056.96
1037.41,2903.79
1057.31,2758.42
1077.22,2626.57
1097.12,2500.92
1117.02,2381.7
1136.93,2272.13
1156.83,2171.59
1176.74,2074.32
1196.64,1982.96
1216.54,1899.11
1236.45,1816.22
1256.35,1740.25
1276.26,1669.83
1296.16,1602.6
1316.06,1538.92
1335.97,1479.08
1355.87,1421.87
1375.78,1367.06
1395.68,1315.89
1415.58,1268.35
1435.49,1221.26
1455.39,1176.75
1475.3,1134.54
1495.2,1095.24
1515.1,1058
1535.01,1021.44
1554.91,985.455
1574.81,10476.4
1594.72,10183.8
1614.62,9909.07
1634.53,9648.83
1654.43,9395.32
1674.33,9151.68
1694.24,8917.44
1714.14,8692.09
1734.05,8469.85
1753.95,8252.68
1773.85,8053.91
1793.76,7858.16
1813.66,7666.25
1833.57,7479
1853.47,7293.94
1873.37,7116.7
1893.28,6941.78
1913.18,6779.69
1933.09,6619.49
1952.99,6464.82
1972.89,6312.41
1992.8,6164.24
2012.7,6014.95
2032.61,5878.81
2052.51,5744.08
2072.41,5611.24
2092.32,5480.4
2112.22,5352.36
2132.13,5228.56
2152.03,5110.89
2171.93,4994.59
2191.84,4881.5
2211.74,4769.69
2231.65,4663.41
2251.55,4557.31
2271.45,4457.54
2291.36,4357.77
2311.26,4263.07
2331.17,4169.51
2351.07,4079.26
2370.97,3991.65
2390.88,3905.37
2410.78,3823.19
2430.69,3741.01
2450.59,3662.22
2470.49,3583.87
2490.4,3508.86
2510.3,3436.89
2530.21,3365.11
2550.11,3296.33
2570.01,3227.54
2589.92,3162.2
2609.82,3099.17
2629.73,3036.25
2649.63,2976.28
2669.53,2916.31
2689.44,2858.3
2709.34,2802.48
2729.25,2746.66
2749.15,2694.53
2769.05,2643
2788.96,2591.9
2808.86,2543.25
2828.77,2494.61
2848.67,2447.65
2868.57,2402.89
2888.48,2358.12
2908.38,2315.28
2928.29,2273.62
2948.19,2231.95
2968.09,2191.69
2988,2151.88
3007.9,2112.64
3027.81,2076.03
3047.71,2039.64
3067.61,2003.25
3087.52,1969.29
3107.42,1935.5
3127.33,1901.72
3147.23,1869.88
3167.13,1838.22
3187.04,1806.56
3206.94,1777.06
3226.85,1747.93
3246.75,1718.8
3266.65,1690.71
3286.56,1663.11
3306.46,1635.5
3326.37,1609.1
3346.27,1583.82
3366.17,1558.54
3386.08,1533.64
3405.98,1509.83
3425.89,1486.02
3445.79,1462.21
3465.69,1440.22
3485.6,1418.35
3505.5,1396.48
3525.41,1375.16
3545.31,1354.34
3565.21,1333.53
3585.12,1312.89
3605.02,1293.7
3624.92,1274.51
3644.83,1255.31
3664.73,1237.03
3684.64,1219.37
3704.54,1201.71
3724.45,1184.05
3744.35,1167.27
3764.25,1150.51
3784.16,1133.75
3804.06,1117.35
3823.96,1101.79
3843.87,1086.23
3863.77,1070.67
3883.68,1055.81
3903.58,1041.45
3923.48,1027.09
3943.39,1012.73
3963.29,998.765
3983.2,984.925
4003.1,971.223
4023,958.269
4042.91,945.632
4062.81,933.03
4082.72,920.428
4102.62,907.826
4122.52,896.068
4142.43,884.373
4162.33,872.679
4182.24,860.984
4202.14,849.949
4222.04,838.978
4241.95,828.008
4261.85,817.037
4281.76,806.628
4301.66,796.368
4321.56,786.107
4341.47,775.847
4361.37,766.087
4381.28,756.633
4401.18,747.178
4421.08,737.723
4440.99,728.49
4460.89,719.667
4480.8,710.843
4500.7,702.019
4520.6,693.195
4540.51,684.871
4560.41,676.557
4580.32,668.242
4600.22,659.927
4620.12,652.014
4640.03,644.418
4659.93,636.821
4679.84,629.224
4699.74,621.644
4719.64,614.486
4739.55,607.329
4759.45,600.171
4779.36,593.013
4799.26,586.083
4819.16,579.473
4839.07,572.863
4858.97,566.254
4878.88,559.644
4898.78,553.318
4918.68,547.119
4938.59,540.92
4958.49,534.72
4978.4,528.521
4998.3,522.673
5018.2,516.986
5038.11,511.312
5058.01,505.637
5077.92,499.963
5097.82,494.618
5117.72,489.275
5137.63,483.932
5157.53,478.589
5177.44,473.254
5197.34,468.278
5217.24,463.302
5237.15,458.326
5257.05,453.35
5276.96,448.374
5296.86,443.732
5316.76,439.109
5336.67,434.486
5356.57,429.863
5376.48,425.239
5396.38,420.901
5416.28,416.646
5436.19,412.392
5456.09,408.137
5476,403.882
5495.9,399.745
5515.8,395.755
5535.71,391.764
5555.61,387.773
5575.52,383.783
5595.42,379.811
5615.32,376.092
5635.23,372.372
5655.13,368.653
5675.04,364.933
5694.94,361.214
5714.84,357.668
5734.75,354.241
5754.65,350.814
5774.55,347.387
5794.46,343.96
5814.36,340.533
5834.27,337.31
5854.17,334.094
5874.07,330.878
5893.98,327.661
5913.88,324.445
5933.79,321.292
5953.69,318.293
5973.59,315.295
5993.5,312.296
6013.4,309.334
6033.31,306.39
6053.21,303.54
6073.11,300.798
6093.02,298.056
6112.92,295.315
6132.83,292.573
6152.73,289.831
6172.63,287.169
6192.54,284.59
6212.44,282.011
6232.35,279.432
6252.25,276.853
6272.15,274.274
6292.06,271.782
6311.96,269.393
6331.87,267.003
6351.77,264.614
6371.67,262.225
6391.58,259.836
6411.48,257.494
6431.39,255.278
6451.29,253.061
6471.19,250.844
6491.1,248.628
6511,246.411
6530.91,244.195
6550.81,242.142
6570.71,240.089
6590.62,238.037
6610.52,235.985
6630.43,233.933
6650.33,231.881
6670.23,229.903
6690.14,227.984
6710.04,226.065
6729.95,224.146
6749.85,222.227
6769.75,220.308
6789.66,218.393
6809.56,216.617
6829.47,214.84
6849.37,213.063
6869.27,211.287
6889.18,209.51
6909.08,207.733
6928.99,206
6948.89,204.348
6968.79,202.695
6988.7,201.042
7008.6,199.39
7028.51,197.737
7048.41,196.085
7068.31,194.502
7088.22,192.972
7108.12,191.442
7128.03,189.913
7147.93,188.383
7167.83,186.853
7187.74,185.323
7207.64,183.863
7227.55,182.442
7247.45,181.022
7267.35,179.601
7287.26,178.18
7307.16,176.76
7327.07,175.339
7346.97,173.971
7366.87,172.646
7386.78,171.32
7406.68,169.995
7426.59,168.67
7446.49,167.345
7466.39,166.019
7486.3,164.728
7506.2,163.496
7526.1,162.263
7546.01,161.031
7565.91,159.799
7585.82,158.566
7605.72,157.334
7625.63,156.105
7645.53,154.978
7665.43,153.85
7685.34,152.723
7705.24,151.595
7725.15,150.468
7745.05,149.34
7764.95,148.213
7784.86,147.12
7804.76,146.062
7824.67,145.005
7844.57,143.947
7864.47,142.89
7884.38,141.833
7904.28,140.775
7924.18,139.718
7944.09,138.708
7963.99,137.705
7983.9,136.703
8003.8,135.708
8023.7,134.742
8043.61,133.777
8063.51,132.812
8083.42,131.85
8103.32,130.939
8123.23,130.028
8143.13,129.117
8163.03,128.206
8182.94,127.295
8202.84,126.384
8222.74,125.473
8242.65,124.571
8262.55,123.729
8282.46,122.888
8302.36,122.046
8322.26,121.204
8342.17,120.362
8362.07,119.52
8381.98,118.678
8401.88,117.839
8421.78,117.049
8441.69,116.259
8461.59,115.469
8481.5,114.679
8501.4,113.889
8521.3,113.099
8541.21,112.309
8561.11,111.52
8581.02,110.782
8600.92,110.056
8620.82,109.331
8640.73,108.605
8660.63,107.88
8680.54,107.154
8700.44,106.429
8720.34,105.704
8740.25,105
8760.15,104.326
8780.06,103.653
8799.96,102.98
8819.86,102.306
8839.77,101.633
8859.67,100.959
8879.58,100.286
8899.48,99.6127
8919.38,98.9772
8939.29,98.3499
8959.19,97.7226
8979.1,97.0953
8999,96.468
9018.9,95.8407
9038.81,95.2134
9058.71,94.5861
9078.62,93.9626
9098.52,93.3831
9118.42,92.8036
9138.33,92.2241
9158.23,91.6446
9178.14,91.0651
9198.04,90.4855
9217.94,89.906
9237.85,89.3265
9257.75,88.7529
9277.66,88.2161
9297.56,87.6793
9317.46,87.1425
9337.37,86.6058
9357.27,86.069
9377.17,85.5322
9397.08,84.9955
9416.98,84.4587
9436.89,83.9234
9456.79,83.4215
9476.7,82.9195
9496.6,82.4176
9516.5,81.9156
9536.41,81.4137
9556.31,80.9118
9576.21,80.4098
9596.12,79.9079
9616.02,79.4059
9635.93,78.9329
9655.83,78.4672
9675.74,78.0014
9695.64,77.5357
9715.54,77.0699
9735.45,76.6042
9755.35,76.1384
9775.25,75.6727
9795.16,75.2069
9815.06,74.7535
9834.97,74.3224
9854.87,73.8914
9874.77,73.4603
9894.68,73.0292
9914.58,72.5982
9934.49,72.1671
9954.39,71.7361
9974.29,71.305
9994.2,70.8739
10014.1,70.4763
10034,70.0925
10053.9,69.7087
10073.8,69.3249
10093.7,68.941
10113.6,68.5572
10133.5,68.1734
10153.4,67.7896
10173.3,67.4057
10193.2,67.0219
10213.1,66.6331
10233,66.2417
10253,65.8502
10272.9,65.4588
10292.8,65.0675
10312.7,64.676
10332.6,64.2846
10352.5,63.8932
10372.4,63.5018
10392.3,63.1175
10412.2,62.7879
10432.1,62.4584
10452,62.1288
10471.9,61.7992
10491.8,61.4697
10511.7,61.1401
10531.6,60.8105
10551.5,60.481
10571.4,60.1514
10591.3,59.8218
10611.2,59.5016
10631.1,59.1886
10651,58.8756
10670.9,58.5626
10690.8,58.2496
10710.7,57.9366
10730.6,57.6236
10750.5,57.3106
10770.5,56.9976
10790.4,56.6846
10810.3,56.3718
10830.2,56.0759
10850.1,55.78
10870,55.4842
10889.9,55.1883
10909.8,54.8924
10929.7,54.5966
10949.6,54.3007
10969.5,54.0048
10989.4,53.709
11009.3,53.4131
11029.2,53.1249
11049.1,52.8456
11069,52.5663
11088.9,52.287
11108.8,52.0077
11128.7,51.7284
11148.6,51.4491
11168.5,51.1698
11188.4,50.8904
11208.3,50.6112
11228.2,50.3319
11248.1,50.0776
11268.1,49.8257
11288,49.5738
11307.9,49.3219
11327.8,49.07
11347.7,48.8181
11367.6,48.5662
11387.5,48.3143
11407.4,48.0624
11427.3,47.8106
11447.2,47.5587
11467.1,47.3274
11487,47.0995
11506.9,46.8716
11526.8,46.6437
11546.7,46.4158
11566.6,46.1879
11586.5,45.96
11606.4,45.7321
11626.3,45.5042
11646.2,45.2763
11666.1,45.0484
11686,44.8215
11705.9,44.5969
11725.8,44.3722
11745.7,44.1476
11765.7,43.923
11785.6,43.6984
11805.5,43.4737
11825.4,43.2491
11845.3,43.0245
11865.2,42.7998
11885.1,42.5752
11905,42.358
11924.9,42.1631
11944.8,41.9682
11964.7,41.7733
11984.6,41.5784
12004.5,41.3835
12024.4,41.1885
12044.3,40.9936
12064.2,40.7987
12084.1,40.6038
12104,40.4089
12123.9,40.214
12143.8,40.0197
12163.7,39.8277
12183.6,39.6358
12203.5,39.4439
12223.4,39.252
12243.3,39.0601
12263.3,38.8682
12283.2,38.6762
12303.1,38.4843
12323,38.2924
12342.9,38.1005
12362.8,37.9086
12382.7,37.7326
12402.6,37.5656
12422.5,37.3986
12442.4,37.2317
12462.3,37.0647
12482.2,36.8977
12502.1,36.7308
12522,36.5638
12541.9,36.3968
12561.8,36.2299
12581.7,36.0629
12601.6,35.8959
12621.5,35.7292
12641.4,35.5647
12661.3,35.4003
12681.2,35.2359
12701.1,35.0715
12721,34.907
12740.9,34.7426
12760.9,34.5782
12780.8,34.4138
12800.7,34.2493
12820.6,34.0849
12840.5,33.9205
12860.4,33.7563
12880.3,33.6076
12900.2,33.4589
12920.1,33.3101
12940,33.1614
12959.9,33.0127
12979.8,32.8639
12999.7,32.7152
13019.6,32.5665
13039.5,32.4177
13059.4,32.269
13079.3,32.1203
13099.2,31.9715
13119.1,31.829
13139,31.6938
13158.9,31.5587
13178.8,31.4235
13198.7,31.2883
13218.6,31.1532
13238.5,31.018
13258.5,30.8828
13278.4,30.7477
13298.3,30.6125
13318.2,30.4773
13338.1,30.3421
13358,30.207
13377.9,30.0747
13397.8,29.9469
13417.7,29.8191
13437.6,29.6914
13457.5,29.5636
13477.4,29.4358
13497.3,29.308
13517.2,29.1802
13537.1,29.0524
13557,28.9246
13576.9,28.7968
13596.8,28.669
13616.7,28.5412
13636.6,28.4173
13656.5,28.3009
13676.4,28.1845
13696.3,28.0681
13716.2,27.9517
13736.1,27.8353
13756.1,27.7189
13776,27.6025
13795.9,27.4861
13815.8,27.3697
13835.7,27.2533
13855.6,27.1369
13875.5,27.0205
13895.4,26.9042
13915.3,26.7929
13935.2,26.6831
13955.1,26.5734
13975,26.4637
13994.9,26.354
14014.8,26.2442
14034.7,26.1345
14054.6,26.0248
14074.5,25.915
14094.4,25.8053
14114.3,25.6956
14134.2,25.5859
14154.1,25.4761
14174,25.3684
14193.9,25.2686
14213.8,25.1688
14233.7,25.069
14253.7,24.9692
14273.6,24.8693
14293.5,24.7695
14313.4,24.6697
14333.3,24.5699
14353.2,24.4701
14373.1,24.3703
14393,24.2705
14412.9,24.1707
14432.8,24.0708
14452.7,23.9718
14472.6,23.8775
14492.5,23.7833
14512.4,23.6891
14532.3,23.5948
14552.2,23.5006
14572.1,23.4063
14592,23.3121
14611.9,23.2178
14631.8,23.1236
14651.7,23.0293
14671.6,22.9351
14691.5,22.8409
14711.4,22.7466
14731.3,22.6529
14751.3,22.5658
14771.2,22.4787
14791.1,22.3916
14811,22.3046
14830.9,22.2175
14850.8,22.1304
14870.7,22.0434
14890.6,21.9563
14910.5,21.8692
14930.4,21.7821
14950.3,21.6951
14970.2,21.608
14990.1,21.5209
15010,21.4414
15029.9,21.3649
15049.8,21.2839
15069.7,21.2028
15089.6,21.1217
15109.5,21.0407
15129.4,20.9596
15149.3,20.8785
15169.2,20.7975
15189.1,20.7164
15209,20.6353
15228.9,20.5543
15248.8,20.4732
15268.8,20.3921
15288.7,20.3111
15308.6,20.23
15328.5,20.1551
15348.4,20.0808
15368.3,20.0064
15388.2,19.932
15408.1,19.8577
15428,19.7833
15447.9,19.7089
15467.8,19.6346
15487.7,19.5602
15507.6,19.4858
15527.5,19.4115
15547.4,19.3371
15567.3,19.2627
15587.2,19.1884
15607.1,19.114
15627,19.0453
15646.9,18.9776
15666.8,18.9099
15686.7,18.8422
15706.6,18.7745
15726.5,18.7068
15746.5,18.6391
15766.4,18.5713
15786.3,18.5036
15806.2,18.4359
15826.1,18.3682
15846,18.3005
15865.9,18.2328
15885.8,18.1651
15905.7,18.0974
15925.6,18.0307
15945.5,17.9669
15965.4,17.9031
15985.3,17.8392
16005.2,17.7754
16025.1,17.7115
16045,17.6477
16064.9,17.5838
16084.8,17.52
16104.7,17.4562
16124.6,17.3923
16144.5,17.3285
16164.4,17.2646
16184.3,17.2008
16204.2,17.1369
16224.1,17.0731
16244,17.0117
16264,16.9514
16283.9,16.891
16303.8,16.8306
16323.7,16.7703
16343.6,16.7099
16363.5,16.6496
16383.4,16.5892
16403.3,16.5288
16423.2,16.4685
16443.1,16.4081
16463,16.3478
16482.9,16.2874
16502.8,16.227
16522.7,16.1667
16542.6,16.1072
16562.5,16.0538
16582.4,16.0004
16602.3,15.9469
16622.2,15.8935
16642.1,15.8401
16662,15.7866
16681.9,15.7332
16701.8,15.6798
16721.7,15.6263
16741.6,15.5729
16761.6,15.5195
16781.5,15.4661
16801.4,15.4126
16821.3,15.3592
16841.2,15.3058
16861.1,15.2523
16881,15.2005
16900.9,15.15
16920.8,15.0995
16940.7,15.0489
16960.6,14.9984
16980.5,14.9479
17000.4,14.8974
17020.3,14.8468
17040.2,14.7963
17060.1,14.7458
17080,14.6953
17099.9,14.6447
17119.8,14.5942
17139.7,14.5437
17159.6,14.4932
17179.5,14.4427
17199.4,14.3921
17219.3,14.3444
17239.2,14.2968
17259.2,14.2492
17279.1,14.2016
17299,14.154
17318.9,14.1064
17338.8,14.0587
17358.7,14.0111
17378.6,13.9635
17398.5,13.9159
17418.4,13.8683
17438.3,13.8207
17458.2,13.7731
17478.1,13.7254
17498,13.6778
17517.9,13.6302
17537.8,13.5846
17557.7,13.5421
17577.6,13.4996
17597.5,13.4571
17617.4,13.4146
17637.3,13.3721
17657.2,13.3296
17677.1,13.2871
17697,13.2446
17716.9,13.2021
17736.8,13.1596
17756.8,13.1172
17776.7,13.0747
17796.6,13.0322
17816.5,12.9897
17836.4,12.9472
17856.3,12.9047
17876.2,12.8622
17896.1,12.8219
17916,12.7821
17935.9,12.7424
17955.8,12.7026
17975.7,12.6629
17995.6,12.6231
18015.5,12.5834
18035.4,12.5436
18055.3,12.5039
18075.2,12.4641
18095.1,12.4244
18115,12.3846
18134.9,12.3449
18154.8,12.3051
18174.7,12.2654
18194.6,12.2256
18214.5,12.1858
18234.4,12.1465
18254.3,12.1089
18274.3,12.0712
18294.2,12.0335
18314.1,11.9958
18334,11.9581
18353.9,11.9204
18373.8,11.8827
18393.7,11.845
18413.6,11.8073
18433.5,11.7696
18453.4,11.7319
18473.3,11.6942
18493.2,11.6565
18513.1,11.6188
18533,11.5811
18552.9,11.5434
18572.8,11.5057
18592.7,11.4705
18612.6,11.4368
18632.5,11.4031
18652.4,11.3694
18672.3,11.3357
18692.2,11.302
18712.1,11.2682
18732,11.2345
18752,11.2008
18771.9,11.1671
18791.8,11.1334
18811.7,11.0997
18831.6,11.066
18851.5,11.0322
18871.4,10.9985
18891.3,10.9648
18911.2,10.9311
18931.1,10.8974
18951,10.8638
18970.9,10.8317
18990.8,10.7996
19010.7,10.7675
19030.6,10.7354
19050.5,10.7033
19070.4,10.6712
19090.3,10.6391
19110.2,10.607
19130.1,10.5749
19150,10.5428
19169.9,10.5107
19189.8,10.4786
19209.7,10.4465
19229.6,10.4144
19249.5,10.3823
19269.5,10.3503
19289.4,10.3182
19309.3,10.2861
19329.2,10.255
19349.1,10.2252
19369,10.1954
19388.9,10.1655
19408.8,10.1357
19428.7,10.1059
19448.6,10.0761
19468.5,10.0462
19488.4,10.0164
19508.3,9.9866
19528.2,9.95677
19548.1,9.92695
19568,9.89712
19587.9,9.8673
19607.8,9.83747
19627.7,9.80765
19647.6,9.77782
19667.5,9.748
19687.4,9.71817
19707.3,9.69074
19727.2,9.66365
19747.2,9.63657
19767.1,9.60948
19787,9.5824
19806.9,9.55531
19826.8,9.52823
19846.7,9.50114
19866.6,9.47406
19886.5,9.44697
19906.4,9.41989
19926.3,9.39281
19946.2,9.36572
19966.1,9.33863
19986,9.31155
20005.9,9.28494
20025.8,9.25945
20045.7,9.23396
20065.6,9.20847
20085.5,9.18297
20105.4,9.15744
20125.3,9.13192
20145.2,9.10639
20165.1,9.08087
20185,9.05534
20204.9,9.02981
20224.8,9.00428
20244.7,8.97876
20264.7,8.95323
20284.6,8.9277
20304.5,8.90217
20324.4,8.87665
20344.3,8.85112
20364.2,8.82559
20384.1,8.80007
20404,8.77454
20423.9,8.74901
20443.8,8.72349
20463.7,8.69796
20483.6,8.6741
20503.5,8.65101
20523.4,8.62792
20543.3,8.60483
20563.2,8.58174
20583.1,8.55865
20603,8.53556
20622.9,8.51247
20642.8,8.48938
20662.7,8.46629
20682.6,8.4432
20702.5,8.42011
20722.4,8.39702
20742.3,8.37393
20762.3,8.35084
20782.2,8.32775
20802.1,8.30466
20822,8.28157
20841.9,8.25848
20861.8,8.23539
20881.7,8.21315
20901.6,8.1915
20921.5,8.16985
20941.4,8.1482
20961.3,8.12655
20981.2,8.1049
21001.1,8.08325
21021,8.06161
21040.9,8.03996
21060.8,8.01831
21080.7,7.99666
21100.6,7.97501
21120.5,7.95336
21140.4,7.93171
21160.3,7.91006
21180.2,7.88841
21200.1,7.86676
21220,7.84512
21239.9,7.82347
21259.9,7.80182
21279.8,7.78017
21299.7,7.76044
21319.6,7.74073
21339.5,7.72103
21359.4,7.70132
21379.3,7.68162
21399.2,7.66191
21419.1,7.64221
21439,7.6225
21458.9,7.6028
21478.8,7.58309
21498.7,7.56339
21518.6,7.54368
21538.5,7.52397
21558.4,7.50427
21578.3,7.48456
21598.2,7.46486
21618.1,7.44515
21638,7.42545
21657.9,7.40574
21677.8,7.38603
21697.7,7.36633
21717.6,7.34764
21737.5,7.32907
21757.5,7.31051
21777.4,7.29195
21797.3,7.27338
21817.2,7.25482
21837.1,7.23626
21857,7.2177
21876.9,7.19913
21896.8,7.18057
21916.7,7.162
21936.6,7.14344
21956.5,7.12488
21976.4,7.10632
21996.3,7.08775
22016.2,7.06919
22036.1,7.05063
22056,7.03206
22075.9,7.0135
22095.8,6.99494
22115.7,6.97637
22135.6,6.95903
22155.5,6.94201
22175.4,6.925
22195.3,6.90798
22215.2,6.89096
22235.1,6.87395
22255.1,6.85693
22275,6.83992
22294.9,6.8229
22314.8,6.80588
22334.7,6.78887
22354.6,6.77185
22374.5,6.75484
22394.4,6.73782
22414.3,6.72081
22434.2,6.70379
22454.1,6.68677
22474,6.66976
22493.9,6.65274
22513.8,6.63573
22533.7,6.61871
22553.6,6.60186
22573.5,6.58578
22593.4,6.5697
22613.3,6.55361
22633.2,6.53753
22653.1,6.52145
22673,6.50536
22692.9,6.48928
22712.8,6.47319
22732.7,6.45711
22752.7,6.44103
22772.6,6.42494
22792.5,6.40886
22812.4,6.39278
22832.3,6.37669
22852.2,6.36061
22872.1,6.34453
22892,6.32844
22911.9,6.31236
22931.8,6.29627
22951.7,6.28019
22971.6,6.26411
22991.5,6.24814
23011.4,6.23367
23031.3,6.2192
23051.2,6.20472
23071.1,6.19025
23091,6.17578
23110.9,6.1613
23130.8,6.14683
23150.7,6.13236
23170.6,6.11788
23190.5,6.10341
23210.4,6.08894
23230.3,6.07446
23250.3,6.05999
23270.2,6.04551
23290.1,6.03104
23310,6.01657
23329.9,6.00209
23349.8,5.98762
23369.7,5.97315
23389.6,5.95867
23409.5,5.9442
23429.4,5.92973
23449.3,5.91573
23469.2,5.90227
23489.1,5.88882
23509,5.87536
23528.9,5.86191
23548.8,5.84845
23568.7,5.835
23588.6,5.82154
23608.5,5.80809
23628.4,5.79463
23648.3,5.78118
23668.2,5.76772
23688.1,5.75427
23708,5.74081
23727.9,5.72736
23747.8,5.7139
23767.8,5.70045
23787.7,5.687
23807.6,5.67354
23827.5,5.66009
23847.4,5.64663
23867.3,5.63317
23887.2,5.61972
23907.1,5.60663
23927,5.5942
23946.9,5.58177
23966.8,5.56934
23986.7,5.55692
24006.6,5.54449
24026.5,5.53206
24046.4,5.51963
24066.3,5.5072
24086.2,5.49477
24106.1,5.48235
24126,5.46992
24145.9,5.45749
24165.8,5.44506
24185.7,5.43263
24205.6,5.4202
24225.5,5.40777
24245.4,5.39535
24265.4,5.38292
24285.3,5.37049
24305.2,5.35806
24325.1,5.34563
24345,5.3332
24364.9,5.32077
24384.8,5.30906
24404.7,5.29759
24424.6,5.28612
24444.5,5.27465
24464.4,5.26318
24484.3,5.25171
24504.2,5.24024
24524.1,5.22877
24544,5.2173
24563.9,5.20583
24583.8,5.19436
24603.7,5.18289
24623.6,5.17142
24643.5,5.15995
24663.4,5.14848
24683.3,5.13701
24703.2,5.12554
24723.1,5.11407
24743,5.1026
24763,5.09113
24782.9,5.07966
24802.8,5.06819
24822.7,5.05672
24842.6,5.04525
24862.5,5.03419
24882.4,5.02337
24902.3,5.01255
24922.2,5.00173
24942.1,4.99091
24962,4.98009
24981.9,4.96927
25001.8,4.95845
25021.7,4.94763
25041.6,4.93681
25061.5,4.92599
25081.4,4.91517
25101.3,4.90435
25121.2,4.89353
25141.1,4.8827
25161,4.87189
25180.9,4.86106
25200.8,4.85024
25220.7,4.83942
25240.6,4.8286
25260.6,4.81778
25280.5,4.80696
25300.4,4.79614
25320.3,4.78532
25340.2,4.77502
25360.1,4.76521
25380,4.75539
25399.9,4.74558
25419.8,4.73577
25439.7,4.72596
25459.6,4.71615
25479.5,4.70634
25499.4,4.69653
25519.3,4.68671
25539.2,4.6769
25559.1,4.66709
25579,4.65728
25598.9,4.64747
25618.8,4.63766
25638.7,4.62784
25658.6,4.61803
25678.5,4.60822
25698.4,4.59841
25718.3,4.5886
25738.2,4.57879
25758.2,4.56897
25778.1,4.55916
25798,4.54935
25817.9,4.53954
25837.8,4.52995
25857.7,4.52072
25877.6,4.51148
25897.5,4.50225
25917.4,4.49301
25937.3,4.48377
25957.2,4.47454
25977.1,4.4653
25997,4.45607
26016.9,4.44683
26036.8,4.43759
26056.7,4.42836
26076.6,4.41912
26096.5,4.40989
26116.4,4.40065
26136.3,4.39141
26156.2,4.38218
26176.1,4.37294
26196,4.36371
26215.9,4.35447
26235.8,4.34523
26255.8,4.336
26275.7,4.32676
26295.6,4.31753
26315.5,4.30829
26335.4,4.29929
26355.3,4.29092
26375.2,4.28254
26395.1,4.27417
26415,4.2658
26434.9,4.25742
26454.8,4.24905
26474.7,4.24068
26494.6,4.2323
26514.5,4.22393
26534.4,4.21556
26554.3,4.20718
26574.2,4.19881
26594.1,4.19044
26614,4.18206
26633.9,4.17369
26653.8,4.16532
26673.7,4.15694
26693.6,4.14857
26713.5,4.1402
26733.4,4.13182
26753.4,4.12345
26773.3,4.11508
26793.2,4.1067
26813.1,4.09833
26833,4.08996
26852.9,4.08165
26872.8,4.07374
26892.7,4.06583
26912.6,4.05792
26932.5,4.05
26952.4,4.04209
26972.3,4.03418
26992.2,4.02627
27012.1,4.01836
27032,4.01044
27051.9,4.00253
27071.8,3.99462
27091.7,3.98671
27111.6,3.9788
27131.5,3.97089
27151.4,3.96297
27171.3,3.95506
27191.2,3.94715
27211.1,3.93924
27231,3.93133
27251,3.92341
27270.9,3.9155
27290.8,3.90759
27310.7,3.89968
27330.6,3.89177
27350.5,3.88385
27370.4,3.87596
27390.3,3.86876
27410.2,3.86156
27430.1,3.85437
27450,3.84717
27469.9,3.83997
27489.8,3.83278
27509.7,3.82558
27529.6,3.81838
27549.5,3.81119
27569.4,3.80399
27589.3,3.79679
27609.2,3.78959
27629.1,3.7824
27649,3.7752
27668.9,3.768
27688.8,3.76081
27708.7,3.75361
27728.6,3.74641
27748.5,3.73922
27768.5,3.73202
27788.4,3.72482
27808.3,3.71763
27828.2,3.71043
27848.1,3.70323
27868,3.69604
27887.9,3.68884
27907.8,3.68164
27927.7,3.67482
27947.6,3.66805
27967.5,3.66127
27987.4,3.6545
28007.3,3.64772
28027.2,3.64095
28047.1,3.63417
28067,3.6274
28086.9,3.62062
28106.8,3.61385
28126.7,3.60707
28146.6,3.6003
28166.5,3.59352
28186.4,3.58675
28206.3,3.57997
28226.2,3.5732
28246.1,3.56643
28266.1,3.55965
28286,3.55288
28305.9,3.5461
28325.8,3.53933
28345.7,3.53255
28365.6,3.52578
28385.5,3.519
28405.4,3.51223
28425.3,3.50545
28445.2,3.49868
28465.1,3.49238
28485,3.48623
28504.9,3.48008
28524.8,3.47394
28544.7,3.46779
28564.6,3.46164
28584.5,3.45549
28604.4,3.44935
28624.3,3.4432
28644.2,3.43705
28664.1,3.43091
28684,3.42476
28703.9,3.41861
28723.8,3.41246
28743.8,3.40632
28763.7,3.40017
28783.6,3.39402
28803.5,3.38788
28823.4,3.38173
28843.3,3.37558
28863.2,3.36943
28883.1,3.36329
28903,3.35714
28922.9,3.35099
28942.8,3.34484
28962.7,3.3387
28982.6,3.33255
29002.5,3.3264
29022.4,3.32053
29042.3,3.31483
29062.2,3.30913
29082.1,3.30342
29102,3.29772
29121.9,3.29202
29141.8,3.28632
29161.7,3.28061
29181.6,3.27491
29201.5,3.26921
29221.4,3.2635
29241.3,3.2578
29261.3,3.2521
29281.2,3.2464
29301.1,3.24069
29321,3.23499
29340.9,3.22929
29360.8,3.22359
29380.7,3.21788
29400.6,3.21218
29420.5,3.20648
29440.4,3.20077
29460.3,3.19507
29480.2,3.18937
29500.1,3.18367
29520,3.17796
29539.9,3.17226
29559.8,3.16656
29579.7,3.16086
29599.6,3.15543
29619.5,3.15
29639.4,3.14457
29659.3,3.13915
29679.2,3.13372
29699.1,3.12829
29719,3.12287
29738.9,3.11744
29758.8,3.11202
29778.8,3.10659
29798.7,3.10116
29818.6,3.09574
29838.5,3.09031
29858.4,3.08489
29878.3,3.07946
29898.2,3.07403
29918.1,3.06861
29938,3.06318
29957.9,3.05775
29977.8,3.05233
29997.7,3.0469
30017.6,3.04161
30037.5,3.03633
30057.4,3.03105
30077.3,3.02577
30097.2,3.0205
30117.1,3.01522
30137,3.00994
30156.9,3.00479
30176.8,2.99987
30196.7,2.99495
30216.6,2.99003
30236.5,2.98511
30256.5,2.98019
30276.4,2.97527
30296.3,2.97035
30316.2,2.96543
30336.1,2.96051
30356,2.95559
30375.9,2.95067
30395.8,2.94575
30415.7,2.94083
30435.6,2.93591
30455.5,2.93099
30475.4,2.92607
30495.3,2.92115
30515.2,2.91623
30535.1,2.91131
30555,2.90639
30574.9,2.90147
30594.8,2.89655
30614.7,2.89163
30634.6,2.88671
30654.5,2.88179
30674.4,2.87687
30694.3,2.87195
30714.2,2.86703
30734.1,2.86211
30754.1,2.85746
30774,2.85293
30793.9,2.84839
30813.8,2.84385
30833.7,2.83931
30853.6,2.83477
30873.5,2.83024
30893.4,2.8257
30913.3,2.82116
30933.2,2.81662
30953.1,2.81208
30973,2.80755
30992.9,2.80301
31012.8,2.79847
31032.7,2.79393
31052.6,2.78939
31072.5,2.78486
31092.4,2.78032
31112.3,2.77578
31132.2,2.77124
31152.1,2.7667
31172,2.76217
31191.9,2.75763
31211.8,2.75309
31231.7,2.74855
31251.7,2.74401
31271.6,2.73948
31291.5,2.73494
31311.4,2.7304
31331.3,2.72586
31351.2,2.72154
31371.1,2.71738
31391,2.71322
31410.9,2.70906
31430.8,2.7049
31450.7,2.70074
31470.6,2.69658
31490.5,2.69242
31510.4,2.68826
31530.3,2.6841
31550.2,2.67994
31570.1,2.67578
31590,2.67162
31609.9,2.66746
31629.8,2.6633
31649.7,2.65914
31669.6,2.65499
31689.5,2.65083
31709.4,2.64667
31729.3,2.64251
31749.2,2.63835
31769.2,2.63419
31789.1,2.63003
31809,2.62587
31828.9,2.62171
31848.8,2.61755
31868.7,2.61339
31888.6,2.60923
31908.5,2.60507
31928.4,2.60091
31948.3,2.59675
31968.2,2.59269
31988.1,2.58876
32008,2.58483
32027.9,2.58091
32047.8,2.57698
32067.7,2.57305
32087.6,2.56913
32107.5,2.5652
32127.4,2.56127
32147.3,2.55734
32167.2,2.55342
32187.1,2.54949
32207,2.54556
32226.9,2.54163
32246.8,2.53771
32266.8,2.53378
32286.7,2.52985
32306.6,2.52592
32326.5,2.522
32346.4,2.51807
32366.3,2.51414
32386.2,2.51022
32406.1,2.50629
32426,2.50236
32445.9,2.49843
32465.8,2.49451
32485.7,2.49058
32505.6,2.48665
32525.5,2.48273
32545.4,2.4788
32565.3,2.47487
32585.2,2.47103
32605.1,2.46745
32625,2.46388
32644.9,2.4603
32664.8,2.45672
32684.7,2.45314
32704.6,2.44956
32724.5,2.44598
32744.4,2.4424
32764.4,2.43882
32784.3,2.43524
32804.2,2.43166
32824.1,2.42808
32844,2.4245
32863.9,2.42092
32883.8,2.41734
32903.7,2.41376
32923.6,2.41018
32943.5,2.4066
32963.4,2.40302
32983.3,2.39944
33003.2,2.39586
33023.1,2.39228
33043,2.3887
33062.9,2.38512
33082.8,2.38154
33102.7,2.37796
33122.6,2.37438
33142.5,2.3708
33162.4,2.36722
33182.3,2.36364
33202.2,2.36006
33222.1,2.35651
33242,2.35319
33262,2.34987
33281.9,2.34655
33301.8,2.34323
33321.7,2.33991
33341.6,2.33658
33361.5,2.33326
33381.4,2.32994
33401.3,2.32662
33421.2,2.3233
33441.1,2.31998
33461,2.31665
33480.9,2.31333
33500.8,2.31001
33520.7,2.30669
33540.6,2.30337
33560.5,2.30005
33580.4,2.29672
33600.3,2.2934
33620.2,2.29008
33640.1,2.28676
33660,2.28344
33679.9,2.28012
33699.8,2.27679
33719.7,2.27347
33739.6,2.27015
33759.6,2.26683
33779.5,2.26351
33799.4,2.26019
33819.3,2.25687
33839.2,2.25354
33859.1,2.25022
33879,2.247
33898.9,2.24392
33918.8,2.24083
33938.7,2.23774
33958.6,2.23465
33978.5,2.23156
33998.4,2.22847
34018.3,2.22538
34038.2,2.22229
34058.1,2.2192
34078,2.21611
34097.9,2.21302
34117.8,2.20993
34137.7,2.20684
34157.6,2.20375
34177.5,2.20066
34197.4,2.19757
34217.3,2.19448
34237.2,2.19139
34257.2,2.1883
34277.1,2.18521
34297,2.18212
34316.9,2.17904
34336.8,2.17595
34356.7,2.17286
34376.6,2.16977
34396.5,2.16668
34416.4,2.16359
34436.3,2.1605
34456.2,2.15741
34476.1,2.15432
34496,2.15123
34515.9,2.14814
34535.8,2.14512
34555.7,2.14228
34575.6,2.13944
34595.5,2.1366
34615.4,2.13376
34635.3,2.13092
34655.2,2.12808
34675.1,2.12524
34695,2.1224
34714.9,2.11956
34734.8,2.11672
34754.8,2.11388
34774.7,2.11104
34794.6,2.1082
34814.5,2.10536
34834.4,2.10252
34854.3,2.09968
34874.2,2.09684
34894.1,2.094
34914,2.09116
34933.9,2.08833
34953.8,2.08549
34973.7,2.08265
34993.6,2.0798
35013.5,2.07697
35033.4,2.07413
35053.3,2.07129
35073.2,2.06845
35093.1,2.06561
35113,2.06277
35132.9,2.05993
35152.8,2.05709
35172.7,2.05425
35192.6,2.05141
35212.5,2.04859
35232.4,2.04593
35252.4,2.04326
35272.3,2.0406
35292.2,2.03793
35312.1,2.03527
35332,2.03261
35351.9,2.02994
35371.8,2.02728
35391.7,2.02462
35411.6,2.02195
35431.5,2.01929
35451.4,2.01663
35471.3,2.01396
35491.2,2.0113
35511.1,2.00864
35531,2.00597
35550.9,2.00331
35570.8,2.00065
35590.7,1.99798
35610.6,1.99532
35630.5,1.99265
35650.4,1.98999
35670.3,1.98733
35690.2,1.98466
35710.1,1.982
35730,1.97934
35749.9,1.97667
35769.9,1.97401
35789.8,1.97135
35809.7,1.96868
35829.6,1.96602
35849.5,1.96336
35869.4,1.96069
35889.3,1.95803
35909.2,1.9556
35929.1,1.95319
35949,1.95077
35968.9,1.94836
35988.8,1.94594
36008.7,1.94353
36028.6,1.94111
36048.5,1.93869
36068.4,1.93628
36088.3,1.93386
36108.2,1.93145
36128.1,1.92903
36148,1.92661
36167.9,1.9242
36187.8,1.92178
36207.7,1.91937
36227.6,1.91695
36247.6,1.91454
36267.5,1.91212
36287.4,1.9097
36307.3,1.90729
36327.2,1.90487
36347.1,1.90246
36367,1.90004
36386.9,1.89762
36406.8,1.89521
36426.7,1.89279
36446.6,1.89038
36466.5,1.88796
36486.4,1.88555
36506.3,1.88313
36526.2,1.88071
36546.1,1.8783
36566,1.87588
36585.9,1.87347
36605.8,1.87109
36625.7,1.86881
36645.6,1.86653
36665.5,1.86425
36685.4,1.86197
36705.3,1.85969
36725.2,1.85741
36745.1,1.85513
36765.1,1.85284
36785,1.85056
36804.9,1.84828
36824.8,1.846
36844.7,1.84372
36864.6,1.84144
36884.5,1.83916
36904.4,1.83688
36924.3,1.8346
36944.2,1.83232
36964.1,1.83004
36984,1.82776
37003.9,1.82548
37023.8,1.8232
37043.7,1.82092
37063.6,1.81863
37083.5,1.81635
37103.4,1.81407
37123.3,1.81179
37143.2,1.80951
37163.1,1.80723
37183,1.80495
37202.9,1.80267
37222.8,1.80039
37242.7,1.79811
37262.7,1.79583
37282.6,1.79355
37302.5,1.79127
37322.4,1.78911
37342.3,1.78702
37362.2,1.78493
37382.1,1.78285
37402,1.78076
37421.9,1.77867
37441.8,1.77659
37461.7,1.7745
37481.6,1.77241
37501.5,1.77033
37521.4,1.76824
37541.3,1.76615
37561.2,1.76407
37581.1,1.76198
37601,1.75989
37620.9,1.7578
37640.8,1.75572
37660.7,1.75363
37680.6,1.75155
37700.5,1.74946
37720.4,1.74737
37740.3,1.74528
37760.3,1.7432
37780.2,1.74111
37800.1,1.73902
37820,1.73694
37839.9,1.73485
37859.8,1.73276
37879.7,1.73068
37899.6,1.72859
37919.5,1.7265
37939.4,1.72442
37959.3,1.72233
37979.2,1.72024
37999.1,1.71816
38019,1.71607
38038.9,1.71398
38058.8,1.71205
38078.7,1.71014
38098.6,1.70822
38118.5,1.7063
38138.4,1.70438
38158.3,1.70246
38178.2,1.70054
38198.1,1.69862
38218,1.6967
38237.9,1.69478
38257.9,1.69286
38277.8,1.69094
38297.7,1.68903
38317.6,1.68711
38337.5,1.68519
38357.4,1.68327
38377.3,1.68135
38397.2,1.67943
38417.1,1.67751
38437,1.67559
38456.9,1.67367
38476.8,1.67175
38496.7,1.66983
38516.6,1.66791
38536.5,1.666
38556.4,1.66408
38576.3,1.66216
38596.2,1.66024
38616.1,1.65832
38636,1.6564
38655.9,1.65448
38675.8,1.65256
38695.7,1.65064
38715.6,1.64872
38735.5,1.6468
38755.5,1.64488
38775.4,1.64297
38795.3,1.64108
38815.2,1.63927
38835.1,1.63746
38855,1.63565
38874.9,1.63385
38894.8,1.63204
38914.7,1.63023
38934.6,1.62843
38954.5,1.62662
38974.4,1.62481
38994.3,1.623
39014.2,1.6212
39034.1,1.61939
39054,1.61758
39073.9,1.61578
39093.8,1.61397
39113.7,1.61216
39133.6,1.61035
39153.5,1.60855
39173.4,1.60674
39193.3,1.60493
39213.2,1.60313
39233.1,1.60132
39253.1,1.59951
39273,1.5977
39292.9,1.5959
39312.8,1.59409
39332.7,1.59228
39352.6,1.59047
39372.5,1.58867
39392.4,1.58686
39412.3,1.58505
39432.2,1.58325
39452.1,1.58144
39472,1.57963
39491.9,1.57782
39511.8,1.57602
39531.7,1.57421
39551.6,1.57248
39571.5,1.57081
39591.4,1.56915
39611.3,1.56748
39631.2,1.56581
39651.1,1.56414
39671,1.56247
39690.9,1.5608
39710.8,1.55913
39730.7,1.55746
39750.6,1.5558
39770.6,1.55413
39790.5,1.55246
39810.4,1.55079
39830.3,1.54912
39850.2,1.54745
39870.1,1.54578
39890,1.54411
39909.9,1.54244
39929.8,1.54078
39949.7,1.53911
39969.6,1.53744
39989.5,1.53577
40009.4,1.53413
40029.3,1.53252
40049.2,1.5309
40069.1,1.52929
40089,1.52768
40108.9,1.52607
40128.8,1.52446
40148.7,1.52285
40168.6,1.52123
40188.5,1.51962
40208.4,1.51801
40228.3,1.5164
40248.3,1.51479
40268.2,1.51317
40288.1,1.51156
40308,1.50995
40327.9,1.50837
40347.8,1.50684
40367.7,1.5053
40387.6,1.50377
40407.5,1.50224
40427.4,1.5007
40447.3,1.49917
40467.2,1.49764
40487.1,1.4961
40507,1.49457
40526.9,1.49303
40546.8,1.4915
40566.7,1.48997
40586.6,1.48843
40606.5,1.4869
40626.4,1.48537
40646.3,1.48383
40666.2,1.4823
40686.1,1.48077
40706,1.47923
40725.9,1.4777
40745.9,1.47617
40765.8,1.47463
40785.7,1.4731
40805.6,1.47157
40825.5,1.47003
40845.4,1.4685
40865.3,1.46697
40885.2,1.46543
40905.1,1.4639
40925,1.46237
40944.9,1.46083
40964.8,1.4593
40984.7,1.45776
41004.6,1.45623
41024.5,1.4547
41044.4,1.45316
41064.3,1.45163
41084.2,1.4501
41104.1,1.44856
41124,1.44711
41143.9,1.44568
41163.8,1.44426
41183.7,1.44283
41203.6,1.44141
41223.5,1.43999
41243.4,1.43856
41263.4,1.43714
41283.3,1.43571
41303.2,1.43429
41323.1,1.43286
41343,1.43144
41362.9,1.43001
41382.8,1.42859
41402.7,1.42717
41422.6,1.42574
41442.5,1.42432
41462.4,1.42289
41482.3,1.42147
41502.2,1.42004
41522.1,1.41862
41542,1.4172
41561.9,1.41577
41581.8,1.41435
41601.7,1.41292
41621.6,1.4115
41641.5,1.41007
41661.4,1.40865
41681.3,1.40722
41701.2,1.4058
41721.1,1.40438
41741,1.40295
41760.9,1.40153
41780.9,1.4001
41800.8,1.39868
41820.7,1.39725
41840.6,1.39583
41860.5,1.39441
41880.4,1.39298
41900.3,1.39156
41920.2,1.39019
41940.1,1.38887
41960,1.38755
41979.9,1.38624
41999.8,1.38492
42019.7,1.38361
42039.6,1.38229
42059.5,1.38097
42079.4,1.37966
42099.3,1.37834
42119.2,1.37702
42139.1,1.37571
42159,1.37439
42178.9,1.37307
42198.8,1.37176
42218.7,1.37044
42238.6,1.36912
42258.6,1.36781
42278.5,1.36649
42298.4,1.36517
42318.3,1.36386
42338.2,1.36254
42358.1,1.36123
42378,1.35991
42397.9,1.35859
42417.8,1.35728
42437.7,1.35596
42457.6,1.35464
42477.5,1.35333
42497.4,1.35201
42517.3,1.35069
42537.2,1.34938
42557.1,1.34806
42577,1.34674
42596.9,1.34543
42616.8,1.34411
42636.7,1.34279
42656.6,1.34148
42676.5,1.34016
42696.4,1.33884
42716.3,1.33753
42736.3,1.33624
42756.2,1.33501
42776.1,1.33378
42796,1.33255
42815.9,1.33133
42835.8,1.3301
42855.7,1.32887
42875.6,1.32764
42895.5,1.32641
42915.4,1.32518
42935.3,1.32396
42955.2,1.32273
42975.1,1.3215
42995,1.32027
43014.9,1.31904
43034.8,1.31781
43054.7,1.31659
43074.6,1.31536
43094.5,1.31413
43114.4,1.3129
43134.3,1.31167
43154.2,1.31044
43174.1,1.30922
43194,1.30799
43213.9,1.30676
43233.8,1.30553
43253.8,1.3043
43273.7,1.30307
43293.6,1.30184
43313.5,1.30062
43333.4,1.29939
43353.3,1.29816
43373.2,1.29693
43393.1,1.2957
43413,1.29447
43432.9,1.29325
43452.8,1.29202
43472.7,1.29079
43492.6,1.28956
43512.5,1.28833
43532.4,1.2871
43552.3,1.28588
43572.2,1.28471
43592.1,1.28358
43612,1.28245
43631.9,1.28132
43651.8,1.28019
43671.7,1.27906
43691.6,1.27793
43711.5,1.2768
43731.4,1.27567
43751.3,1.27454
43771.3,1.27341
43791.2,1.27228
43811.1,1.27115
43831,1.27002
43850.9,1.26889
43870.8,1.26776
43890.7,1.26663
43910.6,1.2655
43930.5,1.26437
43950.4,1.26324
43970.3,1.26211
43990.2,1.26098
44010.1,1.25985
44030,1.25872
44049.9,1.25759
44069.8,1.25647
44089.7,1.25534
44109.6,1.25421
44129.5,1.25308
44149.4,1.25195
44169.3,1.25082
44189.2,1.24969
44209.1,1.24856
44229,1.24743
44248.9,1.2463
44268.9,1.24517
44288.8,1.24404
44308.7,1.24291
44328.6,1.24178
44348.5,1.24065
44368.4,1.23952
44388.3,1.23839
44408.2,1.23726
44428.1,1.23616
44448,1.23512
44467.9,1.23407
44487.8,1.23303
44507.7,1.23198
44527.6,1.23093
44547.5,1.22989
44567.4,1.22884
44587.3,1.2278
44607.2,1.22675
44627.1,1.2257
44647,1.22466
44666.9,1.22361
44686.8,1.22257
44706.7,1.22152
44726.6,1.22047
44746.6,1.21943
44766.5,1.21838
44786.4,1.21734
44806.3,1.21629
44826.2,1.21524
44846.1,1.2142
44866,1.21315
44885.9,1.21211
44905.8,1.21106
44925.7,1.21001
44945.6,1.20897
44965.5,1.20792
44985.4,1.20687
45005.3,1.20583
45025.2,1.20478
45045.1,1.20374
45065,1.20269
45084.9,1.20164
45104.8,1.2006
45124.7,1.19955
45144.6,1.19851
45164.5,1.19746
45184.4,1.19641
45204.3,1.19537
45224.2,1.19432
45244.1,1.19328
45264.1,1.19223
45284,1.1912
45303.9,1.19023
45323.8,1.18926
45343.7,1.18829
45363.6,1.18732
45383.5,1.18635
45403.4,1.18538
45423.3,1.18441
45443.2,1.18344
45463.1,1.18247
45483,1.1815
45502.9,1.18053
45522.8,1.17955
45542.7,1.17858
45562.6,1.17761
45582.5,1.17664
45602.4,1.17567
45622.3,1.1747
45642.2,1.17373
45662.1,1.17276
45682,1.17179
45701.9,1.17082
45721.8,1.16985
45741.7,1.16888
45761.7,1.16791
45781.6,1.16694
45801.5,1.16597
45821.4,1.165
45841.3,1.16403
45861.2,1.16306
45881.1,1.16209
45901,1.16112
45920.9,1.16015
45940.8,1.15918
45960.7,1.15821
45980.6,1.15724
46000.5,1.15627
46020.4,1.1553
46040.3,1.15433
46060.2,1.15336
46080.1,1.15238
46100,1.15141
46119.9,1.15044
46139.8,1.14947
46159.7,1.1485
46179.6,1.14756
46199.5,1.14666
46219.4,1.14575
46239.3,1.14485
46259.3,1.14394
46279.2,1.14303
46299.1,1.14213
46319,1.14122
46338.9,1.14031
46358.8,1.13941
46378.7,1.1385
46398.6,1.1376
46418.5,1.13669
46438.4,1.13578
46458.3,1.13488
46478.2,1.13397
46498.1,1.13306
46518,1.13216
46537.9,1.13125
46557.8,1.13035
46577.7,1.12944
46597.6,1.12853
46617.5,1.12763
46637.4,1.12672
46657.3,1.12581
46677.2,1.12491
46697.1,1.124
46717,1.1231
46736.9,1.12219
46756.9,1.12128
46776.8,1.12038
46796.7,1.11947
46816.6,1.11856
46836.5,1.11766
46856.4,1.11675
46876.3,1.11584
46896.2,1.11494
46916.1,1.11403
46936,1.11313
46955.9,1.11222
46975.8,1.11131
46995.7,1.11041
47015.6,1.1095
47035.5,1.10859
47055.4,1.10769
47075.3,1.1068
47095.2,1.10597
47115.1,1.10513
47135,1.1043
47154.9,1.10346
47174.8,1.10263
47194.7,1.1018
47214.6,1.10096
47234.5,1.10013
47254.5,1.09929
47274.4,1.09846
47294.3,1.09762
47314.2,1.09679
47334.1,1.09595
47354,1.09512
47373.9,1.09429
47393.8,1.09345
47413.7,1.09262
47433.6,1.09178
47453.5,1.09095
47473.4,1.09011
47493.3,1.08928
47513.2,1.08844
47533.1,1.08761
47553,1.08678
47572.9,1.08594
47592.8,1.08511
47612.7,1.08427
47632.6,1.08344
47652.5,1.0826
47672.4,1.08177
47692.3,1.08093
47712.2,1.0801
47732.1,1.07927
47752.1,1.07843
47772,1.0776
47791.9,1.07676
47811.8,1.07593
47831.7,1.07509
47851.6,1.07426
47871.5,1.07342
47891.4,1.07259
47911.3,1.07176
47931.2,1.07092
47951.1,1.07009
47971,1.06925
47990.9,1.06842
48010.8,1.06766
48030.7,1.06689
48050.6,1.06612
48070.5,1.06536
48090.4,1.06459
48110.3,1.06383
48130.2,1.06306
48150.1,1.0623
48170,1.06153
48189.9,1.06077
48209.8,1.06
48229.7,1.05923
48249.6,1.05847
48269.6,1.0577
48289.5,1.05694
48309.4,1.05617
48329.3,1.05541
48349.2,1.05464
48369.1,1.05387
48389,1.05311
48408.9,1.05234
48428.8,1.05158
48448.7,1.05081
48468.6,1.05005
48488.5,1.04928
48508.4,1.04852
48528.3,1.04775
48548.2,1.04698
48568.1,1.04622
48588,1.04545
48607.9,1.04469
48627.8,1.04392
48647.7,1.04316
48667.6,1.04239
48687.5,1.04163
48707.4,1.04086
48727.3,1.04009
48747.3,1.03933
48767.2,1.03856
48787.1,1.0378
48807,1.03703
48826.9,1.03627
48846.8,1.0355
48866.7,1.03473
48886.6,1.03397
48906.5,1.0332
48926.4,1.03244
48946.3,1.03172
48966.2,1.031
48986.1,1.03029
49006,1.02958
49025.9,1.02887
49045.8,1.02815
49065.7,1.02744
49085.6,1.02673
49105.5,1.02602
49125.4,1.02531
49145.3,1.02459
49165.2,1.02388
49185.1,1.02317
49205,1.02246
49224.9,1.02175
49244.8,1.02103
49264.8,1.02032
49284.7,1.01961
49304.6,1.0189
49324.5,1.01818
49344.4,1.01747
49364.3,1.01676
49384.2,1.01605
49404.1,1.01534
49424,1.01462
49443.9,1.01391
49463.8,1.0132
49483.7,1.01249
49503.6,1.01177
49523.5,1.01106
49543.4,1.01035
49563.3,1.00964
49583.2,1.00893
49603.1,1.00821
49623,1.0075
49642.9,1.00679
49662.8,1.00608
49682.7,1.00537
49702.6,1.00465
49722.5,1.00394
49742.4,1.00323
49762.4,1.00252
49782.3,1.0018
49802.2,1.00109
49822.1,1.00038
49842,0.999668
49861.9,0.998955
49881.8,0.998243
49901.7,0.997501
49921.6,0.996738
49941.5,0.995974
49961.4,0.995211
49981.3,0.994448
50001.2,0.993691
50021.1,0.993036
50041,0.99238
50060.9,0.991724
50080.8,0.991069
50100.7,0.990413
50120.6,0.989758
50140.5,0.989102
50160.4,0.988447
50180.3,0.987791
50200.2,0.987136
50220.1,0.98648
50240,0.985825
50260,0.985169
50279.9,0.984514
50299.8,0.983858
50319.7,0.983203
50339.6,0.982547
50359.5,0.981892
50379.4,0.981236
50399.3,0.980581
50419.2,0.979925
50439.1,0.97927
50459,0.978614
50478.9,0.977959
50498.8,0.977303
50518.7,0.976647
50538.6,0.975992
50558.5,0.975336
50578.4,0.974681
50598.3,0.974025
50618.2,0.97337
50638.1,0.972714
50658,0.972059
50677.9,0.971403
50697.8,0.970748
50717.7,0.970092
50737.6,0.969437
50757.6,0.968781
50777.5,0.968126
50797.4,0.96747
50817.3,0.966815
50837.2,0.966159
50857.1,0.965504
50877,0.964885
50896.9,0.964274
50916.8,0.963662
50936.7,0.96305
50956.6,0.962439
50976.5,0.961827
50996.4,0.961215
51016.3,0.960603
51036.2,0.959992
51056.1,0.95938
51076,0.958768
51095.9,0.958156
51115.8,0.957545
51135.7,0.956933
51155.6,0.956321
51175.5,0.95571
51195.4,0.955098
51215.3,0.954486
51235.3,0.953874
51255.2,0.953263
51275.1,0.952651
51295,0.952039
51314.9,0.951427
51334.8,0.950816
51354.7,0.950204
51374.6,0.949592
51394.5,0.94898
51414.4,0.948369
51434.3,0.947757
51454.2,0.947145
51474.1,0.946534
51494,0.945922
51513.9,0.94531
51533.8,0.944698
51553.7,0.944087
51573.6,0.943475
51593.5,0.942863
51613.4,0.942252
51633.3,0.94164
51653.2,0.941028
51673.1,0.940416
51693,0.939805
51712.9,0.939193
51732.8,0.938581
51752.8,0.937969
51772.7,0.937358
51792.6,0.936746
51812.5,0.936134
51832.4,0.935522
51852.3,0.934911
51872.2,0.934317
51892.1,0.933735
51912,0.933153
51931.9,0.932572
51951.8,0.931989
51971.7,0.931408
51991.6,0.930826
52011.5,0.930244
52031.4,0.929662
52051.3,0.92908
52071.2,0.928498
52091.1,0.927916
52111,0.927334
52130.9,0.926752
52150.8,0.92617
52170.7,0.925588
52190.6,0.925007
52210.5,0.924425
52230.4,0.923843
52250.3,0.923261
52270.3,0.922679
52290.2,0.922097
52310.1,0.921515
52330,0.920933
52349.9,0.920351
52369.8,0.919769
52389.7,0.919187
52409.6,0.918606
52429.5,0.918023
52449.4,0.917442
52469.3,0.91686
52489.2,0.916278
52509.1,0.915696
52529,0.915114
52548.9,0.914532
52568.8,0.91395
52588.7,0.913368
52608.6,0.912786
52628.5,0.912204
52648.4,0.911622
52668.3,0.91104
52688.2,0.910459
52708.1,0.909877
52728,0.909295
52747.9,0.908713
52767.9,0.908131
52787.8,0.907549
52807.7,0.906967
52827.6,0.906385
52847.5,0.905803
52867.4,0.905221
52887.3,0.904694
52907.2,0.904175
52927.1,0.903656
52947,0.903137
52966.9,0.902618
52986.8,0.902099
53006.7,0.90158
53026.6,0.901061
53046.5,0.900542
53066.4,0.900023
53086.3,0.899504
53106.2,0.898985
53126.1,0.898466
53146,0.897947
53165.9,0.897428
53185.8,0.896909
53205.7,0.89639
53225.6,0.895871
53245.5,0.895352
53265.4,0.894833
53285.4,0.894314
53305.3,0.893795
53325.2,0.893276
53345.1,0.892757
53365,0.892238
53384.9,0.891719
53404.8,0.8912
53424.7,0.890681
53444.6,0.890162
53464.5,0.889643
53484.4,0.889124
53504.3,0.888605
53524.2,0.888086
53544.1,0.887567
53564,0.887048
53583.9,0.886529
53603.8,0.88601
53623.7,0.885491
53643.6,0.884972
53663.5,0.884453
53683.4,0.883934
53703.3,0.883415
53723.2,0.882896
53743.1,0.882377
53763.1,0.881858
53783,0.881339
53802.9,0.88082
53822.8,0.880301
53842.7,0.879782
53862.6,0.879263
53882.5,0.878744
53902.4,0.878225
53922.3,0.877723
53942.2,0.877232
53962.1,0.876741
53982,0.87625
54001.9,0.875758
54021.8,0.875267
54041.7,0.874776
54061.6,0.874285
54081.5,0.873794
54101.4,0.873302
54121.3,0.872811
54141.2,0.87232
54161.1,0.871829
54181,0.871337
54200.9,0.870846
54220.8,0.870355
54240.8,0.869864
54260.7,0.869373
54280.6,0.868881
54300.5,0.86839
54320.4,0.867899
54340.3,0.867408
54360.2,0.866916
54380.1,0.866425
54400,0.865934
54419.9,0.865443
54439.8,0.864952
54459.7,0.864461
54479.6,0.863969
54499.5,0.863478
54519.4,0.862987
54539.3,0.862496
54559.2,0.862004
54579.1,0.861513
54599,0.861022
54618.9,0.860531
54638.8,0.86004
54658.7,0.859548
54678.6,0.859057
54698.5,0.858566
54718.4,0.858075
54738.3,0.857584
54758.3,0.857092
54778.2,0.856601
54798.1,0.85611
54818,0.855619
54837.9,0.855128
54857.8,0.854636
54877.7,0.854145
54897.6,0.853654
54917.5,0.853163
54937.4,0.852672
54957.3,0.85218
54977.2,0.851716
54997.1,0.851257
55017,0.850797
55036.9,0.850337
55056.8,0.849878
55076.7,0.849418
55096.6,0.848959
55116.5,0.848499
55136.4,0.84804
55156.3,0.84758
55176.2,0.84712
55196.1,0.846661
55216,0.846201
55235.9,0.845741
55255.9,0.845282
55275.8,0.844822
55295.7,0.844363
55315.6,0.843903
55335.5,0.843443
55355.4,0.842984
55375.3,0.842524
55395.2,0.842065
55415.1,0.841605
55435,0.841145
55454.9,0.840686
55474.8,0.840226
55494.7,0.839767
55514.6,0.839307
55534.5,0.838847
55554.4,0.838388
55574.3,0.837928
55594.2,0.837468
55614.1,0.837009
55634,0.836549
55653.9,0.83609
55673.8,0.83563
55693.7,0.83517
55713.6,0.834711
55733.6,0.834251
55753.5,0.833792
55773.4,0.833332
55793.3,0.832872
55813.2,0.832413
55833.1,0.831953
55853,0.831494
55872.9,0.831034
55892.8,0.830574
55912.7,0.830115
55932.6,0.829655
55952.5,0.829195
55972.4,0.828736
55992.3,0.828276
56012.2,0.827817
56032.1,0.827361
56052,0.826936
56071.9,0.82651
56091.8,0.826085
56111.7,0.82566
56131.6,0.825234
56151.5,0.824809
56171.4,0.824384
56191.3,0.823959
56211.2,0.823533
56231.1,0.823108
56251,0.822683
56271,0.822257
56290.9,0.821832
56310.8,0.821407
56330.7,0.820982
56350.6,0.820557
56370.5,0.820131
56390.4,0.819706
56410.3,0.819281
56430.2,0.818855
56450.1,0.81843
56470,0.818005
56489.9,0.81758
56509.8,0.817154
56529.7,0.816729
56549.6,0.816304
56569.5,0.815879
56589.4,0.815453
56609.3,0.815028
56629.2,0.814603
56649.1,0.814177
56669,0.813752
56688.9,0.813327
56708.8,0.812902
56728.7,0.812476
56748.6,0.812051
56768.6,0.811626
56788.5,0.811201
56808.4,0.810775
56828.3,0.81035
56848.2,0.809925
56868.1,0.8095
56888,0.809074
56907.9,0.808649
56927.8,0.808224
56947.7,0.807799
56967.6,0.807373
56987.5,0.806948
57007.4,0.806523
57027.3,0.806098
57047.2,0.805672
57067.1,0.805247
57087,0.804822
57106.9,0.804397
57126.8,0.803971
57146.7,0.80357
57166.6,0.803174
57186.5,0.802778
57206.4,0.802382
57226.3,0.801985
57246.2,0.801589
57266.2,0.801193
57286.1,0.800797
57306,0.8004
57325.9,0.800004
57345.8,0.799608
57365.7,0.799212
57385.6,0.798815
57405.5,0.798419
57425.4,0.798023
57445.3,0.797627
57465.2,0.79723
57485.1,0.796834
57505,0.796438
57524.9,0.796041
57544.8,0.795645
57564.7,0.795249
57584.6,0.794853
57604.5,0.794456
57624.4,0.79406
57644.3,0.793664
57664.2,0.793268
57684.1,0.792871
57704,0.792475
57723.9,0.792079
57743.8,0.791683
57763.8,0.791287
57783.7,0.79089
57803.6,0.790494
57823.5,0.790098
57843.4,0.789701
57863.3,0.789305
57883.2,0.788909
57903.1,0.788513
57923,0.788116
57942.9,0.78772
57962.8,0.787324
57982.7,0.786928
58002.6,0.786531
58022.5,0.786135
58042.4,0.785739
58062.3,0.785343
58082.2,0.784946
58102.1,0.78455
58122,0.784154
58141.9,0.783758
58161.8,0.783361
58181.7,0.782965
58201.6,0.782569
58221.5,0.782173
58241.4,0.781776
58261.4,0.781396
58281.3,0.781028
58301.2,0.78066
58321.1,0.780291
58341,0.779923
58360.9,0.779555
58380.8,0.779187
58400.7,0.778818
58420.6,0.77845
58440.5,0.778082
58460.4,0.777714
58480.3,0.777345
58500.2,0.776977
58520.1,0.776609
58540,0.77624
58559.9,0.775872
58579.8,0.775504
58599.7,0.775136
58619.6,0.774767
58639.5,0.774399
58659.4,0.774031
58679.3,0.773663
58699.2,0.773294
58719.1,0.772926
58739.1,0.772558
58759,0.77219
58778.9,0.771821
58798.8,0.771453
58818.7,0.771085
58838.6,0.770717
58858.5,0.770348
58878.4,0.76998
58898.3,0.769612
58918.2,0.769244
58938.1,0.768875
58958,0.768507
58977.9,0.768139
58997.8,0.767771
59017.7,0.767402
59037.6,0.767034
59057.5,0.766666
59077.4,0.766298
59097.3,0.765929
59117.2,0.765561
59137.1,0.765193
59157,0.764825
59176.9,0.764456
59196.8,0.764088
59216.7,0.76372
59236.6,0.763352
59256.6,0.762983
59276.5,0.762615
59296.4,0.762247
59316.3,0.761879
59336.2,0.76151
59356.1,0.761142
59376,0.760774
59395.9,0.760415
59415.8,0.760081
59435.7,0.759747
59455.6,0.759413
59475.5,0.759078
59495.4,0.758744
59515.3,0.75841
59535.2,0.758076
59555.1,0.757741
59575,0.757407
59594.9,0.757073
59614.8,0.756738
59634.7,0.756404
59654.6,0.75607
59674.5,0.755736
59694.4,0.755401
59714.3,0.755067
59734.3,0.754733
59754.2,0.754398
59774.1,0.754064
59794,0.75373
59813.9,0.753396
59833.8,0.753061
59853.7,0.752727
59873.6,0.752393
59893.5,0.752059
59913.4,0.751724
59933.3,0.75139
59953.2,0.751056
59973.1,0.750721
59993,0.750387
60012.9,0.750043
60032.8,0.749694
60052.7,0.749346
60072.6,0.748997
60092.5,0.748648
60112.4,0.748299
60132.3,0.74795
60152.2,0.747601
60172.1,0.747252
60192,0.746903
60211.9,0.746554
60231.8,0.746205
60251.7,0.745856
60271.7,0.745507
60291.6,0.745158
60311.5,0.744809
60331.4,0.74446
60351.3,0.744112
60371.2,0.743763
60391.1,0.743414
60411,0.743065
60430.9,0.742716
60450.8,0.742367
60470.7,0.742018
60490.6,0.741669
60510.5,0.74132
60530.4,0.740971
60550.3,0.740623
60570.2,0.740308
60590.1,0.739992
60610,0.739677
60629.9,0.739362
60649.8,0.739047
60669.7,0.738732
60689.6,0.738417
60709.5,0.738102
60729.4,0.737787
60749.3,0.737472
60769.3,0.737157
60789.2,0.736841
60809.1,0.736526
60829,0.736211
60848.9,0.735896
60868.8,0.735581
60888.7,0.735266
60908.6,0.734951
60928.5,0.734636
60948.4,0.73432
60968.3,0.734005
60988.2,0.73369
61008.1,0.733375
61028,0.73306
61047.9,0.732745
61067.8,0.73243
61087.7,0.732115
61107.6,0.7318
61127.5,0.731484
61147.4,0.731169
61167.3,0.730854
61187.2,0.730539
61207.1,0.730224
61227,0.729909
61246.9,0.729594
61266.9,0.729279
61286.8,0.728963
61306.7,0.728648
61326.6,0.728333
61346.5,0.728018
61366.4,0.727703
61386.3,0.727388
61406.2,0.727073
61426.1,0.726758
61446,0.726443
61465.9,0.726128
61485.8,0.725812
61505.7,0.725497
61525.6,0.725182
61545.5,0.724867
61565.4,0.724552
61585.3,0.724237
61605.2,0.723922
61625.1,0.723607
61645,0.723291
61664.9,0.722976
61684.8,0.722661
61704.7,0.722346
61724.6,0.722031
61744.5,0.721736
61764.5,0.721449
61784.4,0.721161
61804.3,0.720874
61824.2,0.720586
61844.1,0.720299
61864,0.720011
61883.9,0.719724
61903.8,0.719436
61923.7,0.719149
61943.6,0.718861
61963.5,0.718574
61983.4,0.718286
62003.3,0.717999
62023.2,0.717711
62043.1,0.717424
62063,0.717136
62082.9,0.716849
62102.8,0.716561
62122.7,0.716274
62142.6,0.715987
62162.5,0.715699
62182.4,0.715412
62202.3,0.715124
62222.2,0.714837
62242.1,0.714549
62262.1,0.714262
62282,0.713974
62301.9,0.713687
62321.8,0.713399
62341.7,0.713112
62361.6,0.712824
62381.5,0.712537
62401.4,0.712249
62421.3,0.711962
62441.2,0.711674
62461.1,0.711387
62481,0.711099
62500.9,0.710812
62520.8,0.710524
62540.7,0.710237
62560.6,0.70995
62580.5,0.709662
62600.4,0.709375
62620.3,0.709087
62640.2,0.7088
62660.1,0.708512
62680,0.708225
62699.9,0.707937
62719.8,0.70765
62739.8,0.707362
62759.7,0.707075
62779.6,0.706787
62799.5,0.7065
62819.4,0.706212
62839.3,0.705925
62859.2,0.705637
62879.1,0.70535
62899,0.705062
62918.9,0.704775
62938.8,0.704488
62958.7,0.704214
62978.6,0.703941
62998.5,0.703668
63018.4,0.703394
63038.3,0.703121
63058.2,0.702848
63078.1,0.702575
63098,0.702302
63117.9,0.702029
63137.8,0.701756
63157.7,0.701483
63177.6,0.70121
63197.5,0.700937
63217.4,0.700664
63237.3,0.700391
63257.3,0.700118
63277.2,0.699845
63297.1,0.699572
63317,0.699299
63336.9,0.699026
63356.8,0.698753
63376.7,0.69848
63396.6,0.698206
63416.5,0.697933
63436.4,0.69766
63456.3,0.697387
63476.2,0.697114
63496.1,0.696841
63516,0.696568
63535.9,0.696295
63555.8,0.696022
63575.7,0.695749
63595.6,0.695476
63615.5,0.695203
63635.4,0.69493
63655.3,0.694657
63675.2,0.694384
63695.1,0.694111
63715,0.693838
63734.9,0.693565
63754.9,0.693292
63774.8,0.693019
63794.7,0.692746
63814.6,0.692472
63834.5,0.692199
63854.4,0.691926
63874.3,0.691653
63894.2,0.69138
63914.1,0.691107
63934,0.690834
63953.9,0.690561
63973.8,0.690288
63993.7,0.690015
64013.6,0.689742
64033.5,0.689469
64053.4,0.689196
64073.3,0.688923
64093.2,0.68865
64113.1,0.688377
64133,0.688104
64152.9,0.687831
64172.8,0.68756
64192.7,0.687301
64212.6,0.687041
64232.5,0.686782
64252.4,0.686523
64272.4,0.686264
64292.3,0.686005
64312.2,0.685746
64332.1,0.685487
64352,0.685228
64371.9,0.684969
64391.8,0.68471
64411.7,0.684451
64431.6,0.684191
64451.5,0.683932
64471.4,0.683673
64491.3,0.683414
64511.2,0.683155
64531.1,0.682896
64551,0.682637
64570.9,0.682378
64590.8,0.682119
64610.7,0.68186
64630.6,0.681601
64650.5,0.681342
64670.4,0.681082
64690.3,0.680823
64710.2,0.680564
64730.1,0.680305
64750,0.680046
64770,0.679787
64789.9,0.679528
64809.8,0.679269
64829.7,0.67901
64849.6,0.678751
64869.5,0.678492
64889.4,0.678233
64909.3,0.677973
64929.2,0.677714
64949.1,0.677455
64969,0.677196
64988.9,0.676937
65008.8,0.676678
65028.7,0.676419
65048.6,0.67616
65068.5,0.675901
65088.4,0.675642
65108.3,0.675383
65128.2,0.675124
65148.1,0.674864
65168,0.674605
65187.9,0.674346
65207.8,0.674087
65227.7,0.673828
65247.6,0.673569
65267.6,0.67331
65287.5,0.673051
65307.4,0.672792
65327.3,0.672533
65347.2,0.672274
65367.1,0.672014
65387,0.671755
65406.9,0.671496
65426.8,0.671246
65446.7,0.671011
65466.6,0.670777
65486.5,0.670543
65506.4,0.670309
65526.3,0.670074
65546.2,0.66984
65566.1,0.669606
65586,0.669372
65605.9,0.669137
65625.8,0.668903
65645.7,0.668669
65665.6,0.668434
65685.5,0.6682
65705.4,0.667966
65725.3,0.667732
65745.3,0.667497
65765.2,0.667263
65785.1,0.667029
65805,0.666795
65824.9,0.66656
65844.8,0.666326
65864.7,0.666092
65884.6,0.665857
65904.5,0.665623
65924.4,0.665389
65944.3,0.665155
65964.2,0.66492
65984.1,0.664686
66004,0.664452
66023.9,0.664218
66043.8,0.663983
66063.7,0.663749
66083.6,0.663515
66103.5,0.66328
66123.4,0.663046
66143.3,0.662812
66163.2,0.662578
66183.1,0.662343
66203,0.662109
66222.9,0.661875
66242.9,0.661641
66262.8,0.661406
66282.7,0.661172
66302.6,0.660938
66322.5,0.660704
66342.4,0.660469
66362.3,0.660235
66382.2,0.660001
66402.1,0.659766
66422,0.659532
66441.9,0.659298
66461.8,0.659064
66481.7,0.658829
66501.6,0.658595
66521.5,0.658361
66541.4,0.658126
66561.3,0.657892
66581.2,0.657658
66601.1,0.657424
66621,0.657189
66640.9,0.656955
66660.8,0.656721
66680.7,0.656487
66700.6,0.656253
66720.5,0.656033
66740.5,0.655813
66760.4,0.655594
66780.3,0.655374
66800.2,0.655154
66820.1,0.654934
66840,0.654715
66859.9,0.654495
66879.8,0.654275
66899.7,0.654055
66919.6,0.653836
66939.5,0.653616
66959.4,0.653396
66979.3,0.653176
66999.2,0.652957
67019.1,0.652737
67039,0.652517
67058.9,0.652297
67078.8,0.652078
67098.7,0.651858
67118.6,0.651638
67138.5,0.651418
67158.4,0.651199
67178.3,0.650979
67198.2,0.650759
67218.1,0.650539
67238,0.65032
67258,0.6501
67277.9,0.64988
67297.8,0.64966
67317.7,0.649441
67337.6,0.649221
67357.5,0.649001
67377.4,0.648781
67397.3,0.648562
67417.2,0.648342
67437.1,0.648122
67457,0.647902
67476.9,0.647683
67496.8,0.647463
67516.7,0.647243
67536.6,0.647023
67556.5,0.646804
67576.4,0.646584
67596.3,0.646364
67616.2,0.646144
67636.1,0.645925
67656,0.645705
67675.9,0.645485
67695.8,0.645265
67715.7,0.645046
67735.6,0.644826
67755.6,0.644606
67775.5,0.644386
67795.4,0.644167
67815.3,0.643947
67835.2,0.643727
67855.1,0.643507
67875,0.643288
67894.9,0.643068
67914.8,0.642848
67934.7,0.642628
67954.6,0.642409
67974.5,0.642189
67994.4,0.641969
68014.3,0.641752
68034.2,0.641545
68054.1,0.641337
68074,0.64113
68093.9,0.640922
68113.8,0.640715
68133.7,0.640508
68153.6,0.6403
68173.5,0.640093
68193.4,0.639885
68213.3,0.639678
68233.2,0.63947
68253.1,0.639263
68273.1,0.639055
68293,0.638848
68312.9,0.638641
68332.8,0.638433
68352.7,0.638226
68372.6,0.638018
68392.5,0.637811
68412.4,0.637604
68432.3,0.637396
68452.2,0.637189
68472.1,0.636981
68492,0.636774
68511.9,0.636566
68531.8,0.636359
68551.7,0.636151
68571.6,0.635944
68591.5,0.635737
68611.4,0.635529
68631.3,0.635322
68651.2,0.635114
68671.1,0.634907
68691,0.6347
68710.9,0.634492
68730.8,0.634285
68750.8,0.634077
68770.6,0.63387
68790.6,0.633662
68810.5,0.633455
68830.4,0.633248
68850.3,0.63304
68870.2,0.632833
68890.1,0.632625
68910,0.632418
68929.9,0.63221
68949.8,0.632003
68969.7,0.631796
68989.6,0.631588
69009.5,0.631381
69029.4,0.631173
69049.3,0.630966
69069.2,0.630758
69089.1,0.630551
69109,0.630344
69128.9,0.630136
69148.8,0.629929
69168.7,0.629721
69188.6,0.629514
69208.5,0.629306
69228.4,0.629099
69248.4,0.628892
69268.3,0.628684
69288.2,0.628477
69308.1,0.628269
69328,0.628062
69347.9,0.627859
69367.8,0.627664
69387.7,0.627468
69407.6,0.627273
69427.5,0.627077
69447.4,0.626882
69467.3,0.626686
69487.2,0.626491
69507.1,0.626295
69527,0.6261
69546.9,0.625905
69566.8,0.625709
69586.7,0.625514
69606.6,0.625318
69626.5,0.625123
69646.4,0.624927
69666.3,0.624732
69686.2,0.624536
69706.1,0.624341
69726,0.624145
69745.9,0.62395
69765.9,0.623754
69785.8,0.623559
69805.7,0.623363
69825.6,0.623168
69845.5,0.622972
69865.4,0.622777
69885.3,0.622582
69905.2,0.622386
69925.1,0.622191
69945,0.621995
69964.9,0.6218
69984.8,0.621604
70004.7,0.621409
70024.6,0.621213
70044.5,0.621018
70064.4,0.620822
70084.3,0.620627
70104.2,0.620431
70124.1,0.620236
70144,0.62004
70163.9,0.619845
70183.8,0.61965
70203.7,0.619454
70223.6,0.619259
70243.5,0.619063
70263.5,0.618868
70283.4,0.618672
70303.3,0.618477
70323.2,0.618281
70343.1,0.618086
70363,0.61789
70382.9,0.617695
70402.8,0.617499
70422.7,0.617304
70442.6,0.617108
70462.5,0.616913
70482.4,0.616717
70502.3,0.616522
70522.2,0.616327
70542.1,0.616131
70562,0.615936
70581.9,0.61574
70601.8,0.615545
70621.7,0.615349
70641.6,0.615154
70661.5,0.614958
70681.4,0.614763
70701.3,0.614577
70721.3,0.614398
70741.1,0.614219
70761.1,0.614039
70781,0.613861
70800.9,0.613681
70820.8,0.613502
70840.7,0.613323
70860.6,0.613144
70880.5,0.612965
70900.4,0.612786
70920.3,0.612607
70940.2,0.612428
70960.1,0.612249
70980,0.61207
70999.9,0.611891
71019.8,0.611712
71039.7,0.611533
71059.6,0.611354
71079.5,0.611175
71099.4,0.610996
71119.3,0.610817
71139.2,0.610638
71159.1,0.610458
71179,0.61028
71198.9,0.6101
71218.8,0.609921
71238.8,0.609742
71258.7,0.609563
71278.6,0.609384
71298.5,0.609205
71318.4,0.609026
71338.3,0.608847
71358.2,0.608668
71378.1,0.608489
71398,0.60831
71417.9,0.608131
71437.8,0.607952
71457.7,0.607773
71477.6,0.607594
71497.5,0.607415
71517.4,0.607236
71537.3,0.607057
71557.2,0.606878
71577.1,0.606698
71597,0.606519
71616.9,0.60634
71636.8,0.606161
71656.7,0.605982
71676.6,0.605803
71696.5,0.605624
71716.4,0.605445
71736.4,0.605266
71756.3,0.605087
71776.2,0.604908
71796.1,0.604729
71816,0.60455
71835.9,0.604371
71855.8,0.604192
71875.7,0.604013
71895.6,0.603834
71915.5,0.603655
71935.4,0.603476
71955.3,0.603297
71975.2,0.603117
71995.1,0.602938
72015,0.602759
72034.9,0.60258
72054.8,0.602401
72074.7,0.602225
72094.6,0.602058
72114.5,0.601892
72134.4,0.601725
72154.3,0.601558
72174.2,0.601391
72194.1,0.601225
72214,0.601058
72233.9,0.600891
72253.9,0.600724
72273.8,0.600558
72293.7,0.600391
72313.6,0.600224
72333.5,0.600058
72353.4,0.599891
72373.3,0.599724
72393.2,0.599557
72413.1,0.599391
72433,0.599224
72452.9,0.599057
72472.8,0.59889
72492.7,0.598724
72512.6,0.598557
72532.5,0.59839
72552.4,0.598224
72572.3,0.598057
72592.2,0.59789
72612.1,0.597723
72632,0.597556
72651.9,0.59739
72671.8,0.597223
72691.7,0.597056
72711.6,0.59689
72731.5,0.596723
72751.4,0.596556
72771.4,0.596389
72791.3,0.596223
72811.2,0.596056
72831.1,0.595889
72851,0.595722
72870.9,0.595556
72890.8,0.595389
72910.7,0.595222
72930.6,0.595056
72950.5,0.594889
72970.4,0.594722
72990.3,0.594555
73010.2,0.594389
73030.1,0.594222
73050,0.594055
73069.9,0.593888
73089.8,0.593722
73109.7,0.593555
73129.6,0.593388
73149.5,0.593221
73169.4,0.593055
73189.3,0.592888
73209.2,0.592721
73229.1,0.592555
73249,0.592388
73269,0.592221
73288.9,0.592054
73308.8,0.591888
73328.7,0.591721
73348.6,0.591554
73368.5,0.591387
73388.4,0.591221
73408.3,0.591054
73428.2,0.590887
73448.1,0.59072
73468,0.590554
73487.9,0.590391
73507.8,0.590236
73527.7,0.59008
73547.6,0.589924
73567.5,0.589768
73587.4,0.589613
73607.3,0.589457
73627.2,0.589301
73647.1,0.589145
73667,0.588989
73686.9,0.588834
73706.8,0.588678
73726.7,0.588522
73746.6,0.588366
73766.6,0.588211
73786.5,0.588055
73806.4,0.587899
73826.3,0.587743
73846.2,0.587588
73866.1,0.587432
73886,0.587276
73905.9,0.58712
73925.8,0.586965
73945.7,0.586809
73965.6,0.586653
73985.5,0.586497
74005.4,0.586341
74025.3,0.586186
74045.2,0.58603
74065.1,0.585874
74085,0.585718
74104.9,0.585563
74124.8,0.585407
74144.7,0.585251
74164.6,0.585095
74184.5,0.58494
74204.4,0.584784
74224.3,0.584628
74244.3,0.584472
74264.2,0.584317
74284.1,0.584161
74304,0.584005
74323.9,0.583849
74343.8,0.583693
74363.7,0.583538
74383.6,0.583382
74403.5,0.583226
74423.4,0.58307
74443.3,0.582915
74463.2,0.582759
74483.1,0.582603
74503,0.582447
74522.9,0.582292
74542.8,0.582136
74562.7,0.58198
74582.6,0.581824
74602.5,0.581668
74622.4,0.581513
74642.3,0.581357
74662.2,0.581201
74682.1,0.581046
74702,0.58089
74721.9,0.580734
74741.9,0.580578
74761.8,0.580422
74781.7,0.580267
74801.6,0.580111
74821.5,0.579955
74841.4,0.579799
74861.3,0.579644
74881.2,0.579488
74901.1,0.579332
74921,0.579177
74940.9,0.579031
74960.8,0.578884
74980.7,0.578738
75000.6,0.578592
75020.5,0.578446
75040.4,0.578299
75060.3,0.578153
75080.2,0.578007
75100.1,0.577861
75120,0.577714
75139.9,0.577568
75159.8,0.577422
75179.7,0.577276
75199.6,0.577129
75219.5,0.576983
75239.5,0.576837
75259.4,0.576691
75279.3,0.576545
75299.2,0.576398
75319.1,0.576252
75339,0.576106
75358.9,0.57596
75378.8,0.575813
75398.7,0.575667
75418.6,0.575521
75438.5,0.575375
75458.4,0.575228
75478.3,0.575082
75498.2,0.574936
75518.1,0.57479
75538,0.574643
75557.9,0.574497
75577.8,0.574351
75597.7,0.574205
75617.6,0.574058
75637.5,0.573912
75657.4,0.573766
75677.3,0.57362
75697.2,0.573474
75717.1,0.573327
75737,0.573181
75757,0.573035
75776.9,0.572889
75796.8,0.572742
75816.7,0.572596
75836.6,0.57245
75856.5,0.572304
75876.4,0.572157
75896.3,0.572011
75916.2,0.571865
75936.1,0.571719
75956,0.571573
75975.9,0.571426
75995.8,0.57128
76015.7,0.571134
76035.6,0.570988
76055.5,0.570841
76075.4,0.570695
76095.3,0.570549
76115.2,0.570403
76135.1,0.570256
76155,0.57011
76174.9,0.569964
76194.8,0.569818
76214.7,0.569671
76234.6,0.569525
76254.5,0.569379
76274.5,0.569233
76294.4,0.569086
76314.3,0.56894
76334.2,0.568794
76354.1,0.568648
76374,0.568502
76393.9,0.568363
76413.8,0.568227
76433.7,0.568091
76453.6,0.567955
76473.5,0.567819
76493.4,0.567683
76513.3,0.567547
76533.2,0.567411
76553.1,0.567275
76573,0.567139
76592.9,0.567003
76612.8,0.566867
76632.7,0.566731
76652.6,0.566595
76672.5,0.566459
76692.4,0.566323
76712.3,0.566187
76732.2,0.566052
76752.1,0.565916
76772.1,0.56578
76792,0.565644
76811.9,0.565508
76831.8,0.565372
76851.7,0.565236
76871.6,0.5651
76891.5,0.564964
76911.4,0.564828
76931.3,0.564692
76951.2,0.564556
76971.1,0.56442
76991,0.564284
77010.9,0.564148
77030.8,0.564012
77050.7,0.563876
77070.6,0.563741
77090.5,0.563605
77110.4,0.563469
77130.3,0.563333
77150.2,0.563197
77170.1,0.563061
77190,0.562925
77209.9,0.562789
77229.8,0.562653
77249.8,0.562517
77269.6,0.562381
77289.6,0.562245
77309.5,0.562109
77329.4,0.561973
77349.3,0.561837
77369.2,0.561701
77389.1,0.561566
77409,0.56143
77428.9,0.561294
77448.8,0.561158
77468.7,0.561022
77488.6,0.560886
77508.5,0.56075
77528.4,0.560614
77548.3,0.560478
77568.2,0.560342
77588.1,0.560206
77608,0.56007
77627.9,0.559934
77647.8,0.559798
77667.7,0.559662
77687.6,0.559526
77707.5,0.559391
77727.4,0.559255
77747.4,0.559119
77767.3,0.558983
77787.2,0.558847
77807.1,0.558711
77827,0.558575
77846.9,0.558439
77866.8,0.558303
77886.7,0.55817
77906.6,0.558042
77926.5,0.557914
77946.4,0.557786
77966.3,0.557658
77986.2,0.557531
78006.1,0.557403
78026,0.557275
78045.9,0.557147
78065.8,0.557019
78085.7,0.556891
78105.6,0.556764
78125.5,0.556636
78145.4,0.556508
78165.3,0.55638
78185.2,0.556252
78205.1,0.556124
78225,0.555996
78245,0.555869
78264.9,0.555741
78284.8,0.555613
78304.7,0.555485
78324.6,0.555357
78344.5,0.555229
78364.4,0.555102
78384.3,0.554974
78404.2,0.554846
78424.1,0.554718
78444,0.55459
78463.9,0.554462
78483.8,0.554335
78503.7,0.554207
78523.6,0.554079
78543.5,0.553951
78563.4,0.553823
78583.3,0.553695
78603.2,0.553568
78623.1,0.55344
78643,0.553312
78662.9,0.553184
78682.8,0.553056
78702.7,0.552928
78722.6,0.552801
78742.5,0.552673
78762.5,0.552545
78782.4,0.552417
78802.3,0.552289
78822.2,0.552161
78842.1,0.552034
78862,0.551906
78881.9,0.551778
78901.8,0.55165
78921.7,0.551522
78941.6,0.551394
78961.5,0.551266
78981.4,0.551139
79001.3,0.551011
79021.2,0.550883
79041.1,0.550755
79061,0.550627
79080.9,0.550499
79100.8,0.550372
79120.7,0.550244
79140.6,0.550116
79160.5,0.549988
79180.4,0.54986
79200.3,0.549733
79220.3,0.549605
79240.1,0.549477
79260.1,0.549349
79280,0.549221
79299.9,0.549093
79319.8,0.548965
79339.7,0.548838
79359.6,0.54871
79379.5,0.548582
79399.4,0.548454
79419.3,0.548332
79439.2,0.54821
79459.1,0.548088
79479,0.547966
79498.9,0.547844
79518.8,0.547722
79538.7,0.5476
79558.6,0.547478
79578.5,0.547356
79598.4,0.547234
79618.3,0.547112
79638.2,0.546991
79658.1,0.546869
79678,0.546747
79697.9,0.546625
79717.8,0.546503
79737.8,0.546381
79757.7,0.546259
79777.6,0.546137
79797.5,0.546015
79817.4,0.545893
79837.3,0.545771
79857.2,0.545649
79877.1,0.545527
79897,0.545405
79916.9,0.545283
79936.8,0.545161
79956.7,0.545039
79976.6,0.544917
79996.5,0.544796
80016.4,0.544676
80036.3,0.544558
80056.2,0.544439
80076.1,0.54432
80096,0.544201
80115.9,0.544083
80135.8,0.543964
80155.7,0.543845
80175.6,0.543727
80195.5,0.543608
80215.4,0.543489
80235.3,0.543371
80255.3,0.543252
80275.2,0.543133
80295.1,0.543015
80315,0.542896
80334.9,0.542777
80354.8,0.542659
80374.7,0.54254
80394.6,0.542421
80414.5,0.542303
80434.4,0.542184
80454.3,0.542065
80474.2,0.541946
80494.1,0.541828
80514,0.541709
80533.9,0.54159
80553.8,0.541472
80573.7,0.541353
80593.6,0.541234
80613.5,0.541116
80633.4,0.540997
80653.3,0.540878
80673.2,0.54076
80693.1,0.540641
80713,0.540522
80732.9,0.540404
80752.9,0.540285
80772.8,0.540166
80792.7,0.540048
80812.6,0.539929
80832.5,0.53981
80852.4,0.539692
80872.3,0.539573
80892.2,0.539454
80912.1,0.539335
80932,0.539217
80951.9,0.539099
80971.8,0.538988
80991.7,0.538877
81011.6,0.538766
81031.5,0.538655
81051.4,0.538544
81071.3,0.538433
81091.2,0.538323
81111.1,0.538212
81131,0.538101
81150.9,0.53799
81170.8,0.537879
81190.7,0.537768
81210.6,0.537657
81230.5,0.537546
81250.4,0.537435
81270.4,0.537325
81290.3,0.537214
81310.2,0.537103
81330.1,0.536992
81350,0.536881
81369.9,0.53677
81389.8,0.536659
81409.7,0.536548
81429.6,0.536437
81449.5,0.536327
81469.4,0.536216
81489.3,0.536105
81509.2,0.535994
81529.1,0.535883
81549,0.535772
81568.9,0.535661
81588.8,0.53555
81608.7,0.535439
81628.6,0.535328
81648.5,0.535218
81668.4,0.535107
81688.3,0.534996
81708.2,0.534885
81728.1,0.534774
81748,0.534663
81768,0.534552
81787.9,0.534441
81807.8,0.53433
81827.7,0.53422
81847.6,0.534109
81867.5,0.533998
81887.4,0.533887
81907.3,0.533776
81927.2,0.533665
81947.1,0.533554
81967,0.533443
81986.9,0.533332
82006.8,0.533221
82026.7,0.53311
82046.6,0.533
82066.5,0.532889
82086.4,0.532778
82106.3,0.532667
82126.2,0.532556
82146.1,0.532445
82166,0.532334
82185.9,0.532223
82205.8,0.532113
82225.8,0.532002
82245.6,0.531891
82265.6,0.53178
82285.5,0.531669
82305.4,0.531558
82325.3,0.531447
82345.2,0.531336
82365.1,0.531225
82385,0.531115
82404.9,0.531004
82424.8,0.530893
82444.7,0.530782
82464.6,0.530671
82484.5,0.53056
82504.4,0.530449
82524.3,0.530338
82544.2,0.530229
82564.1,0.530123
82584,0.530018
82603.9,0.529913
82623.8,0.529808
82643.7,0.529703
82663.6,0.529598
82683.5,0.529493
82703.4,0.529388
82723.3,0.529283
82743.3,0.529178
82763.2,0.529073
82783.1,0.528968
82803,0.528863
82822.9,0.528758
82842.8,0.528653
82862.7,0.528548
82882.6,0.528443
82902.5,0.528338
82922.4,0.528233
82942.3,0.528128
82962.2,0.528023
82982.1,0.527918
83002,0.527812
83021.9,0.527708
83041.8,0.527602
83061.7,0.527497
83081.6,0.527392
83101.5,0.527287
83121.4,0.527182
83141.3,0.527077
83161.2,0.526972
83181.1,0.526867
83201,0.526762
83220.9,0.526657
83240.9,0.526552
83260.8,0.526447
83280.7,0.526342
83300.6,0.526237
83320.5,0.526132
83340.4,0.526027
83360.3,0.525922
83380.2,0.525817
83400.1,0.525712
83420,0.525607
83439.9,0.525501
83459.8,0.525396
83479.7,0.525291
83499.6,0.525186
83519.5,0.525081
83539.4,0.524976
83559.3,0.524871
83579.2,0.524766
83599.1,0.524661
83619,0.524556
83638.9,0.524451
83658.8,0.524346
83678.7,0.524241
83698.6,0.524136
83718.5,0.524031
83738.5,0.523926
83758.4,0.523821
83778.3,0.523716
83798.2,0.523611
83818.1,0.523506
83838,0.523401
83857.9,0.523296
83877.8,0.52319
83897.7,0.523085
83917.6,0.52298
83937.5,0.522875
83957.4,0.52277
83977.3,0.522665
83997.2,0.52256
84017.1,0.522455
84037,0.52235
84056.9,0.522245
84076.8,0.52214
84096.7,0.522035
84116.6,0.52193
84136.5,0.521825
84156.4,0.521722
84176.3,0.521624
84196.2,0.521526
84216.1,0.521428
84236,0.52133
84255.9,0.521231
84275.9,0.521133
84295.8,0.521035
84315.7,0.520937
84335.6,0.520839
84355.5,0.520741
84375.4,0.520643
84395.3,0.520544
84415.2,0.520446
84435.1,0.520348
84455,0.52025
84474.9,0.520152
84494.8,0.520054
84514.7,0.519956
84534.6,0.519857
84554.5,0.519759
84574.4,0.519661
84594.3,0.519563
84614.2,0.519465
84634.1,0.519367
84654,0.519269
84673.9,0.51917
84693.8,0.519072
84713.7,0.518974
84733.6,0.518876
84753.5,0.518778
84773.5,0.51868
84793.4,0.518582
84813.3,0.518483
84833.2,0.518385
84853.1,0.518287
84873,0.518189
84892.9,0.518091
84912.8,0.517993
84932.7,0.517895
84952.6,0.517797
84972.5,0.517698
84992.4,0.5176
85012.3,0.517502
85032.2,0.517404
85052.1,0.517306
85072,0.517208
85091.9,0.51711
85111.8,0.517011
85131.7,0.516913
85151.6,0.516815
85171.5,0.516717
85191.4,0.516619
85211.3,0.516521
85231.2,0.516423
85251.1,0.516324
85271.1,0.516226
85291,0.516128
85310.9,0.51603
85330.8,0.515932
85350.7,0.515834
85370.6,0.515736
85390.5,0.515637
85410.4,0.515539
85430.3,0.515441
85450.2,0.515343
85470.1,0.515245
85490,0.515147
85509.9,0.515049
85529.8,0.514951
85549.7,0.514852
85569.6,0.514754
85589.5,0.514656
85609.4,0.514558
85629.3,0.51446
85649.2,0.514362
85669.1,0.514264
85689,0.514165
85708.9,0.514067
85728.8,0.513969
85748.8,0.513871
85768.7,0.513773
85788.6,0.513675
85808.5,0.513579
85828.4,0.513486
85848.3,0.513394
85868.2,0.513301
85888.1,0.513208
85908,0.513116
85927.9,0.513023
85947.8,0.51293
85967.7,0.512838
85987.6,0.512745
86007.5,0.512652
86027.4,0.51256
86047.3,0.512467
86067.2,0.512374
86087.1,0.512282
86107,0.512189
86126.9,0.512096
86146.8,0.512004
86166.7,0.511911
86186.6,0.511818
86206.5,0.511726
86226.4,0.511633
86246.4,0.511541
86266.3,0.511448
86286.2,0.511355
86306.1,0.511263
86326,0.51117
86345.9,0.511077
86365.8,0.510985
86385.7,0.510892
86405.6,0.510799
86425.5,0.510707
86445.4,0.510614
86465.3,0.510521
86485.2,0.510429
86505.1,0.510336
86525,0.510243
86544.9,0.510151
86564.8,0.510058
86584.7,0.509965
86604.6,0.509873
86624.5,0.50978
86644.4,0.509687
86664.3,0.509595
86684.2,0.509502
86704.1,0.509409
86724,0.509317
86744,0.509224
86763.9,0.509132
86783.8,0.509039
86803.7,0.508946
86823.6,0.508854
86843.5,0.508761
86863.4,0.508668
86883.3,0.508576
86903.2,0.508483
86923.1,0.50839
86943,0.508298
86962.9,0.508205
86982.8,0.508112
87002.7,0.50802
87022.6,0.507927
87042.5,0.507834
87062.4,0.507742
87082.3,0.507649
87102.2,0.507556
87122.1,0.507464
87142,0.507371
87161.9,0.507279
87181.8,0.507186
87201.7,0.507093
87221.6,0.507001
87241.5,0.506908
87261.5,0.506815
87281.4,0.506723
87301.3,0.50663
87321.2,0.506537
87341.1,0.506445
87361,0.506352
87380.9,0.506259
87400.8,0.506167
87420.7,0.506074
87440.6,0.505981
87460.5,0.505889
87480.4,0.505799
87500.3,0.505712
87520.2,0.505625
87540.1,0.505538
87560,0.505451
87579.9,0.505364
87599.8,0.505277
87619.7,0.50519
87639.6,0.505103
87659.5,0.505016
87679.4,0.504929
87699.3,0.504842
87719.2,0.504755
87739.1,0.504668
87759.1,0.504581
87779,0.504494
87798.9,0.504407
87818.8,0.50432
87838.7,0.504233
87858.6,0.504146
87878.5,0.504059
87898.4,0.503972
87918.3,0.503885
87938.2,0.503798
87958.1,0.503712
87978,0.503624
87997.9,0.503538
88017.8,0.503451
88037.7,0.503364
88057.6,0.503277
88077.5,0.50319
88097.4,0.503103
88117.3,0.503016
88137.2,0.502929
88157.1,0.502842
88177,0.502755
88196.9,0.502668
88216.8,0.502581
88236.7,0.502494
88256.6,0.502407
88276.6,0.50232
88296.5,0.502233
88316.4,0.502146
88336.3,0.502059
88356.2,0.501972
88376.1,0.501885
88396,0.501798
88415.9,0.501711
88435.8,0.501624
88455.7,0.501537
88475.6,0.50145
88495.5,0.501363
88515.4,0.501276
88535.3,0.501189
88555.2,0.501102
88575.1,0.501015
88595,0.500928
88614.9,0.500841
88634.8,0.500754
88654.7,0.500667
88674.6,0.50058
88694.5,0.500493
88714.4,0.500406
88734.3,0.500319
88754.3,0.500232
88774.1,0.500145
88794.1,0.500058
88814,0.499971
88833.9,0.499884
88853.8,0.499797
88873.7,0.499711
88893.6,0.499623
88913.5,0.499537
88933.4,0.49945
88953.3,0.499363
88973.2,0.499276
88993.1,0.499189
89013,0.499102
89032.9,0.499015
89052.8,0.498928
89072.7,0.498841
89092.6,0.498754
89112.5,0.498667
89132.4,0.49858
89152.3,0.498493
89172.2,0.498406
89192.1,0.498323
89212,0.498242
89231.9,0.498161
89251.9,0.49808
89271.8,0.497999
89291.7,0.497918
89311.6,0.497837
89331.5,0.497756
89351.4,0.497676
89371.3,0.497595
89391.2,0.497514
89411.1,0.497433
89431,0.497352
89450.9,0.497271
89470.8,0.49719
89490.7,0.497109
89510.6,0.497028
89530.5,0.496948
89550.4,0.496867
89570.3,0.496786
89590.2,0.496705
89610.1,0.496624
89630,0.496543
89649.9,0.496462
89669.8,0.496381
89689.7,0.496301
89709.6,0.49622
89729.5,0.496139
89749.5,0.496058
89769.4,0.495977
89789.3,0.495896
89809.2,0.495815
89829.1,0.495734
89849,0.495654
89868.9,0.495573
89888.8,0.495492
89908.7,0.495411
89928.6,0.49533
89948.5,0.495249
89968.4,0.495168
89988.3,0.495087
90008.2,0.495007
90028.1,0.494926
90048,0.494845
90067.9,0.494764
90087.8,0.494683
90107.7,0.494602
90127.6,0.494521
90147.5,0.49444
90167.4,0.494359
90187.3,0.494279
90207.2,0.494198
90227.1,0.494117
90247,0.494036
90267,0.493955
90286.9,0.493874
90306.8,0.493793
90326.7,0.493712
90346.6,0.493632
90366.5,0.493551
90386.4,0.49347
90406.3,0.493389
90426.2,0.493308
90446.1,0.493227
90466,0.493146
90485.9,0.493065
90505.8,0.492985
90525.7,0.492904
90545.6,0.492823
90565.5,0.492742
90585.4,0.492661
90605.3,0.49258
90625.2,0.492499
90645.1,0.492418
90665,0.492338
90684.9,0.492257
90704.8,0.492176
90724.8,0.492095
90744.6,0.492014
90764.6,0.491933
90784.5,0.491852
90804.4,0.491771
90824.3,0.49169
90844.2,0.49161
90864.1,0.491529
90884,0.491448
90903.9,0.491367
90923.8,0.491286
90943.7,0.491208
90963.6,0.491131
90983.5,0.491054
91003.4,0.490978
91023.3,0.490901
91043.2,0.490824
91063.1,0.490747
91083,0.49067
91102.9,0.490593
91122.8,0.490517
91142.7,0.49044
91162.6,0.490363
91182.5,0.490286
91202.4,0.490209
91222.3,0.490133
91242.3,0.490056
91262.2,0.489979
91282.1,0.489902
91302,0.489825
91321.9,0.489748
91341.8,0.489672
91361.7,0.489595
91381.6,0.489518
91401.5,0.489441
91421.4,0.489364
91441.3,0.489287
91461.2,0.489211
91481.1,0.489134
91501,0.489057
91520.9,0.48898
91540.8,0.488903
91560.7,0.488827
91580.6,0.48875
91600.5,0.488673
91620.4,0.488596
91640.3,0.488519
91660.2,0.488443
91680.1,0.488366
91700,0.488289
91719.9,0.488212
91739.9,0.488135
91759.8,0.488058
91779.7,0.487982
91799.6,0.487905
91819.5,0.487828
91839.4,0.487751
91859.3,0.487674
91879.2,0.487598
91899.1,0.487521
91919,0.487444
91938.9,0.487367
91958.8,0.48729
91978.7,0.487213
91998.6,0.487137
92018.5,0.48706
92038.4,0.486983
92058.3,0.486906
92078.2,0.486829
92098.1,0.486752
92118,0.486676
92137.9,0.486599
92157.8,0.486522
92177.7,0.486445
92197.6,0.486368
92217.5,0.486292
92237.4,0.486215
92257.4,0.486138
92277.3,0.486061
92297.2,0.485984
92317.1,0.485907
92337,0.485831
92356.9,0.485754
92376.8,0.485677
92396.7,0.4856
92416.6,0.485523
92436.5,0.485447
92456.4,0.48537
92476.3,0.485293
92496.2,0.485216
92516.1,0.485139
92536,0.485062
92555.9,0.484986
92575.8,0.484909
92595.7,0.484832
92615.6,0.484755
92635.5,0.484678
92655.4,0.484602
92675.3,0.484525
92695.2,0.484448
92715.1,0.484372
92735,0.4843
92754.9,0.484228
92774.9,0.484156
92794.8,0.484083
92814.7,0.484011
92834.6,0.483939
92854.5,0.483867
92874.4,0.483794
92894.3,0.483722
92914.2,0.48365
92934.1,0.483578
92954,0.483505
92973.9,0.483433
92993.8,0.483361
93013.7,0.483289
93033.6,0.483217
93053.5,0.483144
93073.4,0.483072
93093.3,0.483
93113.2,0.482928
93133.1,0.482855
93153,0.482783
93172.9,0.482711
93192.8,0.482639
93212.7,0.482566
93232.6,0.482494
93252.5,0.482422
93272.5,0.48235
93292.4,0.482277
93312.3,0.482205
93332.2,0.482133
93352.1,0.482061
93372,0.481989
93391.9,0.481916
93411.8,0.481844
93431.7,0.481772
93451.6,0.4817
93471.5,0.481627
93491.4,0.481555
93511.3,0.481483
93531.2,0.481411
93551.1,0.481338
93571,0.481266
93590.9,0.481194
93610.8,0.481122
93630.7,0.48105
93650.6,0.480977
93670.5,0.480905
93690.4,0.480833
93710.3,0.480761
93730.3,0.480688
93750.1,0.480616
93770.1,0.480544
93790,0.480472
93809.9,0.480399
93829.8,0.480327
93849.7,0.480255
93869.6,0.480183
93889.5,0.480111
93909.4,0.480038
93929.3,0.479966
93949.2,0.479894
93969.1,0.479822
93989,0.479749
94008.9,0.479677
94028.8,0.479605
94048.7,0.479533
94068.6,0.47946
94088.5,0.479388
94108.4,0.479316
94128.3,0.479244
94148.2,0.479171
94168.1,0.479099
94188,0.479027
94207.9,0.478955
94227.8,0.478883
94247.8,0.47881
94267.7,0.478738
94287.6,0.478666
94307.5,0.478594
94327.4,0.478521
94347.3,0.478449
94367.2,0.478377
94387.1,0.478305
94407,0.478232
94426.9,0.47816
94446.8,0.478088
94466.7,0.478016
94486.6,0.477944
94506.5,0.477871
94526.4,0.477801
94546.3,0.477733
94566.2,0.477666
94586.1,0.477598
94606,0.477531
94625.9,0.477463
94645.8,0.477396
94665.7,0.477329
94685.6,0.477261
94705.5,0.477194
94725.4,0.477126
94745.4,0.477059
94765.3,0.476991
94785.2,0.476924
94805.1,0.476857
94825,0.476789
94844.9,0.476722
94864.8,0.476654
94884.7,0.476587
94904.6,0.476519
94924.5,0.476452
94944.4,0.476385
94964.3,0.476317
94984.2,0.47625
95004.1,0.476182
95024,0.476115
95043.9,0.476047
95063.8,0.47598
95083.7,0.475913
95103.6,0.475845
95123.5,0.475778
95143.4,0.47571
95163.3,0.475643
95183.2,0.475575
95203.1,0.475508
95223,0.475441
95243,0.475373
95262.9,0.475306
95282.8,0.475238
95302.7,0.475171
95322.6,0.475103
95342.5,0.475036
95362.4,0.474969
95382.3,0.474901
95402.2,0.474834
95422.1,0.474766
95442,0.474699
95461.9,0.474631
95481.8,0.474564
95501.7,0.474497
95521.6,0.474429
95541.5,0.474362
95561.4,0.474294
95581.3,0.474227
95601.2,0.474159
95621.1,0.474092
95641,0.474025
95660.9,0.473957
95680.8,0.47389
95700.7,0.473822
95720.6,0.473755
95740.6,0.473687
95760.5,0.47362
95780.4,0.473553
95800.3,0.473485
95820.2,0.473418
95840.1,0.47335
95860,0.473283
95879.9,0.473215
95899.8,0.473148
95919.7,0.473081
95939.6,0.473013
95959.5,0.472946
95979.4,0.472878
95999.3,0.472811
96019.2,0.472743
96039.1,0.472676
96059,0.472609
96078.9,0.472541
96098.8,0.472474
96118.7,0.472406
96138.6,0.472339
96158.5,0.472271
96178.4,0.472204
96198.3,0.472137
96218.2,0.472069
96238.1,0.472002
96258,0.471934
96278,0.471867
96297.9,0.471799
96317.8,0.471732
96337.7,0.471665
96357.6,0.471597
96377.5,0.471531
96397.4,0.471466
96417.3,0.471402
96437.2,0.471337
96457.1,0.471273
96477,0.471209
96496.9,0.471144
96516.8,0.47108
96536.7,0.471015
96556.6,0.470951
96576.5,0.470886
96596.4,0.470822
96616.3,0.470758
96636.2,0.470693
96656.1,0.470629
96676,0.470564
96695.9,0.4705
96715.8,0.470435
96735.7,0.470371
96755.6,0.470306
96775.6,0.470242
96795.5,0.470178
96815.4,0.470113
96835.3,0.470049
96855.2,0.469984
96875.1,0.46992
96895,0.469855
96914.9,0.469791
96934.8,0.469727
96954.7,0.469662
96974.6,0.469598
96994.5,0.469533
97014.4,0.469469
97034.3,0.469404
97054.2,0.46934
97074.1,0.469275
97094,0.469211
97113.9,0.469147
97133.8,0.469082
97153.7,0.469018
97173.6,0.468953
97193.5,0.468889
97213.4,0.468824
97233.3,0.46876
97253.3,0.468695
97273.2,0.468631
97293.1,0.468567
97313,0.468502
97332.9,0.468438
97352.8,0.468373
97372.7,0.468309
97392.6,0.468244
97412.5,0.46818
97432.4,0.468116
97452.3,0.468051
97472.2,0.467987
97492.1,0.467922
97512,0.467858
97531.9,0.467793
97551.8,0.467729
97571.7,0.467664
97591.6,0.4676
97611.5,0.467536
97631.4,0.467471
97651.3,0.467407
97671.2,0.467342
97691.1,0.467278
97711,0.467213
97730.9,0.467149
97750.9,0.467084
97770.8,0.46702
97790.7,0.466956
97810.6,0.466891
97830.5,0.466827
97850.4,0.466762
97870.3,0.466698
97890.2,0.466633
97910.1,0.466569
97930,0.466505
97949.9,0.46644
97969.8,0.466376
97989.7,0.466311
98009.6,0.466247
98029.5,0.466182
98049.4,0.466118
98069.3,0.466053
98089.2,0.465989
98109.1,0.465925
98129,0.46586
98148.9,0.465796
98168.8,0.465731
98188.7,0.465667
98208.6,0.465602
98228.5,0.465538
98248.5,0.465473
98268.4,0.465412
98288.3,0.465351
98308.2,0.46529
98328.1,0.465229
98348,0.465168
98367.9,0.465107
98387.8,0.465046
98407.7,0.464985
98427.6,0.464924
98447.5,0.464863
98467.4,0.464802
98487.3,0.464741
98507.2,0.46468
98527.1,0.464619
98547,0.464558
98566.9,0.464497
98586.8,0.464436
98606.7,0.464375
98626.6,0.464314
98646.5,0.464253
98666.4,0.464192
98686.3,0.464131
98706.2,0.46407
98726.1,0.464009
98746,0.463948
98766,0.463887
98785.9,0.463826
98805.8,0.463765
98825.7,0.463704
98845.6,0.463643
98865.5,0.463582
98885.4,0.463521
98905.3,0.46346
98925.2,0.463399
98945.1,0.463338
98965,0.463277
98984.9,0.463216
99004.8,0.463155
99024.7,0.463094
99044.6,0.463033
99064.5,0.462972
99084.4,0.462911
99104.3,0.46285
99124.2,0.462789
99144.1,0.462728
99164,0.462667
99183.9,0.462606
99203.8,0.462545
99223.8,0.462484
99243.6,0.462423
99263.6,0.462362
99283.5,0.462301
99303.4,0.46224
99323.3,0.462179
99343.2,0.462118
99363.1,0.462057
99383,0.461996
99402.9,0.461935
99422.8,0.461874
99442.7,0.461813
99462.6,0.461752
99482.5,0.461691
99502.4,0.46163
99522.3,0.461569
99542.2,0.461508
99562.1,0.461447
99582,0.461386
99601.9,0.461325
99621.8,0.461264
99641.7,0.461203
99661.6,0.461142
99681.5,0.461081
99701.4,0.46102
99721.3,0.460959
99741.3,0.460898
99761.2,0.460837
99781.1,0.460776
99801,0.460715
99820.9,0.460654
99840.8,0.460593
99860.7,0.460532
99880.6,0.460471
99900.5,0.46041
99920.4,0.460349
99940.3,0.460288
99960.2,0.460227
99980.1,0.460166
100000,0.460105