500,175046
519.904,171653
539.808,168260
559.712,164867
579.616,161474
599.52,158081
619.424,154688
639.328,151295
659.232,147902
679.136,144509
699.04,141116
718.944,137723
738.848,134330
758.752,130937
778.656,127544
798.56,124151
818.464,120758
838.368,117365
858.272,113972
878.176,110579
898.08,107186
917.984,103792
937.888,100399
957.792,97006.4
977.696,93613.4
997.599,90220.4
1017.5,86827.4
1037.41,83593.4
1057.31,80420.5
1077.22,77557.1
1097.12,74806.5
1117.02,72161.7
1136.93,69671.4
1156.83,67360.8
1176.74,65116.4
1196.64,62976.5
1216.54,60973.4
1236.45,58994
1256.35,57168.6
1276.26,55451.3
1296.16,53790.8
1316.06,52197.4
1335.97,50682.7
1355.87,49228.1
1375.78,47810.4
1395.68,46471.2
1415.58,45217.2
1435.49,43968.7
1455.39,42778.5
1475.3,41639.1
1495.2,40561.8
1515.1,39494.2
1535.01,38416.5
1554.91,37347.3
1574.81,36371.6
1594.72,35423.9
1614.62,34503.3
1634.53,33630.4
1654.43,32779.2
1674.33,31957.1
1694.24,31164.2
1714.14,30399
1734.05,29661.2
1753.95,28942.3
1773.85,28281.3
1793.76,27630.5
1813.66,26992.9
1833.57,26373.6
1853.47,25762.9
1873.37,25188.9
1893.28,24622.6
1913.18,24092.5
1933.09,23570.7
1952.99,23073.1
1972.89,22583.9
1992.8,22110.7
2012.7,21636.8
2032.61,21187.5
2052.51,20747.1
2072.41,20318.4
2092.32,19897
2112.22,19486
2132.13,19088.6
2152.03,18711.1
2171.93,18340.2
2191.84,17984.9
2211.74,20523.7
2231.65,25139.8
2251.55,29811.3
2271.45,36432.6
2291.36,43854.7
2311.26,45346.8
2331.17,45200.6
2351.07,45054.8
2370.97,44909.2
2390.88,44765.7
2410.78,44628.3
2430.69,44490.8
2450.59,44351.2
2470.49,44211.2
2490.4,44076.8
2510.3,43947.3
2530.21,43817.8
2550.11,43685.9
2570.01,43554.1
2589.92,43426.7
2609.82,43302.4
2629.73,43178.1
2649.63,43056
2669.53,42934
2689.44,42813
2709.34,42693.3
2729.25,42573.6
2749.15,48787.5
2769.05,47940.1
2788.96,47101.7
2808.86,46314.4
2828.77,45527
2848.67,44766.5
2868.57,44040.9
2888.48,43315.2
2908.38,42617.9
2928.29,41937.9
2948.19,41258
2968.09,40599
2988,39946.8
3007.9,39292.4
3027.81,38676.3
3047.71,38065.2
3067.61,37454.1
3087.52,36877.9
3107.42,36304.3
3127.33,35730.8
3147.23,35190
3167.13,36791.1
3187.04,36226.8
3206.94,35709.6
3226.85,35200.7
3246.75,34691.7
3266.65,34198.1
3286.56,33711.5
3306.46,33224.9
3326.37,32757.4
3346.27,32307.5
3366.17,31857.6
3386.08,31414.8
3405.98,30993.1
3425.89,31739
3445.79,31426.8
3465.69,31010.8
3485.6,30598
3505.5,30185.2
3525.41,29782.3
3545.31,29388.5
3565.21,28994.7
3585.12,28603.9
3605.02,28238.1
3624.92,27872.4
3644.83,27506.6
3664.73,27156.4
3684.64,26817.1
3704.54,26477.8
3724.45,26138.5
3744.35,25819.4
3764.25,25500.8
3784.16,25182.2
3804.06,24868.8
3823.96,24567.3
3843.87,24265.7
3863.77,23964.2
3883.68,23675.4
3903.58,23395.7
3923.48,23116
3943.39,22836.2
3963.29,22566.7
3983.2,22300.1
4003.1,22034.2
4023,21771.1
4042.91,21518.6
4062.81,21267.4
4082.72,21016.1
4102.62,20764.9
4122.52,20526.1
4142.43,20288.3
4162.33,20050.4
4182.24,19812.6
4202.14,19591.8
4222.04,19372.6
4241.95,19153.5
4261.85,18934.3
4281.76,18724
4301.66,18516
4321.56,18308
4341.47,18100
4361.37,17901
4381.28,17707.6
4401.18,17514.1
4421.08,17320.7
4440.99,17131.6
4460.89,16950.7
4480.8,16769.8
4500.7,16588.9
4520.6,16408
4540.51,16238.3
4560.41,16068.8
4580.32,15899.3
4600.22,15729.8
4620.12,15566
4640.03,15406.8
4659.93,15247.6
4679.84,15088.4
4699.74,14929.6
4719.64,14781.5
4739.55,14633.4
4759.45,14485.3
4779.36,14337.2
4799.26,14193.6
4819.16,14056.1
4839.07,13918.7
4858.97,13781.2
4878.88,13643.8
4898.78,13510.8
4918.68,13379.7
4938.59,13248.7
4958.49,13117.6
4978.4,12986.6
4998.3,12862.6
5018.2,12740.5
5038.11,12618.6
5058.01,12496.6
5077.92,12374.6
5097.82,12258.3
5117.72,12142.1
5137.63,12025.8
5157.53,11909.6
5177.44,11793.5
5197.34,11685.3
5217.24,11577.2
5237.15,11469
5257.05,11360.9
5276.96,11252.7
5296.86,11150.9
5316.76,11049.4
5336.67,10947.9
5356.57,10846.4
5376.48,10744.9
5396.38,10650
5416.28,10556.9
5436.19,10463.8
5456.09,10370.7
5476,10277.7
5495.9,10186.4
5515.8,10097.5
5535.71,10008.6
5555.61,9919.71
5575.52,9830.8
5595.42,9742.32
5615.32,9659.35
5635.23,9576.38
5655.13,9493.41
5675.04,9410.44
5694.94,9327.47
5714.84,9248.31
5734.75,9171.76
5754.65,9095.21
5774.55,9018.66
5794.46,8942.1
5814.36,8865.55
5834.27,8792.67
5854.17,8719.92
5874.07,8647.16
5893.98,8574.4
5913.88,8501.65
5933.79,8430.6
5953.69,8363.71
5973.59,8296.83
5993.5,8229.95
6013.4,8161.37
6033.31,8091.97
6053.21,8024.99
6073.11,7960.84
6093.02,7896.69
6112.92,7832.53
6132.83,7768.38
6152.73,7704.23
6172.63,7642.23
6192.54,7582.52
6212.44,7522.82
6232.35,7463.12
6252.25,7403.41
6272.15,7343.71
6292.06,7285.53
6311.96,7229.2
6331.87,7172.86
6351.77,7116.52
6371.67,7060.18
6391.58,7003.84
6411.48,6948.53
6431.39,6895.91
6451.29,6843.29
6471.19,6790.68
6491.1,6738.06
6511,6685.44
6530.91,6632.82
6550.81,6584.17
6570.71,6535.54
6590.62,6486.91
6610.52,6438.28
6630.43,6389.64
6650.33,6341.01
6670.23,6294.33
6690.14,6249.16
6710.04,6203.98
6729.95,6158.81
6749.85,6113.64
6769.75,6068.47
6789.66,6023.37
6809.56,5980.45
6829.47,5937.53
6849.37,5894.61
6869.27,5851.69
6889.18,5808.78
6909.08,5765.86
6928.99,5723.96
6948.89,5683.94
6968.79,5643.92
6988.7,5603.9
7008.6,5563.88
7028.51,5523.86
7048.41,5483.84
7068.31,5445.42
7088.22,5408.23
7108.12,5371.04
7128.03,5333.84
7147.93,5296.65
7167.83,5259.46
7187.74,5222.27
7207.64,5186.69
7227.55,5152.03
7247.45,5117.38
7267.35,5082.73
7287.26,5048.08
7307.16,5013.43
7327.07,4978.77
7346.97,4945.25
7366.87,4912.64
7386.78,4880.03
7406.68,4847.43
7426.59,4814.82
7446.49,4782.21
7466.39,4749.61
7486.3,4717.81
7506.2,4687.4
7526.1,4656.99
7546.01,4626.58
7565.91,4596.17
7585.82,4565.76
7605.72,4535.35
7625.63,4505.02
7645.53,4476.83
7665.43,4448.64
7685.34,4420.45
7705.24,4392.26
7725.15,4364.08
7745.05,4335.89
7764.95,4307.7
7784.86,4280.38
7804.76,4253.96
7824.67,4227.53
7844.57,4201.1
7864.47,4174.68
7884.38,4148.25
7904.28,4121.82
7924.18,4095.4
7944.09,4069.84
7963.99,4044.41
7983.9,4018.99
8003.8,3993.75
8023.7,3969.26
8043.61,3944.76
8063.51,3920.27
8083.42,3895.86
8103.32,3872.44
8123.23,3849.02
8143.13,3825.61
8163.03,3802.19
8182.94,3778.78
8202.84,3755.36
8222.74,3731.95
8242.65,3708.73
8262.55,3686.85
8282.46,3664.96
8302.36,3643.08
8322.26,3621.19
8342.17,3599.31
8362.07,3577.42
8381.98,3555.54
8401.88,3533.71
8421.78,3513.23
8441.69,3492.75
8461.59,3472.27
8481.5,3451.78
8501.4,3431.3
8521.3,3410.82
8541.21,3390.34
8561.11,3369.85
8581.02,3350.52
8600.92,3331.46
8620.82,3312.4
8640.73,3293.34
8660.63,3274.28
8680.54,3255.22
8700.44,3236.16
8720.34,3217.1
8740.25,3198.57
8760.15,3180.78
8780.06,3162.99
8799.96,3145.2
8819.86,3127.41
8839.77,3109.62
8859.67,3091.83
8879.58,3074.04
8899.48,3056.26
8919.38,3039.44
8939.29,3022.83
8959.19,3006.23
8979.1,2989.62
8999,2973.02
9018.9,2956.41
9038.81,2939.81
9058.71,2923.2
9078.62,2906.69
9098.52,2891.18
9118.42,2875.68
9138.33,2860.17
9158.23,2844.66
9178.14,2829.16
9198.04,2813.65
9217.94,2798.15
9237.85,2782.64
9257.75,2767.28
9277.66,2752.81
9297.56,2738.34
9317.46,2723.86
9337.37,2709.39
9357.27,2694.92
9377.17,2680.45
9397.08,2665.98
9416.98,2651.51
9436.89,2637.08
9456.79,2623.55
9476.7,2610.02
9496.6,2596.49
9516.5,2582.95
9536.41,2569.42
9556.31,2555.89
9576.21,2542.36
9596.12,2528.83
9616.02,2515.29
9635.93,2502.49
9655.83,2489.87
9675.74,2477.25
9695.64,2464.63
9715.54,2452.01
9735.45,2439.39
9755.35,2426.77
9775.25,2414.15
9795.16,2401.53
9815.06,2389.22
9834.97,2377.48
9854.87,2365.73
9874.77,2353.99
9894.68,2342.24
9914.58,2330.5
9934.49,2318.75
9954.39,2307.01
9974.29,2295.26
9994.2,2283.52
10014.1,2272.4
10034,2261.53
10053.9,2250.67
10073.8,2239.8
10093.7,2228.94
10113.6,2218.08
10133.5,2207.21
10153.4,2196.35
10173.3,2185.48
10193.2,2174.62
10213.1,2163.75
10233,2152.87
10253,2141.99
10272.9,2131.11
10292.8,2120.23
10312.7,2109.35
10332.6,2098.47
10352.5,2087.59
10372.4,2076.71
10392.3,2066
10412.2,2056.6
10432.1,2047.21
10452,2037.81
10471.9,2028.41
10491.8,2019.02
10511.7,2009.62
10531.6,2000.23
10551.5,1990.83
10571.4,1981.43
10591.3,1972.04
10611.2,1962.92
10631.1,1954.03
10651,1945.14
10670.9,1936.25
10690.8,1927.35
10710.7,1918.46
10730.6,1909.57
10750.5,1900.68
10770.5,1891.78
10790.4,1882.89
10810.3,1874
10830.2,1865.56
10850.1,1857.11
10870,1848.67
10889.9,1840.22
10909.8,1831.78
10929.7,1823.33
10949.6,1814.89
10969.5,1806.44
10989.4,1798
11009.3,1789.55
11029.2,1781.26
11049.1,1773.15
11069,1765.04
11088.9,1756.93
11108.8,1748.82
11128.7,1740.71
11148.6,1732.6
11168.5,1724.49
11188.4,1716.38
11208.3,1708.27
11228.2,1700.16
11248.1,1692.78
11268.1,1685.47
11288,1678.15
11307.9,1670.84
11327.8,1663.52
11347.7,1656.21
11367.6,1648.9
11387.5,1641.58
11407.4,1634.27
11427.3,1626.95
11447.2,1619.64
11467.1,1612.86
11487,1606.17
11506.9,1599.48
11526.8,1592.79
11546.7,1586.1
11566.6,1579.41
11586.5,1572.73
11606.4,1566.04
11626.3,1559.35
11646.2,1552.66
11666.1,1545.97
11686,1539.3
11705.9,1532.68
11725.8,1526.06
11745.7,1519.44
11765.7,1512.82
11785.6,1506.2
11805.5,1499.58
11825.4,1492.96
11845.3,1486.34
11865.2,1479.72
11885.1,1473.1
11905,1466.96
11924.9,3606.55
11944.8,3591.1
11964.7,3575.65
11984.6,3560.21
12004.5,3544.76
12024.4,3529.32
12044.3,3513.87
12064.2,3498.43
12084.1,3482.98
12104,3467.53
12123.9,3452.09
12143.8,3436.74
12163.7,3421.77
12183.6,3406.81
12203.5,3391.85
12223.4,3376.89
12243.3,3361.93
12263.3,3346.96
12283.2,3332
12303.1,3317.04
12323,3302.08
12342.9,3287.11
12362.8,3272.15
12382.7,3258.4
12402.6,3245.34
12422.5,3232.28
12442.4,3219.22
12462.3,3206.16
12482.2,3193.1
12502.1,3180.04
12522,3166.98
12541.9,3153.92
12561.8,3140.86
12581.7,3127.8
12601.6,3114.74
12621.5,3101.69
12641.4,3088.77
12661.3,3075.85
12681.2,3062.93
12701.1,3050.01
12721,3037.09
12740.9,3024.17
12760.9,3011.25
12780.8,2998.33
12800.7,2985.41
12820.6,2972.49
12840.5,2959.57
12860.4,2946.67
12880.3,2934.93
12900.2,2923.18
12920.1,2911.44
12940,2899.69
12959.9,2887.95
12979.8,2876.2
12999.7,2864.46
13019.6,2852.71
13039.5,2840.97
13059.4,2829.22
13079.3,2817.48
13099.2,2805.73
13119.1,2794.44
13139,2783.69
13158.9,2772.94
13178.8,2762.19
13198.7,2751.44
13218.6,2740.69
13238.5,2729.94
13258.5,2719.18
13278.4,2708.43
13298.3,2697.68
13318.2,2686.93
13338.1,2676.18
13358,2665.43
13377.9,2654.91
13397.8,2644.74
13417.7,2634.58
13437.6,2624.42
13457.5,2614.25
13477.4,2604.09
13497.3,2593.92
13517.2,2583.76
13537.1,2573.6
13557,2563.43
13576.9,2553.27
13596.8,2543.1
13616.7,2532.94
13636.6,2522.88
13656.5,2513.01
13676.4,2503.14
13696.3,2493.28
13716.2,2483.41
13736.1,3402.48
13756.1,3391.22
13776,3379.96
13795.9,3368.7
13815.8,3357.44
13835.7,3346.19
13855.6,3334.93
13875.5,3323.67
13895.4,3312.41
13915.3,3301.35
13935.2,3290.34
13955.1,3279.33
13975,3268.33
13994.9,3257.32
14014.8,3246.32
14034.7,3235.31
14054.6,3224.31
14074.5,3213.3
14094.4,3202.29
14114.3,3191.29
14134.2,3180.28
14154.1,3169.28
14174,3158.38
14193.9,3147.87
14213.8,3137.36
14233.7,3126.86
14253.7,3116.35
14273.6,3105.85
14293.5,3095.34
14313.4,3084.84
14333.3,3074.33
14353.2,3530.4
14373.1,3518.77
14393,3507.15
14412.9,3495.52
14432.8,3483.9
14452.7,3472.25
14472.6,3460.46
14492.5,3448.67
14512.4,3436.89
14532.3,3425.1
14552.2,3413.31
14572.1,3401.52
14592,3389.74
14611.9,3377.95
14631.8,3366.16
14651.7,3354.38
14671.6,3342.59
14691.5,3330.8
14711.4,3319.02
14731.3,3307.29
14751.3,3296.37
14771.2,3285.45
14791.1,3274.53
14811,3263.61
14830.9,3252.69
14850.8,3241.78
14870.7,3230.86
14890.6,3219.94
14910.5,3209.02
14930.4,3198.1
14950.3,3187.18
14970.2,3176.26
14990.1,3165.35
15010,3155.19
15029.9,3145.29
15049.8,3134.88
15069.7,3124.48
15089.6,3114.07
15109.5,3103.66
15129.4,3093.25
15149.3,3082.84
15169.2,3072.43
15189.1,3062.02
15209,3051.62
15228.9,3041.21
15248.8,3030.8
15268.8,3020.39
15288.7,3009.98
15308.6,2999.57
15328.5,2989.96
15348.4,2980.41
15368.3,2970.85
15388.2,2961.3
15408.1,2951.75
15428,2942.19
15447.9,2932.64
15467.8,2923.09
15487.7,2913.54
15507.6,2903.98
15527.5,2894.43
15547.4,2884.88
15567.3,2875.33
15587.2,2865.77
15607.1,2856.22
15627,2847.29
15646.9,2838.46
15666.8,2829.63
15686.7,2820.81
15706.6,2811.98
15726.5,2803.15
15746.5,2794.32
15766.4,2785.49
15786.3,2776.67
15806.2,2767.84
15826.1,2759.01
15846,2750.18
15865.9,2741.36
15885.8,2732.53
15905.7,2723.7
15925.6,2715
15945.5,2706.63
15965.4,2698.25
15985.3,2689.88
16005.2,2681.51
16025.1,2673.13
16045,2664.76
16064.9,2656.39
16084.8,2648.02
16104.7,2639.64
16124.6,2631.27
16144.5,2622.9
16164.4,2614.52
16184.3,2606.15
16204.2,2597.78
16224.1,2589.4
16244,2581.3
16264,2573.3
16283.9,2565.31
16303.8,2557.31
16323.7,2549.32
16343.6,2541.33
16363.5,2533.33
16383.4,2525.34
16403.3,2517.34
16423.2,2509.35
16443.1,2501.35
16463,2493.36
16482.9,2485.37
16502.8,2477.37
16522.7,2469.38
16542.6,2461.49
16562.5,2454.34
16582.4,2447.19
16602.3,2440.03
16622.2,2432.88
16642.1,2425.72
16662,2418.57
16681.9,2411.42
16701.8,2404.26
16721.7,2397.11
16741.6,2389.96
16761.6,2382.8
16781.5,2375.65
16801.4,2368.49
16821.3,2361.34
16841.2,2354.19
16861.1,2347.03
16881,2340.09
16900.9,2333.33
16920.8,2326.57
16940.7,2319.81
16960.6,2313.05
16980.5,2306.28
17000.4,2299.52
17020.3,2292.76
17040.2,2286
17060.1,2279.23
17080,2272.47
17099.9,2265.71
17119.8,2258.95
17139.7,2252.18
17159.6,2245.42
17179.5,2238.66
17199.4,2231.9
17219.3,2225.41
17239.2,2218.93
17259.2,2212.46
17279.1,2205.98
17299,2199.5
17318.9,2193.02
17338.8,2186.55
17358.7,2180.07
17378.6,2173.59
17398.5,2167.11
17418.4,2160.64
17438.3,2154.16
17458.2,2147.68
17478.1,2141.2
17498,2134.73
17517.9,2128.25
17537.8,2122.03
17557.7,2116.23
17577.6,2110.42
17597.5,2104.62
17617.4,2098.81
17637.3,2093.01
17657.2,2087.2
17677.1,2081.4
17697,2075.59
17716.9,2069.79
17736.8,2063.98
17756.8,2058.18
17776.7,2052.37
17796.6,2046.56
17816.5,2040.76
17836.4,2034.95
17856.3,2029.15
17876.2,2023.34
17896.1,2017.78
17916,2012.28
17935.9,2006.77
17955.8,2001.27
17975.7,1995.77
17995.6,1990.26
18015.5,1984.76
18035.4,1979.26
18055.3,1973.75
18075.2,1968.25
18095.1,1962.75
18115,1957.24
18134.9,1951.74
18154.8,1946.24
18174.7,1940.73
18194.6,1935.23
18214.5,1929.73
18234.4,1924.28
18254.3,1919.01
18274.3,1913.74
18294.2,1908.47
18314.1,1903.2
18334,1897.93
18353.9,1892.66
18373.8,1887.4
18393.7,1882.13
18413.6,1876.86
18433.5,1871.59
18453.4,1866.32
18473.3,1861.05
18493.2,1855.79
18513.1,1850.52
18533,1845.25
18552.9,1839.98
18572.8,1834.71
18592.7,1829.79
18612.6,1825.06
18632.5,1820.33
18652.4,1815.6
18672.3,1810.87
18692.2,1806.14
18712.1,1801.41
18732,1796.68
18752,1791.95
18771.9,1787.22
18791.8,1782.49
18811.7,1777.76
18831.6,1773.03
18851.5,1768.3
18871.4,1763.57
18891.3,1758.84
18911.2,1754.11
18931.1,1749.38
18951,1744.66
18970.9,1740.15
18990.8,1735.65
19010.7,1731.14
19030.6,1726.63
19050.5,1722.12
19070.4,1717.62
19090.3,1713.11
19110.2,1708.6
19130.1,1704.09
19150,1699.59
19169.9,1695.08
19189.8,1690.57
19209.7,1686.06
19229.6,1681.56
19249.5,1677.05
19269.5,1672.54
19289.4,1668.03
19309.3,1663.53
19329.2,1659.12
19349.1,1654.84
19369,1650.55
19388.9,1646.26
19408.8,1641.98
19428.7,1637.69
19448.6,1633.41
19468.5,1629.12
19488.4,1624.84
19508.3,1620.55
19528.2,1616.27
19548.1,1611.98
19568,1607.7
19587.9,1603.41
19607.8,1599.13
19627.7,1594.84
19647.6,1590.55
19667.5,1586.27
19687.4,1581.98
19707.3,1578.07
19727.2,1574.2
19747.2,1570.34
19767.1,1566.47
19787,1562.61
19806.9,1558.74
19826.8,1554.88
19846.7,1551.01
19866.6,1547.15
19886.5,1543.28
19906.4,1539.42
19926.3,1535.56
19946.2,1531.69
19966.1,1527.83
19986,1523.96
20005.9,1520.07
20025.8,1516.1
20045.7,1512.14
20065.6,1508.18
20085.5,1504.27
20105.4,1500.5
20125.3,1496.74
20145.2,1492.97
20165.1,1489.21
20185,1485.45
20204.9,1481.68
20224.8,1477.92
20244.7,1474.15
20264.7,1470.39
20284.6,1466.62
20304.5,1462.86
20324.4,1459.09
20344.3,1455.33
20364.2,1451.57
20384.1,1447.8
20404,1444.04
20423.9,1440.27
20443.8,1436.51
20463.7,1432.74
20483.6,1429.14
20503.5,1425.62
20523.4,1422.1
20543.3,1418.57
20563.2,1415.05
20583.1,1411.53
20603,1408
20622.9,1404.48
20642.8,1400.96
20662.7,1397.43
20682.6,1393.91
20702.5,1390.38
20722.4,1386.86
20742.3,1383.34
20762.3,1379.81
20782.2,1376.29
20802.1,1372.77
20822,1369.24
20841.9,1365.72
20861.8,1362.2
20881.7,1358.84
20901.6,1355.6
20921.5,1352.37
20941.4,1349.13
20961.3,1345.89
20981.2,1342.66
21001.1,1339.42
21021,1336.18
21040.9,1332.94
21060.8,1329.71
21080.7,1326.47
21100.6,1323.23
21120.5,1320
21140.4,1316.76
21160.3,1313.52
21180.2,1310.29
21200.1,1307.05
21220,1303.81
21239.9,1300.57
21259.9,1297.34
21279.8,1294.1
21299.7,1291.08
21319.6,1288.06
21339.5,1285.04
21359.4,1282.02
21379.3,1279
21399.2,1275.98
21419.1,1272.96
21439,1269.94
21458.9,1266.92
21478.8,1263.9
21498.7,1260.88
21518.6,1257.86
21538.5,1254.83
21558.4,1251.81
21578.3,1248.79
21598.2,1245.77
21618.1,1242.75
21638,1239.73
21657.9,1236.71
21677.8,1233.69
21697.7,1230.67
21717.6,1227.78
21737.5,1224.9
21757.5,1222.02
21777.4,1219.14
21797.3,1216.26
21817.2,1213.38
21837.1,1210.5
21857,1207.62
21876.9,1204.73
21896.8,1201.85
21916.7,1198.97
21936.6,1196.09
21956.5,1193.21
21976.4,1190.33
21996.3,1187.45
22016.2,1184.57
22036.1,1181.69
22056,1178.81
22075.9,1175.93
22095.8,1173.05
22115.7,1170.17
22135.6,1167.47
22155.5,1164.82
22175.4,1162.17
22195.3,1159.52
22215.2,1156.87
22235.1,1154.22
22255.1,1151.57
22275,1148.93
22294.9,1146.28
22314.8,1143.63
22334.7,1140.98
22354.6,1138.33
22374.5,1135.68
22394.4,1133.03
22414.3,1130.38
22434.2,1127.73
22454.1,1125.08
22474,1122.43
22493.9,1119.78
22513.8,1117.13
22533.7,1114.48
22553.6,1111.86
22573.5,1109.38
22593.4,1106.9
22613.3,1104.42
22633.2,1101.93
22653.1,1099.45
22673,1096.97
22692.9,1094.49
22712.8,1092
22732.7,1089.52
22752.7,1087.04
22772.6,1084.56
22792.5,1082.07
22812.4,1079.59
22832.3,1077.11
22852.2,1074.63
22872.1,1072.14
22892,1069.66
22911.9,1067.18
22931.8,1064.7
22951.7,1062.21
22971.6,1059.73
22991.5,1057.26
23011.4,1054.99
23031.3,1052.72
23051.2,1050.45
23071.1,1048.18
23091,1045.91
23110.9,1043.64
23130.8,1041.37
23150.7,1039.1
23170.6,1036.83
23190.5,1034.56
23210.4,1032.29
23230.3,1030.02
23250.3,1027.75
23270.2,1025.47
23290.1,1023.2
23310,1020.93
23329.9,1018.66
23349.8,1016.39
23369.7,1014.12
23389.6,1011.85
23409.5,1009.58
23429.4,1007.31
23449.3,1005.1
23469.2,1002.95
23489.1,1000.81
23509,998.662
23528.9,996.518
23548.8,994.373
23568.7,992.228
23588.6,990.083
23608.5,987.939
23628.4,985.794
23648.3,983.649
23668.2,981.504
23688.1,979.36
23708,977.215
23727.9,975.07
23747.8,972.925
23767.8,970.781
23787.7,968.636
23807.6,966.491
23827.5,964.346
23847.4,962.202
23867.3,960.057
23887.2,957.912
23907.1,955.819
23927,953.82
23946.9,951.821
23966.8,949.822
23986.7,947.823
24006.6,945.823
24026.5,943.824
24046.4,941.825
24066.3,939.826
24086.2,937.827
24106.1,935.828
24126,933.828
24145.9,931.829
24165.8,929.83
24185.7,927.831
24205.6,925.832
24225.5,923.833
24245.4,921.833
24265.4,919.834
24285.3,917.835
24305.2,915.836
24325.1,913.837
24345,911.838
24364.9,909.839
24384.8,907.961
24404.7,906.126
24424.6,904.291
24444.5,902.456
24464.4,900.62
24484.3,898.785
24504.2,896.95
24524.1,895.115
24544,893.28
24563.9,891.445
24583.8,889.609
24603.7,887.774
24623.6,885.939
24643.5,884.104
24663.4,882.269
24683.3,880.434
24703.2,878.598
24723.1,876.763
24743,874.928
24763,873.093
24782.9,871.258
24802.8,869.422
24822.7,867.587
24842.6,865.752
24862.5,863.963
24882.4,862.201
24902.3,860.44
24922.2,858.678
24942.1,856.916
24962,855.154
24981.9,853.393
25001.8,851.631
25021.7,849.869
25041.6,848.107
25061.5,846.346
25081.4,844.584
25101.3,842.822
25121.2,841.06
25141.1,839.298
25161,837.537
25180.9,835.775
25200.8,834.013
25220.7,832.251
25240.6,830.49
25260.6,828.728
25280.5,826.966
25300.4,825.204
25320.3,823.443
25340.2,821.765
25360.1,820.167
25380,818.57
25399.9,816.973
25419.8,815.375
25439.7,813.778
25459.6,812.181
25479.5,810.583
25499.4,808.986
25519.3,807.389
25539.2,805.791
25559.1,804.194
25579,802.597
25598.9,800.999
25618.8,799.402
25638.7,797.805
25658.6,796.208
25678.5,794.61
25698.4,793.013
25718.3,791.416
25738.2,789.818
25758.2,788.221
25778.1,786.623
25798,785.026
25817.9,783.429
25837.8,781.859
25857.7,780.332
25877.6,778.805
25897.5,777.279
25917.4,775.752
25937.3,774.225
25957.2,772.698
25977.1,771.171
25997,769.644
26016.9,768.117
26036.8,766.59
26056.7,765.064
26076.6,763.537
26096.5,762.01
26116.4,760.483
26136.3,758.956
26156.2,757.429
26176.1,755.902
26196,754.376
26215.9,752.849
26235.8,751.322
26255.8,749.795
26275.7,748.268
26295.6,746.741
26315.5,745.214
26335.4,743.722
26355.3,742.321
26375.2,740.921
26395.1,739.52
26415,738.12
26434.9,736.72
26454.8,735.32
26474.7,733.919
26494.6,732.519
26514.5,731.118
26534.4,729.718
26554.3,728.317
26574.2,726.917
26594.1,725.517
26614,724.117
26633.9,722.716
26653.8,721.316
26673.7,719.915
26693.6,718.515
26713.5,717.115
26733.4,715.714
26753.4,714.314
26773.3,712.914
26793.2,711.513
26813.1,710.113
26833,708.712
26852.9,707.325
26872.8,706.015
26892.7,704.705
26912.6,703.395
26932.5,702.085
26952.4,700.775
26972.3,699.465
26992.2,698.155
27012.1,696.845
27032,695.535
27051.9,694.225
27071.8,692.915
27091.7,691.605
27111.6,690.295
27131.5,688.985
27151.4,687.675
27171.3,686.364
27191.2,685.055
27211.1,683.745
27231,682.435
27251,681.124
27270.9,679.814
27290.8,678.504
27310.7,677.194
27330.6,675.884
27350.5,674.574
27370.4,673.266
27390.3,672.048
27410.2,670.83
27430.1,669.612
27450,668.394
27469.9,667.176
27489.8,665.958
27509.7,664.74
27529.6,663.522
27549.5,662.304
27569.4,661.086
27589.3,659.868
27609.2,658.65
27629.1,657.432
27649,656.214
27668.9,654.996
27688.8,653.778
27708.7,652.56
27728.6,651.342
27748.5,650.124
27768.5,648.906
27788.4,647.688
27808.3,646.47
27828.2,645.252
27848.1,644.034
27868,642.816
27887.9,641.598
27907.8,640.38
27927.7,639.22
27947.6,638.067
27967.5,636.914
27987.4,635.762
28007.3,634.609
28027.2,633.456
28047.1,632.303
28067,631.15
28086.9,629.998
28106.8,628.845
28126.7,627.692
28146.6,626.539
28166.5,625.387
28186.4,624.234
28206.3,623.081
28226.2,621.928
28246.1,620.776
28266.1,619.623
28286,618.47
28305.9,617.317
28325.8,616.165
28345.7,615.012
28365.6,613.859
28385.5,612.706
28405.4,611.554
28425.3,610.401
28445.2,609.248
28465.1,608.169
28485,607.114
28504.9,606.06
28524.8,605.005
28544.7,603.95
28564.6,602.895
28584.5,601.84
28604.4,600.785
28624.3,599.73
28644.2,598.675
28664.1,597.62
28684,596.565
28703.9,595.51
28723.8,594.455
28743.8,593.4
28763.7,592.345
28783.6,591.29
28803.5,590.235
28823.4,589.18
28843.3,588.125
28863.2,587.07
28883.1,586.015
28903,584.96
28922.9,583.905
28942.8,582.85
28962.7,581.796
28982.6,580.741
29002.5,579.685
29022.4,578.673
29042.3,577.686
29062.2,576.699
29082.1,575.712
29102,574.725
29121.9,573.738
29141.8,572.751
29161.7,571.764
29181.6,570.777
29201.5,569.79
29221.4,568.803
29241.3,567.816
29261.3,566.829
29281.2,565.842
29301.1,564.855
29321,563.868
29340.9,562.881
29360.8,561.894
29380.7,560.907
29400.6,559.92
29420.5,558.933
29440.4,557.946
29460.3,556.959
29480.2,555.972
29500.1,554.985
29520,553.998
29539.9,553.011
29559.8,552.024
29579.7,551.037
29599.6,550.094
29619.5,549.151
29639.4,548.209
29659.3,547.267
29679.2,546.324
29699.1,545.382
29719,544.44
29738.9,543.497
29758.8,542.555
29778.8,541.612
29798.7,540.67
29818.6,539.728
29838.5,538.785
29858.4,537.843
29878.3,536.9
29898.2,535.958
29918.1,535.016
29938,534.073
29957.9,533.131
29977.8,532.188
29997.7,531.246
30017.6,530.306
30037.5,529.366
30057.4,528.427
30077.3,527.487
30097.2,526.548
30117.1,525.608
30137,524.668
30156.9,523.751
30176.8,522.875
30196.7,521.999
30216.6,521.123
30236.5,520.247
30256.5,519.371
30276.4,518.496
30296.3,517.62
30316.2,516.744
30336.1,515.868
30356,514.992
30375.9,514.116
30395.8,513.24
30415.7,512.364
30435.6,511.488
30455.5,510.612
30475.4,509.736
30495.3,508.861
30515.2,507.985
30535.1,507.109
30555,506.233
30574.9,505.357
30594.8,504.481
30614.7,503.605
30634.6,502.729
30654.5,501.853
30674.4,500.977
30694.3,500.102
30714.2,499.226
30734.1,498.35
30754.1,497.515
30774,496.696
30793.9,495.878
30813.8,495.06
30833.7,494.242
30853.6,493.423
30873.5,492.605
30893.4,491.787
30913.3,490.969
30933.2,490.15
30953.1,489.332
30973,488.514
30992.9,487.696
31012.8,486.877
31032.7,486.059
31052.6,485.241
31072.5,484.423
31092.4,483.604
31112.3,482.786
31132.2,481.968
31152.1,481.15
31172,480.331
31191.9,479.513
31211.8,478.695
31231.7,477.877
31251.7,477.058
31271.6,476.24
31291.5,475.422
31311.4,474.604
31331.3,473.786
31351.2,473.004
31371.1,472.252
31391,471.5
31410.9,470.748
31430.8,469.996
31450.7,469.244
31470.6,468.492
31490.5,467.74
31510.4,466.988
31530.3,466.236
31550.2,465.484
31570.1,464.732
31590,463.98
31609.9,463.228
31629.8,462.476
31649.7,461.723
31669.6,460.971
31689.5,460.219
31709.4,459.467
31729.3,458.715
31749.2,457.963
31769.2,457.211
31789.1,456.459
31809,455.707
31828.9,454.955
31848.8,454.203
31868.7,453.451
31888.6,452.699
31908.5,451.947
31928.4,451.195
31948.3,450.443
31968.2,449.706
31988.1,448.992
32008,448.278
32027.9,447.564
32047.8,446.849
32067.7,446.135
32087.6,445.421
32107.5,444.707
32127.4,443.993
32147.3,443.279
32167.2,442.564
32187.1,441.85
32207,441.136
32226.9,440.422
32246.8,439.708
32266.8,438.993
32286.7,438.279
32306.6,437.565
32326.5,436.851
32346.4,436.137
32366.3,435.423
32386.2,434.708
32406.1,433.994
32426,433.28
32445.9,432.566
32465.8,431.852
32485.7,431.138
32505.6,430.423
32525.5,429.709
32545.4,428.995
32565.3,428.281
32585.2,427.582
32605.1,426.925
32625,426.268
32644.9,425.611
32664.8,424.954
32684.7,424.297
32704.6,423.64
32724.5,422.983
32744.4,422.326
32764.4,421.669
32784.3,421.012
32804.2,420.355
32824.1,419.698
32844,419.041
32863.9,418.384
32883.8,417.727
32903.7,417.07
32923.6,416.413
32943.5,415.756
32963.4,415.099
32983.3,414.442
33003.2,413.785
33023.1,413.128
33043,412.471
33062.9,411.814
33082.8,411.157
33102.7,410.5
33122.6,409.843
33142.5,409.186
33162.4,408.529
33182.3,407.872
33202.2,407.215
33222.1,406.562
33242,405.946
33262,405.33
33281.9,404.714
33301.8,404.098
33321.7,403.482
33341.6,402.865
33361.5,402.249
33381.4,401.633
33401.3,401.017
33421.2,400.401
33441.1,399.784
33461,399.168
33480.9,398.552
33500.8,397.936
33520.7,397.32
33540.6,396.704
33560.5,396.088
33580.4,395.471
33600.3,394.855
33620.2,394.239
33640.1,393.623
33660,393.007
33679.9,392.391
33699.8,391.774
33719.7,391.158
33739.6,390.542
33759.6,389.926
33779.5,389.31
33799.4,388.694
33819.3,388.077
33839.2,387.461
33859.1,386.845
33879,386.248
33898.9,385.673
33918.8,385.098
33938.7,384.523
33958.6,383.948
33978.5,383.374
33998.4,382.799
34018.3,382.224
34038.2,381.649
34058.1,381.074
34078,380.5
34097.9,379.925
34117.8,379.35
34137.7,378.775
34157.6,378.2
34177.5,377.626
34197.4,377.051
34217.3,376.476
34237.2,375.901
34257.2,375.326
34277.1,374.752
34297,374.177
34316.9,373.602
34336.8,373.027
34356.7,372.452
34376.6,371.878
34396.5,371.303
34416.4,370.728
34436.3,370.153
34456.2,369.578
34476.1,369.004
34496,368.429
34515.9,367.854
34535.8,367.292
34555.7,366.762
34575.6,366.232
34595.5,365.701
34615.4,365.171
34635.3,364.641
34655.2,364.111
34675.1,363.58
34695,363.05
34714.9,362.52
34734.8,361.99
34754.8,361.46
34774.7,360.929
34794.6,360.399
34814.5,359.869
34834.4,359.338
34854.3,358.808
34874.2,358.278
34894.1,357.748
34914,357.217
34933.9,356.687
34953.8,356.157
34973.7,355.627
34993.6,355.096
35013.5,354.566
35033.4,354.036
35053.3,353.506
35073.2,352.975
35093.1,352.445
35113,351.915
35132.9,351.385
35152.8,350.854
35172.7,350.324
35192.6,349.794
35212.5,349.267
35232.4,348.763
35252.4,348.258
35272.3,347.754
35292.2,347.249
35312.1,346.745
35332,346.241
35351.9,345.736
35371.8,345.232
35391.7,344.728
35411.6,344.223
35431.5,343.719
35451.4,343.215
35471.3,342.71
35491.2,342.206
35511.1,341.702
35531,341.197
35550.9,340.693
35570.8,340.189
35590.7,339.684
35610.6,339.18
35630.5,338.676
35650.4,338.171
35670.3,337.667
35690.2,337.163
35710.1,336.658
35730,336.154
35749.9,335.65
35769.9,335.145
35789.8,334.641
35809.7,334.137
35829.6,333.632
35849.5,333.128
35869.4,332.623
35889.3,332.119
35909.2,331.659
35929.1,331.201
35949,330.743
35968.9,330.285
35988.8,329.826
36008.7,329.368
36028.6,328.91
36048.5,328.452
36068.4,327.993
36088.3,327.535
36108.2,327.077
36128.1,326.619
36148,326.16
36167.9,325.702
36187.8,325.244
36207.7,324.786
36227.6,324.328
36247.6,323.869
36267.5,323.411
36287.4,322.953
36307.3,322.495
36327.2,322.036
36347.1,321.578
36367,321.12
36386.9,320.662
36406.8,320.204
36426.7,319.745
36446.6,319.287
36466.5,318.829
36486.4,318.371
36506.3,317.912
36526.2,317.454
36546.1,316.996
36566,316.538
36585.9,316.08
36605.8,315.628
36625.7,315.193
36645.6,314.758
36665.5,314.323
36685.4,313.888
36705.3,313.453
36725.2,313.018
36745.1,312.583
36765.1,312.148
36785,311.713
36804.9,311.278
36824.8,310.842
36844.7,310.407
36864.6,309.972
36884.5,309.537
36904.4,309.102
36924.3,308.667
36944.2,308.232
36964.1,307.797
36984,307.362
37003.9,306.927
37023.8,306.492
37043.7,306.057
37063.6,305.622
37083.5,305.187
37103.4,304.751
37123.3,304.316
37143.2,303.881
37163.1,303.446
37183,303.011
37202.9,302.576
37222.8,302.141
37242.7,301.706
37262.7,301.271
37282.6,300.836
37302.5,300.401
37322.4,299.986
37342.3,299.584
37362.2,299.182
37382.1,298.78
37402,298.377
37421.9,297.975
37441.8,297.573
37461.7,297.171
37481.6,296.768
37501.5,296.366
37521.4,295.964
37541.3,295.562
37561.2,295.16
37581.1,294.757
37601,294.355
37620.9,293.953
37640.8,293.551
37660.7,293.148
37680.6,292.746
37700.5,292.344
37720.4,291.942
37740.3,291.539
37760.3,291.137
37780.2,290.735
37800.1,290.333
37820,289.931
37839.9,289.528
37859.8,289.126
37879.7,288.724
37899.6,288.322
37919.5,287.919
37939.4,287.517
37959.3,287.115
37979.2,286.713
37999.1,286.311
38019,285.908
38038.9,285.506
38058.8,285.132
38078.7,284.759
38098.6,284.386
38118.5,284.014
38138.4,283.641
38158.3,283.268
38178.2,282.895
38198.1,282.523
38218,282.15
38237.9,281.777
38257.9,281.405
38277.8,281.032
38297.7,280.659
38317.6,280.286
38337.5,279.914
38357.4,279.541
38377.3,279.168
38397.2,278.796
38417.1,278.423
38437,278.05
38456.9,277.677
38476.8,277.305
38496.7,276.932
38516.6,276.559
38536.5,276.187
38556.4,275.814
38576.3,275.441
38596.2,275.068
38616.1,274.696
38636,274.323
38655.9,273.95
38675.8,273.578
38695.7,273.205
38715.6,272.832
38735.5,272.46
38755.5,272.087
38775.4,271.714
38795.3,271.346
38815.2,270.992
38835.1,270.639
38855,270.285
38874.9,269.931
38894.8,269.577
38914.7,269.223
38934.6,268.869
38954.5,268.515
38974.4,268.161
38994.3,267.807
39014.2,267.453
39034.1,267.099
39054,266.745
39073.9,266.391
39093.8,266.038
39113.7,265.684
39133.6,265.33
39153.5,264.976
39173.4,264.622
39193.3,264.268
39213.2,263.914
39233.1,263.56
39253.1,263.206
39273,262.852
39292.9,262.498
39312.8,262.145
39332.7,261.791
39352.6,261.437
39372.5,261.083
39392.4,260.729
39412.3,260.375
39432.2,260.021
39452.1,259.667
39472,259.313
39491.9,258.959
39511.8,258.605
39531.7,258.251
39551.6,257.913
39571.5,257.586
39591.4,257.26
39611.3,256.933
39631.2,256.606
39651.1,256.279
39671,255.952
39690.9,255.626
39710.8,255.299
39730.7,254.972
39750.6,254.645
39770.6,254.318
39790.5,253.991
39810.4,253.665
39830.3,253.338
39850.2,253.011
39870.1,252.684
39890,252.357
39909.9,252.031
39929.8,251.704
39949.7,251.377
39969.6,251.05
39989.5,250.723
40009.4,250.4
40029.3,250.081
40049.2,249.761
40069.1,249.442
40089,249.123
40108.9,248.803
40128.8,248.484
40148.7,248.165
40168.6,247.845
40188.5,247.526
40208.4,247.207
40228.3,246.887
40248.3,246.568
40268.2,246.249
40288.1,245.93
40308,245.61
40327.9,245.296
40347.8,244.99
40367.7,244.684
40387.6,244.377
40407.5,244.071
40427.4,243.765
40447.3,243.458
40467.2,243.152
40487.1,242.846
40507,242.54
40526.9,242.233
40546.8,241.927
40566.7,241.621
40586.6,241.315
40606.5,241.008
40626.4,240.702
40646.3,240.396
40666.2,240.09
40686.1,239.783
40706,239.477
40725.9,239.171
40745.9,238.864
40765.8,238.558
40785.7,238.252
40805.6,237.946
40825.5,237.639
40845.4,237.333
40865.3,237.027
40885.2,236.721
40905.1,236.414
40925,236.108
40944.9,235.802
40964.8,235.496
40984.7,235.189
41004.6,234.883
41024.5,234.577
41044.4,234.271
41064.3,233.964
41084.2,233.658
41104.1,233.352
41124,233.06
41143.9,232.773
41163.8,232.487
41183.7,232.201
41203.6,231.914
41223.5,231.628
41243.4,231.342
41263.4,231.055
41283.3,230.769
41303.2,230.483
41323.1,230.197
41343,229.91
41362.9,229.624
41382.8,229.338
41402.7,229.052
41422.6,228.765
41442.5,228.479
41462.4,228.193
41482.3,227.906
41502.2,227.62
41522.1,227.334
41542,227.048
41561.9,226.761
41581.8,226.475
41601.7,226.189
41621.6,225.902
41641.5,225.616
41661.4,225.33
41681.3,225.044
41701.2,224.757
41721.1,224.471
41741,224.185
41760.9,223.898
41780.9,223.612
41800.8,223.326
41820.7,223.04
41840.6,222.753
41860.5,222.467
41880.4,222.181
41900.3,221.894
41920.2,221.619
41940.1,221.354
41960,221.089
41979.9,220.824
41999.8,220.559
42019.7,220.294
42039.6,220.029
42059.5,219.764
42079.4,219.499
42099.3,219.234
42119.2,218.969
42139.1,218.704
42159,218.439
42178.9,218.174
42198.8,217.909
42218.7,217.644
42238.6,217.379
42258.6,217.114
42278.5,216.849
42298.4,216.584
42318.3,216.319
42338.2,216.054
42358.1,215.789
42378,215.524
42397.9,215.259
42417.8,214.994
42437.7,214.729
42457.6,214.465
42477.5,214.2
42497.4,213.935
42517.3,213.67
42537.2,213.405
42557.1,213.14
42577,212.875
42596.9,212.61
42616.8,212.345
42636.7,212.08
42656.6,211.815
42676.5,211.55
42696.4,211.285
42716.3,211.02
42736.3,210.759
42756.2,210.509
42776.1,210.258
42796,210.008
42815.9,209.757
42835.8,209.507
42855.7,209.257
42875.6,209.006
42895.5,208.756
42915.4,208.505
42935.3,208.255
42955.2,208.004
42975.1,207.754
42995,207.503
43014.9,207.253
43034.8,207.002
43054.7,206.752
43074.6,206.501
43094.5,206.251
43114.4,206
43134.3,205.75
43154.2,205.5
43174.1,205.249
43194,204.999
43213.9,204.748
43233.8,204.498
43253.8,204.247
43273.7,203.997
43293.6,203.746
43313.5,203.496
43333.4,203.245
43353.3,202.995
43373.2,202.744
43393.1,202.494
43413,202.243
43432.9,201.993
43452.8,201.743
43472.7,201.492
43492.6,201.242
43512.5,200.991
43532.4,200.741
43552.3,200.49
43572.2,200.253
43592.1,200.025
43612,199.797
43631.9,199.569
43651.8,199.341
43671.7,199.113
43691.6,198.885
43711.5,198.657
43731.4,198.429
43751.3,198.201
43771.3,197.973
43791.2,197.745
43811.1,197.517
43831,197.289
43850.9,197.06
43870.8,196.832
43890.7,196.604
43910.6,196.376
43930.5,196.148
43950.4,195.92
43970.3,195.692
43990.2,195.464
44010.1,195.236
44030,195.008
44049.9,194.78
44069.8,194.552
44089.7,194.324
44109.6,194.096
44129.5,193.867
44149.4,193.639
44169.3,193.411
44189.2,193.183
44209.1,192.955
44229,192.727
44248.9,192.499
44268.9,192.271
44288.8,192.043
44308.7,191.815
44328.6,191.587
44348.5,191.359
44368.4,191.131
44388.3,190.902
44408.2,190.674
44428.1,190.451
44448,190.234
44467.9,190.016
44487.8,189.799
44507.7,189.582
44527.6,189.365
44547.5,189.148
44567.4,188.931
44587.3,188.714
44607.2,188.496
44627.1,188.279
44647,188.062
44666.9,187.845
44686.8,187.628
44706.7,187.411
44726.6,187.194
44746.6,186.976
44766.5,186.759
44786.4,186.542
44806.3,186.325
44826.2,186.108
44846.1,185.891
44866,185.674
44885.9,185.456
44905.8,185.239
44925.7,185.022
44945.6,184.805
44965.5,184.588
44985.4,184.371
45005.3,184.154
45025.2,183.936
45045.1,183.719
45065,183.502
45084.9,183.285
45104.8,183.068
45124.7,182.851
45144.6,182.633
45164.5,182.416
45184.4,182.199
45204.3,181.982
45224.2,181.765
45244.1,181.548
45264.1,181.331
45284,181.117
45303.9,180.918
45323.8,180.718
45343.7,180.519
45363.6,180.32
45383.5,180.121
45403.4,179.921
45423.3,179.722
45443.2,179.523
45463.1,179.324
45483,179.124
45502.9,178.925
45522.8,178.726
45542.7,178.527
45562.6,178.327
45582.5,178.128
45602.4,177.929
45622.3,177.729
45642.2,177.53
45662.1,177.331
45682,177.132
45701.9,176.932
45721.8,176.733
45741.7,176.534
45761.7,176.335
45781.6,176.135
45801.5,175.936
45821.4,175.737
45841.3,175.537
45861.2,175.338
45881.1,175.139
45901,174.94
45920.9,174.74
45940.8,174.541
45960.7,174.342
45980.6,174.143
46000.5,173.943
46020.4,173.744
46040.3,173.545
46060.2,173.345
46080.1,173.146
46100,172.947
46119.9,172.748
46139.8,172.548
46159.7,172.349
46179.6,172.156
46199.5,171.969
46219.4,171.783
46239.3,171.596
46259.3,171.41
46279.2,171.223
46299.1,171.036
46319,170.85
46338.9,170.663
46358.8,170.476
46378.7,170.29
46398.6,170.103
46418.5,169.917
46438.4,169.73
46458.3,169.543
46478.2,169.357
46498.1,169.17
46518,168.983
46537.9,168.797
46557.8,168.61
46577.7,168.424
46597.6,168.237
46617.5,168.05
46637.4,167.864
46657.3,167.677
46677.2,167.491
46697.1,167.304
46717,167.117
46736.9,166.931
46756.9,166.744
46776.8,166.557
46796.7,166.371
46816.6,166.184
46836.5,165.998
46856.4,165.811
46876.3,165.624
46896.2,165.438
46916.1,165.251
46936,165.065
46955.9,164.878
46975.8,164.691
46995.7,164.505
47015.6,164.318
47035.5,164.131
47055.4,163.945
47075.3,163.762
47095.2,163.588
47115.1,163.414
47135,163.241
47154.9,163.067
47174.8,162.894
47194.7,162.72
47214.6,162.546
47234.5,162.373
47254.5,162.199
47274.4,162.025
47294.3,161.852
47314.2,161.678
47334.1,161.505
47354,161.331
47373.9,161.157
47393.8,160.984
47413.7,160.81
47433.6,160.636
47453.5,160.463
47473.4,160.289
47493.3,160.116
47513.2,159.942
47533.1,159.768
47553,159.595
47572.9,159.421
47592.8,159.248
47612.7,159.074
47632.6,158.9
47652.5,158.727
47672.4,158.553
47692.3,158.379
47712.2,158.206
47732.1,158.032
47752.1,157.859
47772,157.685
47791.9,157.511
47811.8,157.338
47831.7,157.164
47851.6,156.99
47871.5,156.817
47891.4,156.643
47911.3,156.47
47931.2,156.296
47951.1,156.122
47971,155.949
47990.9,155.776
48010.8,155.613
48030.7,155.451
48050.6,155.288
48070.5,155.126
48090.4,154.963
48110.3,154.801
48130.2,154.639
48150.1,154.476
48170,154.314
48189.9,154.151
48209.8,153.989
48229.7,153.826
48249.6,153.664
48269.6,153.501
48289.5,153.339
48309.4,153.177
48329.3,153.014
48349.2,152.852
48369.1,152.689
48389,152.527
48408.9,152.364
48428.8,152.202
48448.7,152.04
48468.6,151.877
48488.5,151.715
48508.4,151.552
48528.3,151.39
48548.2,151.227
48568.1,151.065
48588,150.903
48607.9,150.74
48627.8,150.578
48647.7,150.415
48667.6,150.253
48687.5,150.09
48707.4,149.928
48727.3,149.766
48747.3,149.603
48767.2,149.441
48787.1,149.278
48807,149.116
48826.9,148.953
48846.8,148.791
48866.7,148.629
48886.6,148.466
48906.5,148.304
48926.4,148.141
48946.3,147.99
48966.2,147.84
48986.1,147.691
49006,147.542
49025.9,147.393
49045.8,147.243
49065.7,147.094
49085.6,146.945
49105.5,146.796
49125.4,146.646
49145.3,146.497
49165.2,146.348
49185.1,146.198
49205,146.049
49224.9,145.9
49244.8,145.751
49264.8,145.601
49284.7,145.452
49304.6,145.303
49324.5,145.154
49344.4,145.004
49364.3,144.855
49384.2,144.706
49404.1,144.557
49424,144.407
49443.9,144.258
49463.8,144.109
49483.7,143.96
49503.6,143.81
49523.5,143.661
49543.4,143.512
49563.3,143.363
49583.2,143.213
49603.1,143.064
49623,142.915
49642.9,142.765
49662.8,142.616
49682.7,142.467
49702.6,142.318
49722.5,142.168
49742.4,142.019
49762.4,141.87
49782.3,141.721
49802.2,141.571
49822.1,141.422
49842,141.273
49861.9,141.124
49881.8,140.974
49901.7,140.825
49921.6,140.676
49941.5,140.526
49961.4,140.377
49981.3,140.227
50001.2,140.078
50021.1,139.936
50041,139.794
50060.9,139.652
50080.8,139.51
50100.7,139.368
50120.6,139.226
50140.5,139.084
50160.4,138.942
50180.3,138.8
50200.2,138.658
50220.1,138.516
50240,138.374
50260,138.232
50279.9,138.09
50299.8,137.948
50319.7,137.806
50339.6,137.663
50359.5,137.521
50379.4,137.379
50399.3,137.237
50419.2,137.095
50439.1,136.953
50459,136.811
50478.9,136.669
50498.8,136.527
50518.7,136.385
50538.6,136.243
50558.5,136.101
50578.4,135.959
50598.3,135.817
50618.2,135.675
50638.1,135.533
50658,135.391
50677.9,135.249
50697.8,135.107
50717.7,134.965
50737.6,134.823
50757.6,134.681
50777.5,134.539
50797.4,134.397
50817.3,134.255
50837.2,134.113
50857.1,133.971
50877,133.838
50896.9,133.708
50916.8,133.578
50936.7,133.447
50956.6,133.317
50976.5,133.187
50996.4,133.056
51016.3,132.926
51036.2,132.796
51056.1,132.665
51076,132.535
51095.9,132.404
51115.8,132.274
51135.7,132.144
51155.6,132.013
51175.5,131.883
51195.4,131.753
51215.3,131.622
51235.3,131.492
51255.2,131.361
51275.1,131.231
51295,131.101
51314.9,130.97
51334.8,130.84
51354.7,130.71
51374.6,130.579
51394.5,130.449
51414.4,130.318
51434.3,130.188
51454.2,130.058
51474.1,129.927
51494,129.797
51513.9,129.667
51533.8,129.536
51553.7,129.406
51573.6,129.276
51593.5,129.145
51613.4,129.015
51633.3,128.884
51653.2,128.754
51673.1,128.624
51693,128.493
51712.9,128.363
51732.8,128.233
51752.8,128.102
51772.7,127.972
51792.6,127.841
51812.5,127.711
51832.4,127.581
51852.3,127.45
51872.2,127.324
51892.1,127.201
51912,127.078
51931.9,126.955
51951.8,126.831
51971.7,126.708
51991.6,126.585
52011.5,126.461
52031.4,126.338
52051.3,126.215
52071.2,126.092
52091.1,125.968
52111,125.845
52130.9,125.722
52150.8,125.599
52170.7,125.475
52190.6,125.352
52210.5,125.229
52230.4,125.106
52250.3,124.982
52270.3,124.859
52290.2,124.736
52310.1,124.612
52330,124.489
52349.9,124.366
52369.8,124.243
52389.7,124.119
52409.6,123.996
52429.5,123.873
52449.4,123.75
52469.3,123.626
52489.2,123.503
52509.1,123.38
52529,123.257
52548.9,123.133
52568.8,123.01
52588.7,122.887
52608.6,122.763
52628.5,122.64
52648.4,122.517
52668.3,122.394
52688.2,122.27
52708.1,122.147
52728,122.024
52747.9,121.901
52767.9,121.777
52787.8,121.654
52807.7,121.531
52827.6,121.408
52847.5,121.284
52867.4,121.161
52887.3,121.046
52907.2,120.932
52927.1,120.818
52947,120.704
52966.9,120.59
52986.8,120.475
53006.7,120.361
53026.6,120.247
53046.5,120.133
53066.4,120.019
53086.3,119.905
53106.2,119.791
53126.1,119.677
53146,119.563
53165.9,119.449
53185.8,119.335
53205.7,119.221
53225.6,119.107
53245.5,118.993
53265.4,118.879
53285.4,118.765
53305.3,118.65
53325.2,118.536
53345.1,118.422
53365,118.308
53384.9,118.194
53404.8,118.08
53424.7,117.966
53444.6,117.852
53464.5,117.738
53484.4,117.624
53504.3,117.51
53524.2,117.396
53544.1,117.282
53564,117.168
53583.9,117.054
53603.8,116.94
53623.7,116.825
53643.6,116.711
53663.5,116.597
53683.4,116.483
53703.3,116.369
53723.2,116.255
53743.1,116.141
53763.1,116.027
53783,115.913
53802.9,115.799
53822.8,115.685
53842.7,115.571
53862.6,115.457
53882.5,115.343
53902.4,115.229
53922.3,115.119
53942.2,115.013
53962.1,114.907
53982,114.801
54001.9,114.694
54021.8,114.588
54041.7,114.482
54061.6,114.375
54081.5,114.269
54101.4,114.163
54121.3,114.057
54141.2,113.95
54161.1,113.844
54181,113.738
54200.9,113.632
54220.8,113.525
54240.8,113.419
54260.7,113.313
54280.6,113.207
54300.5,113.1
54320.4,112.994
54340.3,112.888
54360.2,112.781
54380.1,112.675
54400,112.569
54419.9,112.463
54439.8,112.356
54459.7,112.25
54479.6,112.144
54499.5,112.038
54519.4,111.931
54539.3,111.825
54559.2,111.719
54579.1,111.613
54599,111.506
54618.9,111.4
54638.8,111.294
54658.7,111.188
54678.6,111.081
54698.5,110.975
54718.4,110.869
54738.3,110.762
54758.3,110.656
54778.2,110.55
54798.1,110.444
54818,110.337
54837.9,110.231
54857.8,110.125
54877.7,110.019
54897.6,109.912
54917.5,109.806
54937.4,109.7
54957.3,109.594
54977.2,109.493
54997.1,109.393
55017,109.293
55036.9,109.193
55056.8,109.093
55076.7,108.993
55096.6,108.893
55116.5,108.794
55136.4,108.694
55156.3,108.594
55176.2,108.494
55196.1,108.394
55216,108.294
55235.9,108.194
55255.9,108.094
55275.8,107.994
55295.7,107.895
55315.6,107.795
55335.5,107.695
55355.4,107.595
55375.3,107.495
55395.2,107.395
55415.1,107.295
55435,107.195
55454.9,107.095
55474.8,106.996
55494.7,106.896
55514.6,106.796
55534.5,106.696
55554.4,106.596
55574.3,106.496
55594.2,106.396
55614.1,106.296
55634,106.196
55653.9,106.097
55673.8,105.997
55693.7,105.897
55713.6,105.797
55733.6,105.697
55753.5,105.597
55773.4,105.497
55793.3,105.397
55813.2,105.297
55833.1,105.198
55853,105.098
55872.9,104.998
55892.8,104.898
55912.7,104.798
55932.6,104.698
55952.5,104.598
55972.4,104.498
55992.3,104.399
56012.2,104.299
56032.1,104.2
56052,104.108
56071.9,104.016
56091.8,103.924
56111.7,103.832
56131.6,103.74
56151.5,103.649
56171.4,103.557
56191.3,103.465
56211.2,103.373
56231.1,103.281
56251,103.19
56271,103.098
56290.9,103.006
56310.8,102.914
56330.7,102.822
56350.6,102.73
56370.5,102.639
56390.4,102.547
56410.3,102.455
56430.2,102.363
56450.1,102.271
56470,102.179
56489.9,102.088
56509.8,101.996
56529.7,101.904
56549.6,101.812
56569.5,101.72
56589.4,101.629
56609.3,101.537
56629.2,101.445
56649.1,101.353
56669,101.261
56688.9,101.169
56708.8,101.078
56728.7,100.986
56748.6,100.894
56768.6,100.802
56788.5,100.71
56808.4,100.618
56828.3,100.527
56848.2,100.435
56868.1,100.343
56888,100.251
56907.9,100.159
56927.8,100.067
56947.7,99.9756
56967.6,99.8838
56987.5,99.792
57007.4,99.7002
57027.3,99.6083
57047.2,99.5165
57067.1,99.4247
57087,99.3329
57106.9,99.241
57126.8,99.1492
57146.7,99.0632
57166.6,98.9782
57186.5,98.8933
57206.4,98.8083
57226.3,98.7234
57246.2,98.6385
57266.2,98.5535
57286.1,98.4686
57306,98.3836
57325.9,98.2987
57345.8,98.2137
57365.7,98.1288
57385.6,98.0439
57405.5,97.9589
57425.4,97.874
57445.3,97.7891
57465.2,97.7041
57485.1,97.6191
57505,97.5342
57524.9,97.4493
57544.8,97.3643
57564.7,97.2794
57584.6,97.1944
57604.5,97.1095
57624.4,97.0246
57644.3,96.9396
57664.2,96.8547
57684.1,96.7697
57704,96.6848
57723.9,96.5998
57743.8,96.5149
57763.8,96.43
57783.7,96.345
57803.6,96.2601
57823.5,96.1751
57843.4,96.0902
57863.3,96.0052
57883.2,95.9203
57903.1,95.8354
57923,95.7504
57942.9,95.6655
57962.8,95.5806
57982.7,95.4956
58002.6,95.4107
58022.5,95.3257
58042.4,95.2408
58062.3,95.1558
58082.2,95.0709
58102.1,94.9859
58122,94.901
58141.9,94.8161
58161.8,94.7311
58181.7,94.6462
58201.6,94.5612
58221.5,94.4763
58241.4,94.3913
58261.4,94.309
58281.3,94.2287
58301.2,94.1483
58321.1,94.0679
58341,93.9876
58360.9,93.9072
58380.8,93.8269
58400.7,93.7465
58420.6,93.6661
58440.5,93.5858
58460.4,93.5054
58480.3,93.4251
58500.2,93.3447
58520.1,93.2643
58540,93.184
58559.9,93.1036
58579.8,93.0232
58599.7,92.9429
58619.6,92.8625
58639.5,92.7822
58659.4,92.7018
58679.3,92.6215
58699.2,92.5411
58719.1,92.4607
58739.1,92.3803
58759,92.3
58778.9,92.2196
58798.8,92.1393
58818.7,92.0589
58838.6,91.9786
58858.5,91.8982
58878.4,91.8178
58898.3,91.7375
58918.2,91.6571
58938.1,91.5767
58958,91.4964
58977.9,91.416
58997.8,91.3357
59017.7,91.2553
59037.6,91.1749
59057.5,91.0946
59077.4,91.0142
59097.3,90.9339
59117.2,90.8535
59137.1,90.7731
59157,90.6928
59176.9,90.6124
59196.8,90.5321
59216.7,90.4517
59236.6,90.3713
59256.6,90.291
59276.5,90.2106
59296.4,90.1302
59316.3,90.0499
59336.2,89.9695
59356.1,89.8892
59376,89.8088
59395.9,89.7294
59415.8,89.6524
59435.7,89.5754
59455.6,89.4984
59475.5,89.4214
59495.4,89.3444
59515.3,89.2673
59535.2,89.1903
59555.1,89.1133
59575,89.0363
59594.9,88.9593
59614.8,88.8822
59634.7,88.8052
59654.6,88.7282
59674.5,88.6512
59694.4,88.5742
59714.3,88.4972
59734.3,88.4201
59754.2,88.3431
59774.1,88.2661
59794,88.1891
59813.9,88.1121
59833.8,88.0351
59853.7,87.9581
59873.6,87.881
59893.5,87.804
59913.4,87.727
59933.3,87.65
59953.2,87.573
59973.1,87.4959
59993,87.4189
60012.9,87.3448
60032.8,87.2722
60052.7,87.1996
60072.6,87.127
60092.5,87.0543
60112.4,86.9817
60132.3,86.9091
60152.2,86.8365
60172.1,86.7639
60192,86.6913
60211.9,86.6187
60231.8,86.5461
60251.7,86.4735
60271.7,86.4009
60291.6,86.3283
60311.5,86.2557
60331.4,86.1831
60351.3,86.1105
60371.2,86.0379
60391.1,85.9653
60411,85.8927
60430.9,85.82
60450.8,85.7474
60470.7,85.6748
60490.6,85.6022
60510.5,85.5296
60530.4,85.457
60550.3,85.3845
60570.2,85.3148
60590.1,85.2451
60610,85.1754
60629.9,85.1057
60649.8,85.0361
60669.7,84.9664
60689.6,84.8967
60709.5,84.8271
60729.4,84.7574
60749.3,84.6877
60769.3,84.6181
60789.2,84.5484
60809.1,84.4787
60829,84.409
60848.9,84.3393
60868.8,84.2697
60888.7,84.2
60908.6,84.1303
60928.5,84.0606
60948.4,83.991
60968.3,83.9213
60988.2,83.8516
61008.1,83.782
61028,83.7123
61047.9,83.6426
61067.8,83.5729
61087.7,83.5033
61107.6,83.4336
61127.5,83.3639
61147.4,83.2942
61167.3,83.2245
61187.2,83.1549
61207.1,83.0852
61227,83.0155
61246.9,82.9459
61266.9,82.8762
61286.8,82.8065
61306.7,82.7368
61326.6,82.6672
61346.5,82.5975
61366.4,82.5278
61386.3,82.4581
61406.2,82.3885
61426.1,82.3188
61446,82.2491
61465.9,82.1795
61485.8,82.1098
61505.7,82.0401
61525.6,81.9704
61545.5,81.9007
61565.4,81.8311
61585.3,81.7614
61605.2,81.6917
61625.1,81.6221
61645,81.5524
61664.9,81.4827
61684.8,81.413
61704.7,81.3433
61724.6,81.2737
61744.5,81.2074
61764.5,81.1424
61784.4,81.0773
61804.3,81.0123
61824.2,80.9473
61844.1,80.8822
61864,80.8172
61883.9,80.7522
61903.8,80.6871
61923.7,80.6221
61943.6,80.5571
61963.5,80.492
61983.4,80.427
62003.3,80.3619
62023.2,80.2969
62043.1,80.2319
62063,80.1668
62082.9,80.1018
62102.8,80.0368
62122.7,79.9717
62142.6,79.9067
62162.5,79.8417
62182.4,79.7766
62202.3,79.7116
62222.2,79.6466
62242.1,79.5815
62262.1,79.5165
62282,79.4515
62301.9,79.3864
62321.8,79.3214
62341.7,79.2563
62361.6,79.1913
62381.5,79.1263
62401.4,79.0612
62421.3,78.9962
62441.2,78.9312
62461.1,78.8662
62481,78.8011
62500.9,78.7361
62520.8,78.671
62540.7,78.606
62560.6,78.541
62580.5,78.4759
62600.4,78.4109
62620.3,78.3459
62640.2,78.2808
62660.1,78.2158
62680,78.1508
62699.9,78.0857
62719.8,78.0207
62739.8,77.9557
62759.7,77.8906
62779.6,77.8256
62799.5,77.7606
62819.4,77.6955
62839.3,77.6305
62859.2,77.5655
62879.1,77.5004
62899,77.4354
62918.9,77.3703
62938.8,77.3053
62958.7,77.2449
62978.6,77.1847
62998.5,77.1246
63018.4,77.0644
63038.3,77.0042
63058.2,76.9441
63078.1,76.8839
63098,76.8238
63117.9,76.7636
63137.8,76.7034
63157.7,76.6433
63177.6,76.5831
63197.5,76.523
63217.4,76.4628
63237.3,76.4026
63257.3,76.3425
63277.2,76.2823
63297.1,76.2222
63317,76.162
63336.9,76.1019
63356.8,76.0417
63376.7,75.9816
63396.6,75.9214
63416.5,75.8612
63436.4,75.8011
63456.3,75.7409
63476.2,75.6808
63496.1,75.6206
63516,75.5605
63535.9,75.5003
63555.8,75.4401
63575.7,75.38
63595.6,75.3198
63615.5,75.2597
63635.4,75.1995
63655.3,75.1393
63675.2,75.0792
63695.1,75.019
63715,74.9589
63734.9,74.8987
63754.9,74.8385
63774.8,74.7784
63794.7,74.7182
63814.6,74.6581
63834.5,74.5979
63854.4,74.5378
63874.3,74.4776
63894.2,74.4175
63914.1,74.3573
63934,74.2971
63953.9,74.237
63973.8,74.1768
63993.7,74.1167
64013.6,74.0565
64033.5,73.9964
64053.4,73.9362
64073.3,73.876
64093.2,73.8159
64113.1,73.7557
64133,73.6955
64152.9,73.6354
64172.8,73.5756
64192.7,73.5183
64212.6,73.461
64232.5,73.4037
64252.4,73.3464
64272.4,73.2891
64292.3,73.2317
64312.2,73.1744
64332.1,73.1171
64352,73.0598
64371.9,73.0025
64391.8,72.9452
64411.7,72.8879
64431.6,72.8305
64451.5,72.7732
64471.4,72.7159
64491.3,72.6586
64511.2,72.6013
64531.1,72.544
64551,72.4866
64570.9,72.4293
64590.8,72.372
64610.7,72.3147
64630.6,72.2574
64650.5,72.2001
64670.4,72.1427
64690.3,72.0854
64710.2,72.0281
64730.1,71.9708
64750,71.9135
64770,71.8562
64789.9,71.7988
64809.8,71.7415
64829.7,71.6842
64849.6,71.6269
64869.5,71.5696
64889.4,71.5123
64909.3,71.455
64929.2,71.3976
64949.1,71.3403
64969,71.283
64988.9,71.2257
65008.8,71.1684
65028.7,71.1111
65048.6,71.0537
65068.5,70.9964
65088.4,70.9391
65108.3,70.8818
65128.2,70.8245
65148.1,70.7672
65168,70.7098
65187.9,70.6525
65207.8,70.5952
65227.7,70.5379
65247.6,70.4806
65267.6,70.4233
65287.5,70.366
65307.4,70.3086
65327.3,70.2513
65347.2,70.194
65367.1,70.1367
65387,70.0794
65406.9,70.0221
65426.8,69.9665
65446.7,69.9141
65466.6,69.8619
65486.5,69.8095
65506.4,69.7572
65526.3,69.7049
65546.2,69.6526
65566.1,69.6003
65586,69.548
65605.9,69.4957
65625.8,69.4434
65645.7,69.3911
65665.6,69.3388
65685.5,69.2865
65705.4,69.2342
65725.3,69.1819
65745.3,69.1296
65765.2,69.0773
65785.1,69.025
65805,68.9727
65824.9,68.9204
65844.8,68.8681
65864.7,68.8158
65884.6,68.7635
65904.5,68.7112
65924.4,68.6589
65944.3,68.6066
65964.2,68.5543
65984.1,68.502
66004,68.4497
66023.9,68.3974
66043.8,68.3451
66063.7,68.2928
66083.6,68.2405
66103.5,68.1882
66123.4,68.1359
66143.3,68.0836
66163.2,68.0313
66183.1,67.979
66203,67.9267
66222.9,67.8744
66242.9,67.8221
66262.8,67.7698
66282.7,67.7175
66302.6,67.6651
66322.5,67.6129
66342.4,67.5605
66362.3,67.5082
66382.2,67.4559
66402.1,67.4036
66422,67.3513
66441.9,67.299
66461.8,67.2467
66481.7,67.1944
66501.6,67.1421
66521.5,67.0898
66541.4,67.0375
66561.3,66.9852
66581.2,66.9329
66601.1,66.8806
66621,66.8283
66640.9,66.776
66660.8,66.7237
66680.7,66.6714
66700.6,66.6192
66720.5,66.5708
66740.5,66.5224
66760.4,66.474
66780.3,66.4256
66800.2,66.3772
66820.1,66.3287
66840,66.2803
66859.9,66.2319
66879.8,66.1835
66899.7,66.1351
66919.6,66.0867
66939.5,66.0383
66959.4,65.9898
66979.3,65.9414
66999.2,65.893
67019.1,65.8446
67039,65.7962
67058.9,65.7478
67078.8,65.6993
67098.7,65.6509
67118.6,65.6025
67138.5,65.5541
67158.4,65.5057
67178.3,65.4573
67198.2,65.4089
67218.1,65.3604
67238,65.312
67258,65.2636
67277.9,65.2152
67297.8,65.1668
67317.7,65.1184
67337.6,65.07
67357.5,65.0215
67377.4,64.9731
67397.3,64.9247
67417.2,64.8763
67437.1,64.8279
67457,64.7795
67476.9,64.731
67496.8,64.6826
67516.7,64.6342
67536.6,64.5858
67556.5,64.5374
67576.4,64.489
67596.3,64.4406
67616.2,64.3921
67636.1,64.3437
67656,64.2953
67675.9,64.2469
67695.8,64.1985
67715.7,64.1501
67735.6,64.1017
67755.6,64.0532
67775.5,64.0048
67795.4,63.9564
67815.3,63.908
67835.2,63.8596
67855.1,63.8112
67875,63.7627
67894.9,63.7143
67914.8,63.6659
67934.7,63.6175
67954.6,63.5691
67974.5,63.5207
67994.4,63.4723
68014.3,63.4244
68034.2,63.3785
68054.1,63.3326
68074,63.2866
68093.9,63.2407
68113.8,63.1948
68133.7,63.1489
68153.6,63.1029
68173.5,63.057
68193.4,63.0111
68213.3,62.9652
68233.2,62.9193
68253.1,62.8733
68273.1,62.8274
68293,62.7815
68312.9,62.7356
68332.8,62.6897
68352.7,62.6437
68372.6,62.5978
68392.5,62.5519
68412.4,62.506
68432.3,62.4601
68452.2,62.4141
68472.1,62.3682
68492,62.3223
68511.9,62.2764
68531.8,62.2305
68551.7,62.1845
68571.6,62.1386
68591.5,62.0927
68611.4,62.0468
68631.3,62.0009
68651.2,61.9549
68671.1,61.909
68691,61.8631
68710.9,61.8172
68730.8,61.7713
68750.8,61.7253
68770.6,61.6794
68790.6,61.6335
68810.5,61.5876
68830.4,61.5416
68850.3,61.4957
68870.2,61.4498
68890.1,61.4039
68910,61.358
68929.9,61.312
68949.8,61.2661
68969.7,61.2202
68989.6,61.1743
69009.5,61.1284
69029.4,61.0824
69049.3,61.0365
69069.2,60.9906
69089.1,60.9447
69109,60.8988
69128.9,60.8528
69148.8,60.8069
69168.7,60.761
69188.6,60.7151
69208.5,60.6692
69228.4,60.6232
69248.4,60.5773
69268.3,60.5314
69288.2,60.4855
69308.1,60.4395
69328,60.3936
69347.9,60.3492
69367.8,60.3069
69387.7,60.2646
69407.6,60.2223
69427.5,60.18
69447.4,60.1377
69467.3,60.0955
69487.2,60.0532
69507.1,60.0109
69527,59.9686
69546.9,59.9263
69566.8,59.884
69586.7,59.8418
69606.6,59.7995
69626.5,59.7572
69646.4,59.7149
69666.3,59.6726
69686.2,59.6303
69706.1,59.5881
69726,59.5458
69745.9,59.5035
69765.9,59.4612
69785.8,59.4189
69805.7,59.3767
69825.6,59.3344
69845.5,59.2921
69865.4,59.2498
69885.3,59.2075
69905.2,59.1652
69925.1,59.123
69945,59.0807
69964.9,59.0384
69984.8,58.9961
70004.7,58.9538
70024.6,58.9115
70044.5,58.8693
70064.4,58.827
70084.3,58.7847
70104.2,58.7424
70124.1,58.7001
70144,58.6579
70163.9,58.6156
70183.8,58.5733
70203.7,58.531
70223.6,58.4887
70243.5,58.4464
70263.5,58.4042
70283.4,58.3619
70303.3,58.3196
70323.2,58.2773
70343.1,58.235
70363,58.1927
70382.9,58.1505
70402.8,58.1082
70422.7,58.0659
70442.6,58.0236
70462.5,57.9813
70482.4,57.9391
70502.3,57.8968
70522.2,57.8545
70542.1,57.8122
70562,57.7699
70581.9,57.7277
70601.8,57.6854
70621.7,57.6431
70641.6,57.6008
70661.5,57.5585
70681.4,57.5163
70701.3,57.4755
70721.3,57.4359
70741.1,57.3963
70761.1,57.3568
70781,57.3172
70800.9,57.2776
70820.8,57.238
70840.7,57.1985
70860.6,57.1589
70880.5,57.1193
70900.4,57.0797
70920.3,57.0402
70940.2,57.0006
70960.1,56.961
70980,56.9214
70999.9,56.8819
71019.8,56.8423
71039.7,56.8027
71059.6,56.7631
71079.5,56.7236
71099.4,56.684
71119.3,56.6444
71139.2,56.6048
71159.1,56.5653
71179,56.5257
71198.9,56.4861
71218.8,56.4465
71238.8,56.4069
71258.7,56.3674
71278.6,56.3278
71298.5,56.2882
71318.4,56.2487
71338.3,56.2091
71358.2,56.1695
71378.1,56.1299
71398,56.0903
71417.9,56.0508
71437.8,56.0112
71457.7,55.9716
71477.6,55.932
71497.5,55.8925
71517.4,55.8529
71537.3,55.8133
71557.2,55.7737
71577.1,55.7342
71597,55.6946
71616.9,55.655
71636.8,55.6154
71656.7,55.5759
71676.6,55.5363
71696.5,55.4967
71716.4,55.4571
71736.4,55.4175
71756.3,55.378
71776.2,55.3384
71796.1,55.2988
71816,55.2593
71835.9,55.2197
71855.8,55.1801
71875.7,55.1405
71895.6,55.101
71915.5,55.0614
71935.4,55.0218
71955.3,54.9822
71975.2,54.9426
71995.1,54.9031
72015,54.8635
72034.9,54.8239
72054.8,54.7843
72074.7,54.7454
72094.6,54.7087
72114.5,54.672
72134.4,54.6352
72154.3,54.5985
72174.2,54.5618
72194.1,54.525
72214,54.4883
72233.9,54.4516
72253.9,54.4148
72273.8,54.3781
72293.7,54.3414
72313.6,54.3046
72333.5,54.2679
72353.4,54.2312
72373.3,54.1944
72393.2,54.1577
72413.1,54.121
72433,54.0842
72452.9,54.0475
72472.8,54.0107
72492.7,53.974
72512.6,53.9373
72532.5,53.9005
72552.4,53.8638
72572.3,53.8271
72592.2,53.7903
72612.1,53.7536
72632,53.7169
72651.9,53.6801
72671.8,53.6434
72691.7,53.6067
72711.6,53.5699
72731.5,53.5332
72751.4,53.4965
72771.4,53.4597
72791.3,53.423
72811.2,53.3863
72831.1,53.3495
72851,53.3128
72870.9,53.2761
72890.8,53.2393
72910.7,53.2026
72930.6,53.1659
72950.5,53.1291
72970.4,53.0924
72990.3,53.0557
73010.2,53.0189
73030.1,52.9822
73050,52.9454
73069.9,52.9087
73089.8,52.872
73109.7,52.8352
73129.6,52.7985
73149.5,52.7618
73169.4,52.725
73189.3,52.6883
73209.2,52.6516
73229.1,52.6148
73249,52.5781
73269,52.5414
73288.9,52.5046
73308.8,52.4679
73328.7,52.4312
73348.6,52.3944
73368.5,52.3577
73388.4,52.321
73408.3,52.2842
73428.2,52.2475
73448.1,52.2108
73468,52.174
73487.9,52.1383
73507.8,52.104
73527.7,52.0698
73547.6,52.0355
73567.5,52.0012
73587.4,51.967
73607.3,51.9327
73627.2,51.8985
73647.1,51.8642
73667,51.8299
73686.9,51.7957
73706.8,51.7614
73726.7,51.7272
73746.6,51.6929
73766.6,51.6587
73786.5,51.6244
73806.4,51.5902
73826.3,51.5559
73846.2,51.5216
73866.1,51.4874
73886,51.4531
73905.9,51.4189
73925.8,51.3846
73945.7,51.3504
73965.6,51.3161
73985.5,51.2819
74005.4,51.2476
74025.3,51.2133
74045.2,51.1791
74065.1,51.1448
74085,51.1106
74104.9,51.0763
74124.8,51.0421
74144.7,51.0078
74164.6,50.9735
74184.5,50.9393
74204.4,50.905
74224.3,50.8708
74244.3,50.8365
74264.2,50.8023
74284.1,50.768
74304,50.7338
74323.9,50.6995
74343.8,50.6652
74363.7,50.631
74383.6,50.5967
74403.5,50.5625
74423.4,50.5282
74443.3,50.494
74463.2,50.4597
74483.1,50.4254
74503,50.3912
74522.9,50.3569
74542.8,50.3227
74562.7,50.2884
74582.6,50.2542
74602.5,50.2199
74622.4,50.1857
74642.3,50.1514
74662.2,50.1171
74682.1,50.0829
74702,50.0486
74721.9,50.0144
74741.9,49.9801
74761.8,49.9459
74781.7,49.9116
74801.6,49.8773
74821.5,49.8431
74841.4,49.8088
74861.3,49.7746
74881.2,49.7403
74901.1,49.7061
74921,49.6719
74940.9,49.6399
74960.8,49.6079
74980.7,49.5759
75000.6,49.5438
75020.5,49.5118
75040.4,49.4798
75060.3,49.4478
75080.2,49.4158
75100.1,49.3838
75120,49.3517
75139.9,49.3197
75159.8,49.2877
75179.7,49.2557
75199.6,49.2237
75219.5,49.1916
75239.5,49.1596
75259.4,49.1276
75279.3,49.0956
75299.2,49.0636
75319.1,49.0316
75339,48.9995
75358.9,48.9675
75378.8,48.9355
75398.7,48.9035
75418.6,48.8715
75438.5,48.8395
75458.4,48.8074
75478.3,48.7754
75498.2,48.7434
75518.1,48.7114
75538,48.6794
75557.9,48.6474
75577.8,48.6153
75597.7,48.5833
75617.6,48.5513
75637.5,48.5193
75657.4,48.4873
75677.3,48.4552
75697.2,48.4232
75717.1,48.3912
75737,48.3592
75757,48.3272
75776.9,48.2952
75796.8,48.2631
75816.7,48.2311
75836.6,48.1991
75856.5,48.1671
75876.4,48.1351
75896.3,48.1031
75916.2,48.071
75936.1,48.039
75956,48.007
75975.9,47.975
75995.8,47.943
76015.7,47.911
76035.6,47.8789
76055.5,47.8469
76075.4,47.8149
76095.3,47.7829
76115.2,47.7509
76135.1,47.7189
76155,47.6868
76174.9,47.6548
76194.8,47.6228
76214.7,47.5908
76234.6,47.5588
76254.5,47.5268
76274.5,47.4947
76294.4,47.4627
76314.3,47.4307
76334.2,47.3987
76354.1,47.3667
76374,47.3346
76393.9,47.3043
76413.8,47.2746
76433.7,47.2449
76453.6,47.2152
76473.5,47.1855
76493.4,47.1559
76513.3,47.1262
76533.2,47.0965
76553.1,47.0669
76573,47.0372
76592.9,47.0075
76612.8,46.9778
76632.7,46.9481
76652.6,46.9185
76672.5,46.8888
76692.4,46.8591
76712.3,46.8294
76732.2,46.7998
76752.1,46.7701
76772.1,46.7404
76792,46.7107
76811.9,46.6811
76831.8,46.6514
76851.7,46.6217
76871.6,46.592
76891.5,46.5624
76911.4,46.5327
76931.3,46.503
76951.2,46.4733
76971.1,46.4437
76991,46.414
77010.9,46.3843
77030.8,46.3546
77050.7,46.325
77070.6,46.2953
77090.5,46.2656
77110.4,46.2359
77130.3,46.2062
77150.2,46.1766
77170.1,46.1469
77190,46.1172
77209.9,46.0875
77229.8,46.0579
77249.8,46.0282
77269.6,45.9985
77289.6,45.9688
77309.5,45.9392
77329.4,45.9095
77349.3,45.8798
77369.2,45.8501
77389.1,45.8205
77409,45.7908
77428.9,45.7611
77448.8,45.7314
77468.7,45.7018
77488.6,45.6721
77508.5,45.6424
77528.4,45.6127
77548.3,45.5831
77568.2,45.5534
77588.1,45.5237
77608,45.494
77627.9,45.4644
77647.8,45.4347
77667.7,45.405
77687.6,45.3753
77707.5,45.3457
77727.4,45.316
77747.4,45.2863
77767.3,45.2566
77787.2,45.2269
77807.1,45.1973
77827,45.1676
77846.9,45.1379
77866.8,45.1082
77886.7,45.0792
77906.6,45.0515
77926.5,45.0237
77946.4,44.996
77966.3,44.9683
77986.2,44.9405
78006.1,44.9128
78026,44.885
78045.9,44.8573
78065.8,44.8296
78085.7,44.8018
78105.6,44.7741
78125.5,44.7463
78145.4,44.7186
78165.3,44.6909
78185.2,44.6631
78205.1,44.6354
78225,44.6076
78245,44.5799
78264.9,44.5522
78284.8,44.5244
78304.7,44.4967
78324.6,44.4689
78344.5,44.4412
78364.4,44.4135
78384.3,44.3857
78404.2,44.358
78424.1,44.3302
78444,44.3025
78463.9,44.2748
78483.8,44.247
78503.7,44.2193
78523.6,44.1915
78543.5,44.1638
78563.4,44.1361
78583.3,44.1083
78603.2,44.0806
78623.1,44.0528
78643,44.0251
78662.9,43.9974
78682.8,43.9696
78702.7,43.9419
78722.6,43.9141
78742.5,43.8864
78762.5,43.8587
78782.4,43.8309
78802.3,43.8032
78822.2,43.7754
78842.1,43.7477
78862,43.72
78881.9,43.6922
78901.8,43.6645
78921.7,43.6367
78941.6,43.609
78961.5,43.5813
78981.4,43.5535
79001.3,43.5258
79021.2,43.498
79041.1,43.4703
79061,43.4426
79080.9,43.4148
79100.8,43.3871
79120.7,43.3593
79140.6,43.3316
79160.5,43.3039
79180.4,43.2761
79200.3,43.2484
79220.3,43.2206
79240.1,43.1929
79260.1,43.1652
79280,43.1374
79299.9,43.1097
79319.8,43.0819
79339.7,43.0542
79359.6,43.0265
79379.5,42.9987
79399.4,42.971
79419.3,42.9445
79439.2,42.9181
79459.1,42.8917
79479,42.8652
79498.9,42.8388
79518.8,42.8124
79538.7,42.786
79558.6,42.7595
79578.5,42.7331
79598.4,42.7067
79618.3,42.6802
79638.2,42.6538
79658.1,42.6274
79678,42.601
79697.9,42.5745
79717.8,42.5481
79737.8,42.5217
79757.7,42.4953
79777.6,42.4688
79797.5,42.4424
79817.4,42.416
79837.3,42.3896
79857.2,42.3631
79877.1,42.3367
79897,42.3103
79916.9,42.2838
79936.8,42.2574
79956.7,42.231
79976.6,42.2046
79996.5,42.1781
80016.4,42.1521
80036.3,42.1262
80056.2,42.1002
80076.1,42.0743
80096,42.0484
80115.9,42.0224
80135.8,41.9965
80155.7,41.9706
80175.6,41.9446
80195.5,41.9187
80215.4,41.8927
80235.3,41.8668
80255.3,41.8409
80275.2,41.8149
80295.1,41.789
80315,41.7631
80334.9,41.7371
80354.8,41.7112
80374.7,41.6853
80394.6,41.6593
80414.5,41.6334
80434.4,41.6074
80454.3,41.5815
80474.2,41.5556
80494.1,41.5296
80514,41.5037
80533.9,41.4778
80553.8,41.4518
80573.7,41.4259
80593.6,41.3999
80613.5,41.374
80633.4,41.3481
80653.3,41.3221
80673.2,41.2962
80693.1,41.2703
80713,41.2443
80732.9,171.769
80752.9,171.661
80772.8,171.553
80792.7,171.445
80812.6,171.338
80832.5,171.23
80852.4,171.122
80872.3,171.015
80892.2,170.907
80912.1,170.799
80932,170.692
80951.9,170.584
80971.8,170.481
80991.7,170.377
81011.6,170.274
81031.5,170.171
81051.4,170.067
81071.3,169.964
81091.2,169.86
81111.1,169.757
81131,169.653
81150.9,169.55
81170.8,169.447
81190.7,169.343
81210.6,169.24
81230.5,169.136
81250.4,169.033
81270.4,168.93
81290.3,168.826
81310.2,168.723
81330.1,168.619
81350,168.516
81369.9,168.412
81389.8,168.309
81409.7,168.206
81429.6,168.102
81449.5,167.999
81469.4,167.895
81489.3,167.792
81509.2,167.689
81529.1,167.585
81549,167.482
81568.9,167.378
81588.8,167.275
81608.7,167.172
81628.6,167.068
81648.5,166.965
81668.4,166.861
81688.3,166.758
81708.2,166.654
81728.1,166.551
81748,166.448
81768,166.344
81787.9,166.241
81807.8,166.137
81827.7,166.034
81847.6,165.931
81867.5,165.827
81887.4,165.724
81907.3,165.62
81927.2,165.517
81947.1,165.413
81967,165.31
81986.9,165.207
82006.8,165.103
82026.7,165
82046.6,164.896
82066.5,164.793
82086.4,164.69
82106.3,164.586
82126.2,164.483
82146.1,164.379
82166,164.276
82185.9,164.172
82205.8,164.069
82225.8,163.966
82245.6,163.862
82265.6,163.759
82285.5,163.655
82305.4,163.552
82325.3,163.449
82345.2,163.345
82365.1,163.242
82385,163.138
82404.9,163.035
82424.8,162.931
82444.7,162.828
82464.6,162.725
82484.5,162.621
82504.4,162.518
82524.3,162.414
82544.2,162.312
82564.1,162.215
82584,162.118
82603.9,162.021
82623.8,161.924
82643.7,161.827
82663.6,161.73
82683.5,161.633
82703.4,161.536
82723.3,161.439
82743.3,161.342
82763.2,161.245
82783.1,161.148
82803,161.051
82822.9,160.954
82842.8,160.857
82862.7,160.76
82882.6,160.663
82902.5,160.566
82922.4,160.469
82942.3,160.372
82962.2,160.275
82982.1,160.178
83002,160.081
83021.9,159.984
83041.8,159.887
83061.7,159.79
83081.6,159.693
83101.5,159.596
83121.4,159.499
83141.3,159.402
83161.2,159.305
83181.1,159.208
83201,159.111
83220.9,159.013
83240.9,158.916
83260.8,158.819
83280.7,158.722
83300.6,158.625
83320.5,158.528
83340.4,158.431
83360.3,158.334
83380.2,158.237
83400.1,158.14
83420,158.043
83439.9,157.946
83459.8,157.849
83479.7,157.752
83499.6,157.655
83519.5,157.558
83539.4,157.461
83559.3,157.364
83579.2,157.267
83599.1,157.17
83619,157.073
83638.9,156.976
83658.8,156.879
83678.7,156.782
83698.6,156.685
83718.5,156.588
83738.5,156.491
83758.4,156.394
83778.3,156.297
83798.2,156.2
83818.1,156.103
83838,156.006
83857.9,155.909
83877.8,155.812
83897.7,155.715
83917.6,155.618
83937.5,155.521
83957.4,155.424
83977.3,155.327
83997.2,155.23
84017.1,155.133
84037,155.035
84056.9,154.938
84076.8,154.841
84096.7,154.744
84116.6,154.647
84136.5,154.55
84156.4,154.456
84176.3,154.366
84196.2,154.276
84216.1,154.187
84236,154.097
84255.9,154.007
84275.9,153.918
84295.8,153.828
84315.7,153.738
84335.6,153.648
84355.5,153.559
84375.4,153.469
84395.3,153.379
84415.2,153.29
84435.1,153.2
84455,153.11
84474.9,153.021
84494.8,152.931
84514.7,152.841
84534.6,152.752
84554.5,152.662
84574.4,152.572
84594.3,152.483
84614.2,152.393
84634.1,152.303
84654,152.213
84673.9,152.124
84693.8,152.034
84713.7,151.944
84733.6,151.855
84753.5,151.765
84773.5,151.675
84793.4,151.586
84813.3,151.496
84833.2,151.406
84853.1,151.317
84873,151.227
84892.9,151.137
84912.8,151.048
84932.7,150.958
84952.6,150.868
84972.5,150.778
84992.4,150.689
85012.3,150.599
85032.2,150.509
85052.1,150.42
85072,150.33
85091.9,150.24
85111.8,150.151
85131.7,150.061
85151.6,149.971
85171.5,149.882
85191.4,149.792
85211.3,149.702
85231.2,149.612
85251.1,149.523
85271.1,149.433
85291,149.343
85310.9,149.254
85330.8,149.164
85350.7,149.074
85370.6,148.985
85390.5,148.895
85410.4,148.805
85430.3,148.716
85450.2,148.626
85470.1,148.536
85490,148.446
85509.9,148.357
85529.8,148.267
85549.7,148.177
85569.6,148.088
85589.5,147.998
85609.4,147.908
85629.3,147.819
85649.2,147.729
85669.1,147.639
85689,147.55
85708.9,147.46
85728.8,147.37
85748.8,147.281
85768.7,147.191
85788.6,147.101
85808.5,147.014
85828.4,146.929
85848.3,146.845
85868.2,146.761
85888.1,146.676
85908,146.592
85927.9,146.507
85947.8,146.423
85967.7,146.339
85987.6,146.254
86007.5,146.17
86027.4,146.085
86047.3,146.001
86067.2,145.917
86087.1,145.832
86107,145.748
86126.9,145.663
86146.8,145.579
86166.7,145.495
86186.6,145.41
86206.5,145.326
86226.4,145.241
86246.4,145.157
86266.3,145.073
86286.2,144.988
86306.1,144.904
86326,144.819
86345.9,144.735
86365.8,144.651
86385.7,144.566
86405.6,144.482
86425.5,144.397
86445.4,144.313
86465.3,144.229
86485.2,144.144
86505.1,144.06
86525,143.975
86544.9,143.891
86564.8,143.807
86584.7,143.722
86604.6,143.638
86624.5,143.553
86644.4,143.469
86664.3,143.385
86684.2,143.3
86704.1,143.216
86724,143.132
86744,143.047
86763.9,142.963
86783.8,142.878
86803.7,142.794
86823.6,142.71
86843.5,142.625
86863.4,142.541
86883.3,142.456
86903.2,142.372
86923.1,142.288
86943,142.203
86962.9,142.119
86982.8,142.034
87002.7,141.95
87022.6,141.866
87042.5,141.781
87062.4,141.697
87082.3,141.612
87102.2,141.528
87122.1,141.444
87142,141.359
87161.9,141.275
87181.8,141.19
87201.7,141.106
87221.6,141.022
87241.5,140.937
87261.5,140.853
87281.4,140.768
87301.3,140.684
87321.2,140.6
87341.1,140.515
87361,140.431
87380.9,140.346
87400.8,140.262
87420.7,140.178
87440.6,140.093
87460.5,140.009
87480.4,139.927
87500.3,139.848
87520.2,139.769
87540.1,139.69
87560,139.611
87579.9,139.532
87599.8,139.453
87619.7,139.374
87639.6,139.295
87659.5,139.216
87679.4,139.137
87699.3,139.058
87719.2,138.979
87739.1,138.9
87759.1,138.821
87779,138.742
87798.9,138.664
87818.8,138.585
87838.7,138.506
87858.6,138.427
87878.5,138.348
87898.4,138.269
87918.3,138.19
87938.2,138.111
87958.1,138.032
87978,137.953
87997.9,137.874
88017.8,137.795
88037.7,137.716
88057.6,137.637
88077.5,137.558
88097.4,137.479
88117.3,137.4
88137.2,137.321
88157.1,137.242
88177,137.163
88196.9,137.084
88216.8,137.005
88236.7,136.926
88256.6,136.847
88276.6,136.768
88296.5,136.689
88316.4,136.61
88336.3,136.531
88356.2,136.452
88376.1,136.373
88396,136.294
88415.9,136.215
88435.8,136.136
88455.7,136.057
88475.6,135.978
88495.5,135.899
88515.4,135.82
88535.3,135.741
88555.2,135.662
88575.1,135.583
88595,135.504
88614.9,135.425
88634.8,135.346
88654.7,135.267
88674.6,135.188
88694.5,135.109
88714.4,135.03
88734.3,134.951
88754.3,134.872
88774.1,134.793
88794.1,134.714
88814,134.635
88833.9,134.556
88853.8,134.477
88873.7,134.398
88893.6,134.319
88913.5,134.24
88933.4,134.161
88953.3,134.082
88973.2,134.003
88993.1,133.924
89013,133.845
89032.9,133.766
89052.8,133.687
89072.7,133.608
89092.6,133.529
89112.5,133.45
89132.4,133.371
89152.3,133.292
89172.2,133.213
89192.1,133.138
89212,133.066
89231.9,132.993
89251.9,132.921
89271.8,132.848
89291.7,132.776
89311.6,132.703
89331.5,132.631
89351.4,132.558
89371.3,132.486
89391.2,132.414
89411.1,132.341
89431,132.269
89450.9,132.196
89470.8,132.124
89490.7,132.051
89510.6,131.979
89530.5,131.906
89550.4,131.834
89570.3,131.761
89590.2,131.689
89610.1,131.616
89630,131.544
89649.9,131.471
89669.8,131.399
89689.7,131.326
89709.6,131.254
89729.5,131.181
89749.5,131.109
89769.4,131.036
89789.3,130.964
89809.2,130.891
89829.1,130.819
89849,130.746
89868.9,130.674
89888.8,130.601
89908.7,130.529
89928.6,130.456
89948.5,130.384
89968.4,130.311
89988.3,130.239
90008.2,130.167
90028.1,130.094
90048,130.022
90067.9,129.949
90087.8,129.877
90107.7,129.804
90127.6,129.732
90147.5,129.659
90167.4,129.587
90187.3,129.514
90207.2,129.442
90227.1,129.369
90247,129.297
90267,129.224
90286.9,129.152
90306.8,129.079
90326.7,129.007
90346.6,128.934
90366.5,128.862
90386.4,128.789
90406.3,128.717
90426.2,128.644
90446.1,128.572
90466,128.499
90485.9,128.427
90505.8,128.354
90525.7,128.282
90545.6,128.209
90565.5,128.137
90585.4,128.064
90605.3,127.992
90625.2,127.92
90645.1,127.847
90665,127.775
90684.9,127.702
90704.8,127.63
90724.8,127.557
90744.6,127.485
90764.6,127.412
90784.5,127.34
90804.4,127.267
90824.3,127.195
90844.2,127.122
90864.1,127.05
90884,126.977
90903.9,126.905
90923.8,126.832
90943.7,126.762
90963.6,126.694
90983.5,126.625
91003.4,126.557
91023.3,126.488
91043.2,126.419
91063.1,126.351
91083,126.282
91102.9,126.213
91122.8,126.145
91142.7,126.076
91162.6,126.008
91182.5,125.939
91202.4,125.87
91222.3,125.802
91242.3,125.733
91262.2,125.664
91282.1,125.596
91302,125.527
91321.9,125.459
91341.8,125.39
91361.7,125.321
91381.6,125.253
91401.5,125.184
91421.4,125.115
91441.3,125.047
91461.2,124.978
91481.1,124.91
91501,124.841
91520.9,124.772
91540.8,124.704
91560.7,124.635
91580.6,124.566
91600.5,124.498
91620.4,124.429
91640.3,124.361
91660.2,124.292
91680.1,124.223
91700,124.155
91719.9,124.086
91739.9,124.018
91759.8,123.949
91779.7,123.88
91799.6,123.812
91819.5,123.743
91839.4,123.674
91859.3,123.606
91879.2,123.537
91899.1,123.469
91919,123.4
91938.9,123.331
91958.8,123.263
91978.7,123.194
91998.6,123.125
92018.5,123.057
92038.4,122.988
92058.3,122.92
92078.2,122.851
92098.1,122.782
92118,122.714
92137.9,122.645
92157.8,122.576
92177.7,122.508
92197.6,122.439
92217.5,122.371
92237.4,122.302
92257.4,122.233
92277.3,122.165
92297.2,122.096
92317.1,122.027
92337,121.959
92356.9,121.89
92376.8,121.822
92396.7,121.753
92416.6,121.684
92436.5,121.616
92456.4,121.547
92476.3,121.478
92496.2,121.41
92516.1,121.341
92536,121.273
92555.9,121.204
92575.8,121.135
92595.7,121.067
92615.6,120.998
92635.5,120.929
92655.4,120.861
92675.3,120.792
92695.2,120.724
92715.1,120.656
92735,120.593
92754.9,120.529
92774.9,120.466
92794.8,120.402
92814.7,120.338
92834.6,120.275
92854.5,120.211
92874.4,120.148
92894.3,120.084
92914.2,120.02
92934.1,119.957
92954,119.893
92973.9,119.83
92993.8,119.766
93013.7,119.702
93033.6,119.639
93053.5,119.575
93073.4,119.512
93093.3,119.448
93113.2,119.384
93133.1,119.321
93153,119.257
93172.9,119.194
93192.8,119.13
93212.7,119.066
93232.6,119.003
93252.5,118.939
93272.5,118.876
93292.4,118.812
93312.3,118.749
93332.2,118.685
93352.1,118.621
93372,118.558
93391.9,118.494
93411.8,118.431
93431.7,118.367
93451.6,118.303
93471.5,118.24
93491.4,118.176
93511.3,118.113
93531.2,118.049
93551.1,117.985
93571,117.922
93590.9,117.858
93610.8,117.795
93630.7,117.731
93650.6,117.667
93670.5,117.604
93690.4,117.54
93710.3,117.477
93730.3,117.413
93750.1,117.35
93770.1,117.286
93790,117.222
93809.9,117.159
93829.8,117.095
93849.7,117.032
93869.6,116.968
93889.5,116.904
93909.4,116.841
93929.3,116.777
93949.2,116.714
93969.1,116.65
93989,116.586
94008.9,116.523
94028.8,116.459
94048.7,116.396
94068.6,116.332
94088.5,116.268
94108.4,116.205
94128.3,116.141
94148.2,116.078
94168.1,116.014
94188,115.95
94207.9,115.887
94227.8,115.823
94247.8,115.76
94267.7,115.696
94287.6,115.633
94307.5,115.569
94327.4,115.505
94347.3,115.442
94367.2,115.378
94387.1,115.315
94407,115.251
94426.9,115.187
94446.8,115.124
94466.7,115.06
94486.6,114.997
94506.5,114.933
94526.4,114.871
94546.3,114.812
94566.2,114.753
94586.1,114.694
94606,114.635
94625.9,114.576
94645.8,114.517
94665.7,114.458
94685.6,114.399
94705.5,114.339
94725.4,114.28
94745.4,114.221
94765.3,114.162
94785.2,114.103
94805.1,114.044
94825,113.985
94844.9,113.926
94864.8,113.867
94884.7,113.808
94904.6,113.749
94924.5,113.69
94944.4,113.631
94964.3,113.572
94984.2,113.513
95004.1,113.454
95024,113.395
95043.9,113.336
95063.8,113.277
95083.7,113.218
95103.6,113.159
95123.5,113.1
95143.4,113.041
95163.3,112.982
95183.2,112.922
95203.1,112.863
95223,112.804
95243,112.745
95262.9,112.686
95282.8,112.627
95302.7,112.568
95322.6,112.509
95342.5,112.45
95362.4,112.391
95382.3,112.332
95402.2,112.273
95422.1,112.214
95442,112.155
95461.9,112.096
95481.8,112.037
95501.7,111.978
95521.6,111.919
95541.5,111.86
95561.4,111.801
95581.3,111.742
95601.2,111.683
95621.1,111.624
95641,111.564
95660.9,111.505
95680.8,111.446
95700.7,111.387
95720.6,111.328
95740.6,111.269
95760.5,111.21
95780.4,111.151
95800.3,111.092
95820.2,111.033
95840.1,110.974
95860,110.915
95879.9,110.856
95899.8,110.797
95919.7,110.738
95939.6,110.679
95959.5,110.62
95979.4,110.561
95999.3,110.502
96019.2,110.443
96039.1,110.384
96059,110.325
96078.9,110.266
96098.8,110.206
96118.7,110.147
96138.6,110.088
96158.5,110.029
96178.4,109.97
96198.3,109.911
96218.2,109.852
96238.1,109.793
96258,109.734
96278,109.675
96297.9,109.616
96317.8,109.557
96337.7,109.498
96357.6,109.439
96377.5,109.381
96397.4,109.326
96417.3,109.27
96437.2,109.214
96457.1,109.159
96477,109.103
96496.9,109.048
96516.8,108.992
96536.7,108.936
96556.6,108.881
96576.5,108.825
96596.4,108.77
96616.3,108.714
96636.2,108.658
96656.1,108.603
96676,108.547
96695.9,108.492
96715.8,108.436
96735.7,108.38
96755.6,108.325
96775.6,108.269
96795.5,108.214
96815.4,108.158
96835.3,108.102
96855.2,108.047
96875.1,107.991
96895,107.936
96914.9,107.88
96934.8,107.824
96954.7,107.769
96974.6,107.713
96994.5,107.658
97014.4,107.602
97034.3,107.546
97054.2,107.491
97074.1,107.435
97094,107.38
97113.9,107.324
97133.8,107.268
97153.7,107.213
97173.6,107.157
97193.5,107.102
97213.4,107.046
97233.3,106.99
97253.3,106.935
97273.2,106.879
97293.1,106.824
97313,106.768
97332.9,106.712
97352.8,106.657
97372.7,106.601
97392.6,106.546
97412.5,106.49
97432.4,106.434
97452.3,106.379
97472.2,106.323
97492.1,106.267
97512,106.212
97531.9,106.156
97551.8,106.101
97571.7,106.045
97591.6,105.989
97611.5,105.934
97631.4,105.878
97651.3,105.823
97671.2,105.767
97691.1,105.711
97711,105.656
97730.9,105.6
97750.9,105.545
97770.8,105.489
97790.7,105.433
97810.6,105.378
97830.5,105.322
97850.4,105.267
97870.3,105.211
97890.2,105.155
97910.1,105.1
97930,105.044
97949.9,104.989
97969.8,104.933
97989.7,104.877
98009.6,104.822
98029.5,104.766
98049.4,104.711
98069.3,104.655
98089.2,104.599
98109.1,104.544
98129,104.488
98148.9,104.433
98168.8,104.377
98188.7,104.321
98208.6,104.266
98228.5,104.21
98248.5,104.155
98268.4,104.102
98288.3,104.05
98308.2,103.997
98328.1,103.945
98348,103.893
98367.9,103.84
98387.8,103.788
98407.7,103.736
98427.6,103.683
98447.5,103.631
98467.4,103.579
98487.3,103.526
98507.2,103.474
98527.1,103.421
98547,103.369
98566.9,103.317
98586.8,103.264
98606.7,103.212
98626.6,103.16
98646.5,103.107
98666.4,103.055
98686.3,103.003
98706.2,102.95
98726.1,102.898
98746,102.846
98766,102.793
98785.9,102.741
98805.8,102.689
98825.7,102.636
98845.6,102.584
98865.5,102.532
98885.4,102.479
98905.3,102.427
98925.2,102.374
98945.1,102.322
98965,102.27
98984.9,102.217
99004.8,102.165
99024.7,102.113
99044.6,102.06
99064.5,102.008
99084.4,101.956
99104.3,101.903
99124.2,101.851
99144.1,101.799
99164,101.746
99183.9,101.694
99203.8,101.642
99223.8,101.589
99243.6,101.537
99263.6,101.485
99283.5,101.432
99303.4,101.38
99323.3,101.327
99343.2,101.275
99363.1,101.223
99383,101.17
99402.9,101.118
99422.8,101.066
99442.7,101.013
99462.6,100.961
99482.5,100.909
99502.4,100.856
99522.3,100.804
99542.2,100.752
99562.1,100.699
99582,100.647
99601.9,100.595
99621.8,100.542
99641.7,100.49
99661.6,100.438
99681.5,100.385
99701.4,100.333
99721.3,100.281
99741.3,100.228
99761.2,100.176
99781.1,100.123
99801,100.071
99820.9,100.019
99840.8,99.9664
99860.7,99.9141
99880.6,99.8617
99900.5,99.8094
99920.4,99.757
99940.3,99.7047
99960.2,99.6523
99980.1,99.6
100000,99.5476