500,2707.56
519.904,2644.27
539.808,2580.98
559.712,2517.69
579.616,2454.4
599.52,2391.11
619.424,2327.82
639.328,2264.53
659.232,2201.24
679.136,2137.95
699.04,2074.66
718.944,2011.36
738.848,1948.07
758.752,1884.78
778.656,1821.49
798.56,1758.2
818.464,1694.91
838.368,1631.62
858.272,1568.33
878.176,1505.04
898.08,1441.75
917.984,1378.46
937.888,1315.16
957.792,1251.87
977.696,1188.58
997.599,1125.29
1017.5,1062
1037.41,1002.84
1057.31,947.011
1077.22,896.557
1097.12,848.958
1117.02,803.826
1136.93,762.664
1156.83,725.03
1176.74,688.862
1196.64,655.015
1216.54,623.954
1236.45,593.47
1256.35,565.789
1276.26,540.262
1296.16,515.908
1316.06,492.885
1335.97,471.363
1355.87,450.922
1375.78,431.323
1395.68,413.078
1415.58,396.214
1435.49,379.628
1455.39,364.032
1475.3,349.282
1495.2,335.537
1515.1,322.824
1535.01,310.285
1554.91,297.982
1574.81,286.953
1594.72,276.318
1614.62,266.079
1634.53,256.466
1654.43,247.151
1674.33,238.309
1694.24,229.872
1714.14,221.82
1734.05,214.086
1753.95,206.577
1773.85,199.758
1793.76,193.124
1813.66,186.727
1833.57,180.569
1853.47,174.523
1873.37,168.948
1893.28,163.467
1913.18,158.413
1933.09,153.442
1952.99,148.715
1972.89,144.122
1992.8,139.779
2012.7,135.498
2032.61,131.561
2052.51,127.716
2072.41,123.995
2092.32,120.361
2112.22,116.848
2132.13,113.483
2152.03,110.331
2171.93,107.232
2191.84,104.256
2211.74,101.325
2231.65,98.5896
2251.55,95.8603
2271.45,93.3382
2291.36,90.8161
2311.26,88.456
2331.17,86.1322
2351.07,83.9108
2370.97,81.7712
2390.88,79.6709
2410.78,77.692
2430.69,75.7131
2450.59,73.836
2470.49,71.9723
2490.4,70.2034
2510.3,68.5211
2530.21,66.8447
2550.11,65.2579
2570.01,63.6711
2589.92,62.1764
2609.82,60.7435
2629.73,59.3134
2649.63,57.9577
2669.53,56.602
2689.44,55.2968
2709.34,54.0476
2729.25,52.7984
2749.15,51.6479
2769.05,50.5133
2788.96,49.3889
2808.86,48.3227
2828.77,47.2564
2848.67,46.2317
2868.57,45.2606
2888.48,44.2896
2908.38,43.364
2928.29,42.4662
2948.19,41.5683
2968.09,40.7081
2988,39.86
3007.9,39.0263
3027.81,38.2505
3047.71,37.4789
3067.61,36.7074
3087.52,35.9936
3107.42,35.2842
3127.33,34.5747
3147.23,33.9091
3167.13,33.2476
3187.04,32.5861
3206.94,31.9757
3226.85,31.3742
3246.75,30.7728
3266.65,30.1954
3286.56,29.6291
3306.46,29.0628
3326.37,28.5233
3346.27,28.0084
3366.17,27.4936
3386.08,26.9874
3405.98,26.5065
3425.89,26.0256
3445.79,25.5447
3465.69,25.1042
3485.6,24.6664
3505.5,24.2285
3525.41,23.8058
3545.31,23.3969
3565.21,22.9881
3585.12,22.5827
3605.02,22.2066
3624.92,21.8304
3644.83,21.4543
3664.73,21.0965
3684.64,20.7513
3704.54,20.4061
3724.45,20.061
3744.35,19.7401
3764.25,19.4199
3784.16,19.0997
3804.06,18.7868
3823.96,18.4909
3843.87,18.195
3863.77,17.899
3883.68,17.6172
3903.58,17.3452
3923.48,17.0733
3943.39,16.8013
3963.29,16.542
3983.2,16.2865
4003.1,16.0324
4023,15.7864
4042.91,15.5543
4062.81,15.3238
4082.72,15.0934
4102.62,14.8629
4122.52,14.6465
4142.43,14.4312
4162.33,14.2159
4182.24,14.0006
4202.14,13.8011
4222.04,13.603
4241.95,13.405
4261.85,13.2069
4281.76,13.0202
4301.66,12.8364
4321.56,12.6525
4341.47,12.4688
4361.37,12.2948
4381.28,12.1269
4401.18,11.959
4421.08,11.7911
4440.99,11.6278
4460.89,11.4728
4480.8,11.3178
4500.7,11.1628
4520.6,11.0078
4540.51,10.8639
4560.41,10.7202
4580.32,10.5765
4600.22,10.4327
4620.12,10.2954
4640.03,10.1631
4659.93,10.0307
4679.84,9.89842
4699.74,9.76648
4719.64,9.64452
4739.55,9.52256
4759.45,9.40061
4779.36,9.27865
4799.26,9.16081
4819.16,9.04878
4839.07,8.93674
4858.97,8.82471
4878.88,8.71267
4898.78,8.60594
4918.68,8.50156
4938.59,8.39718
4958.49,8.2928
4978.4,8.18843
4998.3,8.09065
5018.2,7.99609
5038.11,7.90177
5058.01,7.80744
5077.92,7.71312
5097.82,7.62462
5117.72,7.53614
5137.63,7.44766
5157.53,7.35918
5177.44,7.27085
5197.34,7.18923
5217.24,7.10762
5237.15,7.02601
5257.05,6.94439
5276.96,6.86279
5296.86,6.7872
5316.76,6.71195
5336.67,6.6367
5356.57,6.56145
5376.48,6.4862
5396.38,6.41601
5416.28,6.34729
5436.19,6.27858
5456.09,6.20987
5476,6.14117
5495.9,6.07449
5515.8,6.01033
5535.71,5.94617
5555.61,5.88201
5575.52,5.81786
5595.42,5.75406
5615.32,5.69491
5635.23,5.63577
5655.13,5.57663
5675.04,5.51748
5694.94,5.45834
5714.84,5.40223
5734.75,5.34819
5754.65,5.29414
5774.55,5.2401
5794.46,5.18605
5814.36,5.13201
5834.27,5.08159
5854.17,5.03129
5874.07,4.98099
5893.98,4.93069
5913.88,4.88039
5933.79,4.8312
5953.69,4.78472
5973.59,4.73825
5993.5,4.69177
6013.4,4.64571
6033.31,4.59985
6053.21,4.5557
6073.11,4.51352
6093.02,4.47134
6112.92,4.42916
6132.83,4.38698
6152.73,4.34479
6172.63,4.30387
6192.54,4.2643
6212.44,4.22473
6232.35,4.18515
6252.25,4.14558
6272.15,4.10601
6292.06,4.06805
6311.96,4.03205
6331.87,3.99604
6351.77,3.96003
6371.67,3.92402
6391.58,3.88801
6411.48,3.85271
6431.39,3.81924
6451.29,3.78578
6471.19,3.75232
6491.1,3.71885
6511,3.68539
6530.91,3.65193
6550.81,3.62116
6570.71,3.5904
6590.62,3.55964
6610.52,3.52889
6630.43,3.49813
6650.33,3.46737
6670.23,3.43784
6690.14,3.40926
6710.04,3.38068
6729.95,3.3521
6749.85,3.32352
6769.75,3.29494
6789.66,3.26644
6809.56,3.24036
6829.47,3.21427
6849.37,3.18819
6869.27,3.1621
6889.18,3.13602
6909.08,3.10993
6928.99,3.08449
6948.89,3.06025
6968.79,3.03601
6988.7,3.01177
7008.6,2.98753
7028.51,2.96329
7048.41,2.93905
7068.31,2.91592
7088.22,2.89363
7108.12,2.87134
7128.03,2.84905
7147.93,2.82677
7167.83,2.80448
7187.74,2.78219
7207.64,2.76109
7227.55,2.74067
7247.45,2.72026
7267.35,2.69984
7287.26,2.67942
7307.16,2.659
7327.07,2.63859
7346.97,2.61899
7366.87,2.60006
7386.78,2.58114
7406.68,2.56221
7426.59,2.54328
7446.49,2.52435
7466.39,2.50543
7486.3,2.48701
7506.2,2.46949
7526.1,2.45196
7546.01,2.43443
7565.91,2.4169
7585.82,2.39938
7605.72,2.38185
7625.63,2.36437
7645.53,2.34829
7665.43,2.33222
7685.34,2.31614
7705.24,2.30007
7725.15,2.28399
7745.05,2.26791
7764.95,2.25184
7784.86,2.23635
7804.76,2.22146
7824.67,2.20656
7844.57,2.19167
7864.47,2.17678
7884.38,2.16188
7904.28,2.14699
7924.18,2.1321
7944.09,2.11813
7963.99,2.10431
7983.9,2.09049
8003.8,2.07673
8023.7,2.06323
8043.61,2.04972
8063.51,2.03622
8083.42,2.02278
8103.32,2.01017
8123.23,1.99755
8143.13,1.98494
8163.03,1.97232
8182.94,1.95971
8202.84,1.9471
8222.74,1.93448
8242.65,1.922
8262.55,1.91038
8282.46,1.89877
8302.36,1.88715
8322.26,1.87554
8342.17,1.86392
8362.07,1.85231
8381.98,1.84069
8401.88,1.82912
8421.78,1.81831
8441.69,1.80751
8461.59,1.79671
8481.5,1.78591
8501.4,1.7751
8521.3,1.7643
8541.21,1.7535
8561.11,1.7427
8581.02,1.73252
8600.92,1.7225
8620.82,1.71249
8640.73,1.70247
8660.63,1.69245
8680.54,1.68243
8700.44,1.67241
8720.34,1.66239
8740.25,1.65277
8760.15,1.6437
8780.06,1.63464
8799.96,1.62557
8819.86,1.61651
8839.77,1.60744
8859.67,1.59838
8879.58,1.58931
8899.48,1.58025
8919.38,1.57166
8939.29,1.56317
8959.19,1.55469
8979.1,1.5462
8999,1.53772
9018.9,1.52923
9038.81,1.52075
9058.71,1.51227
9078.62,1.50384
9098.52,1.4961
9118.42,1.48836
9138.33,1.48062
9158.23,1.47288
9178.14,1.46514
9198.04,1.45739
9217.94,1.44965
9237.85,1.44191
9257.75,1.43425
9277.66,1.42704
9297.56,1.41984
9317.46,1.41263
9337.37,1.40543
9357.27,1.39822
9377.17,1.39102
9397.08,1.38381
9416.98,1.37661
9436.89,1.36942
9456.79,1.36274
9476.7,1.35605
9496.6,1.34937
9516.5,1.34268
9536.41,1.33599
9556.31,1.32931
9576.21,1.32262
9596.12,1.31593
9616.02,1.30925
9635.93,1.30309
9655.83,1.29707
9675.74,1.29105
9695.64,1.28503
9715.54,1.27901
9735.45,1.27299
9755.35,1.26697
9775.25,1.26095
9795.16,1.25493
9815.06,1.24903
9834.97,1.24334
9854.87,1.23765
9874.77,1.23196
9894.68,1.22627
9914.58,1.22058
9934.49,1.21489
9954.39,1.2092
9974.29,1.20351
9994.2,1.19782
10014.1,1.19255
10034,1.18746
10053.9,1.18236
10073.8,1.17727
10093.7,1.17218
10113.6,1.16708
10133.5,1.16199
10153.4,1.1569
10173.3,1.1518
10193.2,1.14671
10213.1,1.14164
10233,1.13659
10253,1.13154
10272.9,1.12649
10292.8,1.12144
10312.7,1.11639
10332.6,1.11134
10352.5,1.10629
10372.4,1.10124
10392.3,1.09627
10412.2,1.09197
10432.1,1.08767
10452,1.08337
10471.9,1.07907
10491.8,1.07477
10511.7,1.07047
10531.6,1.06617
10551.5,1.06187
10571.4,1.05757
10591.3,1.05327
10611.2,1.04911
10631.1,1.04506
10651,1.041
10670.9,1.03695
10690.8,1.0329
10710.7,1.02884
10730.6,1.02479
10750.5,1.02073
10770.5,1.01668
10790.4,1.01263
10810.3,1.00857
10830.2,1.00477
10850.1,1.00096
10870,0.997151
10889.9,0.993343
10909.8,0.989535
10929.7,0.985727
10949.6,0.981919
10969.5,0.978111
10989.4,0.974303
11009.3,0.970495
11029.2,0.96679
11049.1,0.963204
11069,0.959619
11088.9,0.956034
11108.8,0.952448
11128.7,0.948863
11148.6,0.945277
11168.5,0.941692
11188.4,0.938107
11208.3,0.934521
11228.2,0.930936
11248.1,0.927683
11268.1,0.924462
11288,0.921241
11307.9,0.91802
11327.8,0.914798
11347.7,0.911577
11367.6,0.908356
11387.5,0.905135
11407.4,0.901914
11427.3,0.898693
11447.2,0.895472
11467.1,0.892518
11487,0.889608
11506.9,0.886698
11526.8,0.883788
11546.7,0.880879
11566.6,0.877969
11586.5,0.875059
11606.4,0.872149
11626.3,0.869239
11646.2,0.866329
11666.1,0.863419
11686,0.860527
11705.9,0.857675
11725.8,0.854823
11745.7,0.851971
11765.7,0.849119
11785.6,0.846267
11805.5,0.843415
11825.4,0.840563
11845.3,0.837711
11865.2,0.834859
11885.1,0.832007
11905,0.82925
11924.9,0.82678
11944.8,0.824309
11964.7,0.821838
11984.6,0.819367
12004.5,0.816896
12024.4,0.814426
12044.3,0.811955
12064.2,0.809484
12084.1,0.807013
12104,0.804542
12123.9,0.802071
12143.8,0.799609
12163.7,0.79718
12183.6,0.794752
12203.5,0.792324
12223.4,0.789895
12243.3,0.787467
12263.3,0.785038
12283.2,0.78261
12303.1,0.780181
12323,0.777753
12342.9,0.775324
12362.8,0.772896
12382.7,0.770679
12402.6,0.768582
12422.5,0.766486
12442.4,0.76439
12462.3,0.762293
12482.2,0.760197
12502.1,0.7581
12522,0.756004
12541.9,0.753908
12561.8,0.751811
12581.7,0.749715
12601.6,0.747618
12621.5,0.745525
12641.4,0.743464
12661.3,0.741403
12681.2,0.739343
12701.1,0.737282
12721,0.735221
12740.9,0.733161
12760.9,0.7311
12780.8,0.729039
12800.7,0.726978
12820.6,0.724918
12840.5,0.722857
12860.4,0.7208
12880.3,0.71893
12900.2,0.71706
12920.1,0.71519
12940,0.71332
12959.9,0.71145
12979.8,0.70958
12999.7,0.70771
13019.6,0.70584
13039.5,0.70397
13059.4,0.7021
13079.3,0.70023
13099.2,0.69836
13119.1,0.696575
13139,0.69489
13158.9,0.693206
13178.8,0.691521
13198.7,0.689837
13218.6,0.688152
13238.5,0.686467
13258.5,0.684783
13278.4,0.683098
13298.3,0.681414
13318.2,0.679729
13338.1,0.678045
13358,0.67636
13377.9,0.674709
13397.8,0.67311
13417.7,0.671511
13437.6,0.669911
13457.5,0.668312
13477.4,0.666713
13497.3,0.665113
13517.2,0.663514
13537.1,0.661915
13557,0.660315
13576.9,0.658716
13596.8,0.657116
13616.7,0.655517
13636.6,0.653971
13656.5,0.652531
13676.4,0.651091
13696.3,0.649651
13716.2,0.648211
13736.1,0.646771
13756.1,0.645332
13776,0.643892
13795.9,0.642452
13815.8,0.641012
13835.7,0.639572
13855.6,0.638132
13875.5,0.636692
13895.4,0.635252
13915.3,0.633869
13935.2,0.632501
13955.1,0.631135
13975,0.629768
13994.9,0.628401
14014.8,0.627034
14034.7,0.625667
14054.6,0.6243
14074.5,0.622933
14094.4,0.621566
14114.3,0.620199
14134.2,0.618832
14154.1,0.617465
14174,0.616124
14193.9,0.614885
14213.8,0.613646
14233.7,0.612407
14253.7,0.611168
14273.6,0.609928
14293.5,0.608689
14313.4,0.60745
14333.3,0.606211
14353.2,0.604972
14373.1,0.603733
14393,0.602494
14412.9,0.601255
14432.8,0.600016
14452.7,0.598786
14472.6,0.597618
14492.5,0.596449
14512.4,0.59528
14532.3,0.594111
14552.2,0.592943
14572.1,0.591774
14592,0.590605
14611.9,0.589436
14631.8,0.588268
14651.7,0.587099
14671.6,0.58593
14691.5,0.584761
14711.4,0.583592
14731.3,0.58243
14751.3,0.581355
14771.2,0.580279
14791.1,0.579204
14811,0.578129
14830.9,0.577053
14850.8,0.575978
14870.7,0.574903
14890.6,0.573827
14910.5,0.572752
14930.4,0.571676
14950.3,0.570601
14970.2,0.569526
14990.1,0.56845
15010,0.567483
15029.9,0.566548
15049.8,0.565538
15069.7,0.564528
15089.6,0.563519
15109.5,0.562509
15129.4,0.561499
15149.3,0.56049
15169.2,0.55948
15189.1,0.55847
15209,0.557461
15228.9,0.556451
15248.8,0.555441
15268.8,0.554432
15288.7,0.553422
15308.6,0.552412
15328.5,0.551495
15348.4,0.550584
15368.3,0.549674
15388.2,0.548763
15408.1,0.547853
15428,0.546943
15447.9,0.546032
15467.8,0.545122
15487.7,0.544211
15507.6,0.543301
15527.5,0.542391
15547.4,0.54148
15567.3,0.54057
15587.2,0.539659
15607.1,0.538749
15627,0.537898
15646.9,0.537056
15666.8,0.536215
15686.7,0.535374
15706.6,0.534532
15726.5,0.533691
15746.5,0.532849
15766.4,0.532008
15786.3,0.531167
15806.2,0.530325
15826.1,0.529484
15846,0.528643
15865.9,0.527801
15885.8,0.52696
15905.7,0.526119
15925.6,0.525293
15945.5,0.524507
15965.4,0.523721
15985.3,0.522936
16005.2,0.52215
16025.1,0.521364
16045,0.520578
16064.9,0.519792
16084.8,0.519007
16104.7,0.518221
16124.6,0.517435
16144.5,0.516649
16164.4,0.515863
16184.3,0.515078
16204.2,0.514292
16224.1,0.513506
16244,0.512748
16264,0.512002
16283.9,0.511256
16303.8,0.51051
16323.7,0.509764
16343.6,0.509018
16363.5,0.508272
16383.4,0.507526
16403.3,0.506779
16423.2,0.506033
16443.1,0.505287
16463,0.504541
16482.9,0.503795
16502.8,0.503049
16522.7,0.502303
16542.6,0.501568
16562.5,0.500904
16582.4,0.50024
16602.3,0.499577
16622.2,0.498913
16642.1,0.49825
16662,0.497586
16681.9,0.496922
16701.8,0.496259
16721.7,0.495595
16741.6,0.494932
16761.6,0.494268
16781.5,0.493604
16801.4,0.492941
16821.3,0.492277
16841.2,0.491614
16861.1,0.49095
16881,0.490307
16900.9,0.489681
16920.8,0.489054
16940.7,0.488428
16960.6,0.487802
16980.5,0.487175
17000.4,0.486549
17020.3,0.485923
17040.2,0.485296
17060.1,0.48467
17080,0.484044
17099.9,0.483417
17119.8,0.482791
17139.7,0.482165
17159.6,0.481538
17179.5,0.480912
17199.4,0.480286
17219.3,0.479696
17239.2,0.479107
17259.2,0.478518
17279.1,0.477928
17299,0.47734
17318.9,0.47675
17338.8,0.476161
17358.7,0.475572
17378.6,0.474983
17398.5,0.474394
17418.4,0.473805
17438.3,0.473216
17458.2,0.472627
17478.1,0.472038
17498,0.471449
17517.9,0.47086
17537.8,0.470295
17557.7,0.469768
17577.6,0.469241
17597.5,0.468713
17617.4,0.468186
17637.3,0.467659
17657.2,0.467132
17677.1,0.466604
17697,0.466077
17716.9,0.46555
17736.8,0.465023
17756.8,0.464495
17776.7,0.463968
17796.6,0.463441
17816.5,0.462914
17836.4,0.462386
17856.3,0.461859
17876.2,0.461332
17896.1,0.460827
17916,0.460328
17935.9,0.459829
17955.8,0.45933
17975.7,0.458831
17995.6,0.458332
18015.5,0.457832
18035.4,0.457333
18055.3,0.456834
18075.2,0.456335
18095.1,0.455836
18115,0.455337
18134.9,0.454838
18154.8,0.454338
18174.7,0.453839
18194.6,0.45334
18214.5,0.452841
18234.4,0.452348
18254.3,0.451877
18274.3,0.451406
18294.2,0.450935
18314.1,0.450464
18334,0.449993
18353.9,0.449522
18373.8,0.449051
18393.7,0.44858
18413.6,0.448109
18433.5,0.447638
18453.4,0.447167
18473.3,0.446696
18493.2,0.446225
18513.1,0.445754
18533,0.445283
18552.9,0.444812
18572.8,0.444341
18592.7,0.443899
18612.6,0.443473
18632.5,0.443048
18652.4,0.442622
18672.3,0.442196
18692.2,0.441771
18712.1,0.441345
18732,0.440919
18752,0.440494
18771.9,0.440068
18791.8,0.439643
18811.7,0.439217
18831.6,0.438791
18851.5,0.438366
18871.4,0.43794
18891.3,0.437515
18911.2,0.437089
18931.1,0.436663
18951,0.436239
18970.9,0.43584
18990.8,0.435441
19010.7,0.435042
19030.6,0.434643
19050.5,0.434244
19070.4,0.433845
19090.3,0.433446
19110.2,0.433047
19130.1,0.432648
19150,0.432249
19169.9,0.43185
19189.8,0.431451
19209.7,0.431052
19229.6,0.430653
19249.5,0.430254
19269.5,0.429855
19289.4,0.429456
19309.3,0.429057
19329.2,0.428667
19349.1,0.428288
19369,0.427909
19388.9,0.42753
19408.8,0.427151
19428.7,0.426772
19448.6,0.426393
19468.5,0.426014
19488.4,0.425635
19508.3,0.425256
19528.2,0.424877
19548.1,0.424498
19568,0.424118
19587.9,0.423739
19607.8,0.42336
19627.7,0.422981
19647.6,0.422602
19667.5,0.422223
19687.4,0.421844
19707.3,0.421498
19727.2,0.421157
19747.2,0.420815
19767.1,0.420474
19787,0.420133
19806.9,0.419791
19826.8,0.41945
19846.7,0.419109
19866.6,0.418768
19886.5,0.418426
19906.4,0.418085
19926.3,0.417744
19946.2,0.417402
19966.1,0.417061
19986,0.41672
20005.9,0.416379
20025.8,0.416041
20045.7,0.415703
20065.6,0.415364
20085.5,0.415031
20105.4,0.414709
20125.3,0.414387
20145.2,0.414065
20165.1,0.413744
20185,0.413422
20204.9,0.4131
20224.8,0.412778
20244.7,0.412456
20264.7,0.412135
20284.6,0.411813
20304.5,0.411491
20324.4,0.411169
20344.3,0.410848
20364.2,0.410526
20384.1,0.410204
20404,0.409882
20423.9,0.409561
20443.8,0.409239
20463.7,0.408917
20483.6,0.408613
20503.5,0.408318
20523.4,0.408023
20543.3,0.407728
20563.2,0.407432
20583.1,0.407137
20603,0.406842
20622.9,0.406547
20642.8,0.406251
20662.7,0.405956
20682.6,0.405661
20702.5,0.405365
20722.4,0.40507
20742.3,0.404775
20762.3,0.40448
20782.2,0.404184
20802.1,0.403889
20822,0.403594
20841.9,0.403299
20861.8,0.403003
20881.7,0.402719
20901.6,0.402443
20921.5,0.402167
20941.4,0.401891
20961.3,0.401615
20981.2,0.401339
21001.1,0.401063
21021,0.400787
21040.9,0.400511
21060.8,0.400235
21080.7,0.399959
21100.6,0.399683
21120.5,0.399407
21140.4,0.399131
21160.3,0.398854
21180.2,0.398578
21200.1,0.398302
21220,0.398026
21239.9,0.39775
21259.9,0.397474
21279.8,0.397198
21299.7,0.39694
21319.6,0.396682
21339.5,0.396425
21359.4,0.396167
21379.3,0.395909
21399.2,0.395651
21419.1,0.395393
21439,0.395136
21458.9,0.394878
21478.8,0.39462
21498.7,0.394362
21518.6,0.394105
21538.5,0.393847
21558.4,0.393589
21578.3,0.393331
21598.2,0.393073
21618.1,0.392816
21638,0.392558
21657.9,0.3923
21677.8,0.392042
21697.7,0.391785
21717.6,0.391542
21737.5,0.391302
21757.5,0.391062
21777.4,0.390822
21797.3,0.390582
21817.2,0.390341
21837.1,0.390101
21857,0.389861
21876.9,0.389621
21896.8,0.389381
21916.7,0.38914
21936.6,0.3889
21956.5,0.38866
21976.4,0.38842
21996.3,0.38818
22016.2,0.38794
22036.1,0.387699
22056,0.387459
22075.9,0.387219
22095.8,0.386979
22115.7,0.386739
22135.6,0.386507
22155.5,0.386278
22175.4,0.386049
22195.3,0.385821
22215.2,0.385592
22235.1,0.385363
22255.1,0.385134
22275,0.384905
22294.9,0.384676
22314.8,0.384447
22334.7,0.384218
22354.6,0.383989
22374.5,0.383761
22394.4,0.383532
22414.3,0.383303
22434.2,0.383074
22454.1,0.382845
22474,0.382616
22493.9,0.382387
22513.8,0.382158
22533.7,0.381929
22553.6,0.381705
22573.5,0.381498
22593.4,0.381291
22613.3,0.381084
22633.2,0.380877
22653.1,0.38067
22673,0.380463
22692.9,0.380256
22712.8,0.380049
22732.7,0.379842
22752.7,0.379635
22772.6,0.379429
22792.5,0.379222
22812.4,0.379015
22832.3,0.378808
22852.2,0.378601
22872.1,0.378394
22892,0.378187
22911.9,0.37798
22931.8,0.377773
22951.7,0.377566
22971.6,0.377359
22991.5,0.377153
23011.4,0.376956
23031.3,0.37676
23051.2,0.376563
23071.1,0.376366
23091,0.376169
23110.9,0.375972
23130.8,0.375775
23150.7,0.375578
23170.6,0.375382
23190.5,0.375185
23210.4,0.374988
23230.3,0.374791
23250.3,0.374594
23270.2,0.374397
23290.1,0.374201
23310,0.374004
23329.9,0.373807
23349.8,0.37361
23369.7,0.373413
23389.6,0.373216
23409.5,0.37302
23429.4,0.372823
23449.3,0.372635
23469.2,0.372459
23489.1,0.372282
23509,0.372106
23528.9,0.371929
23548.8,0.371753
23568.7,0.371576
23588.6,0.3714
23608.5,0.371223
23628.4,0.371047
23648.3,0.37087
23668.2,0.370694
23688.1,0.370517
23708,0.370341
23727.9,0.370164
23747.8,0.369988
23767.8,0.369811
23787.7,0.369635
23807.6,0.369458
23827.5,0.369282
23847.4,0.369105
23867.3,0.368928
23887.2,0.368752
23907.1,0.368577
23927,0.368404
23946.9,0.368231
23966.8,0.368058
23986.7,0.367886
24006.6,0.367713
24026.5,0.36754
24046.4,0.367367
24066.3,0.367195
24086.2,0.367022
24106.1,0.366849
24126,0.366676
24145.9,0.366504
24165.8,0.366331
24185.7,0.366158
24205.6,0.365985
24225.5,0.365813
24245.4,0.36564
24265.4,0.365467
24285.3,0.365294
24305.2,0.365122
24325.1,0.364949
24345,0.364776
24364.9,0.364603
24384.8,0.364445
24404.7,0.364291
24424.6,0.364137
24444.5,0.363983
24464.4,0.363829
24484.3,0.363676
24504.2,0.363522
24524.1,0.363368
24544,0.363214
24563.9,0.363061
24583.8,0.362907
24603.7,0.362753
24623.6,0.362599
24643.5,0.362445
24663.4,0.362292
24683.3,0.362138
24703.2,0.361984
24723.1,0.36183
24743,0.361676
24763,0.361523
24782.9,0.361369
24802.8,0.361215
24822.7,0.361061
24842.6,0.360908
24862.5,0.360754
24882.4,0.3606
24902.3,0.360446
24922.2,0.360292
24942.1,0.360139
24962,0.359985
24981.9,0.359831
25001.8,0.359677
25021.7,0.359523
25041.6,0.35937
25061.5,0.359216
25081.4,0.359062
25101.3,0.358908
25121.2,0.358755
25141.1,0.358601
25161,0.358447
25180.9,0.358293
25200.8,0.358139
25220.7,0.357986
25240.6,0.357832
25260.6,0.357678
25280.5,0.357524
25300.4,0.35737
25320.3,0.357217
25340.2,0.357071
25360.1,0.356933
25380,0.356795
25399.9,0.356658
25419.8,0.35652
25439.7,0.356382
25459.6,0.356244
25479.5,0.356107
25499.4,0.355969
25519.3,0.355831
25539.2,0.355693
25559.1,0.355555
25579,0.355418
25598.9,0.35528
25618.8,0.355142
25638.7,0.355004
25658.6,0.354866
25678.5,0.354729
25698.4,0.354591
25718.3,0.354453
25738.2,0.354315
25758.2,0.354177
25778.1,0.35404
25798,0.353902
25817.9,0.353764
25837.8,0.35363
25857.7,0.353502
25877.6,0.353374
25897.5,0.353246
25917.4,0.353118
25937.3,0.35299
25957.2,0.352862
25977.1,0.352735
25997,0.352607
26016.9,0.352479
26036.8,0.352351
26056.7,0.352223
26076.6,0.352095
26096.5,0.351967
26116.4,0.351839
26136.3,0.351711
26156.2,0.351583
26176.1,0.351455
26196,0.351327
26215.9,0.351199
26235.8,0.351071
26255.8,0.350943
26275.7,0.350815
26295.6,0.350687
26315.5,0.350559
26335.4,0.350433
26355.3,0.35031
26375.2,0.350187
26395.1,0.350064
26415,0.349941
26434.9,0.349818
26454.8,0.349695
26474.7,0.349572
26494.6,0.349449
26514.5,0.349326
26534.4,0.349202
26554.3,0.349079
26574.2,0.348956
26594.1,0.348833
26614,0.34871
26633.9,0.348587
26653.8,0.348464
26673.7,0.348341
26693.6,0.348218
26713.5,0.348095
26733.4,0.347972
26753.4,0.347849
26773.3,0.347726
26793.2,0.347603
26813.1,0.34748
26833,0.347357
26852.9,0.347235
26872.8,0.347122
26892.7,0.347008
26912.6,0.346895
26932.5,0.346781
26952.4,0.346668
26972.3,0.346554
26992.2,0.34644
27012.1,0.346327
27032,0.346213
27051.9,0.3461
27071.8,0.345986
27091.7,0.345873
27111.6,0.345759
27131.5,0.345645
27151.4,0.345532
27171.3,0.345418
27191.2,0.345305
27211.1,0.345191
27231,0.345078
27251,0.344964
27270.9,0.344851
27290.8,0.344737
27310.7,0.344623
27330.6,0.34451
27350.5,0.344396
27370.4,0.344283
27390.3,0.344173
27410.2,0.344064
27430.1,0.343955
27450,0.343845
27469.9,0.343736
27489.8,0.343627
27509.7,0.343517
27529.6,0.343408
27549.5,0.343299
27569.4,0.343189
27589.3,0.34308
27609.2,0.34297
27629.1,0.342861
27649,0.342752
27668.9,0.342642
27688.8,0.342533
27708.7,0.342424
27728.6,0.342314
27748.5,0.342205
27768.5,0.342096
27788.4,0.341986
27808.3,0.341877
27828.2,0.341768
27848.1,0.341658
27868,0.341549
27887.9,0.341439
27907.8,0.34133
27927.7,0.341229
27947.6,0.341129
27967.5,0.341028
27987.4,0.340928
28007.3,0.340828
28027.2,0.340728
28047.1,0.340627
28067,0.340527
28086.9,0.340427
28106.8,0.340327
28126.7,0.340226
28146.6,0.340126
28166.5,0.340026
28186.4,0.339926
28206.3,0.339825
28226.2,0.339725
28246.1,0.339625
28266.1,0.339525
28286,0.339424
28305.9,0.339324
28325.8,0.339224
28345.7,0.339124
28365.6,0.339024
28385.5,0.338923
28405.4,0.338823
28425.3,0.338723
28445.2,0.338623
28465.1,0.338525
28485,0.338428
28504.9,0.338332
28524.8,0.338235
28544.7,0.338138
28564.6,0.338042
28584.5,0.337945
28604.4,0.337848
28624.3,0.337752
28644.2,0.337655
28664.1,0.337558
28684,0.337462
28703.9,0.337365
28723.8,0.337268
28743.8,0.337172
28763.7,0.337075
28783.6,0.336978
28803.5,0.336882
28823.4,0.336785
28843.3,0.336688
28863.2,0.336592
28883.1,0.336495
28903,0.336398
28922.9,0.336302
28942.8,0.336205
28962.7,0.336108
28982.6,0.336012
29002.5,0.335915
29022.4,0.335825
29042.3,0.335738
29062.2,0.335652
29082.1,0.335566
29102,0.335479
29121.9,0.335393
29141.8,0.335307
29161.7,0.33522
29181.6,0.335134
29201.5,0.335048
29221.4,0.334961
29241.3,0.334875
29261.3,0.334789
29281.2,0.334702
29301.1,0.334616
29321,0.33453
29340.9,0.334443
29360.8,0.334357
29380.7,0.334271
29400.6,0.334184
29420.5,0.334098
29440.4,0.334012
29460.3,0.333925
29480.2,0.333839
29500.1,0.333753
29520,0.333666
29539.9,0.33358
29559.8,0.333494
29579.7,0.333407
29599.6,0.33332
29619.5,0.333232
29639.4,0.333144
29659.3,0.333056
29679.2,0.332968
29699.1,0.33288
29719,0.332792
29738.9,0.332704
29758.8,0.332617
29778.8,0.332529
29798.7,0.332441
29818.6,0.332353
29838.5,0.332265
29858.4,0.332177
29878.3,0.332089
29898.2,0.332001
29918.1,0.331914
29938,0.331826
29957.9,0.331738
29977.8,0.33165
29997.7,0.331562
30017.6,0.331479
30037.5,0.331397
30057.4,0.331315
30077.3,0.331233
30097.2,0.331151
30117.1,0.331069
30137,0.330987
30156.9,0.330906
30176.8,0.330827
30196.7,0.330748
30216.6,0.330668
30236.5,0.330589
30256.5,0.33051
30276.4,0.330431
30296.3,0.330352
30316.2,0.330272
30336.1,0.330193
30356,0.330114
30375.9,0.330035
30395.8,0.329955
30415.7,0.329876
30435.6,0.329797
30455.5,0.329718
30475.4,0.329638
30495.3,0.329559
30515.2,0.32948
30535.1,0.329401
30555,0.329321
30574.9,0.329242
30594.8,0.329163
30614.7,0.329084
30634.6,0.329004
30654.5,0.328925
30674.4,0.328846
30694.3,0.328767
30714.2,0.328688
30734.1,0.328608
30754.1,0.32853
30774,0.328452
30793.9,0.328374
30813.8,0.328296
30833.7,0.328218
30853.6,0.32814
30873.5,0.328062
30893.4,0.327985
30913.3,0.327907
30933.2,0.327829
30953.1,0.327751
30973,0.327673
30992.9,0.327595
31012.8,0.327517
31032.7,0.327439
31052.6,0.327361
31072.5,0.327283
31092.4,0.327205
31112.3,0.327127
31132.2,0.32705
31152.1,0.326972
31172,0.326894
31191.9,0.326816
31211.8,0.326738
31231.7,0.32666
31251.7,0.326582
31271.6,0.326504
31291.5,0.326426
31311.4,0.326348
31331.3,0.32627
31351.2,0.326198
31371.1,0.326131
31391,0.326063
31410.9,0.325996
31430.8,0.325928
31450.7,0.325861
31470.6,0.325794
31490.5,0.325726
31510.4,0.325659
31530.3,0.325591
31550.2,0.325524
31570.1,0.325456
31590,0.325389
31609.9,0.325321
31629.8,0.325254
31649.7,0.325186
31669.6,0.325119
31689.5,0.325051
31709.4,0.324984
31729.3,0.324916
31749.2,0.324849
31769.2,0.324782
31789.1,0.324714
31809,0.324647
31828.9,0.324579
31848.8,0.324512
31868.7,0.324444
31888.6,0.324377
31908.5,0.324309
31928.4,0.324242
31948.3,0.324174
31968.2,0.324107
31988.1,0.324039
32008,0.323972
32027.9,0.323904
32047.8,0.323837
32067.7,0.32377
32087.6,0.323702
32107.5,0.323635
32127.4,0.323567
32147.3,0.3235
32167.2,0.323432
32187.1,0.323365
32207,0.323297
32226.9,0.32323
32246.8,0.323162
32266.8,0.323095
32286.7,0.323027
32306.6,0.32296
32326.5,0.322892
32346.4,0.322825
32366.3,0.322758
32386.2,0.32269
32406.1,0.322623
32426,0.322555
32445.9,0.322488
32465.8,0.32242
32485.7,0.322353
32505.6,0.322285
32525.5,0.322218
32545.4,0.32215
32565.3,0.322083
32585.2,0.322016
32605.1,0.321951
32625,0.321885
32644.9,0.32182
32664.8,0.321754
32684.7,0.321689
32704.6,0.321624
32724.5,0.321558
32744.4,0.321493
32764.4,0.321428
32784.3,0.321362
32804.2,0.321297
32824.1,0.321232
32844,0.321166
32863.9,0.321101
32883.8,0.321036
32903.7,0.32097
32923.6,0.320905
32943.5,0.320839
32963.4,0.320774
32983.3,0.320709
33003.2,0.320643
33023.1,0.320578
33043,0.320513
33062.9,0.320447
33082.8,0.320382
33102.7,0.320317
33122.6,0.320251
33142.5,0.320186
33162.4,0.320121
33182.3,0.320055
33202.2,0.31999
33222.1,0.319925
33242,0.319864
33262,0.319804
33281.9,0.319743
33301.8,0.319683
33321.7,0.319622
33341.6,0.319562
33361.5,0.319501
33381.4,0.31944
33401.3,0.31938
33421.2,0.319319
33441.1,0.319259
33461,0.319198
33480.9,0.319138
33500.8,0.319077
33520.7,0.319016
33540.6,0.318956
33560.5,0.318895
33580.4,0.318835
33600.3,0.318774
33620.2,0.318714
33640.1,0.318653
33660,0.318592
33679.9,0.318532
33699.8,0.318471
33719.7,0.318411
33739.6,0.31835
33759.6,0.31829
33779.5,0.318229
33799.4,0.318169
33819.3,0.318108
33839.2,0.318047
33859.1,0.317987
33879,0.317928
33898.9,0.317872
33918.8,0.317816
33938.7,0.317761
33958.6,0.317705
33978.5,0.317649
33998.4,0.317593
34018.3,0.317537
34038.2,0.317481
34058.1,0.317425
34078,0.317369
34097.9,0.317313
34117.8,0.317257
34137.7,0.317201
34157.6,0.317145
34177.5,0.31709
34197.4,0.317034
34217.3,0.316978
34237.2,0.316922
34257.2,0.316866
34277.1,0.31681
34297,0.316754
34316.9,0.316698
34336.8,0.316642
34356.7,0.316586
34376.6,0.31653
34396.5,0.316474
34416.4,0.316418
34436.3,0.316363
34456.2,0.316307
34476.1,0.316251
34496,0.316195
34515.9,0.316139
34535.8,0.316083
34555.7,0.316029
34575.6,0.315975
34595.5,0.315921
34615.4,0.315866
34635.3,0.315812
34655.2,0.315758
34675.1,0.315703
34695,0.315649
34714.9,0.315595
34734.8,0.315541
34754.8,0.315486
34774.7,0.315432
34794.6,0.315378
34814.5,0.315324
34834.4,0.315269
34854.3,0.315215
34874.2,0.315161
34894.1,0.315106
34914,0.315052
34933.9,0.314998
34953.8,0.314944
34973.7,0.314889
34993.6,0.314835
35013.5,0.314781
35033.4,0.314726
35053.3,0.314672
35073.2,0.314618
35093.1,0.314564
35113,0.314509
35132.9,0.314455
35152.8,0.314401
35172.7,0.314347
35192.6,0.314292
35212.5,0.314238
35232.4,0.314188
35252.4,0.314137
35272.3,0.314086
35292.2,0.314036
35312.1,0.313985
35332,0.313935
35351.9,0.313884
35371.8,0.313833
35391.7,0.313783
35411.6,0.313732
35431.5,0.313681
35451.4,0.313631
35471.3,0.31358
35491.2,0.313529
35511.1,0.313479
35531,0.313428
35550.9,0.313377
35570.8,0.313327
35590.7,0.313276
35610.6,0.313225
35630.5,0.313175
35650.4,0.313124
35670.3,0.313073
35690.2,0.313023
35710.1,0.312972
35730,0.312921
35749.9,0.312871
35769.9,0.31282
35789.8,0.312769
35809.7,0.312719
35829.6,0.312668
35849.5,0.312617
35869.4,0.312567
35889.3,0.312516
35909.2,0.312467
35929.1,0.312419
35949,0.31237
35968.9,0.312322
35988.8,0.312273
36008.7,0.312225
36028.6,0.312176
36048.5,0.312128
36068.4,0.312079
36088.3,0.312031
36108.2,0.311982
36128.1,0.311934
36148,0.311885
36167.9,0.311837
36187.8,0.311788
36207.7,0.31174
36227.6,0.311691
36247.6,0.311643
36267.5,0.311594
36287.4,0.311546
36307.3,0.311497
36327.2,0.311449
36347.1,0.3114
36367,0.311352
36386.9,0.311303
36406.8,0.311255
36426.7,0.311206
36446.6,0.311157
36466.5,0.311109
36486.4,0.31106
36506.3,0.311012
36526.2,0.310963
36546.1,0.310915
36566,0.310866
36585.9,0.310818
36605.8,0.310769
36625.7,0.310721
36645.6,0.310672
36665.5,0.310624
36685.4,0.310575
36705.3,0.310527
36725.2,0.310478
36745.1,0.31043
36765.1,0.310381
36785,0.310333
36804.9,0.310284
36824.8,0.310236
36844.7,0.310187
36864.6,0.310139
36884.5,0.31009
36904.4,0.310042
36924.3,0.309993
36944.2,0.309945
36964.1,0.309896
36984,0.309848
37003.9,0.309799
37023.8,0.30975
37043.7,0.309702
37063.6,0.309653
37083.5,0.309605
37103.4,0.309556
37123.3,0.309508
37143.2,0.309459
37163.1,0.309411
37183,0.309362
37202.9,0.309314
37222.8,0.309265
37242.7,0.309217
37262.7,0.309168
37282.6,0.30912
37302.5,0.309071
37322.4,0.309026
37342.3,0.308982
37362.2,0.308938
37382.1,0.308894
37402,0.30885
37421.9,0.308807
37441.8,0.308763
37461.7,0.308719
37481.6,0.308675
37501.5,0.308631
37521.4,0.308587
37541.3,0.308544
37561.2,0.3085
37581.1,0.308456
37601,0.308412
37620.9,0.308368
37640.8,0.308325
37660.7,0.308281
37680.6,0.308237
37700.5,0.308193
37720.4,0.308149
37740.3,0.308105
37760.3,0.308062
37780.2,0.308018
37800.1,0.307974
37820,0.30793
37839.9,0.307886
37859.8,0.307843
37879.7,0.307799
37899.6,0.307755
37919.5,0.307711
37939.4,0.307667
37959.3,0.307623
37979.2,0.30758
37999.1,0.307536
38019,0.307492
38038.9,0.307448
38058.8,0.307405
38078.7,0.307363
38098.6,0.30732
38118.5,0.307278
38138.4,0.307235
38158.3,0.307192
38178.2,0.30715
38198.1,0.307107
38218,0.307064
38237.9,0.307022
38257.9,0.306979
38277.8,0.306936
38297.7,0.306894
38317.6,0.306851
38337.5,0.306808
38357.4,0.306766
38377.3,0.306723
38397.2,0.30668
38417.1,0.306638
38437,0.306595
38456.9,0.306552
38476.8,0.30651
38496.7,0.306467
38516.6,0.306425
38536.5,0.306382
38556.4,0.306339
38576.3,0.306297
38596.2,0.306254
38616.1,0.306211
38636,0.306169
38655.9,0.306126
38675.8,0.306083
38695.7,0.306041
38715.6,0.305998
38735.5,0.305955
38755.5,0.305913
38775.4,0.30587
38795.3,0.305827
38815.2,0.305785
38835.1,0.305742
38855,0.305699
38874.9,0.305657
38894.8,0.305614
38914.7,0.305571
38934.6,0.305529
38954.5,0.305486
38974.4,0.305444
38994.3,0.305401
39014.2,0.305358
39034.1,0.305316
39054,0.305273
39073.9,0.30523
39093.8,0.305188
39113.7,0.305145
39133.6,0.305102
39153.5,0.30506
39173.4,0.305017
39193.3,0.304974
39213.2,0.304932
39233.1,0.304889
39253.1,0.304846
39273,0.304804
39292.9,0.304761
39312.8,0.304719
39332.7,0.304676
39352.6,0.304633
39372.5,0.304591
39392.4,0.304548
39412.3,0.304505
39432.2,0.304463
39452.1,0.30442
39472,0.304377
39491.9,0.304335
39511.8,0.304292
39531.7,0.304249
39551.6,0.30421
39571.5,0.304172
39591.4,0.304135
39611.3,0.304097
39631.2,0.30406
39651.1,0.304023
39671,0.303985
39690.9,0.303948
39710.8,0.30391
39730.7,0.303873
39750.6,0.303835
39770.6,0.303798
39790.5,0.30376
39810.4,0.303723
39830.3,0.303686
39850.2,0.303648
39870.1,0.303611
39890,0.303573
39909.9,0.303536
39929.8,0.303498
39949.7,0.303461
39969.6,0.303423
39989.5,0.303386
40009.4,0.303348
40029.3,0.30331
40049.2,0.303271
40069.1,0.303233
40089,0.303194
40108.9,0.303156
40128.8,0.303117
40148.7,0.303079
40168.6,0.303041
40188.5,0.303002
40208.4,0.302964
40228.3,0.302925
40248.3,0.302887
40268.2,0.302848
40288.1,0.30281
40308,0.302771
40327.9,0.302733
40347.8,0.302696
40367.7,0.302659
40387.6,0.302621
40407.5,0.302584
40427.4,0.302547
40447.3,0.302509
40467.2,0.302472
40487.1,0.302434
40507,0.302397
40526.9,0.30236
40546.8,0.302322
40566.7,0.302285
40586.6,0.302247
40606.5,0.30221
40626.4,0.302173
40646.3,0.302135
40666.2,0.302098
40686.1,0.302061
40706,0.302023
40725.9,0.301986
40745.9,0.301948
40765.8,0.301911
40785.7,0.301874
40805.6,0.301836
40825.5,0.301799
40845.4,0.301762
40865.3,0.301724
40885.2,0.301687
40905.1,0.301649
40925,0.301612
40944.9,0.301575
40964.8,0.301537
40984.7,0.3015
41004.6,0.301463
41024.5,0.301425
41044.4,0.301388
41064.3,0.301351
41084.2,0.301313
41104.1,0.301276
41124,0.301239
41143.9,0.301202
41163.8,0.301165
41183.7,0.301128
41203.6,0.301091
41223.5,0.301054
41243.4,0.301017
41263.4,0.30098
41283.3,0.300943
41303.2,0.300907
41323.1,0.30087
41343,0.300833
41362.9,0.300796
41382.8,0.300759
41402.7,0.300722
41422.6,0.300685
41442.5,0.300648
41462.4,0.300611
41482.3,0.300574
41502.2,0.300537
41522.1,0.300501
41542,0.300464
41561.9,0.300427
41581.8,0.30039
41601.7,0.300353
41621.6,0.300316
41641.5,0.300279
41661.4,0.300242
41681.3,0.300205
41701.2,0.300168
41721.1,0.300131
41741,0.300095
41760.9,0.300058
41780.9,0.300021
41800.8,0.299984
41820.7,0.299947
41840.6,0.29991
41860.5,0.299873
41880.4,0.299836
41900.3,0.299799
41920.2,0.299763
41940.1,0.299727
41960,0.299691
41979.9,0.299655
41999.8,0.299619
42019.7,0.299583
42039.6,0.299547
42059.5,0.299511
42079.4,0.299475
42099.3,0.299439
42119.2,0.299403
42139.1,0.299367
42159,0.299331
42178.9,0.299295
42198.8,0.299259
42218.7,0.299223
42238.6,0.299187
42258.6,0.299151
42278.5,0.299115
42298.4,0.299079
42318.3,0.299043
42338.2,0.299007
42358.1,0.298971
42378,0.298935
42397.9,0.298899
42417.8,0.298863
42437.7,0.298827
42457.6,0.298791
42477.5,0.298755
42497.4,0.298719
42517.3,0.298683
42537.2,0.298647
42557.1,0.298611
42577,0.298575
42596.9,0.298539
42616.8,0.298503
42636.7,0.298467
42656.6,0.298431
42676.5,0.298395
42696.4,0.298359
42716.3,0.298322
42736.3,0.298288
42756.2,0.298255
42776.1,0.298222
42796,0.29819
42815.9,0.298157
42835.8,0.298124
42855.7,0.298092
42875.6,0.298059
42895.5,0.298027
42915.4,0.297994
42935.3,0.297961
42955.2,0.297929
42975.1,0.297896
42995,0.297864
43014.9,0.297831
43034.8,0.297798
43054.7,0.297766
43074.6,0.297733
43094.5,0.297701
43114.4,0.297668
43134.3,0.297635
43154.2,0.297603
43174.1,0.29757
43194,0.297538
43213.9,0.297505
43233.8,0.297472
43253.8,0.29744
43273.7,0.297407
43293.6,0.297374
43313.5,0.297342
43333.4,0.297309
43353.3,0.297277
43373.2,0.297244
43393.1,0.297211
43413,0.297179
43432.9,0.297146
43452.8,0.297114
43472.7,0.297081
43492.6,0.297048
43512.5,0.297016
43532.4,0.296983
43552.3,0.296951
43572.2,0.296919
43592.1,0.296887
43612,0.296856
43631.9,0.296824
43651.8,0.296793
43671.7,0.296761
43691.6,0.29673
43711.5,0.296698
43731.4,0.296667
43751.3,0.296635
43771.3,0.296604
43791.2,0.296572
43811.1,0.296541
43831,0.29651
43850.9,0.296478
43870.8,0.296447
43890.7,0.296415
43910.6,0.296384
43930.5,0.296352
43950.4,0.296321
43970.3,0.296289
43990.2,0.296258
44010.1,0.296226
44030,0.296195
44049.9,0.296163
44069.8,0.296132
44089.7,0.2961
44109.6,0.296069
44129.5,0.296037
44149.4,0.296006
44169.3,0.295974
44189.2,0.295943
44209.1,0.295912
44229,0.29588
44248.9,0.295849
44268.9,0.295817
44288.8,0.295786
44308.7,0.295754
44328.6,0.295723
44348.5,0.295691
44368.4,0.29566
44388.3,0.295628
44408.2,0.295597
44428.1,0.295565
44448,0.295534
44467.9,0.295502
44487.8,0.295471
44507.7,0.295439
44527.6,0.295408
44547.5,0.295377
44567.4,0.295345
44587.3,0.295314
44607.2,0.295282
44627.1,0.295251
44647,0.295219
44666.9,0.295188
44686.8,0.295156
44706.7,0.295125
44726.6,0.295093
44746.6,0.295062
44766.5,0.29503
44786.4,0.294999
44806.3,0.294967
44826.2,0.294936
44846.1,0.294904
44866,0.294873
44885.9,0.294841
44905.8,0.29481
44925.7,0.294779
44945.6,0.294747
44965.5,0.294716
44985.4,0.294684
45005.3,0.294653
45025.2,0.294621
45045.1,0.29459
45065,0.294558
45084.9,0.294527
45104.8,0.294495
45124.7,0.294464
45144.6,0.294432
45164.5,0.294401
45184.4,0.294369
45204.3,0.294338
45224.2,0.294306
45244.1,0.294275
45264.1,0.294244
45284,0.294212
45303.9,0.294182
45323.8,0.294151
45343.7,0.294121
45363.6,0.294091
45383.5,0.29406
45403.4,0.29403
45423.3,0.293999
45443.2,0.293969
45463.1,0.293939
45483,0.293908
45502.9,0.293878
45522.8,0.293847
45542.7,0.293817
45562.6,0.293786
45582.5,0.293756
45602.4,0.293726
45622.3,0.293695
45642.2,0.293665
45662.1,0.293634
45682,0.293604
45701.9,0.293574
45721.8,0.293543
45741.7,0.293513
45761.7,0.293482
45781.6,0.293452
45801.5,0.293422
45821.4,0.293391
45841.3,0.293361
45861.2,0.29333
45881.1,0.2933
45901,0.29327
45920.9,0.293239
45940.8,0.293209
45960.7,0.293178
45980.6,0.293148
46000.5,0.293117
46020.4,0.293087
46040.3,0.293057
46060.2,0.293026
46080.1,0.292996
46100,0.292965
46119.9,0.292935
46139.8,0.292905
46159.7,0.292874
46179.6,0.292844
46199.5,0.292814
46219.4,0.292784
46239.3,0.292754
46259.3,0.292724
46279.2,0.292694
46299.1,0.292663
46319,0.292633
46338.9,0.292603
46358.8,0.292573
46378.7,0.292543
46398.6,0.292513
46418.5,0.292483
46438.4,0.292453
46458.3,0.292423
46478.2,0.292393
46498.1,0.292363
46518,0.292333
46537.9,0.292303
46557.8,0.292273
46577.7,0.292242
46597.6,0.292212
46617.5,0.292182
46637.4,0.292152
46657.3,0.292122
46677.2,0.292092
46697.1,0.292062
46717,0.292032
46736.9,0.292002
46756.9,0.291972
46776.8,0.291942
46796.7,0.291912
46816.6,0.291882
46836.5,0.291851
46856.4,0.291821
46876.3,0.291791
46896.2,0.291761
46916.1,0.291731
46936,0.291701
46955.9,0.291671
46975.8,0.291641
46995.7,0.291611
47015.6,0.291581
47035.5,0.291551
47055.4,0.291521
47075.3,0.291492
47095.2,0.291465
47115.1,0.291438
47135,0.291411
47154.9,0.291385
47174.8,0.291358
47194.7,0.291331
47214.6,0.291304
47234.5,0.291278
47254.5,0.291251
47274.4,0.291224
47294.3,0.291197
47314.2,0.291171
47334.1,0.291144
47354,0.291117
47373.9,0.29109
47393.8,0.291064
47413.7,0.291037
47433.6,0.29101
47453.5,0.290983
47473.4,0.290957
47493.3,0.29093
47513.2,0.290903
47533.1,0.290876
47553,0.29085
47572.9,0.290823
47592.8,0.290796
47612.7,0.290769
47632.6,0.290743
47652.5,0.290716
47672.4,0.290689
47692.3,0.290662
47712.2,0.290636
47732.1,0.290609
47752.1,0.290582
47772,0.290555
47791.9,0.290529
47811.8,0.290502
47831.7,0.290475
47851.6,0.290448
47871.5,0.290422
47891.4,0.290395
47911.3,0.290368
47931.2,0.290341
47951.1,0.290315
47971,0.290288
47990.9,0.290261
48010.8,0.290232
48030.7,0.290204
48050.6,0.290175
48070.5,0.290146
48090.4,0.290117
48110.3,0.290088
48130.2,0.29006
48150.1,0.290031
48170,0.290002
48189.9,0.289973
48209.8,0.289944
48229.7,0.289916
48249.6,0.289887
48269.6,0.289858
48289.5,0.289829
48309.4,0.2898
48329.3,0.289772
48349.2,0.289743
48369.1,0.289714
48389,0.289685
48408.9,0.289656
48428.8,0.289628
48448.7,0.289599
48468.6,0.28957
48488.5,0.289541
48508.4,0.289512
48528.3,0.289484
48548.2,0.289455
48568.1,0.289426
48588,0.289397
48607.9,0.289369
48627.8,0.28934
48647.7,0.289311
48667.6,0.289282
48687.5,0.289253
48707.4,0.289225
48727.3,0.289196
48747.3,0.289167
48767.2,0.289138
48787.1,0.289109
48807,0.289081
48826.9,0.289052
48846.8,0.289023
48866.7,0.288994
48886.6,0.288965
48906.5,0.288937
48926.4,0.288908
48946.3,0.288882
48966.2,0.288856
48986.1,0.28883
49006,0.288805
49025.9,0.288779
49045.8,0.288753
49065.7,0.288728
49085.6,0.288702
49105.5,0.288677
49125.4,0.288651
49145.3,0.288625
49165.2,0.2886
49185.1,0.288574
49205,0.288548
49224.9,0.288523
49244.8,0.288497
49264.8,0.288472
49284.7,0.288446
49304.6,0.28842
49324.5,0.288395
49344.4,0.288369
49364.3,0.288343
49384.2,0.288318
49404.1,0.288292
49424,0.288266
49443.9,0.288241
49463.8,0.288215
49483.7,0.28819
49503.6,0.288164
49523.5,0.288138
49543.4,0.288113
49563.3,0.288087
49583.2,0.288061
49603.1,0.288036
49623,0.28801
49642.9,0.287985
49662.8,0.287959
49682.7,0.287933
49702.6,0.287908
49722.5,0.287882
49742.4,0.287856
49762.4,0.287831
49782.3,0.287805
49802.2,0.287779
49822.1,0.287754
49842,0.287728
49861.9,0.287703
49881.8,0.287677
49901.7,0.287653
49921.6,0.287631
49941.5,0.287609
49961.4,0.287586
49981.3,0.287564
50001.2,0.287541
50021.1,0.287515
50041,0.28749
50060.9,0.287464
50080.8,0.287438
50100.7,0.287412
50120.6,0.287387
50140.5,0.287361
50160.4,0.287335
50180.3,0.287309
50200.2,0.287284
50220.1,0.287258
50240,0.287232
50260,0.287206
50279.9,0.287181
50299.8,0.287155
50319.7,0.287129
50339.6,0.287103
50359.5,0.287078
50379.4,0.287052
50399.3,0.287026
50419.2,0.287
50439.1,0.286975
50459,0.286949
50478.9,0.286923
50498.8,0.286897
50518.7,0.286872
50538.6,0.286846
50558.5,0.28682
50578.4,0.286794
50598.3,0.286769
50618.2,0.286743
50638.1,0.286717
50658,0.286691
50677.9,0.286666
50697.8,0.28664
50717.7,0.286614
50737.6,0.286588
50757.6,0.286563
50777.5,0.286537
50797.4,0.286511
50817.3,0.286485
50837.2,0.28646
50857.1,0.286434
50877,0.286409
50896.9,0.286385
50916.8,0.28636
50936.7,0.286335
50956.6,0.286311
50976.5,0.286286
50996.4,0.286262
51016.3,0.286237
51036.2,0.286212
51056.1,0.286188
51076,0.286163
51095.9,0.286139
51115.8,0.286114
51135.7,0.286089
51155.6,0.286065
51175.5,0.28604
51195.4,0.286015
51215.3,0.285991
51235.3,0.285966
51255.2,0.285942
51275.1,0.285917
51295,0.285892
51314.9,0.285868
51334.8,0.285843
51354.7,0.285819
51374.6,0.285794
51394.5,0.285769
51414.4,0.285745
51434.3,0.28572
51454.2,0.285696
51474.1,0.285671
51494,0.285646
51513.9,0.285622
51533.8,0.285597
51553.7,0.285573
51573.6,0.285548
51593.5,0.285523
51613.4,0.285499
51633.3,0.285474
51653.2,0.28545
51673.1,0.285425
51693,0.2854
51712.9,0.285376
51732.8,0.285351
51752.8,0.285327
51772.7,0.285302
51792.6,0.285277
51812.5,0.285253
51832.4,0.285228
51852.3,0.285204
51872.2,0.285179
51892.1,0.285155
51912,0.28513
51931.9,0.285106
51951.8,0.285082
51971.7,0.285057
51991.6,0.285033
52011.5,0.285009
52031.4,0.284984
52051.3,0.28496
52071.2,0.284935
52091.1,0.284911
52111,0.284887
52130.9,0.284862
52150.8,0.284838
52170.7,0.284814
52190.6,0.284789
52210.5,0.284765
52230.4,0.284741
52250.3,0.284716
52270.3,0.284692
52290.2,0.284667
52310.1,0.284643
52330,0.284619
52349.9,0.284594
52369.8,0.28457
52389.7,0.284546
52409.6,0.284521
52429.5,0.284497
52449.4,0.284473
52469.3,0.284448
52489.2,0.284424
52509.1,0.284399
52529,0.284375
52548.9,0.284351
52568.8,0.284326
52588.7,0.284302
52608.6,0.284278
52628.5,0.284253
52648.4,0.284229
52668.3,0.284205
52688.2,0.28418
52708.1,0.284156
52728,0.284131
52747.9,0.284107
52767.9,0.284083
52787.8,0.284058
52807.7,0.284034
52827.6,0.28401
52847.5,0.283985
52867.4,0.283961
52887.3,0.283937
52907.2,0.283914
52927.1,0.28389
52947,0.283866
52966.9,0.283843
52986.8,0.283819
53006.7,0.283795
53026.6,0.283772
53046.5,0.283748
53066.4,0.283724
53086.3,0.283701
53106.2,0.283677
53126.1,0.283653
53146,0.28363
53165.9,0.283606
53185.8,0.283582
53205.7,0.283559
53225.6,0.283535
53245.5,0.283511
53265.4,0.283488
53285.4,0.283464
53305.3,0.28344
53325.2,0.283417
53345.1,0.283393
53365,0.283369
53384.9,0.283346
53404.8,0.283322
53424.7,0.283298
53444.6,0.283275
53464.5,0.283251
53484.4,0.283227
53504.3,0.283204
53524.2,0.28318
53544.1,0.283156
53564,0.283133
53583.9,0.283109
53603.8,0.283085
53623.7,0.283062
53643.6,0.283038
53663.5,0.283015
53683.4,0.282991
53703.3,0.282967
53723.2,0.282944
53743.1,0.28292
53763.1,0.282896
53783,0.282873
53802.9,0.282849
53822.8,0.282825
53842.7,0.282802
53862.6,0.282778
53882.5,0.282754
53902.4,0.282731
53922.3,0.282707
53942.2,0.282684
53962.1,0.28266
53982,0.282637
54001.9,0.282613
54021.8,0.28259
54041.7,0.282566
54061.6,0.282543
54081.5,0.28252
54101.4,0.282496
54121.3,0.282473
54141.2,0.282449
54161.1,0.282426
54181,0.282402
54200.9,0.282379
54220.8,0.282356
54240.8,0.282332
54260.7,0.282309
54280.6,0.282285
54300.5,0.282262
54320.4,0.282238
54340.3,0.282215
54360.2,0.282192
54380.1,0.282168
54400,0.282145
54419.9,0.282121
54439.8,0.282098
54459.7,0.282074
54479.6,0.282051
54499.5,0.282027
54519.4,0.282004
54539.3,0.281981
54559.2,0.281957
54579.1,0.281934
54599,0.28191
54618.9,0.281887
54638.8,0.281863
54658.7,0.28184
54678.6,0.281817
54698.5,0.281793
54718.4,0.28177
54738.3,0.281746
54758.3,0.281723
54778.2,0.281699
54798.1,0.281676
54818,0.281653
54837.9,0.281629
54857.8,0.281606
54877.7,0.281582
54897.6,0.281559
54917.5,0.281535
54937.4,0.281512
54957.3,0.281489
54977.2,0.281467
54997.1,0.281447
55017,0.281426
55036.9,0.281405
55056.8,0.281385
55076.7,0.281364
55096.6,0.281343
55116.5,0.281323
55136.4,0.281302
55156.3,0.281281
55176.2,0.28126
55196.1,0.28124
55216,0.281219
55235.9,0.281198
55255.9,0.281178
55275.8,0.281157
55295.7,0.281136
55315.6,0.281116
55335.5,0.281095
55355.4,0.281074
55375.3,0.281054
55395.2,0.281033
55415.1,0.281012
55435,0.280991
55454.9,0.280971
55474.8,0.28095
55494.7,0.280929
55514.6,0.280909
55534.5,0.280888
55554.4,0.280867
55574.3,0.280847
55594.2,0.280826
55614.1,0.280805
55634,0.280784
55653.9,0.280764
55673.8,0.280743
55693.7,0.280722
55713.6,0.280702
55733.6,0.280681
55753.5,0.28066
55773.4,0.28064
55793.3,0.280619
55813.2,0.280598
55833.1,0.280578
55853,0.280557
55872.9,0.280536
55892.8,0.280515
55912.7,0.280495
55932.6,0.280474
55952.5,0.280453
55972.4,0.280433
55992.3,0.280412
56012.2,0.280391
56032.1,0.28037
56052,0.280348
56071.9,0.280326
56091.8,0.280303
56111.7,0.280281
56131.6,0.280259
56151.5,0.280236
56171.4,0.280214
56191.3,0.280191
56211.2,0.280169
56231.1,0.280147
56251,0.280124
56271,0.280102
56290.9,0.28008
56310.8,0.280057
56330.7,0.280035
56350.6,0.280012
56370.5,0.27999
56390.4,0.279968
56410.3,0.279945
56430.2,0.279923
56450.1,0.279901
56470,0.279878
56489.9,0.279856
56509.8,0.279834
56529.7,0.279811
56549.6,0.279789
56569.5,0.279766
56589.4,0.279744
56609.3,0.279722
56629.2,0.279699
56649.1,0.279677
56669,0.279655
56688.9,0.279632
56708.8,0.27961
56728.7,0.279587
56748.6,0.279565
56768.6,0.279543
56788.5,0.27952
56808.4,0.279498
56828.3,0.279476
56848.2,0.279453
56868.1,0.279431
56888,0.279409
56907.9,0.279386
56927.8,0.279364
56947.7,0.279341
56967.6,0.279319
56987.5,0.279297
57007.4,0.279274
57027.3,0.279252
57047.2,0.27923
57067.1,0.279207
57087,0.279185
57106.9,0.279162
57126.8,0.27914
57146.7,0.27912
57166.6,0.2791
57186.5,0.27908
57206.4,0.279061
57226.3,0.279041
57246.2,0.279021
57266.2,0.279001
57286.1,0.278982
57306,0.278962
57325.9,0.278942
57345.8,0.278922
57365.7,0.278902
57385.6,0.278883
57405.5,0.278863
57425.4,0.278843
57445.3,0.278823
57465.2,0.278804
57485.1,0.278784
57505,0.278764
57524.9,0.278744
57544.8,0.278724
57564.7,0.278705
57584.6,0.278685
57604.5,0.278665
57624.4,0.278645
57644.3,0.278626
57664.2,0.278606
57684.1,0.278586
57704,0.278566
57723.9,0.278547
57743.8,0.278527
57763.8,0.278507
57783.7,0.278487
57803.6,0.278467
57823.5,0.278448
57843.4,0.278428
57863.3,0.278408
57883.2,0.278388
57903.1,0.278369
57923,0.278349
57942.9,0.278329
57962.8,0.278309
57982.7,0.278289
58002.6,0.27827
58022.5,0.27825
58042.4,0.27823
58062.3,0.27821
58082.2,0.278191
58102.1,0.278171
58122,0.278151
58141.9,0.278131
58161.8,0.278112
58181.7,0.278092
58201.6,0.278072
58221.5,0.278052
58241.4,0.278032
58261.4,0.278012
58281.3,0.27799
58301.2,0.277968
58321.1,0.277947
58341,0.277925
58360.9,0.277904
58380.8,0.277882
58400.7,0.277861
58420.6,0.277839
58440.5,0.277817
58460.4,0.277796
58480.3,0.277774
58500.2,0.277753
58520.1,0.277731
58540,0.277709
58559.9,0.277688
58579.8,0.277666
58599.7,0.277645
58619.6,0.277623
58639.5,0.277602
58659.4,0.27758
58679.3,0.277558
58699.2,0.277537
58719.1,0.277515
58739.1,0.277494
58759,0.277472
58778.9,0.27745
58798.8,0.277429
58818.7,0.277407
58838.6,0.277386
58858.5,0.277364
58878.4,0.277342
58898.3,0.277321
58918.2,0.277299
58938.1,0.277278
58958,0.277256
58977.9,0.277235
58997.8,0.277213
59017.7,0.277191
59037.6,0.27717
59057.5,0.277148
59077.4,0.277127
59097.3,0.277105
59117.2,0.277084
59137.1,0.277062
59157,0.27704
59176.9,0.277019
59196.8,0.276997
59216.7,0.276976
59236.6,0.276954
59256.6,0.276932
59276.5,0.276911
59296.4,0.276889
59316.3,0.276868
59336.2,0.276846
59356.1,0.276825
59376,0.276803
59395.9,0.276782
59415.8,0.276762
59435.7,0.276741
59455.6,0.276721
59475.5,0.276701
59495.4,0.276681
59515.3,0.276661
59535.2,0.276641
59555.1,0.27662
59575,0.2766
59594.9,0.27658
59614.8,0.27656
59634.7,0.27654
59654.6,0.27652
59674.5,0.276499
59694.4,0.276479
59714.3,0.276459
59734.3,0.276439
59754.2,0.276419
59774.1,0.276399
59794,0.276378
59813.9,0.276358
59833.8,0.276338
59853.7,0.276318
59873.6,0.276298
59893.5,0.276278
59913.4,0.276257
59933.3,0.276237
59953.2,0.276217
59973.1,0.276197
59993,0.276177
60012.9,0.276158
60032.8,0.27614
60052.7,0.276122
60072.6,0.276104
60092.5,0.276086
60112.4,0.276069
60132.3,0.276051
60152.2,0.276033
60172.1,0.276015
60192,0.275997
60211.9,0.275979
60231.8,0.275961
60251.7,0.275943
60271.7,0.275925
60291.6,0.275907
60311.5,0.27589
60331.4,0.275872
60351.3,0.275854
60371.2,0.275836
60391.1,0.275818
60411,0.2758
60430.9,0.275782
60450.8,0.275764
60470.7,0.275746
60490.6,0.275729
60510.5,0.275711
60530.4,0.275693
60550.3,0.275675
60570.2,0.275654
60590.1,0.275633
60610,0.275612
60629.9,0.275591
60649.8,0.275571
60669.7,0.27555
60689.6,0.275529
60709.5,0.275508
60729.4,0.275487
60749.3,0.275466
60769.3,0.275445
60789.2,0.275425
60809.1,0.275404
60829,0.275383
60848.9,0.275362
60868.8,0.275341
60888.7,0.27532
60908.6,0.275299
60928.5,0.275279
60948.4,0.275258
60968.3,0.275237
60988.2,0.275216
61008.1,0.275195
61028,0.275174
61047.9,0.275154
61067.8,0.275133
61087.7,0.275112
61107.6,0.275091
61127.5,0.27507
61147.4,0.275049
61167.3,0.275028
61187.2,0.275008
61207.1,0.274987
61227,0.274966
61246.9,0.274945
61266.9,0.274924
61286.8,0.274903
61306.7,0.274882
61326.6,0.274862
61346.5,0.274841
61366.4,0.27482
61386.3,0.274799
61406.2,0.274778
61426.1,0.274757
61446,0.274736
61465.9,0.274716
61485.8,0.274695
61505.7,0.274674
61525.6,0.274653
61545.5,0.274632
61565.4,0.274611
61585.3,0.27459
61605.2,0.27457
61625.1,0.274549
61645,0.274528
61664.9,0.274507
61684.8,0.274486
61704.7,0.274465
61724.6,0.274445
61744.5,0.274426
61764.5,0.274407
61784.4,0.274389
61804.3,0.274371
61824.2,0.274352
61844.1,0.274334
61864,0.274316
61883.9,0.274297
61903.8,0.274279
61923.7,0.274261
61943.6,0.274243
61963.5,0.274224
61983.4,0.274206
62003.3,0.274188
62023.2,0.274169
62043.1,0.274151
62063,0.274133
62082.9,0.274114
62102.8,0.274096
62122.7,0.274078
62142.6,0.27406
62162.5,0.274041
62182.4,0.274023
62202.3,0.274005
62222.2,0.273986
62242.1,0.273968
62262.1,0.27395
62282,0.273931
62301.9,0.273913
62321.8,0.273895
62341.7,0.273876
62361.6,0.273858
62381.5,0.27384
62401.4,0.273822
62421.3,0.273803
62441.2,0.273785
62461.1,0.273767
62481,0.273748
62500.9,0.27373
62520.8,0.273712
62540.7,0.273693
62560.6,0.273675
62580.5,0.273657
62600.4,0.273639
62620.3,0.27362
62640.2,0.273602
62660.1,0.273584
62680,0.273565
62699.9,0.273547
62719.8,0.273529
62739.8,0.27351
62759.7,0.273492
62779.6,0.273474
62799.5,0.273456
62819.4,0.273437
62839.3,0.273419
62859.2,0.273401
62879.1,0.273382
62899,0.273364
62918.9,0.273346
62938.8,0.273327
62958.7,0.273309
62978.6,0.273291
62998.5,0.273273
63018.4,0.273255
63038.3,0.273237
63058.2,0.273219
63078.1,0.273201
63098,0.273183
63117.9,0.273165
63137.8,0.273147
63157.7,0.273129
63177.6,0.273111
63197.5,0.273093
63217.4,0.273075
63237.3,0.273057
63257.3,0.273039
63277.2,0.273021
63297.1,0.273003
63317,0.272985
63336.9,0.272967
63356.8,0.272949
63376.7,0.272931
63396.6,0.272913
63416.5,0.272895
63436.4,0.272877
63456.3,0.272859
63476.2,0.272841
63496.1,0.272823
63516,0.272805
63535.9,0.272787
63555.8,0.272769
63575.7,0.272751
63595.6,0.272733
63615.5,0.272715
63635.4,0.272697
63655.3,0.272679
63675.2,0.272661
63695.1,0.272643
63715,0.272625
63734.9,0.272607
63754.9,0.272589
63774.8,0.272571
63794.7,0.272553
63814.6,0.272535
63834.5,0.272517
63854.4,0.272499
63874.3,0.272481
63894.2,0.272463
63914.1,0.272445
63934,0.272427
63953.9,0.272409
63973.8,0.272391
63993.7,0.272373
64013.6,0.272355
64033.5,0.272337
64053.4,0.272319
64073.3,0.272301
64093.2,0.272283
64113.1,0.272265
64133,0.272247
64152.9,0.272229
64172.8,0.272211
64192.7,0.272191
64212.6,0.272172
64232.5,0.272152
64252.4,0.272132
64272.4,0.272113
64292.3,0.272093
64312.2,0.272073
64332.1,0.272053
64352,0.272034
64371.9,0.272014
64391.8,0.271994
64411.7,0.271975
64431.6,0.271955
64451.5,0.271935
64471.4,0.271916
64491.3,0.271896
64511.2,0.271876
64531.1,0.271857
64551,0.271837
64570.9,0.271817
64590.8,0.271798
64610.7,0.271778
64630.6,0.271758
64650.5,0.271738
64670.4,0.271719
64690.3,0.271699
64710.2,0.271679
64730.1,0.27166
64750,0.27164
64770,0.27162
64789.9,0.271601
64809.8,0.271581
64829.7,0.271561
64849.6,0.271542
64869.5,0.271522
64889.4,0.271502
64909.3,0.271483
64929.2,0.271463
64949.1,0.271443
64969,0.271424
64988.9,0.271404
65008.8,0.271384
65028.7,0.271365
65048.6,0.271345
65068.5,0.271325
65088.4,0.271305
65108.3,0.271286
65128.2,0.271266
65148.1,0.271246
65168,0.271227
65187.9,0.271207
65207.8,0.271187
65227.7,0.271168
65247.6,0.271148
65267.6,0.271128
65287.5,0.271109
65307.4,0.271089
65327.3,0.271069
65347.2,0.27105
65367.1,0.27103
65387,0.27101
65406.9,0.270991
65426.8,0.270972
65446.7,0.270954
65466.6,0.270937
65486.5,0.27092
65506.4,0.270902
65526.3,0.270885
65546.2,0.270868
65566.1,0.270851
65586,0.270833
65605.9,0.270816
65625.8,0.270799
65645.7,0.270781
65665.6,0.270764
65685.5,0.270747
65705.4,0.270729
65725.3,0.270712
65745.3,0.270695
65765.2,0.270678
65785.1,0.27066
65805,0.270643
65824.9,0.270626
65844.8,0.270608
65864.7,0.270591
65884.6,0.270574
65904.5,0.270556
65924.4,0.270539
65944.3,0.270522
65964.2,0.270505
65984.1,0.270487
66004,0.27047
66023.9,0.270453
66043.8,0.270435
66063.7,0.270418
66083.6,0.270401
66103.5,0.270383
66123.4,0.270366
66143.3,0.270349
66163.2,0.270332
66183.1,0.270314
66203,0.270297
66222.9,0.27028
66242.9,0.270262
66262.8,0.270245
66282.7,0.270228
66302.6,0.27021
66322.5,0.270193
66342.4,0.270176
66362.3,0.270158
66382.2,0.270141
66402.1,0.270124
66422,0.270107
66441.9,0.270089
66461.8,0.270072
66481.7,0.270055
66501.6,0.270037
66521.5,0.27002
66541.4,0.270003
66561.3,0.269985
66581.2,0.269968
66601.1,0.269951
66621,0.269934
66640.9,0.269916
66660.8,0.269899
66680.7,0.269882
66700.6,0.269864
66720.5,0.269848
66740.5,0.269831
66760.4,0.269814
66780.3,0.269797
66800.2,0.26978
66820.1,0.269763
66840,0.269746
66859.9,0.269729
66879.8,0.269712
66899.7,0.269695
66919.6,0.269678
66939.5,0.269662
66959.4,0.269645
66979.3,0.269628
66999.2,0.269611
67019.1,0.269594
67039,0.269577
67058.9,0.26956
67078.8,0.269543
67098.7,0.269526
67118.6,0.269509
67138.5,0.269492
67158.4,0.269476
67178.3,0.269459
67198.2,0.269442
67218.1,0.269425
67238,0.269408
67258,0.269391
67277.9,0.269374
67297.8,0.269357
67317.7,0.26934
67337.6,0.269323
67357.5,0.269307
67377.4,0.26929
67397.3,0.269273
67417.2,0.269256
67437.1,0.269239
67457,0.269222
67476.9,0.269205
67496.8,0.269188
67516.7,0.269171
67536.6,0.269154
67556.5,0.269138
67576.4,0.269121
67596.3,0.269104
67616.2,0.269087
67636.1,0.26907
67656,0.269053
67675.9,0.269036
67695.8,0.269019
67715.7,0.269002
67735.6,0.268985
67755.6,0.268968
67775.5,0.268952
67795.4,0.268935
67815.3,0.268918
67835.2,0.268901
67855.1,0.268884
67875,0.268867
67894.9,0.26885
67914.8,0.268833
67934.7,0.268816
67954.6,0.268799
67974.5,0.268782
67994.4,0.268766
68014.3,0.268749
68034.2,0.268732
68054.1,0.268715
68074,0.268699
68093.9,0.268682
68113.8,0.268665
68133.7,0.268649
68153.6,0.268632
68173.5,0.268616
68193.4,0.268599
68213.3,0.268582
68233.2,0.268566
68253.1,0.268549
68273.1,0.268532
68293,0.268516
68312.9,0.268499
68332.8,0.268482
68352.7,0.268466
68372.6,0.268449
68392.5,0.268432
68412.4,0.268416
68432.3,0.268399
68452.2,0.268382
68472.1,0.268366
68492,0.268349
68511.9,0.268333
68531.8,0.268316
68551.7,0.268299
68571.6,0.268283
68591.5,0.268266
68611.4,0.268249
68631.3,0.268233
68651.2,0.268216
68671.1,0.268199
68691,0.268183
68710.9,0.268166
68730.8,0.268149
68750.8,0.268133
68770.6,0.268116
68790.6,0.268099
68810.5,0.268083
68830.4,0.268066
68850.3,0.268049
68870.2,0.268033
68890.1,0.268016
68910,0.267999
68929.9,0.267983
68949.8,0.267966
68969.7,0.26795
68989.6,0.267933
69009.5,0.267916
69029.4,0.2679
69049.3,0.267883
69069.2,0.267866
69089.1,0.26785
69109,0.267833
69128.9,0.267816
69148.8,0.2678
69168.7,0.267783
69188.6,0.267766
69208.5,0.26775
69228.4,0.267733
69248.4,0.267716
69268.3,0.2677
69288.2,0.267683
69308.1,0.267666
69328,0.26765
69347.9,0.267633
69367.8,0.267614
69387.7,0.267596
69407.6,0.267578
69427.5,0.26756
69447.4,0.267541
69467.3,0.267523
69487.2,0.267505
69507.1,0.267487
69527,0.267469
69546.9,0.26745
69566.8,0.267432
69586.7,0.267414
69606.6,0.267396
69626.5,0.267377
69646.4,0.267359
69666.3,0.267341
69686.2,0.267323
69706.1,0.267304
69726,0.267286
69745.9,0.267268
69765.9,0.26725
69785.8,0.267232
69805.7,0.267213
69825.6,0.267195
69845.5,0.267177
69865.4,0.267159
69885.3,0.26714
69905.2,0.267122
69925.1,0.267104
69945,0.267086
69964.9,0.267068
69984.8,0.267049
70004.7,0.267031
70024.6,0.267013
70044.5,0.266995
70064.4,0.266976
70084.3,0.266958
70104.2,0.26694
70124.1,0.266922
70144,0.266903
70163.9,0.266885
70183.8,0.266867
70203.7,0.266849
70223.6,0.266831
70243.5,0.266812
70263.5,0.266794
70283.4,0.266776
70303.3,0.266758
70323.2,0.266739
70343.1,0.266721
70363,0.266703
70382.9,0.266685
70402.8,0.266667
70422.7,0.266648
70442.6,0.26663
70462.5,0.266612
70482.4,0.266594
70502.3,0.266575
70522.2,0.266557
70542.1,0.266539
70562,0.266521
70581.9,0.266502
70601.8,0.266484
70621.7,0.266466
70641.6,0.266448
70661.5,0.26643
70681.4,0.266411
70701.3,0.266394
70721.3,0.266378
70741.1,0.266362
70761.1,0.266346
70781,0.26633
70800.9,0.266314
70820.8,0.266298
70840.7,0.266282
70860.6,0.266266
70880.5,0.26625
70900.4,0.266234
70920.3,0.266218
70940.2,0.266202
70960.1,0.266186
70980,0.26617
70999.9,0.266154
71019.8,0.266138
71039.7,0.266122
71059.6,0.266106
71079.5,0.266089
71099.4,0.266073
71119.3,0.266057
71139.2,0.266041
71159.1,0.266025
71179,0.266009
71198.9,0.265993
71218.8,0.265977
71238.8,0.265961
71258.7,0.265945
71278.6,0.265929
71298.5,0.265913
71318.4,0.265897
71338.3,0.265881
71358.2,0.265865
71378.1,0.265849
71398,0.265833
71417.9,0.265817
71437.8,0.265801
71457.7,0.265785
71477.6,0.265769
71497.5,0.265753
71517.4,0.265736
71537.3,0.26572
71557.2,0.265704
71577.1,0.265688
71597,0.265672
71616.9,0.265656
71636.8,0.26564
71656.7,0.265624
71676.6,0.265608
71696.5,0.265592
71716.4,0.265576
71736.4,0.26556
71756.3,0.265544
71776.2,0.265528
71796.1,0.265512
71816,0.265496
71835.9,0.26548
71855.8,0.265464
71875.7,0.265448
71895.6,0.265432
71915.5,0.265416
71935.4,0.265399
71955.3,0.265383
71975.2,0.265367
71995.1,0.265351
72015,0.265335
72034.9,0.265319
72054.8,0.265303
72074.7,0.265287
72094.6,0.265272
72114.5,0.265256
72134.4,0.26524
72154.3,0.265224
72174.2,0.265209
72194.1,0.265193
72214,0.265177
72233.9,0.265162
72253.9,0.265146
72273.8,0.26513
72293.7,0.265114
72313.6,0.265099
72333.5,0.265083
72353.4,0.265067
72373.3,0.265052
72393.2,0.265036
72413.1,0.26502
72433,0.265005
72452.9,0.264989
72472.8,0.264973
72492.7,0.264957
72512.6,0.264942
72532.5,0.264926
72552.4,0.26491
72572.3,0.264895
72592.2,0.264879
72612.1,0.264863
72632,0.264847
72651.9,0.264832
72671.8,0.264816
72691.7,0.2648
72711.6,0.264785
72731.5,0.264769
72751.4,0.264753
72771.4,0.264738
72791.3,0.264722
72811.2,0.264706
72831.1,0.26469
72851,0.264675
72870.9,0.264659
72890.8,0.264643
72910.7,0.264628
72930.6,0.264612
72950.5,0.264596
72970.4,0.26458
72990.3,0.264565
73010.2,0.264549
73030.1,0.264533
73050,0.264518
73069.9,0.264502
73089.8,0.264486
73109.7,0.264471
73129.6,0.264455
73149.5,0.264439
73169.4,0.264423
73189.3,0.264408
73209.2,0.264392
73229.1,0.264376
73249,0.264361
73269,0.264345
73288.9,0.264329
73308.8,0.264313
73328.7,0.264298
73348.6,0.264282
73368.5,0.264266
73388.4,0.264251
73408.3,0.264235
73428.2,0.264219
73448.1,0.264204
73468,0.264188
73487.9,0.264172
73507.8,0.264157
73527.7,0.264141
73547.6,0.264126
73567.5,0.264111
73587.4,0.264095
73607.3,0.26408
73627.2,0.264065
73647.1,0.264049
73667,0.264034
73686.9,0.264018
73706.8,0.264003
73726.7,0.263988
73746.6,0.263972
73766.6,0.263957
73786.5,0.263942
73806.4,0.263926
73826.3,0.263911
73846.2,0.263895
73866.1,0.26388
73886,0.263865
73905.9,0.263849
73925.8,0.263834
73945.7,0.263819
73965.6,0.263803
73985.5,0.263788
74005.4,0.263772
74025.3,0.263757
74045.2,0.263742
74065.1,0.263726
74085,0.263711
74104.9,0.263696
74124.8,0.26368
74144.7,0.263665
74164.6,0.263649
74184.5,0.263634
74204.4,0.263619
74224.3,0.263603
74244.3,0.263588
74264.2,0.263572
74284.1,0.263557
74304,0.263542
74323.9,0.263526
74343.8,0.263511
74363.7,0.263496
74383.6,0.26348
74403.5,0.263465
74423.4,0.263449
74443.3,0.263434
74463.2,0.263419
74483.1,0.263403
74503,0.263388
74522.9,0.263373
74542.8,0.263357
74562.7,0.263342
74582.6,0.263326
74602.5,0.263311
74622.4,0.263296
74642.3,0.26328
74662.2,0.263265
74682.1,0.26325
74702,0.263234
74721.9,0.263219
74741.9,0.263203
74761.8,0.263188
74781.7,0.263173
74801.6,0.263157
74821.5,0.263142
74841.4,0.263127
74861.3,0.263111
74881.2,0.263096
74901.1,0.26308
74921,0.263065
74940.9,0.263048
74960.8,0.263031
74980.7,0.263014
75000.6,0.262998
75020.5,0.262981
75040.4,0.262964
75060.3,0.262947
75080.2,0.26293
75100.1,0.262913
75120,0.262896
75139.9,0.26288
75159.8,0.262863
75179.7,0.262846
75199.6,0.262829
75219.5,0.262812
75239.5,0.262795
75259.4,0.262778
75279.3,0.262762
75299.2,0.262745
75319.1,0.262728
75339,0.262711
75358.9,0.262694
75378.8,0.262677
75398.7,0.26266
75418.6,0.262644
75438.5,0.262627
75458.4,0.26261
75478.3,0.262593
75498.2,0.262576
75518.1,0.262559
75538,0.262543
75557.9,0.262526
75577.8,0.262509
75597.7,0.262492
75617.6,0.262475
75637.5,0.262458
75657.4,0.262441
75677.3,0.262425
75697.2,0.262408
75717.1,0.262391
75737,0.262374
75757,0.262357
75776.9,0.26234
75796.8,0.262323
75816.7,0.262307
75836.6,0.26229
75856.5,0.262273
75876.4,0.262256
75896.3,0.262239
75916.2,0.262222
75936.1,0.262205
75956,0.262189
75975.9,0.262172
75995.8,0.262155
76015.7,0.262138
76035.6,0.262121
76055.5,0.262104
76075.4,0.262087
76095.3,0.262071
76115.2,0.262054
76135.1,0.262037
76155,0.26202
76174.9,0.262003
76194.8,0.261986
76214.7,0.261969
76234.6,0.261953
76254.5,0.261936
76274.5,0.261919
76294.4,0.261902
76314.3,0.261885
76334.2,0.261868
76354.1,0.261852
76374,0.261835
76393.9,0.261819
76413.8,0.261805
76433.7,0.26179
76453.6,0.261775
76473.5,0.26176
76493.4,0.261745
76513.3,0.261731
76533.2,0.261716
76553.1,0.261701
76573,0.261686
76592.9,0.261672
76612.8,0.261657
76632.7,0.261642
76652.6,0.261627
76672.5,0.261613
76692.4,0.261598
76712.3,0.261583
76732.2,0.261568
76752.1,0.261554
76772.1,0.261539
76792,0.261524
76811.9,0.261509
76831.8,0.261494
76851.7,0.26148
76871.6,0.261465
76891.5,0.26145
76911.4,0.261435
76931.3,0.261421
76951.2,0.261406
76971.1,0.261391
76991,0.261376
77010.9,0.261362
77030.8,0.261347
77050.7,0.261332
77070.6,0.261317
77090.5,0.261303
77110.4,0.261288
77130.3,0.261273
77150.2,0.261258
77170.1,0.261244
77190,0.261229
77209.9,0.261214
77229.8,0.261199
77249.8,0.261184
77269.6,0.26117
77289.6,0.261155
77309.5,0.26114
77329.4,0.261125
77349.3,0.261111
77369.2,0.261096
77389.1,0.261081
77409,0.261066
77428.9,0.261052
77448.8,0.261037
77468.7,0.261022
77488.6,0.261007
77508.5,0.260993
77528.4,0.260978
77548.3,0.260963
77568.2,0.260948
77588.1,0.260933
77608,0.260919
77627.9,0.260904
77647.8,0.260889
77667.7,0.260874
77687.6,0.26086
77707.5,0.260845
77727.4,0.26083
77747.4,0.260815
77767.3,0.260801
77787.2,0.260786
77807.1,0.260771
77827,0.260756
77846.9,0.260742
77866.8,0.260727
77886.7,0.260712
77906.6,0.260698
77926.5,0.260683
77946.4,0.260668
77966.3,0.260654
77986.2,0.260639
78006.1,0.260625
78026,0.26061
78045.9,0.260596
78065.8,0.260581
78085.7,0.260566
78105.6,0.260552
78125.5,0.260537
78145.4,0.260523
78165.3,0.260508
78185.2,0.260494
78205.1,0.260479
78225,0.260464
78245,0.26045
78264.9,0.260435
78284.8,0.260421
78304.7,0.260406
78324.6,0.260392
78344.5,0.260377
78364.4,0.260362
78384.3,0.260348
78404.2,0.260333
78424.1,0.260319
78444,0.260304
78463.9,0.26029
78483.8,0.260275
78503.7,0.26026
78523.6,0.260246
78543.5,0.260231
78563.4,0.260217
78583.3,0.260202
78603.2,0.260188
78623.1,0.260173
78643,0.260158
78662.9,0.260144
78682.8,0.260129
78702.7,0.260115
78722.6,0.2601
78742.5,0.260086
78762.5,0.260071
78782.4,0.260056
78802.3,0.260042
78822.2,0.260027
78842.1,0.260013
78862,0.259998
78881.9,0.259984
78901.8,0.259969
78921.7,0.259954
78941.6,0.25994
78961.5,0.259925
78981.4,0.259911
79001.3,0.259896
79021.2,0.259882
79041.1,0.259867
79061,0.259852
79080.9,0.259838
79100.8,0.259823
79120.7,0.259809
79140.6,0.259794
79160.5,0.25978
79180.4,0.259765
79200.3,0.259751
79220.3,0.259736
79240.1,0.259721
79260.1,0.259707
79280,0.259692
79299.9,0.259678
79319.8,0.259663
79339.7,0.259649
79359.6,0.259634
79379.5,0.259619
79399.4,0.259605
79419.3,0.259588
79439.2,0.259572
79459.1,0.259556
79479,0.259539
79498.9,0.259523
79518.8,0.259506
79538.7,0.25949
79558.6,0.259474
79578.5,0.259457
79598.4,0.259441
79618.3,0.259424
79638.2,0.259408
79658.1,0.259392
79678,0.259375
79697.9,0.259359
79717.8,0.259342
79737.8,0.259326
79757.7,0.25931
79777.6,0.259293
79797.5,0.259277
79817.4,0.25926
79837.3,0.259244
79857.2,0.259228
79877.1,0.259211
79897,0.259195
79916.9,0.259178
79936.8,0.259162
79956.7,0.259146
79976.6,0.259129
79996.5,0.259113
80016.4,0.259097
80036.3,0.259082
80056.2,0.259066
80076.1,0.25905
80096,0.259035
80115.9,0.259019
80135.8,0.259004
80155.7,0.258988
80175.6,0.258973
80195.5,0.258957
80215.4,0.258942
80235.3,0.258926
80255.3,0.258911
80275.2,0.258895
80295.1,0.25888
80315,0.258864
80334.9,0.258848
80354.8,0.258833
80374.7,0.258817
80394.6,0.258802
80414.5,0.258786
80434.4,0.258771
80454.3,0.258755
80474.2,0.25874
80494.1,0.258724
80514,0.258709
80533.9,0.258693
80553.8,0.258678
80573.7,0.258662
80593.6,0.258646
80613.5,0.258631
80633.4,0.258615
80653.3,0.2586
80673.2,0.258584
80693.1,0.258569
80713,0.258553
80732.9,0.258538
80752.9,0.258522
80772.8,0.258507
80792.7,0.258491
80812.6,0.258475
80832.5,0.25846
80852.4,0.258444
80872.3,0.258429
80892.2,0.258413
80912.1,0.258398
80932,0.258382
80951.9,0.258367
80971.8,0.258353
80991.7,0.258339
81011.6,0.258325
81031.5,0.258311
81051.4,0.258297
81071.3,0.258283
81091.2,0.258269
81111.1,0.258255
81131,0.258241
81150.9,0.258228
81170.8,0.258214
81190.7,0.2582
81210.6,0.258186
81230.5,0.258172
81250.4,0.258158
81270.4,0.258144
81290.3,0.25813
81310.2,0.258116
81330.1,0.258102
81350,0.258088
81369.9,0.258074
81389.8,0.25806
81409.7,0.258047
81429.6,0.258033
81449.5,0.258019
81469.4,0.258005
81489.3,0.257991
81509.2,0.257977
81529.1,0.257963
81549,0.257949
81568.9,0.257935
81588.8,0.257921
81608.7,0.257907
81628.6,0.257893
81648.5,0.257879
81668.4,0.257865
81688.3,0.257852
81708.2,0.257838
81728.1,0.257824
81748,0.25781
81768,0.257796
81787.9,0.257782
81807.8,0.257768
81827.7,0.257754
81847.6,0.25774
81867.5,0.257726
81887.4,0.257712
81907.3,0.257698
81927.2,0.257684
81947.1,0.25767
81967,0.257657
81986.9,0.257643
82006.8,0.257629
82026.7,0.257615
82046.6,0.257601
82066.5,0.257587
82086.4,0.257573
82106.3,0.257559
82126.2,0.257545
82146.1,0.257531
82166,0.257517
82185.9,0.257503
82205.8,0.257489
82225.8,0.257475
82245.6,0.257462
82265.6,0.257448
82285.5,0.257434
82305.4,0.25742
82325.3,0.257406
82345.2,0.257392
82365.1,0.257378
82385,0.257364
82404.9,0.25735
82424.8,0.257336
82444.7,0.257322
82464.6,0.257308
82484.5,0.257294
82504.4,0.25728
82524.3,0.257267
82544.2,0.257253
82564.1,0.257239
82584,0.257225
82603.9,0.257211
82623.8,0.257198
82643.7,0.257184
82663.6,0.25717
82683.5,0.257156
82703.4,0.257143
82723.3,0.257129
82743.3,0.257115
82763.2,0.257101
82783.1,0.257088
82803,0.257074
82822.9,0.25706
82842.8,0.257046
82862.7,0.257033
82882.6,0.257019
82902.5,0.257005
82922.4,0.256991
82942.3,0.256978
82962.2,0.256964
82982.1,0.25695
83002,0.256936
83021.9,0.256923
83041.8,0.256909
83061.7,0.256895
83081.6,0.256881
83101.5,0.256868
83121.4,0.256854
83141.3,0.25684
83161.2,0.256826
83181.1,0.256813
83201,0.256799
83220.9,0.256785
83240.9,0.256771
83260.8,0.256758
83280.7,0.256744
83300.6,0.25673
83320.5,0.256716
83340.4,0.256702
83360.3,0.256689
83380.2,0.256675
83400.1,0.256661
83420,0.256647
83439.9,0.256634
83459.8,0.25662
83479.7,0.256606
83499.6,0.256592
83519.5,0.256579
83539.4,0.256565
83559.3,0.256551
83579.2,0.256537
83599.1,0.256524
83619,0.25651
83638.9,0.256496
83658.8,0.256482
83678.7,0.256469
83698.6,0.256455
83718.5,0.256441
83738.5,0.256427
83758.4,0.256414
83778.3,0.2564
83798.2,0.256386
83818.1,0.256372
83838,0.256359
83857.9,0.256345
83877.8,0.256331
83897.7,0.256317
83917.6,0.256304
83937.5,0.25629
83957.4,0.256276
83977.3,0.256262
83997.2,0.256249
84017.1,0.256235
84037,0.256221
84056.9,0.256207
84076.8,0.256194
84096.7,0.25618
84116.6,0.256166
84136.5,0.256152
84156.4,0.256138
84176.3,0.256123
84196.2,0.256108
84216.1,0.256093
84236,0.256079
84255.9,0.256064
84275.9,0.256049
84295.8,0.256034
84315.7,0.256019
84335.6,0.256004
84355.5,0.255989
84375.4,0.255974
84395.3,0.255959
84415.2,0.255944
84435.1,0.255929
84455,0.255914
84474.9,0.2559
84494.8,0.255885
84514.7,0.25587
84534.6,0.255855
84554.5,0.25584
84574.4,0.255825
84594.3,0.25581
84614.2,0.255795
84634.1,0.25578
84654,0.255765
84673.9,0.25575
84693.8,0.255736
84713.7,0.255721
84733.6,0.255706
84753.5,0.255691
84773.5,0.255676
84793.4,0.255661
84813.3,0.255646
84833.2,0.255631
84853.1,0.255616
84873,0.255601
84892.9,0.255586
84912.8,0.255572
84932.7,0.255557
84952.6,0.255542
84972.5,0.255527
84992.4,0.255512
85012.3,0.255497
85032.2,0.255482
85052.1,0.255467
85072,0.255452
85091.9,0.255437
85111.8,0.255422
85131.7,0.255407
85151.6,0.255393
85171.5,0.255378
85191.4,0.255363
85211.3,0.255348
85231.2,0.255333
85251.1,0.255318
85271.1,0.255303
85291,0.255288
85310.9,0.255273
85330.8,0.255258
85350.7,0.255243
85370.6,0.255229
85390.5,0.255214
85410.4,0.255199
85430.3,0.255184
85450.2,0.255169
85470.1,0.255154
85490,0.255139
85509.9,0.255124
85529.8,0.255109
85549.7,0.255094
85569.6,0.255079
85589.5,0.255064
85609.4,0.25505
85629.3,0.255035
85649.2,0.25502
85669.1,0.255005
85689,0.25499
85708.9,0.254975
85728.8,0.25496
85748.8,0.254945
85768.7,0.25493
85788.6,0.254915
85808.5,0.254901
85828.4,0.254888
85848.3,0.254875
85868.2,0.254861
85888.1,0.254848
85908,0.254835
85927.9,0.254822
85947.8,0.254808
85967.7,0.254795
85987.6,0.254782
86007.5,0.254769
86027.4,0.254755
86047.3,0.254742
86067.2,0.254729
86087.1,0.254716
86107,0.254702
86126.9,0.254689
86146.8,0.254676
86166.7,0.254662
86186.6,0.254649
86206.5,0.254636
86226.4,0.254623
86246.4,0.254609
86266.3,0.254596
86286.2,0.254583
86306.1,0.25457
86326,0.254556
86345.9,0.254543
86365.8,0.25453
86385.7,0.254517
86405.6,0.254503
86425.5,0.25449
86445.4,0.254477
86465.3,0.254464
86485.2,0.25445
86505.1,0.254437
86525,0.254424
86544.9,0.254411
86564.8,0.254397
86584.7,0.254384
86604.6,0.254371
86624.5,0.254357
86644.4,0.254344
86664.3,0.254331
86684.2,0.254318
86704.1,0.254304
86724,0.254291
86744,0.254278
86763.9,0.254265
86783.8,0.254251
86803.7,0.254238
86823.6,0.254225
86843.5,0.254212
86863.4,0.254198
86883.3,0.254185
86903.2,0.254172
86923.1,0.254159
86943,0.254145
86962.9,0.254132
86982.8,0.254119
87002.7,0.254106
87022.6,0.254092
87042.5,0.254079
87062.4,0.254066
87082.3,0.254052
87102.2,0.254039
87122.1,0.254026
87142,0.254013
87161.9,0.253999
87181.8,0.253986
87201.7,0.253973
87221.6,0.25396
87241.5,0.253946
87261.5,0.253933
87281.4,0.25392
87301.3,0.253907
87321.2,0.253893
87341.1,0.25388
87361,0.253867
87380.9,0.253854
87400.8,0.25384
87420.7,0.253827
87440.6,0.253814
87460.5,0.253801
87480.4,0.253787
87500.3,0.253772
87520.2,0.253758
87540.1,0.253743
87560,0.253729
87579.9,0.253715
87599.8,0.2537
87619.7,0.253686
87639.6,0.253672
87659.5,0.253657
87679.4,0.253643
87699.3,0.253628
87719.2,0.253614
87739.1,0.2536
87759.1,0.253585
87779,0.253571
87798.9,0.253556
87818.8,0.253542
87838.7,0.253528
87858.6,0.253513
87878.5,0.253499
87898.4,0.253485
87918.3,0.25347
87938.2,0.253456
87958.1,0.253441
87978,0.253427
87997.9,0.253413
88017.8,0.253398
88037.7,0.253384
88057.6,0.253369
88077.5,0.253355
88097.4,0.253341
88117.3,0.253326
88137.2,0.253312
88157.1,0.253297
88177,0.253283
88196.9,0.253269
88216.8,0.253254
88236.7,0.25324
88256.6,0.253226
88276.6,0.253211
88296.5,0.253197
88316.4,0.253182
88336.3,0.253168
88356.2,0.253154
88376.1,0.253139
88396,0.253125
88415.9,0.25311
88435.8,0.253096
88455.7,0.253082
88475.6,0.253067
88495.5,0.253053
88515.4,0.253038
88535.3,0.253024
88555.2,0.25301
88575.1,0.252995
88595,0.252981
88614.9,0.252966
88634.8,0.252952
88654.7,0.252938
88674.6,0.252923
88694.5,0.252909
88714.4,0.252895
88734.3,0.25288
88754.3,0.252866
88774.1,0.252851
88794.1,0.252837
88814,0.252823
88833.9,0.252808
88853.8,0.252794
88873.7,0.252779
88893.6,0.252765
88913.5,0.252751
88933.4,0.252736
88953.3,0.252722
88973.2,0.252707
88993.1,0.252693
89013,0.252679
89032.9,0.252664
89052.8,0.25265
89072.7,0.252636
89092.6,0.252621
89112.5,0.252607
89132.4,0.252592
89152.3,0.252578
89172.2,0.252564
89192.1,0.25255
89212,0.252538
89231.9,0.252525
89251.9,0.252512
89271.8,0.2525
89291.7,0.252487
89311.6,0.252474
89331.5,0.252462
89351.4,0.252449
89371.3,0.252436
89391.2,0.252424
89411.1,0.252411
89431,0.252398
89450.9,0.252386
89470.8,0.252373
89490.7,0.25236
89510.6,0.252348
89530.5,0.252335
89550.4,0.252322
89570.3,0.25231
89590.2,0.252297
89610.1,0.252285
89630,0.252272
89649.9,0.252259
89669.8,0.252247
89689.7,0.252234
89709.6,0.252221
89729.5,0.252209
89749.5,0.252196
89769.4,0.252183
89789.3,0.252171
89809.2,0.252158
89829.1,0.252145
89849,0.252133
89868.9,0.25212
89888.8,0.252107
89908.7,0.252095
89928.6,0.252082
89948.5,0.252069
89968.4,0.252057
89988.3,0.252044
90008.2,0.252031
90028.1,0.252019
90048,0.252006
90067.9,0.251993
90087.8,0.251981
90107.7,0.251968
90127.6,0.251956
90147.5,0.251943
90167.4,0.25193
90187.3,0.251918
90207.2,0.251905
90227.1,0.251892
90247,0.25188
90267,0.251867
90286.9,0.251854
90306.8,0.251842
90326.7,0.251829
90346.6,0.251816
90366.5,0.251804
90386.4,0.251791
90406.3,0.251778
90426.2,0.251766
90446.1,0.251753
90466,0.25174
90485.9,0.251728
90505.8,0.251715
90525.7,0.251702
90545.6,0.25169
90565.5,0.251677
90585.4,0.251664
90605.3,0.251652
90625.2,0.251639
90645.1,0.251626
90665,0.251614
90684.9,0.251601
90704.8,0.251589
90724.8,0.251576
90744.6,0.251563
90764.6,0.251551
90784.5,0.251538
90804.4,0.251525
90824.3,0.251513
90844.2,0.2515
90864.1,0.251487
90884,0.251475
90903.9,0.251462
90923.8,0.251449
90943.7,0.251436
90963.6,0.251422
90983.5,0.251408
91003.4,0.251394
91023.3,0.251381
91043.2,0.251367
91063.1,0.251353
91083,0.251339
91102.9,0.251325
91122.8,0.251311
91142.7,0.251298
91162.6,0.251284
91182.5,0.25127
91202.4,0.251256
91222.3,0.251242
91242.3,0.251229
91262.2,0.251215
91282.1,0.251201
91302,0.251187
91321.9,0.251173
91341.8,0.251159
91361.7,0.251146
91381.6,0.251132
91401.5,0.251118
91421.4,0.251104
91441.3,0.25109
91461.2,0.251076
91481.1,0.251063
91501,0.251049
91520.9,0.251035
91540.8,0.251021
91560.7,0.251007
91580.6,0.250994
91600.5,0.25098
91620.4,0.250966
91640.3,0.250952
91660.2,0.250938
91680.1,0.250924
91700,0.250911
91719.9,0.250897
91739.9,0.250883
91759.8,0.250869
91779.7,0.250855
91799.6,0.250841
91819.5,0.250828
91839.4,0.250814
91859.3,0.2508
91879.2,0.250786
91899.1,0.250772
91919,0.250759
91938.9,0.250745
91958.8,0.250731
91978.7,0.250717
91998.6,0.250703
92018.5,0.250689
92038.4,0.250676
92058.3,0.250662
92078.2,0.250648
92098.1,0.250634
92118,0.25062
92137.9,0.250606
92157.8,0.250593
92177.7,0.250579
92197.6,0.250565
92217.5,0.250551
92237.4,0.250537
92257.4,0.250524
92277.3,0.25051
92297.2,0.250496
92317.1,0.250482
92337,0.250468
92356.9,0.250454
92376.8,0.250441
92396.7,0.250427
92416.6,0.250413
92436.5,0.250399
92456.4,0.250385
92476.3,0.250371
92496.2,0.250358
92516.1,0.250344
92536,0.25033
92555.9,0.250316
92575.8,0.250302
92595.7,0.250289
92615.6,0.250275
92635.5,0.250261
92655.4,0.250247
92675.3,0.250233
92695.2,0.250219
92715.1,0.250206
92735,0.250194
92754.9,0.250182
92774.9,0.250169
92794.8,0.250157
92814.7,0.250145
92834.6,0.250133
92854.5,0.25012
92874.4,0.250108
92894.3,0.250096
92914.2,0.250084
92934.1,0.250071
92954,0.250059
92973.9,0.250047
92993.8,0.250035
93013.7,0.250022
93033.6,0.25001
93053.5,0.249998
93073.4,0.249986
93093.3,0.249974
93113.2,0.249961
93133.1,0.249949
93153,0.249937
93172.9,0.249925
93192.8,0.249912
93212.7,0.2499
93232.6,0.249888
93252.5,0.249876
93272.5,0.249863
93292.4,0.249851
93312.3,0.249839
93332.2,0.249827
93352.1,0.249814
93372,0.249802
93391.9,0.24979
93411.8,0.249778
93431.7,0.249766
93451.6,0.249753
93471.5,0.249741
93491.4,0.249729
93511.3,0.249717
93531.2,0.249704
93551.1,0.249692
93571,0.24968
93590.9,0.249668
93610.8,0.249655
93630.7,0.249643
93650.6,0.249631
93670.5,0.249619
93690.4,0.249607
93710.3,0.249594
93730.3,0.249582
93750.1,0.24957
93770.1,0.249558
93790,0.249545
93809.9,0.249533
93829.8,0.249521
93849.7,0.249509
93869.6,0.249496
93889.5,0.249484
93909.4,0.249472
93929.3,0.24946
93949.2,0.249447
93969.1,0.249435
93989,0.249423
94008.9,0.249411
94028.8,0.249399
94048.7,0.249386
94068.6,0.249374
94088.5,0.249362
94108.4,0.24935
94128.3,0.249337
94148.2,0.249325
94168.1,0.249313
94188,0.249301
94207.9,0.249288
94227.8,0.249276
94247.8,0.249264
94267.7,0.249252
94287.6,0.249239
94307.5,0.249227
94327.4,0.249215
94347.3,0.249203
94367.2,0.249191
94387.1,0.249178
94407,0.249166
94426.9,0.249154
94446.8,0.249142
94466.7,0.249129
94486.6,0.249117
94506.5,0.249105
94526.4,0.249092
94546.3,0.249079
94566.2,0.249066
94586.1,0.249052
94606,0.249039
94625.9,0.249026
94645.8,0.249013
94665.7,0.248999
94685.6,0.248986
94705.5,0.248973
94725.4,0.248959
94745.4,0.248946
94765.3,0.248933
94785.2,0.248919
94805.1,0.248906
94825,0.248893
94844.9,0.248879
94864.8,0.248866
94884.7,0.248853
94904.6,0.24884
94924.5,0.248826
94944.4,0.248813
94964.3,0.2488
94984.2,0.248786
95004.1,0.248773
95024,0.24876
95043.9,0.248746
95063.8,0.248733
95083.7,0.24872
95103.6,0.248707
95123.5,0.248693
95143.4,0.24868
95163.3,0.248667
95183.2,0.248653
95203.1,0.24864
95223,0.248627
95243,0.248613
95262.9,0.2486
95282.8,0.248587
95302.7,0.248574
95322.6,0.24856
95342.5,0.248547
95362.4,0.248534
95382.3,0.24852
95402.2,0.248507
95422.1,0.248494
95442,0.24848
95461.9,0.248467
95481.8,0.248454
95501.7,0.248441
95521.6,0.248427
95541.5,0.248414
95561.4,0.248401
95581.3,0.248387
95601.2,0.248374
95621.1,0.248361
95641,0.248347
95660.9,0.248334
95680.8,0.248321
95700.7,0.248308
95720.6,0.248294
95740.6,0.248281
95760.5,0.248268
95780.4,0.248254
95800.3,0.248241
95820.2,0.248228
95840.1,0.248214
95860,0.248201
95879.9,0.248188
95899.8,0.248175
95919.7,0.248161
95939.6,0.248148
95959.5,0.248135
95979.4,0.248121
95999.3,0.248108
96019.2,0.248095
96039.1,0.248081
96059,0.248068
96078.9,0.248055
96098.8,0.248042
96118.7,0.248028
96138.6,0.248015
96158.5,0.248002
96178.4,0.247988
96198.3,0.247975
96218.2,0.247962
96238.1,0.247948
96258,0.247935
96278,0.247922
96297.9,0.247909
96317.8,0.247895
96337.7,0.247882
96357.6,0.247869
96377.5,0.247856
96397.4,0.247844
96417.3,0.247832
96437.2,0.247821
96457.1,0.247809
96477,0.247797
96496.9,0.247785
96516.8,0.247773
96536.7,0.247762
96556.6,0.24775
96576.5,0.247738
96596.4,0.247726
96616.3,0.247715
96636.2,0.247703
96656.1,0.247691
96676,0.247679
96695.9,0.247667
96715.8,0.247656
96735.7,0.247644
96755.6,0.247632
96775.6,0.24762
96795.5,0.247609
96815.4,0.247597
96835.3,0.247585
96855.2,0.247573
96875.1,0.247561
96895,0.24755
96914.9,0.247538
96934.8,0.247526
96954.7,0.247514
96974.6,0.247503
96994.5,0.247491
97014.4,0.247479
97034.3,0.247467
97054.2,0.247455
97074.1,0.247444
97094,0.247432
97113.9,0.24742
97133.8,0.247408
97153.7,0.247397
97173.6,0.247385
97193.5,0.247373
97213.4,0.247361
97233.3,0.247349
97253.3,0.247338
97273.2,0.247326
97293.1,0.247314
97313,0.247302
97332.9,0.247291
97352.8,0.247279
97372.7,0.247267
97392.6,0.247255
97412.5,0.247243
97432.4,0.247232
97452.3,0.24722
97472.2,0.247208
97492.1,0.247196
97512,0.247185
97531.9,0.247173
97551.8,0.247161
97571.7,0.247149
97591.6,0.247137
97611.5,0.247126
97631.4,0.247114
97651.3,0.247102
97671.2,0.24709
97691.1,0.247079
97711,0.247067
97730.9,0.247055
97750.9,0.247043
97770.8,0.247031
97790.7,0.24702
97810.6,0.247008
97830.5,0.246996
97850.4,0.246984
97870.3,0.246973
97890.2,0.246961
97910.1,0.246949
97930,0.246937
97949.9,0.246925
97969.8,0.246914
97989.7,0.246902
98009.6,0.24689
98029.5,0.246878
98049.4,0.246866
98069.3,0.246855
98089.2,0.246843
98109.1,0.246831
98129,0.246819
98148.9,0.246808
98168.8,0.246796
98188.7,0.246784
98208.6,0.246772
98228.5,0.24676
98248.5,0.246749
98268.4,0.246736
98288.3,0.246723
98308.2,0.246711
98328.1,0.246698
98348,0.246686
98367.9,0.246673
98387.8,0.24666
98407.7,0.246648
98427.6,0.246635
98447.5,0.246622
98467.4,0.24661
98487.3,0.246597
98507.2,0.246584
98527.1,0.246572
98547,0.246559
98566.9,0.246546
98586.8,0.246534
98606.7,0.246521
98626.6,0.246508
98646.5,0.246496
98666.4,0.246483
98686.3,0.24647
98706.2,0.246458
98726.1,0.246445
98746,0.246432
98766,0.24642
98785.9,0.246407
98805.8,0.246394
98825.7,0.246382
98845.6,0.246369
98865.5,0.246356
98885.4,0.246344
98905.3,0.246331
98925.2,0.246319
98945.1,0.246306
98965,0.246293
98984.9,0.246281
99004.8,0.246268
99024.7,0.246255
99044.6,0.246243
99064.5,0.24623
99084.4,0.246217
99104.3,0.246205
99124.2,0.246192
99144.1,0.246179
99164,0.246167
99183.9,0.246154
99203.8,0.246141
99223.8,0.246129
99243.6,0.246116
99263.6,0.246103
99283.5,0.246091
99303.4,0.246078
99323.3,0.246065
99343.2,0.246053
99363.1,0.24604
99383,0.246027
99402.9,0.246015
99422.8,0.246002
99442.7,0.24599
99462.6,0.245977
99482.5,0.245964
99502.4,0.245952
99522.3,0.245939
99542.2,0.245926
99562.1,0.245914
99582,0.245901
99601.9,0.245888
99621.8,0.245876
99641.7,0.245863
99661.6,0.24585
99681.5,0.245838
99701.4,0.245825
99721.3,0.245812
99741.3,0.2458
99761.2,0.245787
99781.1,0.245774
99801,0.245762
99820.9,0.245749
99840.8,0.245736
99860.7,0.245724
99880.6,0.245711
99900.5,0.245698
99920.4,0.245686
99940.3,0.245673
99960.2,0.24566
99980.1,0.245648
100000,0.245635