500,17528.3
519.904,17156.5
539.808,16784.6
559.712,16412.8
579.616,16041
599.52,15669.1
619.424,15297.3
639.328,14925.5
659.232,14553.7
679.136,14181.8
699.04,13810
718.944,13438.2
738.848,13066.4
758.752,12694.5
778.656,12322.7
798.56,11950.9
818.464,11579.1
838.368,11207.2
858.272,10835.4
878.176,10463.6
898.08,10091.8
917.984,9719.92
937.888,9348.1
957.792,8976.27
977.696,8604.44
997.599,8232.62
1017.5,7860.79
1037.41,7506.96
1057.31,7171.76
1077.22,6865.41
1097.12,6572.25
1117.02,6291.72
1136.93,6033.48
1156.83,5795.04
1176.74,5563.1
1196.64,5343.83
1216.54,5141.33
1236.45,4941.19
1256.35,4757.88
1276.26,4585.79
1296.16,4421.14
1316.06,4264.25
1335.97,4115.28
1355.87,3974.87
1375.78,3837.13
1395.68,3708.23
1415.58,3589.52
1435.49,3469.91
1455.39,3357.68
1475.3,3250.88
1495.2,3149.21
1515.1,3052.83
1535.01,2958.1
1554.91,13201.7
1574.81,12202.6
1594.72,11267.5
1614.62,15512.2
1634.53,15086.9
1654.43,14676.6
1674.33,14281.7
1694.24,13901
1714.14,13533.6
1734.05,13180.9
1753.95,12836.5
1773.85,12516.2
1793.76,13813.5
1813.66,13452.4
1833.57,13103.2
1853.47,12759.5
1873.37,12437.9
1893.28,12120.6
1913.18,11823.4
1933.09,11531.6
1952.99,11255.7
1972.89,10985.2
1992.8,10725.1
2012.7,10460.8
2032.61,10211.6
2052.51,9967.38
2072.41,9729.85
2092.32,9496.73
2112.22,9269.73
2132.13,9051.24
2152.03,8845.08
2171.93,8642.25
2191.84,8447.23
2211.74,8254.51
2231.65,8071.64
2251.55,7889.17
2271.45,7720.03
2291.36,7550.9
2311.26,7390.79
2331.17,7232.7
2351.07,7080.48
2370.97,6932.95
2390.88,6788.14
2410.78,6651.71
2430.69,6515.29
2450.59,6383.26
2470.49,6251.81
2490.4,6126.66
2510.3,6007.26
2530.21,5888.21
2550.11,5774.55
2570.01,5660.88
2589.92,5553.19
2609.82,5449.48
2629.73,5345.95
2649.63,5246.84
2669.53,5147.72
2689.44,5051.65
2709.34,4958.94
2729.25,4866.23
2749.15,4780.22
2769.05,4695.28
2788.96,4610.99
2808.86,4530.38
2828.77,4449.77
2848.67,4371.88
2868.57,4297.49
2888.48,4223.11
2908.38,4152.09
2928.29,4083.12
2948.19,4014.15
2968.09,3946.88
2988,3880.16
3007.9,3812.06
3027.81,3748.6
3047.71,3685.93
3067.61,3623.26
3087.52,3563.74
3107.42,3504.45
3127.33,3445.17
3147.23,3389.59
3167.13,3334.34
3187.04,3279.1
3206.94,3227.25
3226.85,3175.98
3246.75,3124.72
3266.65,3075.5
3286.56,3027.21
3306.46,2978.92
3326.37,2932.53
3346.27,2887.89
3366.17,2843.25
3386.08,2799.5
3405.98,2758.37
3425.89,2717.24
3445.79,2676.11
3465.69,2637.41
3485.6,2598.86
3505.5,2560.32
3525.41,2522.49
3545.31,2485.33
3565.21,2448.16
3585.12,2411.38
3605.02,2377.89
3624.92,2344.39
3644.83,2310.89
3664.73,2278.75
3684.64,2247.54
3704.54,2216.34
3724.45,2185.14
3744.35,2155.79
3764.25,2126.49
3784.16,2097.19
3804.06,2068.43
3823.96,2040.92
3843.87,2013.4
3863.77,1985.89
3883.68,1959.63
3903.58,1934.26
3923.48,1908.89
3943.39,1883.52
3963.29,1858.97
3983.2,1834.67
4003.1,1810.47
4023,1786.89
4042.91,1764.21
4062.81,1741.64
4082.72,1719.07
4102.62,1696.49
4122.52,1675.22
4142.43,1654.04
4162.33,1632.86
4182.24,1611.68
4202.14,1591.91
4222.04,1572.28
4241.95,1552.64
4261.85,1533.01
4281.76,1514.36
4301.66,1495.98
4321.56,1477.6
4341.47,1459.22
4361.37,1441.65
4381.28,1424.58
4401.18,1407.51
4421.08,1390.44
4440.99,1373.81
4460.89,1358
4480.8,1342.18
4500.7,1326.36
4520.6,1310.55
4540.51,1295.64
4560.41,1280.74
4580.32,1265.85
4600.22,1250.96
4620.12,1236.69
4640.03,1222.91
4659.93,1209.13
4679.84,1195.35
4699.74,1181.6
4719.64,1168.78
4739.55,1155.96
4759.45,1143.14
4779.36,1130.32
4799.26,1117.86
4819.16,1105.91
4839.07,1093.96
4858.97,1082.01
4878.88,1070.06
4898.78,1058.64
4918.68,1047.46
4938.59,1036.28
4958.49,1025.09
4978.4,1013.91
4998.3,1003.33
5018.2,992.932
5038.11,982.552
5058.01,972.171
5077.92,961.79
5097.82,951.954
5117.72,942.121
5137.63,932.287
5157.53,922.454
5177.44,912.636
5197.34,903.507
5217.24,894.378
5237.15,885.249
5257.05,876.12
5276.96,866.991
5296.86,858.461
5316.76,849.963
5336.67,841.466
5356.57,832.969
5376.48,824.471
5396.38,816.501
5416.28,808.686
5436.19,800.87
5456.09,793.055
5476,785.24
5495.9,777.633
5515.8,770.285
5535.71,762.936
5555.61,755.587
5575.52,748.239
5595.42,740.924
5615.32,734.054
5635.23,727.184
5655.13,720.314
5675.04,713.444
5694.94,706.573
5714.84,700.012
5734.75,693.66
5754.65,687.308
5774.55,680.956
5794.46,674.604
5814.36,668.252
5834.27,662.275
5854.17,656.311
5874.07,650.347
5893.98,644.383
5913.88,638.418
5933.79,632.582
5953.69,627.056
5973.59,621.531
5993.5,616.005
6013.4,610.476
6033.31,604.945
6053.21,599.589
6073.11,594.436
6093.02,589.284
6112.92,584.132
6132.83,578.979
6152.73,573.827
6172.63,568.809
6192.54,563.934
6212.44,559.058
6232.35,554.183
6252.25,549.308
6272.15,544.432
6292.06,539.732
6311.96,535.242
6331.87,530.752
6351.77,526.262
6371.67,521.772
6391.58,517.282
6411.48,512.873
6431.39,508.68
6451.29,504.486
6471.19,500.293
6491.1,496.099
6511,491.905
6530.91,487.712
6550.81,483.834
6570.71,479.959
6590.62,476.083
6610.52,472.207
6630.43,468.331
6650.33,464.455
6670.23,460.714
6690.14,457.078
6710.04,453.442
6729.95,449.806
6749.85,446.169
6769.75,442.533
6789.66,438.907
6809.56,435.563
6829.47,432.22
6849.37,428.877
6869.27,425.534
6889.18,422.191
6909.08,418.848
6928.99,415.571
6948.89,412.416
6968.79,409.261
6988.7,406.106
7008.6,402.951
7028.51,399.796
7048.41,396.642
7068.31,393.622
7088.22,390.705
7108.12,387.789
7128.03,384.872
7147.93,381.955
7167.83,379.038
7187.74,376.122
7207.64,373.35
7227.55,370.661
7247.45,367.972
7267.35,365.284
7287.26,362.595
7307.16,359.906
7327.07,357.217
7346.97,354.622
7366.87,352.101
7386.78,349.581
7406.68,347.061
7426.59,344.541
7446.49,342.021
7466.39,339.501
7486.3,337.035
7506.2,334.662
7526.1,332.29
7546.01,329.918
7565.91,327.546
7585.82,325.173
7605.72,322.801
7625.63,320.436
7645.53,318.283
7665.43,316.13
7685.34,313.977
7705.24,311.824
7725.15,309.671
7745.05,307.518
7764.95,305.365
7784.86,303.272
7804.76,301.24
7824.67,299.208
7844.57,297.175
7864.47,295.143
7884.38,293.111
7904.28,291.079
7924.18,289.046
7944.09,287.108
7963.99,285.184
7983.9,283.261
8003.8,281.345
8023.7,279.461
8043.61,277.578
8063.51,275.694
8083.42,273.818
8103.32,272.041
8123.23,270.264
8143.13,268.486
8163.03,266.709
8182.94,264.932
8202.84,263.154
8222.74,261.377
8242.65,259.616
8262.55,257.958
8282.46,256.301
8302.36,254.644
8322.26,252.987
8342.17,251.33
8362.07,249.673
8381.98,248.016
8401.88,246.364
8421.78,244.82
8441.69,243.277
8461.59,241.733
8481.5,240.189
8501.4,238.645
8521.3,237.101
8541.21,235.557
8561.11,234.013
8581.02,232.557
8600.92,231.122
8620.82,229.687
8640.73,228.252
8660.63,226.817
8680.54,225.382
8700.44,223.947
8720.34,222.512
8740.25,221.122
8760.15,219.794
8780.06,218.467
8799.96,217.139
8819.86,215.812
8839.77,214.484
8859.67,213.157
8879.58,211.83
8899.48,210.502
8919.38,209.249
8939.29,208.011
8959.19,206.774
8979.1,205.537
8999,204.299
9018.9,203.062
9038.81,201.825
9058.71,200.587
9078.62,199.357
9098.52,198.211
9118.42,197.065
9138.33,195.918
9158.23,194.772
9178.14,193.625
9198.04,192.479
9217.94,191.333
9237.85,190.186
9257.75,189.051
9277.66,187.983
9297.56,186.915
9317.46,185.847
9337.37,184.779
9357.27,183.711
9377.17,182.643
9397.08,181.575
9416.98,180.507
9436.89,179.442
9456.79,178.445
9476.7,177.448
9496.6,176.451
9516.5,175.454
9536.41,174.457
9556.31,173.46
9576.21,172.462
9596.12,171.465
9616.02,170.468
9635.93,169.528
9655.83,168.602
9675.74,167.676
9695.64,166.75
9715.54,165.823
9735.45,164.897
9755.35,163.971
9775.25,163.045
9795.16,162.119
9815.06,161.217
9834.97,160.359
9854.87,159.501
9874.77,158.643
9894.68,157.785
9914.58,156.927
9934.49,156.069
9954.39,155.211
9974.29,154.353
9994.2,153.495
10014.1,152.686
10034,151.897
10053.9,151.108
10073.8,150.32
10093.7,149.531
10113.6,148.742
10133.5,147.954
10153.4,147.165
10173.3,146.377
10193.2,145.588
10213.1,144.8
10233,144.011
10253,143.223
10272.9,142.435
10292.8,141.646
10312.7,140.858
10332.6,140.07
10352.5,139.282
10372.4,138.493
10392.3,137.718
10412.2,137.043
10432.1,136.367
10452,135.692
10471.9,135.017
10491.8,134.342
10511.7,133.666
10531.6,132.991
10551.5,132.316
10571.4,131.64
10591.3,130.965
10611.2,130.31
10631.1,129.67
10651,129.031
10670.9,128.391
10690.8,127.751
10710.7,127.112
10730.6,126.472
10750.5,125.832
10770.5,125.193
10790.4,124.553
10810.3,123.914
10830.2,123.308
10850.1,122.701
10870,122.095
10889.9,121.489
10909.8,120.883
10929.7,120.276
10949.6,119.67
10969.5,119.064
10989.4,118.458
11009.3,117.852
11029.2,117.26
11049.1,116.685
11069,116.11
11088.9,115.535
11108.8,114.96
11128.7,114.385
11148.6,113.81
11168.5,113.235
11188.4,112.66
11208.3,112.085
11228.2,111.51
11248.1,110.986
11268.1,110.467
11288,109.948
11307.9,109.428
11327.8,108.909
11347.7,108.39
11367.6,107.871
11387.5,107.352
11407.4,106.833
11427.3,106.314
11447.2,105.795
11467.1,105.316
11487,104.844
11506.9,104.372
11526.8,103.9
11546.7,103.428
11566.6,102.956
11586.5,102.483
11606.4,102.011
11626.3,101.539
11646.2,101.067
11666.1,100.595
11686,100.125
11705.9,99.6589
11725.8,99.193
11745.7,98.7271
11765.7,98.2612
11785.6,97.7953
11805.5,97.3294
11825.4,96.8635
11845.3,96.3976
11865.2,95.9317
11885.1,95.4657
11905,95.0149
11924.9,94.6093
11944.8,94.2037
11964.7,93.798
11984.6,93.3924
12004.5,92.9868
12024.4,92.5811
12044.3,92.1755
12064.2,91.7699
12084.1,91.3643
12104,90.9586
12123.9,90.553
12143.8,90.1479
12163.7,89.745
12183.6,89.3421
12203.5,88.9392
12223.4,88.5362
12243.3,88.1333
12263.3,87.7304
12283.2,87.3275
12303.1,86.9246
12323,86.5217
12342.9,86.1187
12362.8,85.7158
12382.7,85.3478
12402.6,84.9995
12422.5,84.6513
12442.4,84.3031
12462.3,83.9549
12482.2,83.6067
12502.1,83.2584
12522,82.9102
12541.9,82.562
12561.8,82.2138
12581.7,81.8656
12601.6,81.5173
12621.5,81.1694
12641.4,80.8242
12661.3,80.479
12681.2,80.1338
12701.1,79.7887
12721,79.4435
12740.9,79.0983
12760.9,78.7531
12780.8,78.408
12800.7,78.0628
12820.6,77.7176
12840.5,77.3724
12860.4,77.0278
12880.3,76.7133
12900.2,76.3988
12920.1,76.0843
12940,75.7698
12959.9,75.4552
12979.8,75.1407
12999.7,74.8262
13019.6,74.5117
13039.5,74.1972
13059.4,73.8827
13079.3,73.5682
13099.2,73.2536
13119.1,72.9521
13139,72.6658
13158.9,72.3796
13178.8,72.0934
13198.7,71.8072
13218.6,71.521
13238.5,71.2347
13258.5,70.9485
13278.4,70.6623
13298.3,70.3761
13318.2,70.0899
13338.1,69.8037
13358,69.5174
13377.9,69.2315
13397.8,68.946
13417.7,68.6605
13437.6,68.375
13457.5,68.0895
13477.4,458.23
13497.3,456.552
13517.2,454.874
13537.1,453.197
13557,451.519
13576.9,449.841
13596.8,448.163
13616.7,446.485
13636.6,444.841
13656.5,443.263
13676.4,441.686
13696.3,440.108
13716.2,438.531
13736.1,436.954
13756.1,435.376
13776,433.799
13795.9,432.221
13815.8,430.644
13835.7,429.066
13855.6,427.489
13875.5,425.911
13895.4,424.334
13915.3,422.81
13935.2,421.302
13955.1,419.793
13975,418.285
13994.9,416.777
14014.8,415.269
14034.7,413.761
14054.6,412.253
14074.5,410.745
14094.4,409.237
14114.3,407.729
14134.2,406.22
14154.1,404.712
14174,403.232
14193.9,401.862
14213.8,400.491
14233.7,399.12
14253.7,397.749
14273.6,396.379
14293.5,395.008
14313.4,393.637
14333.3,392.267
14353.2,390.896
14373.1,389.525
14393,388.155
14412.9,386.784
14432.8,385.413
14452.7,384.05
14472.6,382.729
14492.5,381.408
14512.4,380.088
14532.3,378.767
14552.2,377.447
14572.1,376.126
14592,374.806
14611.9,373.485
14631.8,372.165
14651.7,370.844
14671.6,369.524
14691.5,368.203
14711.4,366.883
14731.3,365.568
14751.3,364.338
14771.2,363.107
14791.1,361.876
14811,360.645
14830.9,359.414
14850.8,358.184
14870.7,356.953
14890.6,355.722
14910.5,354.492
14930.4,353.261
14950.3,352.03
14970.2,350.799
14990.1,349.569
15010,348.486
15029.9,347.437
15049.8,346.275
15069.7,345.113
15089.6,343.951
15109.5,342.789
15129.4,341.627
15149.3,340.465
15169.2,339.303
15189.1,338.141
15209,336.979
15228.9,335.817
15248.8,334.655
15268.8,333.493
15288.7,332.331
15308.6,331.169
15328.5,330.086
15348.4,329.01
15368.3,327.934
15388.2,326.857
15408.1,325.781
15428,324.704
15447.9,323.628
15467.8,322.551
15487.7,321.475
15507.6,320.398
15527.5,319.322
15547.4,318.245
15567.3,317.169
15587.2,316.092
15607.1,315.016
15627,314.021
15646.9,313.039
15666.8,312.058
15686.7,311.077
15706.6,310.095
15726.5,309.114
15746.5,308.132
15766.4,307.151
15786.3,306.17
15806.2,305.188
15826.1,304.207
15846,303.226
15865.9,302.244
15885.8,301.263
15905.7,300.282
15925.6,299.309
15945.5,298.358
15965.4,297.406
15985.3,296.455
16005.2,295.504
16025.1,294.553
16045,293.602
16064.9,292.651
16084.8,291.699
16104.7,290.748
16124.6,289.797
16144.5,288.846
16164.4,287.895
16184.3,286.944
16204.2,285.992
16224.1,285.041
16244,284.133
16264,283.242
16283.9,282.351
16303.8,281.46
16323.7,280.57
16343.6,279.679
16363.5,278.788
16383.4,277.897
16403.3,277.007
16423.2,276.116
16443.1,275.225
16463,274.334
16482.9,273.443
16502.8,272.553
16522.7,271.662
16542.6,270.782
16562.5,269.974
16582.4,269.165
16602.3,268.357
16622.2,267.548
16642.1,266.74
16662,265.931
16681.9,265.123
16701.8,264.315
16721.7,263.506
16741.6,262.698
16761.6,261.889
16781.5,261.081
16801.4,260.272
16821.3,259.464
16841.2,258.656
16861.1,257.847
16881,257.062
16900.9,256.296
16920.8,255.53
16940.7,254.765
16960.6,253.999
16980.5,253.233
17000.4,252.467
17020.3,251.701
17040.2,250.935
17060.1,250.169
17080,249.403
17099.9,248.638
17119.8,247.872
17139.7,247.106
17159.6,246.34
17179.5,245.574
17199.4,244.808
17219.3,244.078
17239.2,243.349
17259.2,242.62
17279.1,241.891
17299,241.162
17318.9,240.433
17338.8,239.704
17358.7,238.975
17378.6,238.246
17398.5,237.517
17418.4,236.788
17438.3,236.059
17458.2,235.33
17478.1,234.601
17498,233.872
17517.9,233.143
17537.8,232.443
17557.7,231.786
17577.6,231.129
17597.5,230.473
17617.4,229.816
17637.3,229.16
17657.2,228.503
17677.1,227.847
17697,227.19
17716.9,226.533
17736.8,225.877
17756.8,225.22
17776.7,224.564
17796.6,223.907
17816.5,223.25
17836.4,222.594
17856.3,221.937
17876.2,221.281
17896.1,220.649
17916,220.023
17935.9,219.397
17955.8,218.771
17975.7,218.146
17995.6,217.52
18015.5,216.894
18035.4,216.268
18055.3,215.642
18075.2,215.017
18095.1,214.391
18115,213.765
18134.9,213.139
18154.8,212.513
18174.7,211.887
18194.6,211.262
18214.5,210.636
18234.4,210.017
18254.3,209.422
18274.3,208.827
18294.2,208.232
18314.1,207.636
18334,207.041
18353.9,206.446
18373.8,205.851
18393.7,205.256
18413.6,204.661
18433.5,204.066
18453.4,203.471
18473.3,202.876
18493.2,202.281
18513.1,201.686
18533,201.091
18552.9,200.496
18572.8,199.901
18592.7,199.342
18612.6,198.805
18632.5,198.267
18652.4,197.729
18672.3,197.192
18692.2,196.654
18712.1,196.117
18732,195.579
18752,195.041
18771.9,194.504
18791.8,193.966
18811.7,193.429
18831.6,192.891
18851.5,192.353
18871.4,191.816
18891.3,191.278
18911.2,190.741
18931.1,190.203
18951,189.667
18970.9,189.157
18990.8,188.647
19010.7,188.137
19030.6,187.628
19050.5,187.118
19070.4,186.608
19090.3,186.098
19110.2,185.588
19130.1,185.079
19150,184.569
19169.9,184.059
19189.8,183.549
19209.7,183.04
19229.6,182.53
19249.5,182.02
19269.5,181.51
19289.4,181
19309.3,180.491
19329.2,179.991
19349.1,179.504
19369,179.017
19388.9,178.53
19408.8,178.043
19428.7,177.556
19448.6,177.069
19468.5,176.582
19488.4,176.095
19508.3,175.608
19528.2,175.121
19548.1,174.634
19568,174.147
19587.9,173.66
19607.8,173.173
19627.7,172.686
19647.6,172.199
19667.5,171.712
19687.4,171.225
19707.3,170.778
19727.2,170.338
19747.2,169.897
19767.1,169.456
19787,169.015
19806.9,168.574
19826.8,168.133
19846.7,167.692
19866.6,167.252
19886.5,166.811
19906.4,166.37
19926.3,165.929
19946.2,165.488
19966.1,165.047
19986,164.606
20005.9,164.17
20025.8,163.743
20045.7,163.316
20065.6,162.888
20085.5,162.464
20105.4,162.046
20125.3,161.629
20145.2,161.211
20165.1,160.793
20185,160.376
20204.9,159.958
20224.8,159.541
20244.7,159.123
20264.7,158.705
20284.6,158.288
20304.5,157.87
20324.4,157.452
20344.3,157.035
20364.2,156.617
20384.1,156.2
20404,155.782
20423.9,155.364
20443.8,154.947
20463.7,154.529
20483.6,154.131
20503.5,153.743
20523.4,153.354
20543.3,152.966
20563.2,152.577
20583.1,152.189
20603,151.801
20622.9,151.412
20642.8,151.024
20662.7,150.635
20682.6,150.247
20702.5,149.858
20722.4,149.47
20742.3,149.081
20762.3,148.693
20782.2,148.304
20802.1,147.916
20822,147.527
20841.9,147.139
20861.8,146.75
20881.7,146.379
20901.6,146.019
20921.5,145.66
20941.4,145.3
20961.3,144.941
20981.2,144.581
21001.1,144.221
21021,143.862
21040.9,143.502
21060.8,143.143
21080.7,142.783
21100.6,142.423
21120.5,142.064
21140.4,141.704
21160.3,141.345
21180.2,140.985
21200.1,140.625
21220,140.266
21239.9,139.906
21259.9,139.547
21279.8,139.187
21299.7,138.854
21319.6,138.52
21339.5,138.187
21359.4,137.854
21379.3,137.521
21399.2,137.188
21419.1,136.854
21439,136.521
21458.9,136.188
21478.8,135.855
21498.7,135.522
21518.6,135.188
21538.5,134.855
21558.4,134.522
21578.3,134.189
21598.2,133.856
21618.1,133.522
21638,133.189
21657.9,132.856
21677.8,132.523
21697.7,132.19
21717.6,131.87
21737.5,131.553
21757.5,131.235
21777.4,130.918
21797.3,130.6
21817.2,130.282
21837.1,129.965
21857,129.647
21876.9,129.33
21896.8,129.012
21916.7,128.694
21936.6,128.377
21956.5,128.059
21976.4,127.742
21996.3,127.424
22016.2,127.106
22036.1,126.789
22056,126.471
22075.9,126.154
22095.8,125.836
22115.7,125.518
22135.6,125.219
22155.5,124.924
22175.4,124.629
22195.3,124.334
22215.2,124.039
22235.1,123.744
22255.1,123.449
22275,123.154
22294.9,122.859
22314.8,122.564
22334.7,122.269
22354.6,121.974
22374.5,121.679
22394.4,121.384
22414.3,121.089
22434.2,120.794
22454.1,120.499
22474,120.204
22493.9,119.909
22513.8,119.614
22533.7,119.319
22553.6,119.028
22573.5,118.755
22593.4,118.481
22613.3,118.208
22633.2,117.935
22653.1,117.661
22673,117.388
22692.9,117.115
22712.8,116.841
22732.7,116.568
22752.7,116.294
22772.6,116.021
22792.5,115.748
22812.4,115.474
22832.3,115.201
22852.2,114.928
22872.1,114.654
22892,114.381
22911.9,114.107
22931.8,113.834
22951.7,113.561
22971.6,113.287
22991.5,113.015
23011.4,112.761
23031.3,112.506
23051.2,112.251
23071.1,111.996
23091,111.741
23110.9,111.486
23130.8,111.232
23150.7,110.977
23170.6,110.722
23190.5,110.467
23210.4,110.212
23230.3,109.958
23250.3,109.703
23270.2,109.448
23290.1,109.193
23310,108.938
23329.9,108.683
23349.8,108.429
23369.7,108.174
23389.6,107.919
23409.5,107.664
23429.4,107.409
23449.3,107.163
23469.2,106.926
23489.1,106.689
23509,106.452
23528.9,106.215
23548.8,105.977
23568.7,105.74
23588.6,105.503
23608.5,105.266
23628.4,105.029
23648.3,104.792
23668.2,104.555
23688.1,104.318
23708,104.081
23727.9,103.844
23747.8,103.607
23767.8,103.37
23787.7,103.133
23807.6,102.896
23827.5,102.659
23847.4,102.421
23867.3,102.184
23887.2,101.947
23907.1,101.716
23927,101.496
23946.9,101.276
23966.8,101.056
23986.7,100.836
24006.6,100.616
24026.5,100.396
24046.4,100.176
24066.3,99.9557
24086.2,99.7356
24106.1,99.5155
24126,99.2954
24145.9,99.0754
24165.8,98.8553
24185.7,98.6352
24205.6,98.4151
24225.5,98.1951
24245.4,97.975
24265.4,97.7549
24285.3,97.5348
24305.2,97.3148
24325.1,97.0947
24345,96.8746
24364.9,96.6545
24384.8,96.4451
24404.7,96.2394
24424.6,96.0336
24444.5,95.8279
24464.4,95.6221
24484.3,95.4164
24504.2,95.2107
24524.1,95.0049
24544,94.7992
24563.9,94.5935
24583.8,94.3877
24603.7,94.182
24623.6,93.9762
24643.5,93.7705
24663.4,93.5647
24683.3,93.359
24703.2,93.1533
24723.1,92.9475
24743,92.7418
24763,92.536
24782.9,92.3303
24802.8,92.1246
24822.7,91.9188
24842.6,91.7131
24862.5,91.5141
24882.4,91.3191
24902.3,91.1241
24922.2,90.929
24942.1,90.734
24962,90.539
24981.9,90.344
25001.8,90.149
25021.7,89.954
25041.6,89.759
25061.5,89.5639
25081.4,89.3689
25101.3,89.1739
25121.2,88.9789
25141.1,88.7839
25161,88.5889
25180.9,88.3938
25200.8,88.1988
25220.7,88.0038
25240.6,87.8088
25260.6,87.6138
25280.5,87.4188
25300.4,87.2238
25320.3,87.0288
25340.2,86.843
25360.1,86.6661
25380,86.4891
25399.9,86.3122
25419.8,86.1353
25439.7,85.9584
25459.6,85.7815
25479.5,85.6046
25499.4,85.4277
25519.3,85.2507
25539.2,85.0738
25559.1,84.8969
25579,84.72
25598.9,84.543
25618.8,84.3661
25638.7,84.1892
25658.6,84.0123
25678.5,83.8354
25698.4,83.6585
25718.3,83.4816
25738.2,83.3046
25758.2,83.1277
25778.1,82.9508
25798,82.7739
25817.9,82.597
25837.8,82.423
25857.7,82.2535
25877.6,82.0841
25897.5,81.9147
25917.4,81.7453
25937.3,81.5759
25957.2,81.4064
25977.1,81.237
25997,81.0676
26016.9,80.8981
26036.8,80.7287
26056.7,80.5593
26076.6,80.3899
26096.5,80.2204
26116.4,80.051
26136.3,79.8816
26156.2,79.7121
26176.1,79.5427
26196,79.3733
26215.9,79.2039
26235.8,79.0344
26255.8,78.865
26275.7,78.6956
26295.6,78.5261
26315.5,78.3567
26335.4,78.1915
26355.3,78.0376
26375.2,77.8837
26395.1,77.7297
26415,77.5758
26434.9,77.4219
26454.8,77.268
26474.7,77.1141
26494.6,76.9602
26514.5,76.8063
26534.4,76.6524
26554.3,76.4984
26574.2,76.3445
26594.1,76.1906
26614,76.0367
26633.9,75.8828
26653.8,75.7289
26673.7,75.575
26693.6,75.4211
26713.5,75.2672
26733.4,75.1132
26753.4,74.9593
26773.3,74.8054
26793.2,74.6515
26813.1,74.4976
26833,74.3437
26852.9,74.1908
26872.8,74.0441
26892.7,73.8974
26912.6,73.7507
26932.5,73.604
26952.4,73.4573
26972.3,73.3106
26992.2,73.1638
27012.1,73.0171
27032,72.8704
27051.9,72.7237
27071.8,72.577
27091.7,72.4303
27111.6,72.2836
27131.5,72.1369
27151.4,71.9902
27171.3,71.8434
27191.2,71.6967
27211.1,71.55
27231,71.4033
27251,71.2566
27270.9,71.1099
27290.8,70.9632
27310.7,70.8165
27330.6,70.6698
27350.5,70.523
27370.4,70.3766
27390.3,70.2422
27410.2,70.1079
27430.1,69.9735
27450,69.8392
27469.9,69.7049
27489.8,69.5705
27509.7,69.4362
27529.6,69.3018
27549.5,69.1675
27569.4,69.0331
27589.3,68.8988
27609.2,68.7645
27629.1,68.6301
27649,68.4958
27668.9,68.3614
27688.8,68.2271
27708.7,68.0928
27728.6,67.9584
27748.5,67.8241
27768.5,67.6897
27788.4,67.5554
27808.3,67.421
27828.2,67.2867
27848.1,67.1524
27868,67.018
27887.9,66.8837
27907.8,66.7493
27927.7,66.6211
27947.6,66.4937
27967.5,66.3663
27987.4,66.2389
28007.3,66.1115
28027.2,65.9841
28047.1,65.8567
28067,65.7293
28086.9,65.6019
28106.8,65.4745
28126.7,65.347
28146.6,65.2196
28166.5,65.0922
28186.4,64.9648
28206.3,64.8374
28226.2,64.71
28246.1,64.5826
28266.1,64.4552
28286,64.3278
28305.9,64.2004
28325.8,64.073
28345.7,63.9456
28365.6,63.8181
28385.5,63.6907
28405.4,63.5633
28425.3,63.4359
28445.2,63.3085
28465.1,63.1896
28485,63.0734
28504.9,62.9573
28524.8,62.8411
28544.7,62.7249
28564.6,62.6087
28584.5,62.4926
28604.4,62.3764
28624.3,62.2602
28644.2,62.1441
28664.1,62.0279
28684,61.9117
28703.9,61.7955
28723.8,61.6794
28743.8,61.5632
28763.7,61.447
28783.6,61.3309
28803.5,61.2147
28823.4,61.0985
28843.3,60.9823
28863.2,60.8662
28883.1,60.75
28903,60.6338
28922.9,60.5176
28942.8,60.4015
28962.7,60.2853
28982.6,60.1691
29002.5,60.0529
29022.4,59.9411
29042.3,59.8319
29062.2,59.7227
29082.1,59.6135
29102,59.5043
29121.9,59.3951
29141.8,59.2859
29161.7,59.1767
29181.6,59.0675
29201.5,58.9582
29221.4,58.849
29241.3,58.7398
29261.3,58.6306
29281.2,58.5214
29301.1,58.4122
29321,58.303
29340.9,58.1938
29360.8,58.0846
29380.7,57.9754
29400.6,57.8662
29420.5,57.757
29440.4,57.6478
29460.3,57.5385
29480.2,57.4293
29500.1,57.3201
29520,57.2109
29539.9,57.1017
29559.8,56.9925
29579.7,56.8833
29599.6,56.7796
29619.5,56.6759
29639.4,56.5723
29659.3,56.4687
29679.2,56.365
29699.1,56.2614
29719,56.1578
29738.9,56.0541
29758.8,55.9505
29778.8,55.8468
29798.7,55.7432
29818.6,55.6396
29838.5,55.536
29858.4,55.4323
29878.3,55.3287
29898.2,55.225
29918.1,55.1214
29938,55.0178
29957.9,54.9141
29977.8,54.8105
29997.7,54.7069
30017.6,54.6066
30037.5,54.5067
30057.4,54.4069
30077.3,54.307
30097.2,54.2072
30117.1,54.1073
30137,54.0075
30156.9,53.9093
30176.8,53.8141
30196.7,53.7189
30216.6,53.6237
30236.5,53.5285
30256.5,53.4333
30276.4,53.3381
30296.3,53.2429
30316.2,53.1477
30336.1,53.0525
30356,52.9573
30375.9,52.8622
30395.8,52.767
30415.7,52.6718
30435.6,52.5766
30455.5,52.4814
30475.4,52.3862
30495.3,52.291
30515.2,52.1958
30535.1,52.1006
30555,52.0054
30574.9,51.9102
30594.8,51.815
30614.7,51.7198
30634.6,51.6246
30654.5,51.5294
30674.4,51.4342
30694.3,51.3391
30714.2,51.2439
30734.1,51.1487
30754.1,51.0584
30774,50.9703
30793.9,50.8822
30813.8,50.794
30833.7,50.7059
30853.6,50.6177
30873.5,50.5296
30893.4,50.4414
30913.3,50.3533
30933.2,50.2651
30953.1,50.177
30973,50.0888
30992.9,50.0007
31012.8,49.9125
31032.7,49.8244
31052.6,49.7363
31072.5,49.6481
31092.4,49.56
31112.3,49.4718
31132.2,49.3837
31152.1,49.2955
31172,49.2074
31191.9,49.1192
31211.8,49.0311
31231.7,48.9429
31251.7,48.8548
31271.6,48.7666
31291.5,48.6785
31311.4,48.5904
31331.3,48.5022
31351.2,48.4182
31371.1,48.3374
31391,48.2566
31410.9,48.1759
31430.8,48.0951
31450.7,48.0143
31470.6,47.9336
31490.5,47.8528
31510.4,47.772
31530.3,47.6912
31550.2,47.6105
31570.1,47.5297
31590,47.4489
31609.9,47.3681
31629.8,47.2874
31649.7,47.2066
31669.6,47.1258
31689.5,47.045
31709.4,46.9643
31729.3,46.8835
31749.2,46.8027
31769.2,46.722
31789.1,46.6412
31809,46.5604
31828.9,46.4796
31848.8,46.3989
31868.7,46.3181
31888.6,46.2373
31908.5,46.1565
31928.4,46.0758
31948.3,45.995
31968.2,45.9158
31988.1,45.8388
32008,45.7618
32027.9,45.6848
32047.8,45.6078
32067.7,45.5308
32087.6,45.4538
32107.5,45.3768
32127.4,45.2998
32147.3,45.2228
32167.2,45.1458
32187.1,45.0688
32207,44.9918
32226.9,44.9148
32246.8,44.8378
32266.8,44.7608
32286.7,44.6838
32306.6,44.6068
32326.5,44.5298
32346.4,44.4528
32366.3,44.3758
32386.2,44.2988
32406.1,44.2218
32426,44.1448
32445.9,44.0678
32465.8,43.9908
32485.7,43.9138
32505.6,43.8368
32525.5,43.7598
32545.4,43.6828
32565.3,43.6058
32585.2,43.5304
32605.1,43.4595
32625,43.3885
32644.9,43.3176
32664.8,43.2466
32684.7,43.1757
32704.6,43.1048
32724.5,43.0338
32744.4,42.9629
32764.4,42.892
32784.3,42.821
32804.2,42.7501
32824.1,42.6791
32844,42.6082
32863.9,42.5373
32883.8,42.4664
32903.7,42.3954
32923.6,42.3245
32943.5,42.2535
32963.4,42.1826
32983.3,42.1117
33003.2,42.0407
33023.1,41.9698
33043,41.8989
33062.9,41.8279
33082.8,41.757
33102.7,41.6861
33122.6,41.6151
33142.5,41.5442
33162.4,41.4732
33182.3,41.4023
33202.2,41.3314
33222.1,41.2609
33242,41.1947
33262,41.1284
33281.9,41.0622
33301.8,40.9959
33321.7,40.9297
33341.6,40.8635
33361.5,40.7972
33381.4,40.731
33401.3,40.6647
33421.2,40.5985
33441.1,40.5322
33461,40.466
33480.9,40.3998
33500.8,40.3335
33520.7,40.2673
33540.6,40.201
33560.5,40.1348
33580.4,40.0685
33600.3,40.0023
33620.2,39.936
33640.1,39.8698
33660,39.8036
33679.9,39.7373
33699.8,39.6711
33719.7,39.6048
33739.6,39.5386
33759.6,39.4723
33779.5,39.4061
33799.4,39.3398
33819.3,39.2736
33839.2,39.2073
33859.1,39.1411
33879,39.0769
33898.9,39.0152
33918.8,38.9535
33938.7,38.8918
33958.6,38.8301
33978.5,38.7684
33998.4,38.7067
34018.3,38.6451
34038.2,38.5833
34058.1,38.5216
34078,38.46
34097.9,38.3983
34117.8,38.3366
34137.7,38.2749
34157.6,38.2132
34177.5,38.1515
34197.4,38.0898
34217.3,38.0281
34237.2,37.9664
34257.2,37.9047
34277.1,37.843
34297,37.7813
34316.9,37.7196
34336.8,37.6579
34356.7,37.5962
34376.6,37.5345
34396.5,37.4728
34416.4,37.4111
34436.3,37.3494
34456.2,37.2877
34476.1,37.226
34496,37.1643
34515.9,37.1027
34535.8,37.0425
34555.7,36.9861
34575.6,36.9296
34595.5,36.8732
34615.4,36.8167
34635.3,36.7603
34655.2,36.7039
34675.1,36.6474
34695,36.591
34714.9,36.5345
34734.8,36.4781
34754.8,36.4217
34774.7,36.3652
34794.6,36.3088
34814.5,36.2523
34834.4,36.1959
34854.3,36.1395
34874.2,36.083
34894.1,36.0266
34914,35.9701
34933.9,35.9137
34953.8,35.8573
34973.7,35.8008
34993.6,35.7444
35013.5,35.6879
35033.4,35.6315
35053.3,35.5751
35073.2,35.5186
35093.1,35.4622
35113,35.4058
35132.9,35.3493
35152.8,35.2929
35172.7,35.2364
35192.6,35.18
35212.5,35.1239
35232.4,35.0702
35252.4,35.0165
35272.3,34.9629
35292.2,34.9092
35312.1,34.8555
35332,34.8018
35351.9,34.7481
35371.8,34.6944
35391.7,34.6407
35411.6,34.587
35431.5,34.5334
35451.4,34.4797
35471.3,34.426
35491.2,34.3723
35511.1,34.3186
35531,34.2649
35550.9,34.2112
35570.8,34.1576
35590.7,34.1039
35610.6,34.0502
35630.5,33.9965
35650.4,33.9428
35670.3,33.8891
35690.2,33.8354
35710.1,33.7818
35730,33.7281
35749.9,33.6744
35769.9,33.6207
35789.8,33.567
35809.7,33.5133
35829.6,33.4596
35849.5,33.406
35869.4,33.3523
35889.3,33.2986
35909.2,33.2496
35929.1,33.2008
35949,33.1521
35968.9,33.1033
35988.8,33.0545
36008.7,33.0057
36028.6,32.9569
36048.5,32.9081
36068.4,32.8594
36088.3,32.8106
36108.2,32.7618
36128.1,32.713
36148,32.6642
36167.9,32.6155
36187.8,32.5667
36207.7,32.5179
36227.6,32.4691
36247.6,32.4203
36267.5,32.3716
36287.4,32.3228
36307.3,32.274
36327.2,32.2252
36347.1,32.1764
36367,32.1277
36386.9,32.0789
36406.8,32.0301
36426.7,31.9813
36446.6,31.9325
36466.5,31.8837
36486.4,31.835
36506.3,31.7862
36526.2,31.7374
36546.1,31.6886
36566,31.6398
36585.9,31.5911
36605.8,31.5429
36625.7,31.4961
36645.6,31.4493
36665.5,31.4025
36685.4,31.3556
36705.3,31.3089
36725.2,31.2621
36745.1,31.2152
36765.1,31.1684
36785,31.1216
36804.9,31.0748
36824.8,31.028
36844.7,30.9812
36864.6,30.9344
36884.5,30.8876
36904.4,30.8408
36924.3,30.794
36944.2,30.7472
36964.1,30.7004
36984,30.6536
37003.9,30.6068
37023.8,30.56
37043.7,30.5132
37063.6,30.4664
37083.5,30.4196
37103.4,30.3728
37123.3,30.326
37143.2,30.2792
37163.1,30.2324
37183,30.1856
37202.9,30.1388
37222.8,30.092
37242.7,30.0452
37262.7,29.9984
37282.6,29.9515
37302.5,29.9047
37322.4,29.8607
37342.3,29.8184
37362.2,29.7761
37382.1,29.7338
37402,29.6915
37421.9,29.6491
37441.8,29.6068
37461.7,29.5645
37481.6,29.5222
37501.5,29.4799
37521.4,29.4376
37541.3,29.3953
37561.2,29.3529
37581.1,29.3106
37601,29.2683
37620.9,29.226
37640.8,29.1837
37660.7,29.1414
37680.6,29.0991
37700.5,29.0567
37720.4,29.0144
37740.3,28.9721
37760.3,28.9298
37780.2,28.8875
37800.1,28.8452
37820,28.8028
37839.9,28.7605
37859.8,28.7182
37879.7,28.6759
37899.6,28.6336
37919.5,28.5913
37939.4,28.549
37959.3,28.5066
37979.2,28.4643
37999.1,28.422
38019,28.3797
38038.9,28.3374
38058.8,28.2979
38078.7,28.2586
38098.6,28.2193
38118.5,28.18
38138.4,28.1406
38158.3,28.1013
38178.2,28.062
38198.1,28.0227
38218,27.9834
38237.9,27.9441
38257.9,27.9047
38277.8,27.8654
38297.7,27.8261
38317.6,27.7868
38337.5,27.7475
38357.4,27.7082
38377.3,27.6689
38397.2,27.6295
38417.1,27.5902
38437,27.5509
38456.9,27.5116
38476.8,27.4723
38496.7,27.433
38516.6,27.3937
38536.5,27.3543
38556.4,27.315
38576.3,27.2757
38596.2,27.2364
38616.1,27.1971
38636,27.1578
38655.9,27.1185
38675.8,27.0791
38695.7,27.0398
38715.6,27.0005
38735.5,26.9612
38755.5,26.9219
38775.4,26.8826
38795.3,26.8437
38815.2,26.8063
38835.1,26.7689
38855,26.7314
38874.9,26.694
38894.8,26.6565
38914.7,26.6191
38934.6,26.5816
38954.5,26.5442
38974.4,26.5068
38994.3,26.4693
39014.2,26.4319
39034.1,26.3944
39054,26.357
39073.9,26.3195
39093.8,26.2821
39113.7,26.2447
39133.6,26.2072
39153.5,26.1698
39173.4,26.1323
39193.3,26.0949
39213.2,26.0574
39233.1,26.02
39253.1,25.9826
39273,25.9451
39292.9,25.9077
39312.8,25.8702
39332.7,25.8328
39352.6,25.7954
39372.5,25.7579
39392.4,25.7205
39412.3,25.683
39432.2,25.6456
39452.1,25.6081
39472,25.5707
39491.9,25.5333
39511.8,25.4958
39531.7,25.4584
39551.6,25.4226
39571.5,25.388
39591.4,25.3534
39611.3,25.3188
39631.2,25.2842
39651.1,25.2496
39671,25.215
39690.9,25.1804
39710.8,25.1458
39730.7,25.1112
39750.6,25.0766
39770.6,25.0421
39790.5,25.0075
39810.4,24.9729
39830.3,24.9383
39850.2,24.9037
39870.1,24.8691
39890,24.8345
39909.9,24.7999
39929.8,24.7653
39949.7,24.7307
39969.6,24.6961
39989.5,24.6615
40009.4,24.6281
40029.3,24.5959
40049.2,24.5637
40069.1,24.5315
40089,24.4994
40108.9,24.4672
40128.8,24.435
40148.7,24.4028
40168.6,24.3707
40188.5,24.3385
40208.4,24.3063
40228.3,24.2741
40248.3,24.2419
40268.2,24.2098
40288.1,24.1776
40308,24.1454
40327.9,24.1133
40347.8,24.0813
40367.7,24.0493
40387.6,24.0173
40407.5,23.9853
40427.4,23.9533
40447.3,23.9214
40467.2,23.8894
40487.1,23.8574
40507,23.8254
40526.9,23.7934
40546.8,23.7614
40566.7,23.7294
40586.6,23.6974
40606.5,23.6654
40626.4,23.6334
40646.3,23.6014
40666.2,23.5694
40686.1,23.5374
40706,23.5055
40725.9,23.4735
40745.9,23.4415
40765.8,23.4095
40785.7,23.3775
40805.6,23.3455
40825.5,23.3135
40845.4,23.2815
40865.3,23.2495
40885.2,23.2175
40905.1,23.1855
40925,23.1535
40944.9,23.1215
40964.8,23.0896
40984.7,23.0576
41004.6,23.0256
41024.5,22.9936
41044.4,22.9616
41064.3,22.9296
41084.2,22.8976
41104.1,22.8656
41124,22.8353
41143.9,22.8056
41163.8,22.7759
41183.7,22.7463
41203.6,22.7166
41223.5,22.687
41243.4,22.6573
41263.4,22.6276
41283.3,22.598
41303.2,22.5683
41323.1,22.5386
41343,22.509
41362.9,22.4793
41382.8,22.4497
41402.7,22.42
41422.6,22.3903
41442.5,22.3607
41462.4,22.331
41482.3,22.3014
41502.2,22.2717
41522.1,22.242
41542,22.2124
41561.9,22.1827
41581.8,22.153
41601.7,22.1234
41621.6,22.0937
41641.5,22.0641
41661.4,22.0344
41681.3,22.0047
41701.2,21.9751
41721.1,21.9454
41741,21.9158
41760.9,21.8861
41780.9,21.8564
41800.8,21.8268
41820.7,21.7971
41840.6,21.7674
41860.5,21.7378
41880.4,21.7081
41900.3,21.6785
41920.2,21.6499
41940.1,21.6225
41960,21.595
41979.9,21.5676
41999.8,21.5401
42019.7,21.5127
42039.6,21.4852
42059.5,21.4577
42079.4,21.4303
42099.3,21.4028
42119.2,21.3754
42139.1,21.3479
42159,21.3205
42178.9,21.293
42198.8,21.2656
42218.7,21.2381
42238.6,21.2107
42258.6,21.1832
42278.5,21.1558
42298.4,21.1283
42318.3,21.1008
42338.2,21.0734
42358.1,21.0459
42378,21.0185
42397.9,20.991
42417.8,20.9636
42437.7,20.9361
42457.6,20.9087
42477.5,20.8812
42497.4,20.8538
42517.3,20.8263
42537.2,20.7988
42557.1,20.7714
42577,20.7439
42596.9,20.7165
42616.8,20.689
42636.7,20.6616
42656.6,20.6341
42676.5,20.6067
42696.4,20.5792
42716.3,20.5518
42736.3,20.5249
42756.2,20.4992
42776.1,20.4736
42796,20.4479
42815.9,20.4222
42835.8,20.3966
42855.7,20.3709
42875.6,20.3453
42895.5,20.3196
42915.4,20.294
42935.3,20.2683
42955.2,20.2426
42975.1,20.217
42995,20.1913
43014.9,20.1657
43034.8,20.14
43054.7,20.1144
43074.6,20.0887
43094.5,20.063
43114.4,20.0374
43134.3,20.0117
43154.2,19.9861
43174.1,19.9604
43194,19.9348
43213.9,19.9091
43233.8,19.8834
43253.8,19.8578
43273.7,19.8321
43293.6,19.8065
43313.5,19.7808
43333.4,19.7551
43353.3,19.7295
43373.2,19.7038
43393.1,19.6782
43413,19.6525
43432.9,19.6269
43452.8,19.6012
43472.7,19.5755
43492.6,19.5499
43512.5,19.5242
43532.4,19.4986
43552.3,19.4729
43572.2,19.4486
43592.1,19.4252
43612,19.4017
43631.9,19.3782
43651.8,19.3548
43671.7,19.3313
43691.6,19.3079
43711.5,19.2844
43731.4,19.261
43751.3,19.2375
43771.3,19.2141
43791.2,19.1906
43811.1,19.1671
43831,19.1437
43850.9,19.1202
43870.8,19.0968
43890.7,19.0733
43910.6,19.0499
43930.5,19.0264
43950.4,19.0029
43970.3,18.9795
43990.2,18.956
44010.1,18.9326
44030,18.9091
44049.9,18.8857
44069.8,18.8622
44089.7,18.8388
44109.6,18.8153
44129.5,18.7918
44149.4,18.7684
44169.3,18.7449
44189.2,18.7215
44209.1,18.698
44229,18.6746
44248.9,18.6511
44268.9,18.6277
44288.8,18.6042
44308.7,18.5807
44328.6,18.5573
44348.5,18.5338
44368.4,18.5104
44388.3,18.4869
44408.2,18.4635
44428.1,18.4405
44448,18.4182
44467.9,18.396
44487.8,18.3737
44507.7,18.3515
44527.6,18.3292
44547.5,18.3069
44567.4,18.2847
44587.3,18.2624
44607.2,18.2402
44627.1,18.2179
44647,18.1956
44666.9,18.1734
44686.8,18.1511
44706.7,18.1289
44726.6,18.1066
44746.6,18.0843
44766.5,18.0621
44786.4,18.0398
44806.3,18.0176
44826.2,17.9953
44846.1,17.9731
44866,17.9508
44885.9,17.9285
44905.8,17.9063
44925.7,17.884
44945.6,17.8618
44965.5,17.8395
44985.4,17.8172
45005.3,17.795
45025.2,17.7727
45045.1,17.7505
45065,17.7282
45084.9,17.7059
45104.8,17.6837
45124.7,17.6614
45144.6,17.6392
45164.5,17.6169
45184.4,17.5947
45204.3,17.5724
45224.2,17.5501
45244.1,17.5279
45264.1,17.5056
45284,17.4837
45303.9,17.4634
45323.8,17.443
45343.7,17.4227
45363.6,17.4023
45383.5,17.382
45403.4,17.3616
45423.3,17.3413
45443.2,17.3209
45463.1,17.3006
45483,17.2802
45502.9,17.2599
45522.8,17.2395
45542.7,17.2192
45562.6,17.1988
45582.5,17.1785
45602.4,17.1581
45622.3,17.1378
45642.2,17.1174
45662.1,17.0971
45682,17.0767
45701.9,17.0564
45721.8,17.036
45741.7,17.0157
45761.7,16.9953
45781.6,16.9749
45801.5,16.9546
45821.4,16.9342
45841.3,16.9139
45861.2,16.8935
45881.1,16.8732
45901,16.8528
45920.9,16.8325
45940.8,16.8121
45960.7,16.7918
45980.6,16.7714
46000.5,16.7511
46020.4,16.7307
46040.3,16.7104
46060.2,16.69
46080.1,16.6697
46100,16.6493
46119.9,16.629
46139.8,16.6086
46159.7,16.5883
46179.6,16.5685
46199.5,16.5494
46219.4,16.5304
46239.3,16.5113
46259.3,16.4922
46279.2,16.4731
46299.1,16.454
46319,16.4349
46338.9,16.4158
46358.8,16.3968
46378.7,16.3777
46398.6,16.3586
46418.5,16.3395
46438.4,16.3204
46458.3,16.3013
46478.2,16.2823
46498.1,16.2632
46518,16.2441
46537.9,16.225
46557.8,16.2059
46577.7,16.1868
46597.6,16.1677
46617.5,16.1487
46637.4,16.1296
46657.3,16.1105
46677.2,16.0914
46697.1,16.0723
46717,16.0532
46736.9,16.0341
46756.9,16.0151
46776.8,15.996
46796.7,15.9769
46816.6,15.9578
46836.5,15.9387
46856.4,15.9196
46876.3,15.9005
46896.2,15.8815
46916.1,15.8624
46936,15.8433
46955.9,15.8242
46975.8,15.8051
46995.7,15.786
47015.6,15.7669
47035.5,15.7479
47055.4,15.7288
47075.3,15.7101
47095.2,15.6924
47115.1,15.6746
47135,15.6569
47154.9,15.6392
47174.8,15.6215
47194.7,15.6038
47214.6,15.5861
47234.5,15.5684
47254.5,15.5507
47274.4,15.533
47294.3,15.5153
47314.2,15.4976
47334.1,15.4799
47354,15.4622
47373.9,15.4445
47393.8,15.4268
47413.7,15.4091
47433.6,15.3914
47453.5,15.3737
47473.4,15.356
47493.3,15.3383
47513.2,15.3206
47533.1,15.3029
47553,15.2852
47572.9,15.2675
47592.8,15.2498
47612.7,15.2321
47632.6,15.2144
47652.5,15.1966
47672.4,15.1789
47692.3,15.1612
47712.2,15.1435
47732.1,15.1258
47752.1,15.1081
47772,15.0904
47791.9,15.0727
47811.8,15.055
47831.7,15.0373
47851.6,15.0196
47871.5,15.0019
47891.4,14.9842
47911.3,14.9665
47931.2,14.9488
47951.1,14.9311
47971,14.9134
47990.9,14.8957
48010.8,14.8793
48030.7,14.8629
48050.6,14.8464
48070.5,14.83
48090.4,14.8136
48110.3,14.7972
48130.2,14.7807
48150.1,14.7643
48170,14.7479
48189.9,14.7314
48209.8,14.715
48229.7,14.6986
48249.6,14.6821
48269.6,14.6657
48289.5,14.6493
48309.4,14.6328
48329.3,14.6164
48349.2,14.6
48369.1,14.5835
48389,14.5671
48408.9,14.5507
48428.8,14.5343
48448.7,14.5178
48468.6,14.5014
48488.5,14.485
48508.4,14.4685
48528.3,14.4521
48548.2,14.4357
48568.1,14.4192
48588,14.4028
48607.9,14.3864
48627.8,14.3699
48647.7,14.3535
48667.6,14.3371
48687.5,14.3207
48707.4,14.3042
48727.3,14.2878
48747.3,14.2714
48767.2,14.2549
48787.1,14.2385
48807,14.2221
48826.9,14.2056
48846.8,14.1892
48866.7,14.1728
48886.6,14.1563
48906.5,14.1399
48926.4,14.1235
48946.3,14.108
48966.2,14.0928
48986.1,14.0775
49006,14.0622
49025.9,14.047
49045.8,14.0317
49065.7,14.0165
49085.6,14.0012
49105.5,13.9859
49125.4,13.9707
49145.3,13.9554
49165.2,13.9402
49185.1,13.9249
49205,13.9096
49224.9,13.8944
49244.8,13.8791
49264.8,13.8639
49284.7,13.8486
49304.6,13.8333
49324.5,13.8181
49344.4,13.8028
49364.3,13.7876
49384.2,13.7723
49404.1,13.757
49424,13.7418
49443.9,13.7265
49463.8,13.7113
49483.7,13.696
49503.6,13.6807
49523.5,13.6655
49543.4,13.6502
49563.3,13.635
49583.2,13.6197
49603.1,13.6044
49623,13.5892
49642.9,13.5739
49662.8,13.5587
49682.7,13.5434
49702.6,13.5281
49722.5,13.5129
49742.4,13.4976
49762.4,13.4824
49782.3,13.4671
49802.2,13.4518
49822.1,13.4366
49842,13.4213
49861.9,13.4061
49881.8,13.3908
49901.7,13.3758
49921.6,13.3609
49941.5,13.346
49961.4,13.3311
49981.3,13.3162
50001.2,13.3013
50021.1,13.2871
50041,13.2729
50060.9,13.2587
50080.8,13.2445
50100.7,13.2303
50120.6,13.2161
50140.5,13.2019
50160.4,13.1877
50180.3,13.1735
50200.2,13.1593
50220.1,13.1451
50240,13.1309
50260,13.1167
50279.9,13.1025
50299.8,13.0883
50319.7,13.0741
50339.6,13.0599
50359.5,13.0457
50379.4,13.0315
50399.3,13.0172
50419.2,13.003
50439.1,12.9888
50459,12.9746
50478.9,12.9604
50498.8,12.9462
50518.7,12.932
50538.6,12.9178
50558.5,12.9036
50578.4,12.8894
50598.3,12.8752
50618.2,12.861
50638.1,12.8468
50658,12.8326
50677.9,12.8184
50697.8,12.8042
50717.7,12.79
50737.6,12.7758
50757.6,12.7616
50777.5,12.7474
50797.4,12.7332
50817.3,12.719
50837.2,12.7048
50857.1,12.6906
50877,12.6772
50896.9,12.6641
50916.8,12.6509
50936.7,12.6378
50956.6,12.6246
50976.5,12.6115
50996.4,12.5983
51016.3,12.5852
51036.2,12.572
51056.1,12.5589
51076,12.5457
51095.9,12.5326
51115.8,12.5194
51135.7,12.5063
51155.6,12.4931
51175.5,12.48
51195.4,12.4668
51215.3,12.4537
51235.3,12.4405
51255.2,12.4274
51275.1,12.4142
51295,12.4011
51314.9,12.3879
51334.8,12.3748
51354.7,12.3616
51374.6,12.3485
51394.5,12.3353
51414.4,12.3221
51434.3,12.309
51454.2,12.2958
51474.1,12.2827
51494,12.2695
51513.9,12.2564
51533.8,12.2432
51553.7,12.2301
51573.6,12.2169
51593.5,12.2038
51613.4,12.1906
51633.3,12.1775
51653.2,12.1643
51673.1,12.1512
51693,12.138
51712.9,12.1249
51732.8,12.1117
51752.8,12.0986
51772.7,12.0854
51792.6,12.0723
51812.5,12.0591
51832.4,12.046
51852.3,12.0328
51872.2,12.0202
51892.1,12.0078
51912,11.9955
51931.9,11.9832
51951.8,11.9709
51971.7,11.9585
51991.6,11.9462
52011.5,11.9339
52031.4,11.9216
52051.3,11.9092
52071.2,11.8969
52091.1,11.8846
52111,11.8722
52130.9,11.8599
52150.8,11.8476
52170.7,11.8353
52190.6,11.8229
52210.5,11.8106
52230.4,11.7983
52250.3,11.786
52270.3,11.7736
52290.2,11.7613
52310.1,11.749
52330,11.7367
52349.9,11.7243
52369.8,11.712
52389.7,11.6997
52409.6,11.6874
52429.5,11.675
52449.4,11.6627
52469.3,11.6504
52489.2,11.638
52509.1,11.6257
52529,11.6134
52548.9,11.6011
52568.8,11.5887
52588.7,11.5764
52608.6,11.5641
52628.5,11.5518
52648.4,11.5394
52668.3,11.5271
52688.2,11.5148
52708.1,11.5025
52728,11.4901
52747.9,11.4778
52767.9,11.4655
52787.8,11.4531
52807.7,11.4408
52827.6,11.4285
52847.5,11.4162
52867.4,11.4038
52887.3,11.3924
52907.2,11.381
52927.1,11.3697
52947,11.3583
52966.9,11.347
52986.8,11.3357
53006.7,11.3243
53026.6,11.313
53046.5,11.3016
53066.4,11.2903
53086.3,11.279
53106.2,11.2676
53126.1,11.2563
53146,11.2449
53165.9,11.2336
53185.8,11.2223
53205.7,11.2109
53225.6,11.1996
53245.5,11.1882
53265.4,11.1769
53285.4,11.1656
53305.3,11.1542
53325.2,11.1429
53345.1,11.1315
53365,11.1202
53384.9,11.1089
53404.8,11.0975
53424.7,11.0862
53444.6,11.0748
53464.5,11.0635
53484.4,11.0521
53504.3,11.0408
53524.2,11.0295
53544.1,11.0181
53564,11.0068
53583.9,10.9954
53603.8,10.9841
53623.7,10.9728
53643.6,10.9614
53663.5,10.9501
53683.4,10.9387
53703.3,10.9274
53723.2,10.9161
53743.1,10.9047
53763.1,10.8934
53783,10.882
53802.9,10.8707
53822.8,10.8594
53842.7,10.848
53862.6,10.8367
53882.5,10.8253
53902.4,10.814
53922.3,10.8031
53942.2,10.7924
53962.1,10.7818
53982,10.7711
54001.9,10.7605
54021.8,10.7498
54041.7,10.7392
54061.6,10.7285
54081.5,10.7178
54101.4,10.7072
54121.3,10.6965
54141.2,10.6859
54161.1,10.6752
54181,10.6646
54200.9,10.6539
54220.8,10.6433
54240.8,10.6326
54260.7,10.622
54280.6,10.6113
54300.5,10.6007
54320.4,10.59
54340.3,10.5794
54360.2,10.5687
54380.1,10.558
54400,10.5474
54419.9,10.5367
54439.8,10.5261
54459.7,10.5154
54479.6,10.5048
54499.5,10.4941
54519.4,10.4835
54539.3,10.4728
54559.2,10.4622
54579.1,10.4515
54599,10.4409
54618.9,10.4302
54638.8,10.4196
54658.7,10.4089
54678.6,10.3982
54698.5,10.3876
54718.4,10.3769
54738.3,10.3663
54758.3,10.3556
54778.2,10.345
54798.1,10.3343
54818,10.3237
54837.9,10.313
54857.8,10.3024
54877.7,10.2917
54897.6,10.2811
54917.5,10.2704
54937.4,10.2598
54957.3,10.2491
54977.2,10.2391
54997.1,10.2292
55017,10.2193
55036.9,10.2095
55056.8,10.1996
55076.7,10.1897
55096.6,10.1798
55116.5,10.1699
55136.4,10.16
55156.3,10.1501
55176.2,10.1403
55196.1,10.1304
55216,10.1205
55235.9,10.1106
55255.9,10.1007
55275.8,10.0908
55295.7,10.0809
55315.6,10.0711
55335.5,10.0612
55355.4,10.0513
55375.3,10.0414
55395.2,10.0315
55415.1,10.0216
55435,10.0117
55454.9,10.0019
55474.8,9.99197
55494.7,9.98208
55514.6,9.9722
55534.5,9.96231
55554.4,9.95243
55574.3,9.94254
55594.2,9.93266
55614.1,9.92277
55634,9.91288
55653.9,9.903
55673.8,9.89312
55693.7,9.88323
55713.6,9.87334
55733.6,9.86346
55753.5,9.85357
55773.4,9.84369
55793.3,9.8338
55813.2,9.82391
55833.1,9.81403
55853,9.80414
55872.9,9.79426
55892.8,9.78437
55912.7,9.77449
55932.6,9.7646
55952.5,9.75471
55972.4,9.74483
55992.3,9.73495
56012.2,9.72506
56032.1,9.71526
56052,9.70615
56071.9,9.69705
56091.8,9.68794
56111.7,9.67883
56131.6,9.66973
56151.5,9.66062
56171.4,9.65152
56191.3,9.64241
56211.2,9.63331
56231.1,9.6242
56251,9.6151
56271,9.60599
56290.9,9.59689
56310.8,9.58778
56330.7,9.57868
56350.6,9.56957
56370.5,9.56047
56390.4,9.55136
56410.3,9.54225
56430.2,9.53315
56450.1,9.52404
56470,9.51494
56489.9,9.50583
56509.8,9.49673
56529.7,9.48762
56549.6,9.47852
56569.5,9.46941
56589.4,9.46031
56609.3,9.4512
56629.2,9.44209
56649.1,9.43299
56669,9.42388
56688.9,9.41478
56708.8,9.40567
56728.7,9.39657
56748.6,9.38746
56768.6,9.37836
56788.5,9.36925
56808.4,9.36015
56828.3,9.35104
56848.2,9.34193
56868.1,9.33283
56888,9.32373
56907.9,9.31462
56927.8,9.30551
56947.7,9.29641
56967.6,9.2873
56987.5,9.2782
57007.4,9.26909
57027.3,9.25999
57047.2,9.25088
57067.1,9.24178
57087,9.23267
57106.9,9.22357
57126.8,9.21446
57146.7,9.20588
57166.6,9.19739
57186.5,9.18891
57206.4,9.18043
57226.3,9.17195
57246.2,9.16346
57266.2,9.15498
57286.1,9.1465
57306,9.13801
57325.9,9.12953
57345.8,9.12105
57365.7,9.11256
57385.6,9.10408
57405.5,9.0956
57425.4,9.08712
57445.3,9.07863
57465.2,9.07015
57485.1,9.06167
57505,9.05318
57524.9,9.0447
57544.8,9.03622
57564.7,9.02773
57584.6,9.01925
57604.5,9.01077
57624.4,9.00228
57644.3,8.9938
57664.2,8.98532
57684.1,8.97683
57704,8.96835
57723.9,8.95987
57743.8,8.95139
57763.8,8.9429
57783.7,8.93442
57803.6,8.92594
57823.5,8.91745
57843.4,8.90897
57863.3,8.90049
57883.2,8.892
57903.1,8.88352
57923,8.87504
57942.9,8.86655
57962.8,8.85807
57982.7,8.84959
58002.6,8.8411
58022.5,8.83262
58042.4,8.82414
58062.3,8.81565
58082.2,8.80717
58102.1,8.79869
58122,8.79021
58141.9,8.78172
58161.8,8.77324
58181.7,8.76476
58201.6,8.75627
58221.5,8.74779
58241.4,8.73931
58261.4,8.73119
58281.3,8.72335
58301.2,8.71551
58321.1,8.70767
58341,8.69982
58360.9,8.69198
58380.8,8.68414
58400.7,8.6763
58420.6,8.66846
58440.5,8.66061
58460.4,8.65277
58480.3,8.64493
58500.2,8.63709
58520.1,8.62925
58540,8.62141
58559.9,8.61357
58579.8,8.60572
58599.7,8.59788
58619.6,8.59004
58639.5,8.5822
58659.4,8.57436
58679.3,8.56652
58699.2,8.55867
58719.1,8.55083
58739.1,8.54299
58759,8.53515
58778.9,8.52731
58798.8,8.51947
58818.7,8.51162
58838.6,8.50378
58858.5,8.49594
58878.4,8.4881
58898.3,8.48026
58918.2,8.47242
58938.1,8.46457
58958,8.45673
58977.9,8.44889
58997.8,8.44105
59017.7,8.43321
59037.6,8.42537
59057.5,8.41752
59077.4,8.40968
59097.3,8.40184
59117.2,8.394
59137.1,8.38616
59157,8.37832
59176.9,8.37048
59196.8,8.36264
59216.7,8.35479
59236.6,8.34695
59256.6,8.33911
59276.5,8.33127
59296.4,8.32343
59316.3,8.31559
59336.2,8.30774
59356.1,8.2999
59376,8.29206
59395.9,8.28431
59415.8,8.27679
59435.7,8.26927
59455.6,8.26176
59475.5,8.25424
59495.4,8.24672
59515.3,8.2392
59535.2,8.23168
59555.1,8.22416
59575,8.21664
59594.9,8.20912
59614.8,8.2016
59634.7,8.19408
59654.6,8.18656
59674.5,8.17904
59694.4,8.17153
59714.3,8.16401
59734.3,8.15648
59754.2,8.14897
59774.1,8.14145
59794,8.13393
59813.9,8.12641
59833.8,8.11889
59853.7,8.11137
59873.6,8.10385
59893.5,8.09633
59913.4,8.08881
59933.3,8.08129
59953.2,8.07377
59973.1,8.06626
59993,8.05874
60012.9,8.05146
60032.8,8.04431
60052.7,8.03716
60072.6,8.03001
60092.5,8.02286
60112.4,8.01572
60132.3,8.00857
60152.2,8.00142
60172.1,7.99427
60192,7.98712
60211.9,7.97998
60231.8,7.97283
60251.7,7.96568
60271.7,7.95853
60291.6,7.95138
60311.5,7.94423
60331.4,7.93709
60351.3,7.92994
60371.2,7.92279
60391.1,7.91564
60411,7.9085
60430.9,7.90135
60450.8,7.8942
60470.7,7.88705
60490.6,7.8799
60510.5,7.87275
60530.4,7.86561
60550.3,7.85846
60570.2,7.85164
60590.1,7.84482
60610,7.838
60629.9,7.83117
60649.8,7.82435
60669.7,7.81753
60689.6,7.81071
60709.5,7.80388
60729.4,7.79706
60749.3,7.79024
60769.3,7.78342
60789.2,7.7766
60809.1,7.76977
60829,7.76295
60848.9,7.75613
60868.8,7.74931
60888.7,7.74249
60908.6,7.73566
60928.5,7.72884
60948.4,7.72202
60968.3,7.7152
60988.2,7.70837
61008.1,7.70155
61028,7.69473
61047.9,7.68791
61067.8,7.68109
61087.7,7.67426
61107.6,7.66744
61127.5,7.66062
61147.4,7.6538
61167.3,7.64697
61187.2,7.64015
61207.1,7.63333
61227,7.62651
61246.9,7.61969
61266.9,7.61286
61286.8,7.60604
61306.7,7.59922
61326.6,7.5924
61346.5,7.58558
61366.4,7.57875
61386.3,7.57193
61406.2,7.56511
61426.1,7.55829
61446,7.55146
61465.9,7.54464
61485.8,7.53782
61505.7,7.531
61525.6,7.52418
61545.5,7.51735
61565.4,7.51053
61585.3,7.50371
61605.2,7.49689
61625.1,7.49007
61645,7.48324
61664.9,7.47642
61684.8,7.4696
61704.7,7.46278
61724.6,7.45595
61744.5,7.44954
61764.5,7.44327
61784.4,7.43701
61804.3,7.43074
61824.2,7.42447
61844.1,7.41821
61864,7.41194
61883.9,7.40567
61903.8,7.39941
61923.7,7.39314
61943.6,7.38688
61963.5,7.38061
61983.4,7.37434
62003.3,7.36808
62023.2,7.36181
62043.1,7.35554
62063,7.34928
62082.9,7.34301
62102.8,7.33675
62122.7,7.33048
62142.6,7.32421
62162.5,7.31795
62182.4,7.31168
62202.3,7.30541
62222.2,7.29915
62242.1,7.29288
62262.1,7.28662
62282,7.28035
62301.9,7.27408
62321.8,7.26782
62341.7,7.26155
62361.6,7.25528
62381.5,7.24902
62401.4,7.24275
62421.3,7.23649
62441.2,7.23022
62461.1,7.22395
62481,7.21769
62500.9,7.21142
62520.8,7.20515
62540.7,7.19889
62560.6,7.19262
62580.5,7.18636
62600.4,7.18009
62620.3,7.17382
62640.2,7.16756
62660.1,7.16129
62680,7.15503
62699.9,7.14876
62719.8,7.14249
62739.8,7.13623
62759.7,7.12996
62779.6,7.12369
62799.5,7.11743
62819.4,7.11116
62839.3,7.1049
62859.2,7.09863
62879.1,7.09236
62899,7.0861
62918.9,7.07983
62938.8,7.07356
62958.7,7.06768
62978.6,7.06182
62998.5,7.05596
63018.4,7.0501
63038.3,7.04424
63058.2,7.03838
63078.1,7.03252
63098,7.02666
63117.9,7.0208
63137.8,7.01494
63157.7,7.00908
63177.6,7.00322
63197.5,6.99736
63217.4,6.9915
63237.3,6.98564
63257.3,6.97978
63277.2,6.97392
63297.1,6.96806
63317,6.9622
63336.9,6.95634
63356.8,6.95048
63376.7,6.94462
63396.6,6.93876
63416.5,6.9329
63436.4,6.92704
63456.3,6.92118
63476.2,6.91532
63496.1,6.90946
63516,6.9036
63535.9,6.89774
63555.8,6.89188
63575.7,6.88602
63595.6,6.88016
63615.5,6.8743
63635.4,6.86844
63655.3,6.86258
63675.2,6.85672
63695.1,6.85086
63715,6.845
63734.9,6.83914
63754.9,6.83328
63774.8,6.82742
63794.7,6.82156
63814.6,6.8157
63834.5,6.80984
63854.4,6.80398
63874.3,6.79812
63894.2,6.79226
63914.1,6.7864
63934,6.78054
63953.9,6.77468
63973.8,6.76882
63993.7,6.76296
64013.6,6.7571
64033.5,6.75124
64053.4,6.74538
64073.3,6.73952
64093.2,6.73366
64113.1,6.7278
64133,6.72194
64152.9,6.71608
64172.8,6.71028
64192.7,6.70486
64212.6,6.69943
64232.5,6.694
64252.4,6.68857
64272.4,6.68314
64292.3,6.67771
64312.2,6.67228
64332.1,6.66685
64352,6.66142
64371.9,6.65599
64391.8,6.65056
64411.7,6.64514
64431.6,6.6397
64451.5,6.63428
64471.4,6.62885
64491.3,6.62342
64511.2,6.61799
64531.1,6.61256
64551,6.60713
64570.9,6.6017
64590.8,6.59627
64610.7,6.59084
64630.6,6.58541
64650.5,6.57998
64670.4,6.57456
64690.3,6.56913
64710.2,6.5637
64730.1,6.55827
64750,6.55284
64770,6.54741
64789.9,6.54198
64809.8,6.53655
64829.7,6.53112
64849.6,6.52569
64869.5,6.52026
64889.4,6.51483
64909.3,6.50941
64929.2,6.50398
64949.1,6.49855
64969,6.49312
64988.9,6.48769
65008.8,6.48226
65028.7,6.47683
65048.6,6.4714
65068.5,6.46597
65088.4,6.46054
65108.3,6.45511
65128.2,6.44968
65148.1,6.44425
65168,6.43882
65187.9,6.4334
65207.8,6.42797
65227.7,6.42254
65247.6,6.41711
65267.6,6.41168
65287.5,6.40625
65307.4,6.40082
65327.3,6.39539
65347.2,6.38996
65367.1,6.38453
65387,6.3791
65406.9,6.37368
65426.8,6.36838
65446.7,6.36333
65466.6,6.35829
65486.5,6.35324
65506.4,6.34819
65526.3,6.34315
65546.2,6.3381
65566.1,6.33306
65586,6.32801
65605.9,6.32296
65625.8,6.31792
65645.7,6.31287
65665.6,6.30782
65685.5,6.30278
65705.4,6.29773
65725.3,6.29269
65745.3,6.28764
65765.2,6.28259
65785.1,6.27755
65805,6.2725
65824.9,6.26746
65844.8,6.26241
65864.7,6.25737
65884.6,6.25232
65904.5,6.24727
65924.4,6.24223
65944.3,6.23718
65964.2,6.23214
65984.1,6.22709
66004,6.22204
66023.9,6.217
66043.8,6.21195
66063.7,6.20691
66083.6,6.20186
66103.5,6.19681
66123.4,6.19177
66143.3,6.18672
66163.2,6.18168
66183.1,6.17663
66203,6.17158
66222.9,6.16654
66242.9,6.16149
66262.8,6.15645
66282.7,6.1514
66302.6,6.14635
66322.5,6.14131
66342.4,6.13626
66362.3,6.13122
66382.2,6.12617
66402.1,6.12112
66422,6.11608
66441.9,6.11103
66461.8,6.10599
66481.7,6.10094
66501.6,6.09589
66521.5,6.09085
66541.4,6.0858
66561.3,6.08076
66581.2,6.07571
66601.1,6.07066
66621,6.06562
66640.9,6.06057
66660.8,6.05553
66680.7,6.05048
66700.6,6.04545
66720.5,6.0408
66740.5,6.03616
66760.4,6.03151
66780.3,6.02687
66800.2,6.02222
66820.1,6.01758
66840,6.01293
66859.9,6.00829
66879.8,6.00364
66899.7,5.999
66919.6,5.99436
66939.5,5.98971
66959.4,5.98507
66979.3,5.98042
66999.2,5.97578
67019.1,5.97113
67039,5.96649
67058.9,5.96184
67078.8,5.9572
67098.7,5.95255
67118.6,5.94791
67138.5,5.94327
67158.4,5.93862
67178.3,5.93398
67198.2,5.92933
67218.1,5.92469
67238,5.92004
67258,5.9154
67277.9,5.91075
67297.8,5.90611
67317.7,5.90146
67337.6,5.89682
67357.5,5.89217
67377.4,5.88753
67397.3,5.88288
67417.2,5.87824
67437.1,5.8736
67457,5.86895
67476.9,5.86431
67496.8,5.85966
67516.7,5.85502
67536.6,5.85037
67556.5,5.84573
67576.4,5.84108
67596.3,5.83644
67616.2,5.83179
67636.1,5.82715
67656,5.8225
67675.9,5.81786
67695.8,5.81322
67715.7,5.80857
67735.6,5.80393
67755.6,5.79928
67775.5,5.79464
67795.4,5.78999
67815.3,5.78535
67835.2,5.7807
67855.1,5.77606
67875,5.77141
67894.9,5.76677
67914.8,5.76212
67934.7,5.75748
67954.6,5.75284
67974.5,5.74819
67994.4,5.74355
68014.3,5.73896
68034.2,5.7346
68054.1,5.73024
68074,5.72587
68093.9,5.72151
68113.8,5.71714
68133.7,5.71278
68153.6,5.70842
68173.5,5.70405
68193.4,5.69969
68213.3,5.69533
68233.2,5.69096
68253.1,5.6866
68273.1,5.68224
68293,5.67787
68312.9,5.67351
68332.8,5.66915
68352.7,5.66478
68372.6,5.66042
68392.5,5.65605
68412.4,5.65169
68432.3,5.64733
68452.2,5.64296
68472.1,5.6386
68492,5.63424
68511.9,5.62987
68531.8,5.62551
68551.7,5.62115
68571.6,5.61678
68591.5,5.61242
68611.4,5.60805
68631.3,5.60369
68651.2,5.59933
68671.1,5.59496
68691,5.5906
68710.9,5.58624
68730.8,5.58187
68750.8,5.57751
68770.6,5.57315
68790.6,5.56878
68810.5,5.56442
68830.4,5.56005
68850.3,5.55569
68870.2,5.55133
68890.1,5.54696
68910,5.5426
68929.9,5.53824
68949.8,5.53387
68969.7,5.52951
68989.6,5.52514
69009.5,5.52078
69029.4,5.51642
69049.3,5.51205
69069.2,5.50769
69089.1,5.50333
69109,5.49897
69128.9,5.4946
69148.8,5.49024
69168.7,5.48587
69188.6,5.48151
69208.5,5.47715
69228.4,5.47278
69248.4,5.46842
69268.3,5.46406
69288.2,5.45969
69308.1,5.45533
69328,5.45096
69347.9,5.44674
69367.8,5.44271
69387.7,5.43869
69407.6,5.43467
69427.5,5.43065
69447.4,5.42663
69467.3,5.42261
69487.2,5.41858
69507.1,5.41456
69527,5.41054
69546.9,5.40652
69566.8,5.4025
69586.7,5.39848
69606.6,5.39446
69626.5,5.39043
69646.4,5.38641
69666.3,5.38239
69686.2,5.37837
69706.1,5.37435
69726,5.37032
69745.9,5.3663
69765.9,5.36228
69785.8,5.35826
69805.7,5.35424
69825.6,5.35022
69845.5,5.3462
69865.4,5.34217
69885.3,5.33815
69905.2,5.33413
69925.1,5.33011
69945,5.32609
69964.9,5.32207
69984.8,5.31804
70004.7,5.31402
70024.6,5.31
70044.5,5.30598
70064.4,5.30196
70084.3,5.29793
70104.2,5.29391
70124.1,5.28989
70144,5.28587
70163.9,5.28185
70183.8,5.27783
70203.7,5.27381
70223.6,5.26978
70243.5,5.26576
70263.5,5.26174
70283.4,5.25772
70303.3,5.2537
70323.2,5.24968
70343.1,5.24565
70363,5.24163
70382.9,5.23761
70402.8,5.23359
70422.7,5.22957
70442.6,5.22555
70462.5,5.22152
70482.4,5.2175
70502.3,5.21348
70522.2,5.20946
70542.1,5.20544
70562,5.20142
70581.9,5.1974
70601.8,5.19337
70621.7,5.18935
70641.6,5.18533
70661.5,5.18131
70681.4,5.17729
70701.3,5.17341
70721.3,5.16965
70741.1,5.16588
70761.1,5.16212
70781,5.15835
70800.9,5.15459
70820.8,5.15082
70840.7,5.14706
70860.6,5.1433
70880.5,5.13953
70900.4,5.13577
70920.3,5.132
70940.2,5.12824
70960.1,5.12447
70980,5.12071
70999.9,5.11694
71019.8,5.11318
71039.7,5.10941
71059.6,5.10565
71079.5,5.10188
71099.4,5.09812
71119.3,5.09436
71139.2,5.09059
71159.1,5.08683
71179,5.08306
71198.9,5.0793
71218.8,5.07553
71238.8,5.07177
71258.7,5.068
71278.6,5.06424
71298.5,5.06047
71318.4,5.05671
71338.3,5.05294
71358.2,5.04918
71378.1,5.04542
71398,5.04165
71417.9,5.03789
71437.8,5.03412
71457.7,5.03036
71477.6,5.02659
71497.5,5.02283
71517.4,5.01906
71537.3,5.0153
71557.2,5.01153
71577.1,5.00777
71597,5.004
71616.9,5.00024
71636.8,4.99647
71656.7,4.99271
71676.6,4.98895
71696.5,4.98518
71716.4,4.98142
71736.4,4.97765
71756.3,4.97389
71776.2,4.97012
71796.1,4.96636
71816,4.96259
71835.9,4.95883
71855.8,4.95506
71875.7,4.9513
71895.6,4.94753
71915.5,4.94377
71935.4,4.94
71955.3,4.93624
71975.2,4.93248
71995.1,4.92871
72015,4.92495
72034.9,4.92118
72054.8,4.91742
72074.7,4.91373
72094.6,4.91027
72114.5,4.90682
72134.4,4.90337
72154.3,4.89992
72174.2,4.89647
72194.1,4.89301
72214,4.88956
72233.9,4.88611
72253.9,4.88266
72273.8,4.8792
72293.7,4.87575
72313.6,4.8723
72333.5,4.86885
72353.4,4.8654
72373.3,4.86195
72393.2,4.85849
72413.1,4.85504
72433,4.85159
72452.9,4.84814
72472.8,4.84468
72492.7,4.84123
72512.6,4.83778
72532.5,4.83433
72552.4,4.83088
72572.3,4.82742
72592.2,4.82397
72612.1,4.82052
72632,4.81707
72651.9,4.81361
72671.8,4.81016
72691.7,4.80671
72711.6,4.80326
72731.5,4.79981
72751.4,4.79635
72771.4,4.7929
72791.3,4.78945
72811.2,4.786
72831.1,4.78254
72851,4.77909
72870.9,4.77564
72890.8,4.77219
72910.7,4.76874
72930.6,4.76528
72950.5,4.76183
72970.4,4.75838
72990.3,4.75493
73010.2,4.75148
73030.1,4.74802
73050,4.74457
73069.9,4.74112
73089.8,4.73767
73109.7,4.73422
73129.6,4.73076
73149.5,4.72731
73169.4,4.72386
73189.3,4.72041
73209.2,4.71695
73229.1,4.7135
73249,4.71005
73269,4.7066
73288.9,4.70315
73308.8,4.69969
73328.7,4.69624
73348.6,4.69279
73368.5,4.68934
73388.4,4.68588
73408.3,4.68243
73428.2,4.67898
73448.1,4.67553
73468,4.67208
73487.9,4.66872
73507.8,4.6655
73527.7,4.66228
73547.6,4.65906
73567.5,4.65585
73587.4,4.65263
73607.3,4.64941
73627.2,4.64619
73647.1,4.64297
73667,4.63976
73686.9,4.63654
73706.8,4.63332
73726.7,4.6301
73746.6,4.62689
73766.6,4.62367
73786.5,4.62045
73806.4,4.61723
73826.3,4.61402
73846.2,4.6108
73866.1,4.60758
73886,4.60436
73905.9,4.60114
73925.8,4.59793
73945.7,4.59471
73965.6,4.59149
73985.5,4.58827
74005.4,4.58505
74025.3,4.58184
74045.2,4.57862
74065.1,4.5754
74085,4.57219
74104.9,4.56897
74124.8,4.56575
74144.7,4.56253
74164.6,4.55931
74184.5,4.5561
74204.4,4.55288
74224.3,4.54966
74244.3,4.54644
74264.2,4.54322
74284.1,4.54001
74304,4.53679
74323.9,4.53357
74343.8,4.53035
74363.7,4.52714
74383.6,4.52392
74403.5,4.5207
74423.4,4.51748
74443.3,4.51427
74463.2,4.51105
74483.1,4.50783
74503,4.50461
74522.9,4.50139
74542.8,4.49818
74562.7,4.49496
74582.6,4.49174
74602.5,4.48852
74622.4,4.48531
74642.3,4.48209
74662.2,4.47887
74682.1,4.47565
74702,4.47244
74721.9,4.46922
74741.9,4.466
74761.8,4.46278
74781.7,4.45956
74801.6,4.45635
74821.5,4.45313
74841.4,4.44991
74861.3,4.44669
74881.2,4.44347
74901.1,4.44026
74921,4.43705
74940.9,4.43404
74960.8,4.43102
74980.7,4.42801
75000.6,4.425
75020.5,4.42198
75040.4,4.41897
75060.3,4.41596
75080.2,4.41294
75100.1,4.40993
75120,4.40692
75139.9,4.4039
75159.8,4.40089
75179.7,4.39788
75199.6,4.39486
75219.5,4.39185
75239.5,4.38884
75259.4,4.38582
75279.3,4.38281
75299.2,4.3798
75319.1,4.37678
75339,4.37377
75358.9,4.37076
75378.8,4.36774
75398.7,4.36473
75418.6,4.36172
75438.5,4.3587
75458.4,4.35569
75478.3,4.35268
75498.2,4.34966
75518.1,4.34665
75538,4.34364
75557.9,4.34062
75577.8,4.33761
75597.7,4.3346
75617.6,4.33158
75637.5,4.32857
75657.4,4.32556
75677.3,4.32254
75697.2,4.31953
75717.1,4.31652
75737,4.3135
75757,4.31049
75776.9,4.30747
75796.8,4.30446
75816.7,4.30145
75836.6,4.29843
75856.5,4.29542
75876.4,4.29241
75896.3,4.2894
75916.2,4.28638
75936.1,4.28337
75956,4.28035
75975.9,4.27734
75995.8,4.27433
76015.7,4.27132
76035.6,4.2683
76055.5,4.26529
76075.4,4.26228
76095.3,4.25926
76115.2,4.25625
76135.1,4.25323
76155,4.25022
76174.9,4.24721
76194.8,4.2442
76214.7,4.24118
76234.6,4.23817
76254.5,4.23516
76274.5,4.23214
76294.4,4.22913
76314.3,4.22611
76334.2,4.2231
76354.1,4.22009
76374,4.21707
76393.9,4.21425
76413.8,4.2115
76433.7,4.20876
76453.6,4.20601
76473.5,4.20326
76493.4,4.20052
76513.3,4.19777
76533.2,4.19503
76553.1,4.19228
76573,4.18954
76592.9,4.18679
76612.8,4.18404
76632.7,4.1813
76652.6,4.17855
76672.5,4.17581
76692.4,4.17306
76712.3,4.17031
76732.2,4.16757
76752.1,4.16482
76772.1,4.16208
76792,4.15933
76811.9,4.15659
76831.8,4.15384
76851.7,4.15109
76871.6,4.14835
76891.5,4.1456
76911.4,4.14286
76931.3,4.14011
76951.2,4.13737
76971.1,4.13462
76991,4.13187
77010.9,4.12913
77030.8,4.12638
77050.7,4.12364
77070.6,4.12089
77090.5,4.11814
77110.4,4.1154
77130.3,4.11265
77150.2,4.10991
77170.1,4.10716
77190,4.10442
77209.9,4.10167
77229.8,4.09892
77249.8,4.09618
77269.6,4.09343
77289.6,4.09069
77309.5,4.08794
77329.4,4.0852
77349.3,4.08245
77369.2,4.0797
77389.1,4.07696
77409,4.07421
77428.9,4.07147
77448.8,4.06872
77468.7,4.06598
77488.6,4.06323
77508.5,4.06048
77528.4,4.05774
77548.3,4.05499
77568.2,4.05225
77588.1,4.0495
77608,4.04675
77627.9,4.04401
77647.8,4.04126
77667.7,4.03852
77687.6,4.03577
77707.5,4.03303
77727.4,4.03028
77747.4,4.02753
77767.3,4.02479
77787.2,4.02204
77807.1,4.0193
77827,4.01655
77846.9,4.0138
77866.8,4.01106
77886.7,4.00837
77906.6,4.00578
77926.5,4.00319
77946.4,4.00061
77966.3,3.99802
77986.2,3.99543
78006.1,3.99285
78026,3.99026
78045.9,3.98767
78065.8,3.98509
78085.7,3.9825
78105.6,3.97992
78125.5,3.97733
78145.4,3.97474
78165.3,3.97216
78185.2,3.96957
78205.1,3.96698
78225,3.9644
78245,3.96181
78264.9,3.95922
78284.8,3.95664
78304.7,3.95405
78324.6,3.95146
78344.5,3.94888
78364.4,3.94629
78384.3,3.9437
78404.2,3.94112
78424.1,3.93853
78444,3.93594
78463.9,3.93336
78483.8,3.93077
78503.7,3.92819
78523.6,3.9256
78543.5,3.92301
78563.4,3.92042
78583.3,3.91784
78603.2,3.91525
78623.1,3.91267
78643,3.91008
78662.9,3.90749
78682.8,3.90491
78702.7,3.90232
78722.6,3.89973
78742.5,3.89715
78762.5,3.89456
78782.4,3.89197
78802.3,3.88939
78822.2,3.8868
78842.1,3.88421
78862,3.88163
78881.9,3.87904
78901.8,3.87645
78921.7,3.87387
78941.6,3.87128
78961.5,3.8687
78981.4,3.86611
79001.3,3.86352
79021.2,3.86094
79041.1,3.85835
79061,3.85576
79080.9,3.85318
79100.8,3.85059
79120.7,3.848
79140.6,3.84542
79160.5,3.84283
79180.4,3.84024
79200.3,3.83766
79220.3,3.83507
79240.1,3.83248
79260.1,3.8299
79280,3.82731
79299.9,3.82472
79319.8,3.82214
79339.7,3.81955
79359.6,3.81697
79379.5,3.81438
79399.4,3.81179
79419.3,3.80937
79439.2,3.80695
79459.1,3.80453
79479,3.80211
79498.9,3.7997
79518.8,3.79728
79538.7,3.79486
79558.6,3.79244
79578.5,3.79002
79598.4,3.7876
79618.3,3.78519
79638.2,3.78277
79658.1,3.78035
79678,3.77793
79697.9,3.77551
79717.8,3.7731
79737.8,3.77068
79757.7,3.76826
79777.6,3.76584
79797.5,3.76342
79817.4,3.761
79837.3,3.75859
79857.2,3.75617
79877.1,3.75375
79897,3.75133
79916.9,3.74891
79936.8,3.7465
79956.7,3.74408
79976.6,3.74166
79996.5,3.73924
80016.4,3.73687
80036.3,3.7345
80056.2,3.73214
80076.1,3.72977
80096,3.72741
80115.9,3.72504
80135.8,3.72268
80155.7,3.72031
80175.6,3.71795
80195.5,3.71558
80215.4,3.71322
80235.3,3.71086
80255.3,3.70849
80275.2,3.70613
80295.1,3.70376
80315,3.7014
80334.9,3.69903
80354.8,3.69667
80374.7,3.6943
80394.6,3.69194
80414.5,3.68957
80434.4,3.68721
80454.3,3.68484
80474.2,3.68248
80494.1,3.68011
80514,3.67775
80533.9,3.67538
80553.8,3.67302
80573.7,3.67065
80593.6,3.66829
80613.5,3.66592
80633.4,3.66356
80653.3,3.66119
80673.2,3.65883
80693.1,3.65646
80713,3.6541
80732.9,3.65173
80752.9,3.64937
80772.8,3.64701
80792.7,3.64464
80812.6,3.64228
80832.5,3.63991
80852.4,3.63755
80872.3,3.63518
80892.2,3.63282
80912.1,3.63045
80932,3.62809
80951.9,3.62574
80971.8,3.62353
80991.7,3.62132
81011.6,3.61911
81031.5,3.61691
81051.4,3.6147
81071.3,3.61249
81091.2,3.61028
81111.1,3.60808
81131,3.60587
81150.9,3.60366
81170.8,3.60145
81190.7,3.59924
81210.6,3.59704
81230.5,3.59483
81250.4,3.59262
81270.4,3.59041
81290.3,3.58821
81310.2,3.586
81330.1,3.58379
81350,3.58158
81369.9,3.57937
81389.8,3.57717
81409.7,3.57496
81429.6,3.57275
81449.5,3.57054
81469.4,3.56834
81489.3,3.56613
81509.2,3.56392
81529.1,3.56171
81549,3.55951
81568.9,3.5573
81588.8,3.55509
81608.7,3.55288
81628.6,3.55067
81648.5,3.54847
81668.4,3.54626
81688.3,3.54405
81708.2,3.54184
81728.1,3.53964
81748,3.53743
81768,3.53522
81787.9,3.53301
81807.8,3.53081
81827.7,3.5286
81847.6,3.52639
81867.5,3.52418
81887.4,3.52198
81907.3,3.51977
81927.2,3.51756
81947.1,3.51535
81967,3.51314
81986.9,3.51094
82006.8,3.50873
82026.7,3.50652
82046.6,3.50431
82066.5,3.5021
82086.4,3.4999
82106.3,3.49769
82126.2,3.49548
82146.1,3.49328
82166,3.49107
82185.9,3.48886
82205.8,3.48665
82225.8,3.48444
82245.6,3.48224
82265.6,3.48003
82285.5,3.47782
82305.4,3.47561
82325.3,3.4734
82345.2,3.4712
82365.1,3.46899
82385,3.46678
82404.9,3.46457
82424.8,3.46237
82444.7,3.46016
82464.6,3.45795
82484.5,3.45574
82504.4,3.45354
82524.3,3.45133
82544.2,3.44915
82564.1,3.44709
82584,3.44502
82603.9,3.44296
82623.8,3.4409
82643.7,3.43883
82663.6,3.43677
82683.5,3.4347
82703.4,3.43264
82723.3,3.43057
82743.3,3.42851
82763.2,3.42645
82783.1,3.42438
82803,3.42232
82822.9,3.42026
82842.8,3.41819
82862.7,3.41613
82882.6,3.41406
82902.5,3.412
82922.4,3.40993
82942.3,3.40787
82962.2,3.40581
82982.1,3.40374
83002,3.40168
83021.9,3.39962
83041.8,3.39755
83061.7,3.39549
83081.6,3.39342
83101.5,3.39136
83121.4,3.3893
83141.3,3.38723
83161.2,3.38517
83181.1,3.3831
83201,3.38104
83220.9,3.37897
83240.9,3.37691
83260.8,3.37485
83280.7,3.37278
83300.6,3.37072
83320.5,3.36865
83340.4,3.36659
83360.3,3.36453
83380.2,3.36246
83400.1,3.3604
83420,3.35833
83439.9,3.35627
83459.8,3.35421
83479.7,3.35214
83499.6,3.35008
83519.5,3.34802
83539.4,3.34595
83559.3,3.34389
83579.2,3.34182
83599.1,3.33976
83619,3.33769
83638.9,3.33563
83658.8,3.33357
83678.7,3.3315
83698.6,3.32944
83718.5,3.32738
83738.5,3.32531
83758.4,3.32325
83778.3,3.32118
83798.2,3.31912
83818.1,3.31705
83838,3.31499
83857.9,3.31293
83877.8,3.31086
83897.7,3.3088
83917.6,3.30673
83937.5,3.30467
83957.4,3.30261
83977.3,3.30054
83997.2,3.29848
84017.1,3.29642
84037,3.29435
84056.9,3.29229
84076.8,3.29022
84096.7,3.28816
84116.6,3.28609
84136.5,3.28403
84156.4,3.28202
84176.3,3.28012
84196.2,3.27822
84216.1,3.27632
84236,3.27442
84255.9,3.27252
84275.9,3.27062
84295.8,3.26872
84315.7,3.26682
84335.6,3.26491
84355.5,3.26302
84375.4,3.26111
84395.3,3.25921
84415.2,3.25731
84435.1,3.25541
84455,3.25351
84474.9,3.25161
84494.8,3.24971
84514.7,3.24781
84534.6,3.24591
84554.5,3.24401
84574.4,3.24211
84594.3,3.24021
84614.2,3.23831
84634.1,3.23641
84654,3.23451
84673.9,3.23261
84693.8,3.23071
84713.7,3.22881
84733.6,3.2269
84753.5,3.22501
84773.5,3.2231
84793.4,3.2212
84813.3,3.2193
84833.2,3.2174
84853.1,3.2155
84873,3.2136
84892.9,3.2117
84912.8,3.2098
84932.7,3.2079
84952.6,3.206
84972.5,3.2041
84992.4,3.2022
85012.3,3.2003
85032.2,3.1984
85052.1,3.1965
85072,3.1946
85091.9,3.1927
85111.8,3.1908
85131.7,3.1889
85151.6,3.18699
85171.5,3.18509
85191.4,3.18319
85211.3,3.18129
85231.2,3.17939
85251.1,3.17749
85271.1,3.17559
85291,3.17369
85310.9,3.17179
85330.8,3.16989
85350.7,3.16799
85370.6,3.16609
85390.5,3.16419
85410.4,3.16229
85430.3,3.16039
85450.2,3.15849
85470.1,3.15659
85490,3.15469
85509.9,3.15279
85529.8,3.15089
85549.7,3.14898
85569.6,3.14708
85589.5,3.14518
85609.4,3.14328
85629.3,3.14138
85649.2,3.13948
85669.1,3.13758
85689,3.13568
85708.9,3.13378
85728.8,3.13188
85748.8,3.12998
85768.7,3.12808
85788.6,3.12618
85808.5,3.12432
85828.4,3.12253
85848.3,3.12074
85868.2,3.11894
85888.1,3.11715
85908,3.11536
85927.9,3.11356
85947.8,3.11177
85967.7,3.10997
85987.6,3.10818
86007.5,3.10639
86027.4,3.10459
86047.3,3.1028
86067.2,3.10101
86087.1,3.09921
86107,3.09742
86126.9,3.09563
86146.8,3.09383
86166.7,3.09204
86186.6,3.09024
86206.5,3.08845
86226.4,3.08666
86246.4,3.08486
86266.3,3.08307
86286.2,3.08128
86306.1,3.07948
86326,3.07769
86345.9,3.07589
86365.8,3.0741
86385.7,3.07231
86405.6,3.07051
86425.5,3.06872
86445.4,3.06693
86465.3,3.06513
86485.2,3.06334
86505.1,3.06155
86525,3.05975
86544.9,3.05796
86564.8,3.05616
86584.7,3.05437
86604.6,3.05258
86624.5,3.05078
86644.4,3.04899
86664.3,3.0472
86684.2,3.0454
86704.1,3.04361
86724,3.04182
86744,3.04002
86763.9,3.03823
86783.8,3.03643
86803.7,3.03464
86823.6,3.03285
86843.5,3.03105
86863.4,3.02926
86883.3,3.02747
86903.2,3.02567
86923.1,3.02388
86943,3.02208
86962.9,3.02029
86982.8,3.0185
87002.7,3.0167
87022.6,3.01491
87042.5,3.01312
87062.4,3.01132
87082.3,3.00953
87102.2,3.00774
87122.1,3.00594
87142,3.00415
87161.9,3.00235
87181.8,3.00056
87201.7,2.99877
87221.6,2.99697
87241.5,2.99518
87261.5,2.99339
87281.4,2.99159
87301.3,2.9898
87321.2,2.98801
87341.1,2.98621
87361,2.98442
87380.9,2.98262
87400.8,2.98083
87420.7,2.97904
87440.6,2.97724
87460.5,2.97545
87480.4,2.97374
87500.3,2.97209
87520.2,2.97045
87540.1,2.96881
87560,2.96717
87579.9,2.96552
87599.8,2.96388
87619.7,2.96224
87639.6,2.9606
87659.5,2.95896
87679.4,2.95731
87699.3,2.95567
87719.2,2.95403
87739.1,2.95239
87759.1,2.95074
87779,2.9491
87798.9,2.94746
87818.8,2.94582
87838.7,2.94418
87858.6,2.94253
87878.5,2.94089
87898.4,2.93925
87918.3,2.93761
87938.2,2.93596
87958.1,2.93432
87978,2.93268
87997.9,2.93104
88017.8,2.9294
88037.7,2.92775
88057.6,2.92611
88077.5,2.92447
88097.4,2.92283
88117.3,2.92118
88137.2,2.91954
88157.1,2.9179
88177,2.91626
88196.9,2.91462
88216.8,2.91297
88236.7,2.91133
88256.6,2.90969
88276.6,2.90805
88296.5,2.9064
88316.4,2.90476
88336.3,2.90312
88356.2,2.90148
88376.1,2.89984
88396,2.89819
88415.9,2.89655
88435.8,2.89491
88455.7,2.89327
88475.6,2.89162
88495.5,2.88998
88515.4,2.88834
88535.3,2.8867
88555.2,2.88506
88575.1,2.88341
88595,2.88177
88614.9,2.88013
88634.8,2.87849
88654.7,2.87684
88674.6,2.8752
88694.5,2.87356
88714.4,2.87192
88734.3,2.87028
88754.3,2.86863
88774.1,2.86699
88794.1,2.86535
88814,2.86371
88833.9,2.86206
88853.8,2.86042
88873.7,2.85878
88893.6,2.85714
88913.5,2.85549
88933.4,2.85385
88953.3,2.85221
88973.2,2.85057
88993.1,2.84893
89013,2.84728
89032.9,2.84564
89052.8,2.844
89072.7,2.84236
89092.6,2.84072
89112.5,2.83907
89132.4,2.83743
89152.3,2.83579
89172.2,2.83415
89192.1,2.83258
89212,2.83105
89231.9,2.82953
89251.9,2.828
89271.8,2.82648
89291.7,2.82495
89311.6,2.82343
89331.5,2.8219
89351.4,2.82038
89371.3,2.81886
89391.2,2.81733
89411.1,2.81581
89431,2.81428
89450.9,2.81276
89470.8,2.81123
89490.7,2.80971
89510.6,2.80818
89530.5,2.80666
89550.4,2.80514
89570.3,2.80361
89590.2,2.80209
89610.1,2.80056
89630,2.79904
89649.9,2.79751
89669.8,2.79599
89689.7,2.79446
89709.6,2.79294
89729.5,2.79142
89749.5,2.78989
89769.4,2.78837
89789.3,2.78684
89809.2,2.78532
89829.1,2.78379
89849,2.78227
89868.9,2.78074
89888.8,2.77922
89908.7,2.7777
89928.6,2.77617
89948.5,2.77465
89968.4,2.77312
89988.3,2.7716
90008.2,2.77007
90028.1,2.76855
90048,2.76702
90067.9,2.7655
90087.8,2.76398
90107.7,2.76245
90127.6,2.76093
90147.5,2.7594
90167.4,2.75788
90187.3,2.75635
90207.2,2.75483
90227.1,2.7533
90247,2.75178
90267,2.75026
90286.9,2.74873
90306.8,2.74721
90326.7,2.74568
90346.6,2.74416
90366.5,2.74263
90386.4,2.74111
90406.3,2.73958
90426.2,2.73806
90446.1,2.73654
90466,2.73501
90485.9,2.73349
90505.8,2.73196
90525.7,2.73044
90545.6,2.72891
90565.5,2.72739
90585.4,2.72586
90605.3,2.72434
90625.2,2.72282
90645.1,2.72129
90665,2.71977
90684.9,2.71824
90704.8,2.71672
90724.8,2.71519
90744.6,2.71367
90764.6,2.71214
90784.5,2.71062
90804.4,2.7091
90824.3,2.70757
90844.2,2.70605
90864.1,2.70452
90884,2.703
90903.9,2.70147
90923.8,2.69995
90943.7,2.6985
90963.6,2.69708
90983.5,2.69566
91003.4,2.69424
91023.3,2.69282
91043.2,2.6914
91063.1,2.68998
91083,2.68856
91102.9,2.68714
91122.8,2.68572
91142.7,2.6843
91162.6,2.68288
91182.5,2.68146
91202.4,2.68004
91222.3,2.67862
91242.3,2.6772
91262.2,2.67578
91282.1,2.67436
91302,2.67294
91321.9,2.67152
91341.8,2.6701
91361.7,2.66868
91381.6,2.66726
91401.5,2.66584
91421.4,2.66442
91441.3,2.663
91461.2,2.66158
91481.1,2.66016
91501,2.65874
91520.9,2.65732
91540.8,2.6559
91560.7,2.65448
91580.6,2.65306
91600.5,2.65164
91620.4,2.65022
91640.3,2.6488
91660.2,2.64738
91680.1,2.64596
91700,2.64454
91719.9,2.64312
91739.9,2.6417
91759.8,2.64028
91779.7,2.63886
91799.6,2.63744
91819.5,2.63602
91839.4,2.6346
91859.3,2.63318
91879.2,2.63176
91899.1,2.63034
91919,2.62892
91938.9,2.6275
91958.8,2.62608
91978.7,2.62466
91998.6,2.62324
92018.5,2.62182
92038.4,2.6204
92058.3,2.61898
92078.2,2.61756
92098.1,2.61614
92118,2.61472
92137.9,2.6133
92157.8,2.61188
92177.7,2.61046
92197.6,2.60904
92217.5,2.60762
92237.4,2.6062
92257.4,2.60478
92277.3,2.60336
92297.2,2.60194
92317.1,2.60052
92337,2.5991
92356.9,2.59768
92376.8,2.59627
92396.7,2.59485
92416.6,2.59343
92436.5,2.59201
92456.4,2.59059
92476.3,2.58917
92496.2,2.58775
92516.1,2.58633
92536,2.58491
92555.9,2.58349
92575.8,2.58207
92595.7,2.58065
92615.6,2.57923
92635.5,2.57781
92655.4,2.57639
92675.3,2.57497
92695.2,2.57355
92715.1,2.57216
92735,2.57087
92754.9,2.56957
92774.9,2.56828
92794.8,2.56699
92814.7,2.5657
92834.6,2.5644
92854.5,2.56311
92874.4,2.56182
92894.3,2.56052
92914.2,2.55923
92934.1,2.55794
92954,2.55665
92973.9,2.55535
92993.8,2.55406
93013.7,2.55277
93033.6,2.55147
93053.5,2.55018
93073.4,2.54889
93093.3,2.54759
93113.2,2.5463
93133.1,2.54501
93153,2.54372
93172.9,2.54242
93192.8,2.54113
93212.7,2.53984
93232.6,2.53854
93252.5,2.53725
93272.5,2.53596
93292.4,2.53467
93312.3,2.53337
93332.2,2.53208
93352.1,2.53079
93372,2.52949
93391.9,2.5282
93411.8,2.52691
93431.7,2.52561
93451.6,2.52432
93471.5,2.52303
93491.4,2.52174
93511.3,2.52044
93531.2,2.51915
93551.1,2.51786
93571,2.51656
93590.9,2.51527
93610.8,2.51398
93630.7,2.51269
93650.6,2.51139
93670.5,2.5101
93690.4,2.50881
93710.3,2.50751
93730.3,2.50622
93750.1,2.50493
93770.1,2.50364
93790,2.50234
93809.9,2.50105
93829.8,2.49976
93849.7,2.49846
93869.6,2.49717
93889.5,2.49588
93909.4,2.49459
93929.3,2.49329
93949.2,2.492
93969.1,2.49071
93989,2.48941
94008.9,2.48812
94028.8,2.48683
94048.7,2.48553
94068.6,2.48424
94088.5,2.48295
94108.4,2.48166
94128.3,2.48036
94148.2,2.47907
94168.1,2.47778
94188,2.47648
94207.9,2.47519
94227.8,2.4739
94247.8,2.47261
94267.7,2.47131
94287.6,2.47002
94307.5,2.46873
94327.4,2.46743
94347.3,2.46614
94367.2,2.46485
94387.1,2.46356
94407,2.46226
94426.9,2.46097
94446.8,2.45968
94466.7,2.45838
94486.6,2.45709
94506.5,2.4558
94526.4,2.45452
94546.3,2.45329
94566.2,2.45206
94586.1,2.45083
94606,2.4496
94625.9,2.44836
94645.8,2.44713
94665.7,2.4459
94685.6,2.44467
94705.5,2.44344
94725.4,2.4422
94745.4,2.44097
94765.3,2.43974
94785.2,2.43851
94805.1,2.43728
94825,2.43604
94844.9,2.43481
94864.8,2.43358
94884.7,2.43235
94904.6,2.43111
94924.5,2.42988
94944.4,2.42865
94964.3,2.42742
94984.2,2.42619
95004.1,2.42495
95024,2.42372
95043.9,2.42249
95063.8,2.42126
95083.7,2.42003
95103.6,2.41879
95123.5,2.41756
95143.4,2.41633
95163.3,2.4151
95183.2,2.41387
95203.1,2.41263
95223,2.4114
95243,2.41017
95262.9,2.40894
95282.8,2.40771
95302.7,2.40647
95322.6,2.40524
95342.5,2.40401
95362.4,2.40278
95382.3,2.40155
95402.2,2.40031
95422.1,2.39908
95442,2.39785
95461.9,2.39662
95481.8,2.39539
95501.7,2.39415
95521.6,2.39292
95541.5,2.39169
95561.4,2.39046
95581.3,2.38922
95601.2,2.38799
95621.1,2.38676
95641,2.38553
95660.9,2.3843
95680.8,2.38306
95700.7,2.38183
95720.6,2.3806
95740.6,2.37937
95760.5,2.37814
95780.4,2.3769
95800.3,2.37567
95820.2,2.37444
95840.1,2.37321
95860,2.37198
95879.9,2.37074
95899.8,2.36951
95919.7,2.36828
95939.6,2.36705
95959.5,2.36582
95979.4,2.36458
95999.3,2.36335
96019.2,2.36212
96039.1,2.36089
96059,2.35966
96078.9,2.35842
96098.8,2.35719
96118.7,2.35596
96138.6,2.35473
96158.5,2.3535
96178.4,2.35226
96198.3,2.35103
96218.2,2.3498
96238.1,2.34857
96258,2.34733
96278,2.3461
96297.9,2.34487
96317.8,2.34364
96337.7,2.34241
96357.6,2.34117
96377.5,2.33998
96397.4,2.33885
96417.3,2.33771
96437.2,2.33658
96457.1,2.33545
96477,2.33432
96496.9,2.33318
96516.8,2.33205
96536.7,2.33092
96556.6,2.32979
96576.5,2.32865
96596.4,2.32752
96616.3,2.32639
96636.2,2.32525
96656.1,2.32412
96676,2.32299
96695.9,2.32186
96715.8,2.32072
96735.7,2.31959
96755.6,2.31846
96775.6,2.31732
96795.5,2.31619
96815.4,2.31506
96835.3,2.31393
96855.2,2.31279
96875.1,2.31166
96895,2.31053
96914.9,2.3094
96934.8,2.30826
96954.7,2.30713
96974.6,2.306
96994.5,2.30486
97014.4,2.30373
97034.3,2.3026
97054.2,2.30147
97074.1,2.30033
97094,2.2992
97113.9,2.29807
97133.8,2.29694
97153.7,2.2958
97173.6,2.29467
97193.5,2.29354
97213.4,2.2924
97233.3,2.29127
97253.3,2.29014
97273.2,2.28901
97293.1,2.28787
97313,2.28674
97332.9,2.28561
97352.8,2.28448
97372.7,2.28334
97392.6,2.28221
97412.5,2.28108
97432.4,2.27994
97452.3,2.27881
97472.2,2.27768
97492.1,2.27655
97512,2.27541
97531.9,2.27428
97551.8,2.27315
97571.7,2.27202
97591.6,2.27088
97611.5,2.26975
97631.4,2.26862
97651.3,2.26748
97671.2,2.26635
97691.1,2.26522
97711,2.26409
97730.9,2.26295
97750.9,2.26182
97770.8,2.26069
97790.7,2.25956
97810.6,2.25842
97830.5,2.25729
97850.4,2.25616
97870.3,2.25502
97890.2,2.25389
97910.1,2.25276
97930,2.25163
97949.9,2.25049
97969.8,2.24936
97989.7,2.24823
98009.6,2.24709
98029.5,2.24596
98049.4,2.24483
98069.3,2.2437
98089.2,2.24256
98109.1,2.24143
98129,2.2403
98148.9,2.23917
98168.8,2.23803
98188.7,2.2369
98208.6,2.23577
98228.5,2.23463
98248.5,2.2335
98268.4,2.23244
98288.3,2.23138
98308.2,2.23033
98328.1,2.22927
98348,2.22821
98367.9,2.22716
98387.8,2.2261
98407.7,2.22504
98427.6,2.22399
98447.5,2.22293
98467.4,2.22188
98487.3,2.22082
98507.2,2.21976
98527.1,2.21871
98547,2.21765
98566.9,2.21659
98586.8,2.21554
98606.7,2.21448
98626.6,2.21342
98646.5,2.21237
98666.4,2.21131
98686.3,2.21025
98706.2,2.2092
98726.1,2.20814
98746,2.20709
98766,2.20603
98785.9,2.20497
98805.8,2.20392
98825.7,2.20286
98845.6,2.2018
98865.5,2.20075
98885.4,2.19969
98905.3,2.19863
98925.2,2.19758
98945.1,2.19652
98965,2.19546
98984.9,2.19441
99004.8,2.19335
99024.7,2.1923
99044.6,2.19124
99064.5,2.19018
99084.4,2.18913
99104.3,2.18807
99124.2,2.18701
99144.1,2.18596
99164,2.1849
99183.9,2.18384
99203.8,2.18279
99223.8,2.18173
99243.6,2.18068
99263.6,2.17962
99283.5,2.17856
99303.4,2.17751
99323.3,2.17645
99343.2,2.17539
99363.1,2.17434
99383,2.17328
99402.9,2.17222
99422.8,2.17117
99442.7,2.17011
99462.6,2.16905
99482.5,2.168
99502.4,2.16694
99522.3,2.16589
99542.2,2.16483
99562.1,2.16377
99582,2.16272
99601.9,2.16166
99621.8,2.1606
99641.7,2.15955
99661.6,2.15849
99681.5,2.15743
99701.4,2.15638
99721.3,2.15532
99741.3,2.15426
99761.2,2.15321
99781.1,2.15215
99801,2.1511
99820.9,2.15004
99840.8,2.14898
99860.7,2.14793
99880.6,2.14687
99900.5,2.14581
99920.4,2.14476
99940.3,2.1437
99960.2,2.14264
99980.1,2.14159
100000,2.14053