500,11700.3
519.904,11433.4
539.808,11166.6
559.712,10899.7
579.616,10632.8
599.52,10365.9
619.424,10099
639.328,9832.13
659.232,9565.24
679.136,9298.35
699.04,9031.47
718.944,8764.58
738.848,8497.69
758.752,8230.81
778.656,7963.92
798.56,7697.03
818.464,7430.14
838.368,7163.26
858.272,6896.37
878.176,6629.48
898.08,6362.6
917.984,6095.71
937.888,5828.82
957.792,5561.94
977.696,5295.05
997.599,5028.16
1017.5,4761.28
1037.41,4509.42
1057.31,4271.07
1077.22,4056.51
1097.12,3852.56
1117.02,3658.76
1136.93,3480.89
1156.83,3318.01
1176.74,3161.24
1196.64,3013.91
1216.54,2878.08
1236.45,2744.69
1256.35,2623.47
1276.26,2511.14
1296.16,2403.48
1316.06,2301.52
1335.97,2206.31
1355.87,2115.23
1375.78,2028.01
1395.68,1946.56
1415.58,1870.89
1435.49,1796.54
1455.39,1726.15
1475.3,1659.35
1495.2,1597.13
1515.1,1539.31
1535.01,1482.23
1554.91,1426.24
1574.81,1375.75
1594.72,1326.91
1614.62,1279.62
1634.53,1235.46
1654.43,1192.76
1674.33,1152.16
1694.24,1113.15
1714.14,1075.63
1734.05,1039.86
1753.95,1005.14
1773.85,973.436
1793.76,942.497
1813.66,912.533
1833.57,883.666
1853.47,855.313
1873.37,829.075
1893.28,803.247
1913.18,779.23
1933.09,755.709
1952.99,733.629
1972.89,712.006
1992.8,691.244
2012.7,671.103
2032.61,652.327
2052.51,633.985
2072.41,616.223
2092.32,598.863
2112.22,582.06
2132.13,565.957
2152.03,550.868
2171.93,536.018
2191.84,521.734
2211.74,507.661
2231.65,494.495
2251.55,481.357
2271.45,469.157
2291.36,456.958
2311.26,445.512
2331.17,434.235
2351.07,423.449
2370.97,413.055
2390.88,402.856
2410.78,393.258
2430.69,383.661
2450.59,374.487
2470.49,365.37
2490.4,356.711
2510.3,348.472
2530.21,340.261
2550.11,332.482
2570.01,324.704
2589.92,317.372
2609.82,310.341
2629.73,303.322
2649.63,296.645
2669.53,289.967
2689.44,283.515
2709.34,277.312
2729.25,271.11
2749.15,265.43
2769.05,259.833
2788.96,254.28
2808.86,248.975
2828.77,243.671
2848.67,238.554
2868.57,233.681
2888.48,228.808
2908.38,224.185
2928.29,219.714
2948.19,215.242
2968.09,210.923
2988,206.652
3007.9,202.465
3027.81,198.583
3047.71,194.722
3067.61,190.862
3087.52,187.27
3107.42,183.699
3127.33,180.128
3147.23,176.746
3167.13,173.382
3187.04,170.017
3206.94,166.926
3226.85,163.883
3246.75,160.84
3266.65,157.92
3286.56,155.056
3306.46,152.192
3326.37,149.446
3346.27,146.809
3366.17,144.172
3386.08,141.589
3405.98,139.163
3425.89,136.737
3445.79,134.31
3465.69,132.045
3485.6,129.789
3505.5,127.534
3525.41,125.365
3545.31,123.276
3565.21,121.186
3585.12,119.112
3605.02,117.169
3624.92,115.226
3644.83,113.284
3664.73,111.439
3684.64,109.663
3704.54,107.887
3724.45,106.111
3744.35,104.454
3764.25,102.801
3784.16,101.148
3804.06,99.5302
3823.96,97.991
3843.87,96.4519
3863.77,94.9127
3883.68,93.4478
3903.58,92.0352
3923.48,90.6227
3943.39,89.2101
3963.29,87.8564
3983.2,86.5206
4003.1,85.1946
4023,83.9226
4042.91,82.7059
4062.81,81.4954
4082.72,80.2849
4102.62,79.0745
4122.52,77.9437
4142.43,76.8188
4162.33,75.6939
4182.24,74.5691
4202.14,73.5243
4222.04,72.4874
4241.95,71.4505
4261.85,70.4135
4281.76,69.4317
4301.66,68.4643
4321.56,67.4969
4341.47,66.5296
4361.37,65.611
4381.28,64.7221
4401.18,63.8332
4421.08,62.9444
4440.99,62.0799
4460.89,61.2607
4480.8,60.4416
4500.7,59.6223
4520.6,58.8031
4540.51,58.0383
4560.41,57.2745
4580.32,56.5108
4600.22,55.747
4620.12,55.0166
4640.03,54.3124
4659.93,53.6082
4679.84,52.904
4699.74,52.2019
4719.64,51.5522
4739.55,50.9026
4759.45,50.2529
4779.36,49.6033
4799.26,48.9743
4819.16,48.3745
4839.07,47.7746
4858.97,47.1748
4878.88,46.5749
4898.78,46.0041
4918.68,45.4462
4938.59,44.8883
4958.49,44.3304
4978.4,43.7725
4998.3,43.2506
5018.2,42.7409
5038.11,42.232
5058.01,41.723
5077.92,41.2141
5097.82,40.7379
5117.72,40.2617
5137.63,39.7856
5157.53,39.3095
5177.44,38.8341
5197.34,38.3942
5217.24,37.9543
5237.15,37.5144
5257.05,37.0745
5276.96,36.6346
5296.86,36.2256
5316.76,35.8183
5336.67,35.411
5356.57,35.0037
5376.48,34.5964
5396.38,34.2161
5416.28,33.8438
5436.19,33.4714
5456.09,33.0991
5476,32.7267
5495.9,32.3654
5515.8,32.0176
5535.71,31.6698
5555.61,31.322
5575.52,30.9742
5595.42,30.6282
5615.32,30.3054
5635.23,29.9826
5655.13,29.6598
5675.04,29.337
5694.94,29.0142
5714.84,28.7086
5734.75,28.4146
5754.65,28.1206
5774.55,27.8266
5794.46,27.5326
5814.36,27.2386
5834.27,26.9625
5854.17,26.6871
5874.07,26.4117
5893.98,26.1362
5913.88,25.8608
5933.79,25.5907
5953.69,25.3339
5973.59,25.077
5993.5,24.8202
6013.4,24.5706
6033.31,24.3245
6053.21,24.0845
6073.11,23.8514
6093.02,23.6182
6112.92,23.3851
6132.83,23.152
6152.73,22.9189
6172.63,22.694
6192.54,22.4778
6212.44,22.2617
6232.35,22.0456
6252.25,21.8294
6272.15,21.6133
6292.06,21.4045
6311.96,21.2047
6331.87,21.0048
6351.77,20.8049
6371.67,20.6051
6391.58,20.4052
6411.48,20.2097
6431.39,20.0257
6451.29,19.8416
6471.19,19.6576
6491.1,19.4735
6511,19.2895
6530.91,19.1055
6550.81,18.9345
6570.71,18.7636
6590.62,18.5927
6610.52,18.4217
6630.43,18.2508
6650.33,18.0799
6670.23,17.9163
6690.14,17.7585
6710.04,17.6006
6729.95,17.4427
6749.85,17.2848
6769.75,17.127
6789.66,16.9695
6809.56,16.8254
6829.47,16.6813
6849.37,16.5371
6869.27,16.393
6889.18,16.2488
6909.08,16.1047
6928.99,15.9636
6948.89,15.8283
6968.79,15.693
6988.7,15.5577
7008.6,15.4224
7028.51,15.287
7048.41,15.1517
7068.31,15.0227
7088.22,14.8985
7108.12,14.7743
7128.03,14.6501
7147.93,14.5259
7167.83,14.4017
7187.74,14.2774
7207.64,14.16
7227.55,14.0464
7247.45,13.9329
7267.35,13.8193
7287.26,13.7057
7307.16,13.5922
7327.07,13.4786
7346.97,13.3685
7366.87,13.2612
7386.78,13.154
7406.68,13.0468
7426.59,12.9395
7446.49,12.8323
7466.39,12.725
7486.3,12.6214
7506.2,12.5241
7526.1,12.4268
7546.01,12.3294
7565.91,12.2321
7585.82,12.1348
7605.72,12.0375
7625.63,11.9404
7645.53,11.8508
7665.43,11.7612
7685.34,11.6715
7705.24,11.5819
7725.15,11.4923
7745.05,11.4027
7764.95,11.3131
7784.86,11.2266
7804.76,11.1434
7824.67,11.0602
7844.57,10.9769
7864.47,10.8937
7884.38,10.8104
7904.28,10.7272
7924.18,10.6439
7944.09,10.5643
7963.99,10.4852
7983.9,10.4061
8003.8,10.3278
8023.7,10.2527
8043.61,10.1776
8063.51,10.1025
8083.42,10.0277
8103.32,9.9566
8123.23,9.88551
8143.13,9.81442
8163.03,9.74334
8182.94,9.67225
8202.84,9.60116
8222.74,9.53008
8242.65,9.4597
8262.55,9.394
8282.46,9.3283
8302.36,9.2626
8322.26,9.1969
8342.17,9.1312
8362.07,9.0655
8381.98,8.9998
8401.88,8.93433
8421.78,8.87368
8441.69,8.81303
8461.59,8.75238
8481.5,8.69173
8501.4,8.63108
8521.3,8.57044
8541.21,8.50979
8561.11,8.44914
8581.02,8.39219
8600.92,8.33615
8620.82,8.2801
8640.73,8.22405
8660.63,8.16801
8680.54,8.11196
8700.44,8.05591
8720.34,7.99987
8740.25,7.94568
8760.15,7.8941
8780.06,7.84253
8799.96,7.79096
8819.86,7.73939
8839.77,7.68782
8859.67,7.63625
8879.58,7.58468
8899.48,7.53311
8919.38,7.48473
8939.29,7.43703
8959.19,7.38933
8979.1,7.34163
8999,7.29393
9018.9,7.24623
9038.81,7.19853
9058.71,7.15083
9078.62,7.10344
9098.52,7.0596
9118.42,7.01576
9138.33,6.97192
9158.23,6.92808
9178.14,6.88424
9198.04,6.8404
9217.94,6.79656
9237.85,6.75272
9257.75,6.70932
9277.66,6.6687
9297.56,6.62808
9317.46,6.58745
9337.37,6.54683
9357.27,6.50621
9377.17,6.46559
9397.08,6.42497
9416.98,6.38435
9436.89,6.34386
9456.79,6.30623
9476.7,6.2686
9496.6,6.23097
9516.5,6.19333
9536.41,6.1557
9556.31,6.11808
9576.21,6.08044
9596.12,6.04281
9616.02,6.00518
9635.93,5.97002
9655.83,5.93547
9675.74,5.90092
9695.64,5.86636
9715.54,5.83181
9735.45,5.79726
9755.35,5.76271
9775.25,5.72816
9795.16,5.69361
9815.06,5.65998
9834.97,5.62803
9854.87,5.59608
9874.77,5.56413
9894.68,5.53218
9914.58,5.50023
9934.49,5.46828
9954.39,5.43633
9974.29,5.40437
9994.2,5.37242
10014.1,5.34265
10034,5.31379
10053.9,5.28492
10073.8,5.25605
10093.7,5.22718
10113.6,5.19831
10133.5,5.16944
10153.4,5.14057
10173.3,5.1117
10193.2,5.08283
10213.1,5.05422
10233,5.02573
10253,4.99724
10272.9,4.96875
10292.8,4.94026
10312.7,4.91177
10332.6,4.88328
10352.5,4.85479
10372.4,4.82631
10392.3,4.79829
10412.2,4.77391
10432.1,4.74953
10452,4.72515
10471.9,4.70077
10491.8,4.67639
10511.7,4.65201
10531.6,4.62763
10551.5,4.60325
10571.4,4.57887
10591.3,4.55449
10611.2,4.53096
10631.1,4.50808
10651,4.48521
10670.9,4.46233
10690.8,4.43945
10710.7,4.41658
10730.6,4.3937
10750.5,4.37083
10770.5,4.34795
10790.4,4.32508
10810.3,4.30222
10830.2,4.28074
10850.1,4.25926
10870,4.23778
10889.9,4.2163
10909.8,4.19482
10929.7,4.17334
10949.6,4.15186
10969.5,4.13038
10989.4,4.1089
11009.3,4.08742
11029.2,4.06648
11049.1,4.04619
11069,4.02589
11088.9,4.00559
11108.8,3.98529
11128.7,3.96499
11148.6,3.94469
11168.5,3.9244
11188.4,3.9041
11208.3,3.8838
11228.2,3.8635
11248.1,3.84517
11268.1,3.82702
11288,3.80887
11307.9,3.79073
11327.8,3.77258
11347.7,3.75444
11367.6,3.73629
11387.5,3.71815
11407.4,3.7
11427.3,3.68185
11447.2,3.66371
11467.1,3.64708
11487,3.63071
11506.9,3.61433
11526.8,3.59795
11546.7,3.58158
11566.6,3.5652
11586.5,3.54883
11606.4,3.53245
11626.3,3.51608
11646.2,3.4997
11666.1,3.48332
11686,3.46703
11705.9,3.45094
11725.8,3.43484
11745.7,3.41875
11765.7,3.40265
11785.6,3.38656
11805.5,3.37046
11825.4,3.35437
11845.3,3.33827
11865.2,3.32218
11885.1,3.30608
11905,3.29053
11924.9,3.27662
11944.8,3.26272
11964.7,3.24881
11984.6,3.2349
12004.5,3.22099
12024.4,3.20708
12044.3,3.19317
12064.2,3.17927
12084.1,3.16536
12104,3.15145
12123.9,3.13754
12143.8,3.12367
12163.7,3.10994
12183.6,3.09621
12203.5,3.08248
12223.4,3.06875
12243.3,3.05503
12263.3,3.0413
12283.2,3.02757
12303.1,3.01384
12323,3.00011
12342.9,2.98638
12362.8,2.97266
12382.7,2.96014
12402.6,2.94833
12422.5,2.93651
12442.4,2.92469
12462.3,2.91287
12482.2,2.90105
12502.1,2.88923
12522,2.87742
12541.9,2.8656
12561.8,2.85378
12581.7,2.84196
12601.6,2.83014
12621.5,2.81835
12641.4,2.80679
12661.3,2.79523
12681.2,2.78367
12701.1,2.77211
12721,2.76055
12740.9,2.74899
12760.9,2.73743
12780.8,2.72587
12800.7,2.71432
12820.6,2.70276
12840.5,2.6912
12860.4,2.67966
12880.3,2.6692
12900.2,2.65873
12920.1,2.64826
12940,2.6378
12959.9,2.62733
12979.8,2.61687
12999.7,2.60641
13019.6,2.59594
13039.5,2.58547
13059.4,2.57501
13079.3,2.56455
13099.2,2.55408
13119.1,2.54408
13139,2.53462
13158.9,2.52517
13178.8,2.51571
13198.7,2.50626
13218.6,2.4968
13238.5,2.48735
13258.5,2.47789
13278.4,2.46844
13298.3,2.45898
13318.2,2.44953
13338.1,2.44007
13358,2.43061
13377.9,2.42137
13397.8,2.41243
13417.7,2.4035
13437.6,2.39456
13457.5,2.38563
13477.4,2.37669
13497.3,2.36776
13517.2,2.35882
13537.1,2.34989
13557,2.34095
13576.9,2.33202
13596.8,2.32308
13616.7,2.31415
13636.6,2.30549
13656.5,2.29739
13676.4,2.28929
13696.3,2.28118
13716.2,2.27308
13736.1,2.26498
13756.1,2.25687
13776,2.24877
13795.9,2.24067
13815.8,2.23257
13835.7,2.22446
13855.6,2.21636
13875.5,2.20826
13895.4,2.20016
13915.3,2.19244
13935.2,2.18484
13955.1,2.17724
13975,2.16963
13994.9,2.16203
14014.8,2.15443
14034.7,2.14683
14054.6,2.13923
14074.5,2.13163
14094.4,2.12402
14114.3,2.11642
14134.2,2.10882
14154.1,2.10122
14174,2.09376
14193.9,2.08683
14213.8,2.0799
14233.7,2.07297
14253.7,2.06605
14273.6,2.05912
14293.5,2.05219
14313.4,2.04526
14333.3,2.03834
14353.2,2.03141
14373.1,2.02448
14393,2.01756
14412.9,2.01063
14432.8,2.0037
14452.7,1.99683
14472.6,1.9903
14492.5,1.98378
14512.4,1.97725
14532.3,1.97073
14552.2,1.96421
14572.1,1.95768
14592,1.95116
14611.9,1.94463
14631.8,1.93811
14651.7,1.93158
14671.6,1.92506
14691.5,1.91853
14711.4,1.91201
14731.3,1.90552
14751.3,1.89951
14771.2,1.89349
14791.1,1.88748
14811,1.88146
14830.9,1.87545
14850.8,1.86943
14870.7,1.86342
14890.6,1.85741
14910.5,1.85139
14930.4,1.84538
14950.3,1.83936
14970.2,1.83335
14990.1,1.82733
15010,1.82207
15029.9,1.81702
15049.8,1.81142
15069.7,1.80582
15089.6,1.80022
15109.5,1.79462
15129.4,1.78902
15149.3,1.78342
15169.2,1.77783
15189.1,1.77223
15209,1.76663
15228.9,1.76103
15248.8,1.75543
15268.8,1.74983
15288.7,1.74423
15308.6,1.73863
15328.5,1.73355
15348.4,1.72851
15368.3,1.72348
15388.2,1.71844
15408.1,1.7134
15428,1.70837
15447.9,1.70333
15467.8,1.69829
15487.7,1.69325
15507.6,1.68822
15527.5,1.68318
15547.4,1.67814
15567.3,1.67311
15587.2,1.66807
15607.1,1.66303
15627,1.65832
15646.9,1.65366
15666.8,1.64901
15686.7,1.64435
15706.6,1.6397
15726.5,1.63504
15746.5,1.63038
15766.4,1.62573
15786.3,1.62107
15806.2,1.61641
15826.1,1.61176
15846,1.6071
15865.9,1.60245
15885.8,1.59779
15905.7,1.59313
15925.6,1.58856
15945.5,1.58419
15965.4,1.57983
15985.3,1.57546
16005.2,1.5711
16025.1,1.56673
16045,1.56237
16064.9,1.558
16084.8,1.55364
16104.7,1.54927
16124.6,1.54491
16144.5,1.54054
16164.4,1.53618
16184.3,1.53181
16204.2,1.52744
16224.1,1.52308
16244,1.51892
16264,1.51485
16283.9,1.51077
16303.8,1.5067
16323.7,1.50262
16343.6,1.49855
16363.5,1.49447
16383.4,1.4904
16403.3,1.48633
16423.2,1.48225
16443.1,1.47818
16463,1.4741
16482.9,1.47003
16502.8,1.46595
16522.7,1.46188
16542.6,1.45787
16562.5,1.45424
16582.4,1.45062
16602.3,1.447
16622.2,1.44338
16642.1,1.43975
16662,1.43613
16681.9,1.43251
16701.8,1.42889
16721.7,1.42526
16741.6,1.42164
16761.6,1.41802
16781.5,1.4144
16801.4,1.41078
16821.3,1.40715
16841.2,1.40353
16861.1,1.39991
16881,1.3964
16900.9,1.39298
16920.8,1.38956
16940.7,1.38615
16960.6,1.38273
16980.5,1.37931
17000.4,1.3759
17020.3,1.37248
17040.2,1.36906
17060.1,1.36564
17080,1.36223
17099.9,1.35881
17119.8,1.35539
17139.7,1.35198
17159.6,1.34856
17179.5,1.34514
17199.4,1.34172
17219.3,1.33851
17239.2,1.33529
17259.2,1.33208
17279.1,1.32887
17299,1.32566
17318.9,1.32244
17338.8,1.31923
17358.7,1.31602
17378.6,1.31281
17398.5,1.3096
17418.4,1.30638
17438.3,1.30317
17458.2,1.29996
17478.1,1.29675
17498,1.29353
17517.9,1.29032
17537.8,1.28726
17557.7,1.28442
17577.6,1.28159
17597.5,1.27875
17617.4,1.27592
17637.3,1.27308
17657.2,1.27025
17677.1,1.26741
17697,1.26458
17716.9,1.26174
17736.8,1.2589
17756.8,1.25607
17776.7,1.25323
17796.6,1.2504
17816.5,1.24756
17836.4,1.24473
17856.3,1.24189
17876.2,1.23906
17896.1,1.23633
17916,1.23362
17935.9,1.23091
17955.8,1.22821
17975.7,1.2255
17995.6,1.22279
18015.5,1.22009
18035.4,1.21738
18055.3,1.21467
18075.2,1.21197
18095.1,1.20926
18115,1.20656
18134.9,1.20385
18154.8,1.20114
18174.7,1.19844
18194.6,1.19573
18214.5,1.19302
18234.4,1.19035
18254.3,1.18777
18274.3,1.18519
18294.2,1.18261
18314.1,1.18003
18334,1.17746
18353.9,1.17488
18373.8,1.1723
18393.7,1.16972
18413.6,1.16715
18433.5,1.16457
18453.4,1.16199
18473.3,1.15941
18493.2,1.15684
18513.1,1.15426
18533,1.15168
18552.9,1.1491
18572.8,1.14653
18592.7,1.14417
18612.6,1.14193
18632.5,1.13969
18652.4,1.13745
18672.3,1.13522
18692.2,1.13298
18712.1,1.13074
18732,1.12851
18752,1.12627
18771.9,1.12403
18791.8,1.1218
18811.7,1.11956
18831.6,1.11732
18851.5,1.11508
18871.4,1.11285
18891.3,1.11061
18911.2,1.10837
18931.1,1.10614
18951,1.1039
18970.9,1.10177
18990.8,1.09964
19010.7,1.0975
19030.6,1.09537
19050.5,1.09324
19070.4,1.0911
19090.3,1.08897
19110.2,1.08684
19130.1,1.0847
19150,1.08257
19169.9,1.08044
19189.8,1.0783
19209.7,1.07617
19229.6,1.07404
19249.5,1.0719
19269.5,1.06977
19289.4,1.06763
19309.3,1.0655
19329.2,1.06343
19349.1,1.06142
19369,1.05942
19388.9,1.05741
19408.8,1.0554
19428.7,1.0534
19448.6,1.05139
19468.5,1.04939
19488.4,1.04738
19508.3,1.04538
19528.2,1.04337
19548.1,1.04137
19568,1.03936
19587.9,1.03736
19607.8,1.03535
19627.7,1.03334
19647.6,1.03134
19667.5,1.02933
19687.4,1.02733
19707.3,1.02549
19727.2,1.02368
19747.2,1.02187
19767.1,1.02006
19787,1.01825
19806.9,1.01643
19826.8,1.01462
19846.7,1.01281
19866.6,1.011
19886.5,1.00919
19906.4,1.00738
19926.3,1.00556
19946.2,1.00375
19966.1,1.00194
19986,1.00013
20005.9,0.998337
20025.8,0.996589
20045.7,0.994841
20065.6,0.993093
20085.5,0.99136
20105.4,0.989666
20125.3,0.987971
20145.2,0.986277
20165.1,0.984582
20185,0.982888
20204.9,0.981194
20224.8,0.979499
20244.7,0.977805
20264.7,0.97611
20284.6,0.974416
20304.5,0.972721
20324.4,0.971027
20344.3,0.969333
20364.2,0.967638
20384.1,0.965944
20404,0.964249
20423.9,0.962555
20443.8,0.96086
20463.7,0.959166
20483.6,0.957566
20503.5,0.95601
20523.4,0.954454
20543.3,0.952897
20563.2,0.951341
20583.1,0.949785
20603,0.948229
20622.9,0.946672
20642.8,0.945116
20662.7,0.94356
20682.6,0.942004
20702.5,0.940448
20722.4,0.938891
20742.3,0.937335
20762.3,0.935779
20782.2,0.934223
20802.1,0.932666
20822,0.93111
20841.9,0.929554
20861.8,0.927998
20881.7,0.926516
20901.6,0.925085
20921.5,0.923655
20941.4,0.922225
20961.3,0.920795
20981.2,0.919364
21001.1,0.917934
21021,0.916504
21040.9,0.915074
21060.8,0.913643
21080.7,0.912213
21100.6,0.910783
21120.5,0.909353
21140.4,0.907923
21160.3,0.906492
21180.2,0.905062
21200.1,0.903632
21220,0.902202
21239.9,0.900771
21259.9,0.899341
21279.8,0.897911
21299.7,0.896588
21319.6,0.895267
21339.5,0.893946
21359.4,0.892625
21379.3,0.891304
21399.2,0.889983
21419.1,0.888662
21439,0.887341
21458.9,0.88602
21478.8,0.884699
21498.7,0.883378
21518.6,0.882057
21538.5,0.880736
21558.4,0.879415
21578.3,0.878094
21598.2,0.876773
21618.1,0.875452
21638,0.874131
21657.9,0.87281
21677.8,0.871489
21697.7,0.870168
21717.6,0.868919
21737.5,0.867678
21757.5,0.866438
21777.4,0.865197
21797.3,0.863957
21817.2,0.862716
21837.1,0.861476
21857,0.860235
21876.9,0.858995
21896.8,0.857754
21916.7,0.856514
21936.6,0.855274
21956.5,0.854033
21976.4,0.852793
21996.3,0.851552
22016.2,0.850312
22036.1,0.849071
22056,0.847831
22075.9,0.84659
22095.8,0.84535
22115.7,0.844109
22135.6,0.842941
22155.5,0.841792
22175.4,0.840644
22195.3,0.839495
22215.2,0.838346
22235.1,0.837198
22255.1,0.836049
22275,0.8349
22294.9,0.833752
22314.8,0.832603
22334.7,0.831454
22354.6,0.830306
22374.5,0.829157
22394.4,0.828008
22414.3,0.82686
22434.2,0.825711
22454.1,0.824562
22474,0.823414
22493.9,0.822265
22513.8,0.821116
22533.7,0.819968
22553.6,0.818836
22573.5,0.81778
22593.4,0.816724
22613.3,0.815668
22633.2,0.814612
22653.1,0.813556
22673,0.8125
22692.9,0.811444
22712.8,0.810388
22732.7,0.809332
22752.7,0.808276
22772.6,0.807221
22792.5,0.806165
22812.4,0.805109
22832.3,0.804053
22852.2,0.802997
22872.1,0.801941
22892,0.800885
22911.9,0.799829
22931.8,0.798773
22951.7,0.797717
22971.6,0.796661
22991.5,0.795611
23011.4,0.794634
23031.3,0.793657
23051.2,0.792679
23071.1,0.791702
23091,0.790725
23110.9,0.789747
23130.8,0.78877
23150.7,0.787793
23170.6,0.786815
23190.5,0.785838
23210.4,0.784861
23230.3,0.783883
23250.3,0.782906
23270.2,0.781929
23290.1,0.780951
23310,0.779974
23329.9,0.778997
23349.8,0.778019
23369.7,0.777042
23389.6,0.776065
23409.5,0.775087
23429.4,0.77411
23449.3,0.773168
23469.2,0.772266
23489.1,0.771363
23509,0.770461
23528.9,0.769559
23548.8,0.768657
23568.7,0.767755
23588.6,0.766853
23608.5,0.76595
23628.4,0.765048
23648.3,0.764146
23668.2,0.763244
23688.1,0.762342
23708,0.76144
23727.9,0.760538
23747.8,0.759635
23767.8,0.758733
23787.7,0.757831
23807.6,0.756929
23827.5,0.756027
23847.4,0.755125
23867.3,0.754222
23887.2,0.75332
23907.1,0.752442
23927,0.751607
23946.9,0.750772
23966.8,0.749937
23986.7,0.749102
24006.6,0.748267
24026.5,0.747432
24046.4,0.746597
24066.3,0.745762
24086.2,0.744927
24106.1,0.744092
24126,0.743257
24145.9,0.742422
24165.8,0.741587
24185.7,0.740752
24205.6,0.739918
24225.5,0.739083
24245.4,0.738248
24265.4,0.737413
24285.3,0.736578
24305.2,0.735743
24325.1,0.734908
24345,0.734073
24364.9,0.733238
24384.8,0.73245
24404.7,0.73168
24424.6,0.730909
24444.5,0.730139
24464.4,0.729368
24484.3,0.728598
24504.2,0.727827
24524.1,0.727056
24544,0.726286
24563.9,0.725515
24583.8,0.724745
24603.7,0.723974
24623.6,0.723203
24643.5,0.722433
24663.4,0.721662
24683.3,0.720892
24703.2,0.720121
24723.1,0.719351
24743,0.71858
24763,0.717809
24782.9,0.717039
24802.8,0.716268
24822.7,0.715498
24842.6,0.714727
24862.5,0.713986
24882.4,0.713262
24902.3,0.712539
24922.2,0.711815
24942.1,0.711091
24962,0.710368
24981.9,0.709644
25001.8,0.708921
25021.7,0.708197
25041.6,0.707473
25061.5,0.70675
25081.4,0.706026
25101.3,0.705303
25121.2,0.704579
25141.1,0.703855
25161,0.703132
25180.9,0.702408
25200.8,0.701685
25220.7,0.700961
25240.6,0.700237
25260.6,0.699514
25280.5,0.69879
25300.4,0.698067
25320.3,0.697343
25340.2,0.69665
25360.1,0.695987
25380,0.695324
25399.9,0.694661
25419.8,0.693998
25439.7,0.693335
25459.6,0.692672
25479.5,0.692009
25499.4,0.691346
25519.3,0.690683
25539.2,0.690019
25559.1,0.689356
25579,0.688693
25598.9,0.68803
25618.8,0.687367
25638.7,0.686704
25658.6,0.686041
25678.5,0.685378
25698.4,0.684715
25718.3,0.684052
25738.2,0.683389
25758.2,0.682726
25778.1,0.682062
25798,0.681399
25817.9,0.680736
25837.8,0.680089
25857.7,0.679467
25877.6,0.678844
25897.5,0.678222
25917.4,0.677599
25937.3,0.676977
25957.2,0.676354
25977.1,0.675732
25997,0.675109
26016.9,0.674487
26036.8,0.673864
26056.7,0.673242
26076.6,0.672619
26096.5,0.671997
26116.4,0.671374
26136.3,0.670752
26156.2,0.670129
26176.1,0.669507
26196,0.668884
26215.9,0.668262
26235.8,0.667639
26255.8,0.667017
26275.7,0.666394
26295.6,0.665772
26315.5,0.665149
26335.4,0.664542
26355.3,0.663973
26375.2,0.663405
26395.1,0.662837
26415,0.662269
26434.9,0.661701
26454.8,0.661133
26474.7,0.660564
26494.6,0.659996
26514.5,0.659428
26534.4,0.65886
26554.3,0.658292
26574.2,0.657723
26594.1,0.657155
26614,0.656587
26633.9,0.656019
26653.8,0.655451
26673.7,0.654882
26693.6,0.654314
26713.5,0.653746
26733.4,0.653178
26753.4,0.65261
26773.3,0.652042
26793.2,0.651473
26813.1,0.650905
26833,0.650337
26852.9,0.649773
26872.8,0.649235
26892.7,0.648698
26912.6,0.64816
26932.5,0.647622
26952.4,0.647084
26972.3,0.646546
26992.2,0.646008
27012.1,0.645471
27032,0.644933
27051.9,0.644395
27071.8,0.643857
27091.7,0.643319
27111.6,0.642782
27131.5,0.642244
27151.4,0.641706
27171.3,0.641168
27191.2,0.64063
27211.1,0.640092
27231,0.639555
27251,0.639017
27270.9,0.638479
27290.8,0.637941
27310.7,0.637403
27330.6,0.636865
27350.5,0.636328
27370.4,0.635791
27390.3,0.635302
27410.2,0.634813
27430.1,0.634325
27450,0.633836
27469.9,0.633347
27489.8,0.632859
27509.7,0.63237
27529.6,0.631881
27549.5,0.631393
27569.4,0.630904
27589.3,0.630415
27609.2,0.629927
27629.1,0.629438
27649,0.628949
27668.9,0.628461
27688.8,0.627972
27708.7,0.627483
27728.6,0.626995
27748.5,0.626506
27768.5,0.626017
27788.4,0.625529
27808.3,0.62504
27828.2,0.624551
27848.1,0.624063
27868,0.623574
27887.9,0.623085
27907.8,0.622597
27927.7,0.62213
27947.6,0.621667
27967.5,0.621203
27987.4,0.62074
28007.3,0.620276
28027.2,0.619812
28047.1,0.619349
28067,0.618885
28086.9,0.618422
28106.8,0.617958
28126.7,0.617494
28146.6,0.617031
28166.5,0.616567
28186.4,0.616104
28206.3,0.61564
28226.2,0.615176
28246.1,0.614713
28266.1,0.614249
28286,0.613786
28305.9,0.613322
28325.8,0.612858
28345.7,0.612395
28365.6,0.611931
28385.5,0.611467
28405.4,0.611004
28425.3,0.61054
28445.2,0.610077
28465.1,0.609644
28485,0.609221
28504.9,0.608798
28524.8,0.608375
28544.7,0.607952
28564.6,0.607529
28584.5,0.607107
28604.4,0.606684
28624.3,0.606261
28644.2,0.605838
28664.1,0.605415
28684,0.604992
28703.9,0.604569
28723.8,0.604146
28743.8,0.603723
28763.7,0.603301
28783.6,0.602878
28803.5,0.602455
28823.4,0.602032
28843.3,0.601609
28863.2,0.601186
28883.1,0.600763
28903,0.60034
28922.9,0.599918
28942.8,0.599495
28962.7,0.599072
28982.6,0.598649
29002.5,0.598226
29022.4,0.597823
29042.3,0.597431
29062.2,0.597039
29082.1,0.596647
29102,0.596256
29121.9,0.595864
29141.8,0.595472
29161.7,0.59508
29181.6,0.594689
29201.5,0.594297
29221.4,0.593905
29241.3,0.593514
29261.3,0.593122
29281.2,0.59273
29301.1,0.592338
29321,0.591947
29340.9,0.591555
29360.8,0.591163
29380.7,0.590771
29400.6,0.59038
29420.5,0.589988
29440.4,0.589596
29460.3,0.589205
29480.2,0.588813
29500.1,0.588421
29520,0.588029
29539.9,0.587638
29559.8,0.587246
29579.7,0.586854
29599.6,0.586478
29619.5,0.586102
29639.4,0.585726
29659.3,0.58535
29679.2,0.584975
29699.1,0.584599
29719,0.584223
29738.9,0.583847
29758.8,0.583471
29778.8,0.583095
29798.7,0.582719
29818.6,0.582343
29838.5,0.581967
29858.4,0.581591
29878.3,0.581216
29898.2,0.58084
29918.1,0.580464
29938,0.580088
29957.9,0.579712
29977.8,0.579336
29997.7,0.57896
30017.6,0.578598
30037.5,0.578237
30057.4,0.577876
30077.3,0.577515
30097.2,0.577154
30117.1,0.576793
30137,0.576432
30156.9,0.576077
30176.8,0.575733
30196.7,0.575389
30216.6,0.575045
30236.5,0.574701
30256.5,0.574357
30276.4,0.574013
30296.3,0.573669
30316.2,0.573325
30336.1,0.572981
30356,0.572637
30375.9,0.572293
30395.8,0.571949
30415.7,0.571605
30435.6,0.571261
30455.5,0.570917
30475.4,0.570573
30495.3,0.570229
30515.2,0.569885
30535.1,0.569541
30555,0.569197
30574.9,0.568853
30594.8,0.568509
30614.7,0.568164
30634.6,0.56782
30654.5,0.567476
30674.4,0.567132
30694.3,0.566788
30714.2,0.566444
30734.1,0.5661
30754.1,0.565776
30774,0.56546
30793.9,0.565145
30813.8,0.564829
30833.7,0.564513
30853.6,0.564197
30873.5,0.563882
30893.4,0.563566
30913.3,0.56325
30933.2,0.562934
30953.1,0.562619
30973,0.562303
30992.9,0.561987
31012.8,0.561671
31032.7,0.561356
31052.6,0.56104
31072.5,0.560724
31092.4,0.560408
31112.3,0.560093
31132.2,0.559777
31152.1,0.559461
31172,0.559145
31191.9,0.55883
31211.8,0.558514
31231.7,0.558198
31251.7,0.557882
31271.6,0.557567
31291.5,0.557251
31311.4,0.556935
31331.3,0.556619
31351.2,0.556315
31371.1,0.556021
31391,0.555726
31410.9,0.555431
31430.8,0.555137
31450.7,0.554842
31470.6,0.554547
31490.5,0.554253
31510.4,0.553958
31530.3,0.553663
31550.2,0.553369
31570.1,0.553074
31590,0.55278
31609.9,0.552485
31629.8,0.55219
31649.7,0.551896
31669.6,0.551601
31689.5,0.551306
31709.4,0.551012
31729.3,0.550717
31749.2,0.550422
31769.2,0.550128
31789.1,0.549833
31809,0.549538
31828.9,0.549244
31848.8,0.548949
31868.7,0.548654
31888.6,0.54836
31908.5,0.548065
31928.4,0.54777
31948.3,0.547476
31968.2,0.547189
31988.1,0.546912
32008,0.546636
32027.9,0.546359
32047.8,0.546083
32067.7,0.545806
32087.6,0.54553
32107.5,0.545253
32127.4,0.544977
32147.3,0.5447
32167.2,0.544424
32187.1,0.544147
32207,0.543871
32226.9,0.543594
32246.8,0.543318
32266.8,0.543042
32286.7,0.542765
32306.6,0.542489
32326.5,0.542212
32346.4,0.541936
32366.3,0.541659
32386.2,0.541383
32406.1,0.541106
32426,0.54083
32445.9,0.540553
32465.8,0.540277
32485.7,0.54
32505.6,0.539724
32525.5,0.539448
32545.4,0.539171
32565.3,0.538895
32585.2,0.538624
32605.1,0.53837
32625,0.538117
32644.9,0.537863
32664.8,0.537609
32684.7,0.537355
32704.6,0.537102
32724.5,0.536848
32744.4,0.536594
32764.4,0.536341
32784.3,0.536087
32804.2,0.535833
32824.1,0.535579
32844,0.535326
32863.9,0.535072
32883.8,0.534818
32903.7,0.534564
32923.6,0.534311
32943.5,0.534057
32963.4,0.533803
32983.3,0.533549
33003.2,0.533296
33023.1,0.533042
33043,0.532788
33062.9,0.532535
33082.8,0.532281
33102.7,0.532027
33122.6,0.531773
33142.5,0.53152
33162.4,0.531266
33182.3,0.531012
33202.2,0.530758
33222.1,0.530506
33242,0.530267
33262,0.530027
33281.9,0.529788
33301.8,0.529549
33321.7,0.529309
33341.6,0.52907
33361.5,0.52883
33381.4,0.528591
33401.3,0.528351
33421.2,0.528112
33441.1,0.527873
33461,0.527633
33480.9,0.527394
33500.8,0.527154
33520.7,0.526915
33540.6,0.526676
33560.5,0.526436
33580.4,0.526197
33600.3,0.525957
33620.2,0.525718
33640.1,0.525478
33660,0.525239
33679.9,0.525
33699.8,0.52476
33719.7,0.524521
33739.6,0.524281
33759.6,0.524042
33779.5,0.523803
33799.4,0.523563
33819.3,0.523324
33839.2,0.523084
33859.1,0.522845
33879,0.522612
33898.9,0.522386
33918.8,0.522161
33938.7,0.521935
33958.6,0.52171
33978.5,0.521484
33998.4,0.521259
34018.3,0.521033
34038.2,0.520807
34058.1,0.520582
34078,0.520356
34097.9,0.520131
34117.8,0.519905
34137.7,0.51968
34157.6,0.519454
34177.5,0.519229
34197.4,0.519003
34217.3,0.518778
34237.2,0.518552
34257.2,0.518326
34277.1,0.518101
34297,0.517875
34316.9,0.51765
34336.8,0.517424
34356.7,0.517199
34376.6,0.516973
34396.5,0.516748
34416.4,0.516522
34436.3,0.516297
34456.2,0.516071
34476.1,0.515846
34496,0.51562
34515.9,0.515395
34535.8,0.515175
34555.7,0.514969
34575.6,0.514764
34595.5,0.514558
34615.4,0.514352
34635.3,0.514147
34655.2,0.513941
34675.1,0.513735
34695,0.51353
34714.9,0.513324
34734.8,0.513118
34754.8,0.512913
34774.7,0.512707
34794.6,0.512502
34814.5,0.512296
34834.4,0.51209
34854.3,0.511885
34874.2,0.511679
34894.1,0.511473
34914,0.511268
34933.9,0.511062
34953.8,0.510856
34973.7,0.510651
34993.6,0.510445
35013.5,0.510239
35033.4,0.510034
35053.3,0.509828
35073.2,0.509623
35093.1,0.509417
35113,0.509211
35132.9,0.509006
35152.8,0.5088
35172.7,0.508594
35192.6,0.508389
35212.5,0.508184
35232.4,0.507989
35252.4,0.507793
35272.3,0.507597
35292.2,0.507402
35312.1,0.507206
35332,0.50701
35351.9,0.506815
35371.8,0.506619
35391.7,0.506423
35411.6,0.506227
35431.5,0.506032
35451.4,0.505836
35471.3,0.50564
35491.2,0.505445
35511.1,0.505249
35531,0.505053
35550.9,0.504858
35570.8,0.504662
35590.7,0.504466
35610.6,0.504271
35630.5,0.504075
35650.4,0.503879
35670.3,0.503684
35690.2,0.503488
35710.1,0.503292
35730,0.503097
35749.9,0.502901
35769.9,0.502705
35789.8,0.502509
35809.7,0.502314
35829.6,0.502118
35849.5,0.501922
35869.4,0.501727
35889.3,0.501531
35909.2,0.501349
35929.1,0.501168
35949,0.500987
35968.9,0.500806
35988.8,0.500625
36008.7,0.500444
36028.6,0.500263
36048.5,0.500082
36068.4,0.499901
36088.3,0.49972
36108.2,0.499539
36128.1,0.499358
36148,0.499177
36167.9,0.498996
36187.8,0.498814
36207.7,0.498633
36227.6,0.498452
36247.6,0.498271
36267.5,0.49809
36287.4,0.497909
36307.3,0.497728
36327.2,0.497547
36347.1,0.497366
36367,0.497185
36386.9,0.497004
36406.8,0.496823
36426.7,0.496642
36446.6,0.496461
36466.5,0.49628
36486.4,0.496098
36506.3,0.495917
36526.2,0.495736
36546.1,0.495555
36566,0.495374
36585.9,0.495193
36605.8,0.495015
36625.7,0.494843
36645.6,0.494672
36665.5,0.4945
36685.4,0.494329
36705.3,0.494157
36725.2,0.493986
36745.1,0.493814
36765.1,0.493643
36785,0.493471
36804.9,0.4933
36824.8,0.493128
36844.7,0.492956
36864.6,0.492785
36884.5,0.492613
36904.4,0.492442
36924.3,0.49227
36944.2,0.492099
36964.1,0.491927
36984,0.491756
37003.9,0.491584
37023.8,0.491413
37043.7,0.491241
37063.6,0.49107
37083.5,0.490898
37103.4,0.490726
37123.3,0.490555
37143.2,0.490383
37163.1,0.490212
37183,0.49004
37202.9,0.489869
37222.8,0.489697
37242.7,0.489526
37262.7,0.489354
37282.6,0.489183
37302.5,0.489011
37322.4,0.488848
37342.3,0.488691
37362.2,0.488533
37382.1,0.488376
37402,0.488218
37421.9,0.48806
37441.8,0.487903
37461.7,0.487745
37481.6,0.487588
37501.5,0.48743
37521.4,0.487273
37541.3,0.487115
37561.2,0.486957
37581.1,0.4868
37601,0.486642
37620.9,0.486485
37640.8,0.486327
37660.7,0.48617
37680.6,0.486012
37700.5,0.485855
37720.4,0.485697
37740.3,0.485539
37760.3,0.485382
37780.2,0.485224
37800.1,0.485067
37820,0.484909
37839.9,0.484751
37859.8,0.484594
37879.7,0.484436
37899.6,0.484279
37919.5,0.484121
37939.4,0.483964
37959.3,0.483806
37979.2,0.483649
37999.1,0.483491
38019,0.483333
38038.9,0.483176
38058.8,0.483028
38078.7,0.482881
38098.6,0.482733
38118.5,0.482586
38138.4,0.482438
38158.3,0.482291
38178.2,0.482144
38198.1,0.481996
38218,0.481849
38237.9,0.481702
38257.9,0.481554
38277.8,0.481407
38297.7,0.48126
38317.6,0.481112
38337.5,0.480965
38357.4,0.480818
38377.3,0.48067
38397.2,0.480523
38417.1,0.480376
38437,0.480228
38456.9,0.480081
38476.8,0.479934
38496.7,0.479786
38516.6,0.479639
38536.5,0.479491
38556.4,0.479344
38576.3,0.479197
38596.2,0.479049
38616.1,0.478902
38636,0.478755
38655.9,0.478607
38675.8,0.47846
38695.7,0.478313
38715.6,0.478165
38735.5,0.478018
38755.5,0.477871
38775.4,0.477723
38795.3,0.477578
38815.2,0.477436
38835.1,0.477295
38855,0.477153
38874.9,0.477012
38894.8,0.476871
38914.7,0.476729
38934.6,0.476588
38954.5,0.476447
38974.4,0.476305
38994.3,0.476164
39014.2,0.476023
39034.1,0.475881
39054,0.47574
39073.9,0.475599
39093.8,0.475457
39113.7,0.475316
39133.6,0.475175
39153.5,0.475033
39173.4,0.474892
39193.3,0.474751
39213.2,0.474609
39233.1,0.474468
39253.1,0.474327
39273,0.474185
39292.9,0.474044
39312.8,0.473903
39332.7,0.473761
39352.6,0.47362
39372.5,0.473479
39392.4,0.473337
39412.3,0.473196
39432.2,0.473055
39452.1,0.472913
39472,0.472772
39491.9,0.472631
39511.8,0.472489
39531.7,0.472348
39551.6,0.472212
39571.5,0.47208
39591.4,0.471947
39611.3,0.471815
39631.2,0.471682
39651.1,0.47155
39671,0.471418
39690.9,0.471285
39710.8,0.471153
39730.7,0.47102
39750.6,0.470888
39770.6,0.470756
39790.5,0.470623
39810.4,0.470491
39830.3,0.470359
39850.2,0.470226
39870.1,0.470094
39890,0.469961
39909.9,0.469829
39929.8,0.469697
39949.7,0.469564
39969.6,0.469432
39989.5,0.469299
40009.4,0.46917
40029.3,0.469043
40049.2,0.468916
40069.1,0.468789
40089,0.468662
40108.9,0.468535
40128.8,0.468408
40148.7,0.468282
40168.6,0.468155
40188.5,0.468028
40208.4,0.467901
40228.3,0.467774
40248.3,0.467647
40268.2,0.467521
40288.1,0.467394
40308,0.467267
40327.9,0.467142
40347.8,0.467019
40367.7,0.466896
40387.6,0.466773
40407.5,0.46665
40427.4,0.466528
40447.3,0.466405
40467.2,0.466282
40487.1,0.466159
40507,0.466037
40526.9,0.465914
40546.8,0.465791
40566.7,0.465668
40586.6,0.465546
40606.5,0.465423
40626.4,0.4653
40646.3,0.465177
40666.2,0.465055
40686.1,0.464932
40706,0.464809
40725.9,0.464686
40745.9,0.464563
40765.8,0.464441
40785.7,0.464318
40805.6,0.464195
40825.5,0.464072
40845.4,0.46395
40865.3,0.463827
40885.2,0.463704
40905.1,0.463581
40925,0.463459
40944.9,0.463336
40964.8,0.463213
40984.7,0.46309
41004.6,0.462968
41024.5,0.462845
41044.4,0.462722
41064.3,0.462599
41084.2,0.462477
41104.1,0.462354
41124,0.462236
41143.9,0.462121
41163.8,0.462005
41183.7,0.461889
41203.6,0.461774
41223.5,0.461658
41243.4,0.461543
41263.4,0.461427
41283.3,0.461311
41303.2,0.461196
41323.1,0.46108
41343,0.460965
41362.9,0.460849
41382.8,0.460733
41402.7,0.460618
41422.6,0.460502
41442.5,0.460387
41462.4,0.460271
41482.3,0.460156
41502.2,0.46004
41522.1,0.459924
41542,0.459809
41561.9,0.459693
41581.8,0.459578
41601.7,0.459462
41621.6,0.459346
41641.5,0.459231
41661.4,0.459115
41681.3,0.459
41701.2,0.458884
41721.1,0.458768
41741,0.458653
41760.9,0.458537
41780.9,0.458422
41800.8,0.458306
41820.7,0.458191
41840.6,0.458075
41860.5,0.457959
41880.4,0.457844
41900.3,0.457728
41920.2,0.457617
41940.1,0.45751
41960,0.457402
41979.9,0.457295
41999.8,0.457188
42019.7,0.457081
42039.6,0.456973
42059.5,0.456866
42079.4,0.456759
42099.3,0.456651
42119.2,0.456544
42139.1,0.456437
42159,0.45633
42178.9,0.456222
42198.8,0.456115
42218.7,0.456008
42238.6,0.455901
42258.6,0.455793
42278.5,0.455686
42298.4,0.455579
42318.3,0.455471
42338.2,0.455364
42358.1,0.455257
42378,0.45515
42397.9,0.455042
42417.8,0.454935
42437.7,0.454828
42457.6,0.454721
42477.5,0.454613
42497.4,0.454506
42517.3,0.454399
42537.2,0.454292
42557.1,0.454184
42577,0.454077
42596.9,0.45397
42616.8,0.453862
42636.7,0.453755
42656.6,0.453648
42676.5,0.453541
42696.4,0.453433
42716.3,0.453326
42736.3,0.45322
42756.2,0.453117
42776.1,0.453014
42796,0.45291
42815.9,0.452807
42835.8,0.452704
42855.7,0.452601
42875.6,0.452497
42895.5,0.452394
42915.4,0.452291
42935.3,0.452188
42955.2,0.452084
42975.1,0.451981
42995,0.451878
43014.9,0.451774
43034.8,0.451671
43054.7,0.451568
43074.6,0.451465
43094.5,0.451361
43114.4,0.451258
43134.3,0.451155
43154.2,0.451052
43174.1,0.450948
43194,0.450845
43213.9,0.450742
43233.8,0.450639
43253.8,0.450535
43273.7,0.450432
43293.6,0.450329
43313.5,0.450226
43333.4,0.450122
43353.3,0.450019
43373.2,0.449916
43393.1,0.449813
43413,0.449709
43432.9,0.449606
43452.8,0.449503
43472.7,0.4494
43492.6,0.449296
43512.5,0.449193
43532.4,0.44909
43552.3,0.448987
43572.2,0.448889
43592.1,0.448794
43612,0.4487
43631.9,0.448605
43651.8,0.448511
43671.7,0.448417
43691.6,0.448322
43711.5,0.448228
43731.4,0.448133
43751.3,0.448039
43771.3,0.447945
43791.2,0.44785
43811.1,0.447756
43831,0.447661
43850.9,0.447567
43870.8,0.447472
43890.7,0.447378
43910.6,0.447284
43930.5,0.447189
43950.4,0.447095
43970.3,0.447
43990.2,0.446906
44010.1,0.446812
44030,0.446717
44049.9,0.446623
44069.8,0.446528
44089.7,0.446434
44109.6,0.44634
44129.5,0.446245
44149.4,0.446151
44169.3,0.446056
44189.2,0.445962
44209.1,0.445868
44229,0.445773
44248.9,0.445679
44268.9,0.445584
44288.8,0.44549
44308.7,0.445395
44328.6,0.445301
44348.5,0.445207
44368.4,0.445112
44388.3,0.445018
44408.2,0.444923
44428.1,0.44483
44448,0.444738
44467.9,0.444646
44487.8,0.444555
44507.7,0.444463
44527.6,0.444371
44547.5,0.444279
44567.4,0.444188
44587.3,0.444096
44607.2,0.444004
44627.1,0.443912
44647,0.44382
44666.9,0.443729
44686.8,0.443637
44706.7,0.443545
44726.6,0.443453
44746.6,0.443361
44766.5,0.44327
44786.4,0.443178
44806.3,0.443086
44826.2,0.442994
44846.1,0.442902
44866,0.442811
44885.9,0.442719
44905.8,0.442627
44925.7,0.442535
44945.6,0.442444
44965.5,0.442352
44985.4,0.44226
45005.3,0.442168
45025.2,0.442076
45045.1,0.441985
45065,0.441893
45084.9,0.441801
45104.8,0.441709
45124.7,0.441617
45144.6,0.441526
45164.5,0.441434
45184.4,0.441342
45204.3,0.44125
45224.2,0.441158
45244.1,0.441067
45264.1,0.440975
45284,0.440884
45303.9,0.440798
45323.8,0.440712
45343.7,0.440626
45363.6,0.44054
45383.5,0.440453
45403.4,0.440367
45423.3,0.440281
45443.2,0.440195
45463.1,0.440109
45483,0.440023
45502.9,0.439936
45522.8,0.43985
45542.7,0.439764
45562.6,0.439678
45582.5,0.439592
45602.4,0.439506
45622.3,0.43942
45642.2,0.439333
45662.1,0.439247
45682,0.439161
45701.9,0.439075
45721.8,0.438989
45741.7,0.438903
45761.7,0.438816
45781.6,0.43873
45801.5,0.438644
45821.4,0.438558
45841.3,0.438472
45861.2,0.438386
45881.1,0.438299
45901,0.438213
45920.9,0.438127
45940.8,0.438041
45960.7,0.437955
45980.6,0.437869
46000.5,0.437782
46020.4,0.437696
46040.3,0.43761
46060.2,0.437524
46080.1,0.437438
46100,0.437352
46119.9,0.437265
46139.8,0.437179
46159.7,0.437093
46179.6,0.43701
46199.5,0.43693
46219.4,0.43685
46239.3,0.436769
46259.3,0.436689
46279.2,0.436609
46299.1,0.436529
46319,0.436449
46338.9,0.436368
46358.8,0.436288
46378.7,0.436208
46398.6,0.436128
46418.5,0.436048
46438.4,0.435967
46458.3,0.435887
46478.2,0.435807
46498.1,0.435727
46518,0.435647
46537.9,0.435566
46557.8,0.435486
46577.7,0.435406
46597.6,0.435326
46617.5,0.435246
46637.4,0.435166
46657.3,0.435085
46677.2,0.435005
46697.1,0.434925
46717,0.434845
46736.9,0.434765
46756.9,0.434684
46776.8,0.434604
46796.7,0.434524
46816.6,0.434444
46836.5,0.434364
46856.4,0.434283
46876.3,0.434203
46896.2,0.434123
46916.1,0.434043
46936,0.433963
46955.9,0.433882
46975.8,0.433802
46995.7,0.433722
47015.6,0.433642
47035.5,0.433562
47055.4,0.433482
47075.3,0.433402
47095.2,0.433326
47115.1,0.43325
47135,0.433174
47154.9,0.433098
47174.8,0.433022
47194.7,0.432946
47214.6,0.43287
47234.5,0.432794
47254.5,0.432718
47274.4,0.432642
47294.3,0.432566
47314.2,0.43249
47334.1,0.432414
47354,0.432338
47373.9,0.432262
47393.8,0.432186
47413.7,0.43211
47433.6,0.432034
47453.5,0.431958
47473.4,0.431882
47493.3,0.431806
47513.2,0.43173
47533.1,0.431654
47553,0.431578
47572.9,0.431502
47592.8,0.431426
47612.7,0.43135
47632.6,0.431275
47652.5,0.431199
47672.4,0.431123
47692.3,0.431047
47712.2,0.430971
47732.1,0.430895
47752.1,0.430819
47772,0.430743
47791.9,0.430667
47811.8,0.430591
47831.7,0.430515
47851.6,0.430439
47871.5,0.430363
47891.4,0.430287
47911.3,0.430211
47931.2,0.430135
47951.1,0.430059
47971,0.429983
47990.9,0.429907
48010.8,0.429835
48030.7,0.429763
48050.6,0.429691
48070.5,0.429619
48090.4,0.429547
48110.3,0.429475
48130.2,0.429403
48150.1,0.429331
48170,0.429259
48189.9,0.429187
48209.8,0.429115
48229.7,0.429043
48249.6,0.428971
48269.6,0.428899
48289.5,0.428827
48309.4,0.428755
48329.3,0.428683
48349.2,0.428611
48369.1,0.428539
48389,0.428467
48408.9,0.428395
48428.8,0.428323
48448.7,0.428251
48468.6,0.428179
48488.5,0.428107
48508.4,0.428035
48528.3,0.427963
48548.2,0.427891
48568.1,0.427819
48588,0.427747
48607.9,0.427675
48627.8,0.427603
48647.7,0.427531
48667.6,0.427459
48687.5,0.427387
48707.4,0.427315
48727.3,0.427244
48747.3,0.427171
48767.2,0.4271
48787.1,0.427028
48807,0.426956
48826.9,0.426884
48846.8,0.426812
48866.7,0.42674
48886.6,0.426668
48906.5,0.426596
48926.4,0.426524
48946.3,0.426455
48966.2,0.426387
48986.1,0.426319
49006,0.42625
49025.9,0.426182
49045.8,0.426114
49065.7,0.426046
49085.6,0.425978
49105.5,0.42591
49125.4,0.425842
49145.3,0.425774
49165.2,0.425705
49185.1,0.425637
49205,0.425569
49224.9,0.425501
49244.8,0.425433
49264.8,0.425365
49284.7,0.425297
49304.6,0.425229
49324.5,0.42516
49344.4,0.425092
49364.3,0.425024
49384.2,0.424956
49404.1,0.424888
49424,0.42482
49443.9,0.424752
49463.8,0.424683
49483.7,0.424615
49503.6,0.424547
49523.5,0.424479
49543.4,0.424411
49563.3,0.424343
49583.2,0.424275
49603.1,0.424207
49623,0.424138
49642.9,0.42407
49662.8,0.424002
49682.7,0.423934
49702.6,0.423866
49722.5,0.423798
49742.4,0.42373
49762.4,0.423661
49782.3,0.423593
49802.2,0.423525
49822.1,0.423457
49842,0.423389
49861.9,0.423321
49881.8,0.423253
49901.7,0.423176
49921.6,0.423094
49941.5,0.423012
49961.4,0.42293
49981.3,0.422848
50001.2,0.422767
50021.1,0.422702
50041,0.422636
50060.9,0.422571
50080.8,0.422505
50100.7,0.42244
50120.6,0.422374
50140.5,0.422308
50160.4,0.422243
50180.3,0.422177
50200.2,0.422112
50220.1,0.422046
50240,0.421981
50260,0.421915
50279.9,0.421849
50299.8,0.421784
50319.7,0.421718
50339.6,0.421653
50359.5,0.421587
50379.4,0.421522
50399.3,0.421456
50419.2,0.42139
50439.1,0.421325
50459,0.421259
50478.9,0.421194
50498.8,0.421128
50518.7,0.421063
50538.6,0.420997
50558.5,0.420932
50578.4,0.420866
50598.3,0.4208
50618.2,0.420735
50638.1,0.420669
50658,0.420604
50677.9,0.420538
50697.8,0.420473
50717.7,0.420407
50737.6,0.420341
50757.6,0.420276
50777.5,0.42021
50797.4,0.420145
50817.3,0.420079
50837.2,0.420014
50857.1,0.419948
50877,0.419886
50896.9,0.419826
50916.8,0.419765
50936.7,0.419704
50956.6,0.419643
50976.5,0.419582
50996.4,0.419521
51016.3,0.41946
51036.2,0.419399
51056.1,0.419338
51076,0.419278
51095.9,0.419217
51115.8,0.419156
51135.7,0.419095
51155.6,0.419034
51175.5,0.418973
51195.4,0.418912
51215.3,0.418851
51235.3,0.41879
51255.2,0.418729
51275.1,0.418669
51295,0.418608
51314.9,0.418547
51334.8,0.418486
51354.7,0.418425
51374.6,0.418364
51394.5,0.418303
51414.4,0.418242
51434.3,0.418181
51454.2,0.418121
51474.1,0.41806
51494,0.417999
51513.9,0.417938
51533.8,0.417877
51553.7,0.417816
51573.6,0.417755
51593.5,0.417694
51613.4,0.417633
51633.3,0.417572
51653.2,0.417512
51673.1,0.417451
51693,0.41739
51712.9,0.417329
51732.8,0.417268
51752.8,0.417207
51772.7,0.417146
51792.6,0.417085
51812.5,0.417024
51832.4,0.416964
51852.3,0.416903
51872.2,0.416843
51892.1,0.416785
51912,0.416727
51931.9,0.416669
51951.8,0.416611
51971.7,0.416553
51991.6,0.416495
52011.5,0.416437
52031.4,0.416379
52051.3,0.416321
52071.2,0.416263
52091.1,0.416205
52111,0.416147
52130.9,0.416089
52150.8,0.416031
52170.7,0.415973
52190.6,0.415915
52210.5,0.415856
52230.4,0.415798
52250.3,0.41574
52270.3,0.415682
52290.2,0.415624
52310.1,0.415566
52330,0.415508
52349.9,0.41545
52369.8,0.415392
52389.7,0.415334
52409.6,0.415276
52429.5,0.415218
52449.4,0.41516
52469.3,0.415102
52489.2,0.415044
52509.1,0.414986
52529,0.414928
52548.9,0.414869
52568.8,0.414811
52588.7,0.414753
52608.6,0.414695
52628.5,0.414637
52648.4,0.414579
52668.3,0.414521
52688.2,0.414463
52708.1,0.414405
52728,0.414347
52747.9,0.414289
52767.9,0.414231
52787.8,0.414173
52807.7,0.414115
52827.6,0.414057
52847.5,0.413999
52867.4,0.413941
52887.3,0.413884
52907.2,0.413828
52927.1,0.413771
52947,0.413715
52966.9,0.413658
52986.8,0.413602
53006.7,0.413546
53026.6,0.413489
53046.5,0.413433
53066.4,0.413376
53086.3,0.41332
53106.2,0.413264
53126.1,0.413207
53146,0.413151
53165.9,0.413095
53185.8,0.413038
53205.7,0.412982
53225.6,0.412925
53245.5,0.412869
53265.4,0.412813
53285.4,0.412756
53305.3,0.4127
53325.2,0.412643
53345.1,0.412587
53365,0.412531
53384.9,0.412474
53404.8,0.412418
53424.7,0.412362
53444.6,0.412305
53464.5,0.412249
53484.4,0.412192
53504.3,0.412136
53524.2,0.41208
53544.1,0.412023
53564,0.411967
53583.9,0.41191
53603.8,0.411854
53623.7,0.411798
53643.6,0.411741
53663.5,0.411685
53683.4,0.411629
53703.3,0.411572
53723.2,0.411516
53743.1,0.411459
53763.1,0.411403
53783,0.411347
53802.9,0.41129
53822.8,0.411234
53842.7,0.411177
53862.6,0.411121
53882.5,0.411065
53902.4,0.411008
53922.3,0.410954
53942.2,0.4109
53962.1,0.410846
53982,0.410792
54001.9,0.410739
54021.8,0.410685
54041.7,0.410631
54061.6,0.410578
54081.5,0.410524
54101.4,0.41047
54121.3,0.410417
54141.2,0.410363
54161.1,0.410309
54181,0.410255
54200.9,0.410202
54220.8,0.410148
54240.8,0.410094
54260.7,0.410041
54280.6,0.409987
54300.5,0.409933
54320.4,0.40988
54340.3,0.409826
54360.2,0.409772
54380.1,0.409718
54400,0.409665
54419.9,0.409611
54439.8,0.409557
54459.7,0.409504
54479.6,0.40945
54499.5,0.409396
54519.4,0.409343
54539.3,0.409289
54559.2,0.409235
54579.1,0.409181
54599,0.409128
54618.9,0.409074
54638.8,0.40902
54658.7,0.408967
54678.6,0.408913
54698.5,0.408859
54718.4,0.408806
54738.3,0.408752
54758.3,0.408698
54778.2,0.408644
54798.1,0.408591
54818,0.408537
54837.9,0.408483
54857.8,0.40843
54877.7,0.408376
54897.6,0.408322
54917.5,0.408269
54937.4,0.408215
54957.3,0.408161
54977.2,0.40811
54997.1,0.40806
55017,0.408009
55036.9,0.407958
55056.8,0.407908
55076.7,0.407857
55096.6,0.407807
55116.5,0.407756
55136.4,0.407705
55156.3,0.407655
55176.2,0.407604
55196.1,0.407554
55216,0.407503
55235.9,0.407453
55255.9,0.407402
55275.8,0.407351
55295.7,0.407301
55315.6,0.40725
55335.5,0.4072
55355.4,0.407149
55375.3,0.407098
55395.2,0.407048
55415.1,0.406997
55435,0.406947
55454.9,0.406896
55474.8,0.406845
55494.7,0.406795
55514.6,0.406744
55534.5,0.406694
55554.4,0.406643
55574.3,0.406593
55594.2,0.406542
55614.1,0.406491
55634,0.406441
55653.9,0.40639
55673.8,0.40634
55693.7,0.406289
55713.6,0.406238
55733.6,0.406188
55753.5,0.406137
55773.4,0.406087
55793.3,0.406036
55813.2,0.405985
55833.1,0.405935
55853,0.405884
55872.9,0.405834
55892.8,0.405783
55912.7,0.405733
55932.6,0.405682
55952.5,0.405631
55972.4,0.405581
55992.3,0.40553
56012.2,0.40548
56032.1,0.405429
56052,0.40538
56071.9,0.405331
56091.8,0.405282
56111.7,0.405232
56131.6,0.405183
56151.5,0.405134
56171.4,0.405085
56191.3,0.405035
56211.2,0.404986
56231.1,0.404937
56251,0.404888
56271,0.404839
56290.9,0.404789
56310.8,0.40474
56330.7,0.404691
56350.6,0.404642
56370.5,0.404593
56390.4,0.404543
56410.3,0.404494
56430.2,0.404445
56450.1,0.404396
56470,0.404347
56489.9,0.404297
56509.8,0.404248
56529.7,0.404199
56549.6,0.40415
56569.5,0.404101
56589.4,0.404051
56609.3,0.404002
56629.2,0.403953
56649.1,0.403904
56669,0.403854
56688.9,0.403805
56708.8,0.403756
56728.7,0.403707
56748.6,0.403658
56768.6,0.403608
56788.5,0.403559
56808.4,0.40351
56828.3,0.403461
56848.2,0.403412
56868.1,0.403362
56888,0.403313
56907.9,0.403264
56927.8,0.403215
56947.7,0.403166
56967.6,0.403116
56987.5,0.403067
57007.4,0.403018
57027.3,0.402969
57047.2,0.40292
57067.1,0.40287
57087,0.402821
57106.9,0.402772
57126.8,0.402723
57146.7,0.402676
57166.6,0.40263
57186.5,0.402583
57206.4,0.402537
57226.3,0.402491
57246.2,0.402444
57266.2,0.402398
57286.1,0.402352
57306,0.402305
57325.9,0.402259
57345.8,0.402213
57365.7,0.402166
57385.6,0.40212
57405.5,0.402074
57425.4,0.402027
57445.3,0.401981
57465.2,0.401935
57485.1,0.401889
57505,0.401842
57524.9,0.401796
57544.8,0.40175
57564.7,0.401703
57584.6,0.401657
57604.5,0.401611
57624.4,0.401564
57644.3,0.401518
57664.2,0.401472
57684.1,0.401425
57704,0.401379
57723.9,0.401333
57743.8,0.401286
57763.8,0.40124
57783.7,0.401194
57803.6,0.401148
57823.5,0.401101
57843.4,0.401055
57863.3,0.401009
57883.2,0.400962
57903.1,0.400916
57923,0.40087
57942.9,0.400823
57962.8,0.400777
57982.7,0.400731
58002.6,0.400684
58022.5,0.400638
58042.4,0.400592
58062.3,0.400545
58082.2,0.400499
58102.1,0.400453
58122,0.400406
58141.9,0.40036
58161.8,0.400314
58181.7,0.400267
58201.6,0.400221
58221.5,0.400175
58241.4,0.400129
58261.4,0.400083
58281.3,0.400037
58301.2,0.399992
58321.1,0.399946
58341,0.399901
58360.9,0.399855
58380.8,0.39981
58400.7,0.399764
58420.6,0.399719
58440.5,0.399673
58460.4,0.399628
58480.3,0.399582
58500.2,0.399537
58520.1,0.399491
58540,0.399446
58559.9,0.3994
58579.8,0.399355
58599.7,0.399309
58619.6,0.399264
58639.5,0.399218
58659.4,0.399173
58679.3,0.399127
58699.2,0.399082
58719.1,0.399036
58739.1,0.398991
58759,0.398945
58778.9,0.3989
58798.8,0.398854
58818.7,0.398809
58838.6,0.398763
58858.5,0.398718
58878.4,0.398672
58898.3,0.398627
58918.2,0.398581
58938.1,0.398536
58958,0.39849
58977.9,0.398445
58997.8,0.398399
59017.7,0.398354
59037.6,0.398308
59057.5,0.398263
59077.4,0.398217
59097.3,0.398172
59117.2,0.398126
59137.1,0.398081
59157,0.398035
59176.9,0.39799
59196.8,0.397944
59216.7,0.397899
59236.6,0.397853
59256.6,0.397808
59276.5,0.397762
59296.4,0.397717
59316.3,0.397671
59336.2,0.397626
59356.1,0.39758
59376,0.397534
59395.9,0.39749
59415.8,0.39745
59435.7,0.397409
59455.6,0.397368
59475.5,0.397328
59495.4,0.397287
59515.3,0.397246
59535.2,0.397206
59555.1,0.397165
59575,0.397124
59594.9,0.397084
59614.8,0.397043
59634.7,0.397002
59654.6,0.396962
59674.5,0.396921
59694.4,0.39688
59714.3,0.39684
59734.3,0.396799
59754.2,0.396758
59774.1,0.396718
59794,0.396677
59813.9,0.396636
59833.8,0.396596
59853.7,0.396555
59873.6,0.396514
59893.5,0.396474
59913.4,0.396433
59933.3,0.396392
59953.2,0.396352
59973.1,0.396311
59993,0.39627
60012.9,0.396227
60032.8,0.396182
60052.7,0.396137
60072.6,0.396091
60092.5,0.396046
60112.4,0.396001
60132.3,0.395956
60152.2,0.395911
60172.1,0.395866
60192,0.395821
60211.9,0.395776
60231.8,0.395731
60251.7,0.395685
60271.7,0.39564
60291.6,0.395595
60311.5,0.39555
60331.4,0.395505
60351.3,0.39546
60371.2,0.395415
60391.1,0.39537
60411,0.395325
60430.9,0.395279
60450.8,0.395234
60470.7,0.395189
60490.6,0.395144
60510.5,0.395099
60530.4,0.395054
60550.3,0.395009
60570.2,0.394969
60590.1,0.394929
60610,0.394889
60629.9,0.394848
60649.8,0.394808
60669.7,0.394768
60689.6,0.394728
60709.5,0.394688
60729.4,0.394648
60749.3,0.394608
60769.3,0.394567
60789.2,0.394527
60809.1,0.394487
60829,0.394447
60848.9,0.394407
60868.8,0.394367
60888.7,0.394327
60908.6,0.394286
60928.5,0.394246
60948.4,0.394206
60968.3,0.394166
60988.2,0.394126
61008.1,0.394086
61028,0.394046
61047.9,0.394005
61067.8,0.393965
61087.7,0.393925
61107.6,0.393885
61127.5,0.393845
61147.4,0.393805
61167.3,0.393765
61187.2,0.393725
61207.1,0.393684
61227,0.393644
61246.9,0.393604
61266.9,0.393564
61286.8,0.393524
61306.7,0.393484
61326.6,0.393444
61346.5,0.393403
61366.4,0.393363
61386.3,0.393323
61406.2,0.393283
61426.1,0.393243
61446,0.393203
61465.9,0.393163
61485.8,0.393122
61505.7,0.393082
61525.6,0.393042
61545.5,0.393002
61565.4,0.392962
61585.3,0.392922
61605.2,0.392882
61625.1,0.392841
61645,0.392801
61664.9,0.392761
61684.8,0.392721
61704.7,0.392681
61724.6,0.392641
61744.5,0.392601
61764.5,0.392562
61784.4,0.392523
61804.3,0.392484
61824.2,0.392445
61844.1,0.392406
61864,0.392366
61883.9,0.392327
61903.8,0.392288
61923.7,0.392249
61943.6,0.39221
61963.5,0.392171
61983.4,0.392132
62003.3,0.392092
62023.2,0.392053
62043.1,0.392014
62063,0.391975
62082.9,0.391936
62102.8,0.391897
62122.7,0.391858
62142.6,0.391819
62162.5,0.391779
62182.4,0.39174
62202.3,0.391701
62222.2,0.391662
62242.1,0.391623
62262.1,0.391584
62282,0.391544
62301.9,0.391505
62321.8,0.391466
62341.7,0.391427
62361.6,0.391388
62381.5,0.391349
62401.4,0.39131
62421.3,0.39127
62441.2,0.391231
62461.1,0.391192
62481,0.391153
62500.9,0.391114
62520.8,0.391075
62540.7,0.391036
62560.6,0.390997
62580.5,0.390957
62600.4,0.390918
62620.3,0.390879
62640.2,0.39084
62660.1,0.390801
62680,0.390762
62699.9,0.390723
62719.8,0.390683
62739.8,0.390644
62759.7,0.390605
62779.6,0.390566
62799.5,0.390527
62819.4,0.390488
62839.3,0.390449
62859.2,0.390409
62879.1,0.39037
62899,0.390331
62918.9,0.390292
62938.8,0.390253
62958.7,0.390214
62978.6,0.390176
62998.5,0.390137
63018.4,0.390099
63038.3,0.39006
63058.2,0.390022
63078.1,0.389983
63098,0.389945
63117.9,0.389906
63137.8,0.389868
63157.7,0.389829
63177.6,0.389791
63197.5,0.389752
63217.4,0.389714
63237.3,0.389675
63257.3,0.389637
63277.2,0.389598
63297.1,0.38956
63317,0.389521
63336.9,0.389483
63356.8,0.389444
63376.7,0.389406
63396.6,0.389367
63416.5,0.389329
63436.4,0.38929
63456.3,0.389252
63476.2,0.389213
63496.1,0.389175
63516,0.389136
63535.9,0.389098
63555.8,0.389059
63575.7,0.389021
63595.6,0.388982
63615.5,0.388944
63635.4,0.388905
63655.3,0.388867
63675.2,0.388828
63695.1,0.38879
63715,0.388751
63734.9,0.388712
63754.9,0.388674
63774.8,0.388635
63794.7,0.388597
63814.6,0.388558
63834.5,0.38852
63854.4,0.388481
63874.3,0.388443
63894.2,0.388404
63914.1,0.388366
63934,0.388327
63953.9,0.388289
63973.8,0.38825
63993.7,0.388212
64013.6,0.388173
64033.5,0.388135
64053.4,0.388096
64073.3,0.388058
64093.2,0.388019
64113.1,0.387981
64133,0.387942
64152.9,0.387904
64172.8,0.387866
64192.7,0.38783
64212.6,0.387794
64232.5,0.387757
64252.4,0.387721
64272.4,0.387685
64292.3,0.387649
64312.2,0.387613
64332.1,0.387577
64352,0.387541
64371.9,0.387505
64391.8,0.387469
64411.7,0.387433
64431.6,0.387397
64451.5,0.38736
64471.4,0.387324
64491.3,0.387288
64511.2,0.387252
64531.1,0.387216
64551,0.38718
64570.9,0.387144
64590.8,0.387108
64610.7,0.387072
64630.6,0.387036
64650.5,0.387
64670.4,0.386964
64690.3,0.386927
64710.2,0.386891
64730.1,0.386855
64750,0.386819
64770,0.386783
64789.9,0.386747
64809.8,0.386711
64829.7,0.386675
64849.6,0.386639
64869.5,0.386603
64889.4,0.386567
64909.3,0.38653
64929.2,0.386494
64949.1,0.386458
64969,0.386422
64988.9,0.386386
65008.8,0.38635
65028.7,0.386314
65048.6,0.386278
65068.5,0.386242
65088.4,0.386206
65108.3,0.38617
65128.2,0.386134
65148.1,0.386097
65168,0.386061
65187.9,0.386025
65207.8,0.385989
65227.7,0.385953
65247.6,0.385917
65267.6,0.385881
65287.5,0.385845
65307.4,0.385809
65327.3,0.385773
65347.2,0.385737
65367.1,0.385701
65387,0.385664
65406.9,0.385628
65426.8,0.385593
65446.7,0.385557
65466.6,0.385522
65486.5,0.385487
65506.4,0.385452
65526.3,0.385416
65546.2,0.385381
65566.1,0.385346
65586,0.385311
65605.9,0.385275
65625.8,0.38524
65645.7,0.385205
65665.6,0.38517
65685.5,0.385134
65705.4,0.385099
65725.3,0.385064
65745.3,0.385029
65765.2,0.384993
65785.1,0.384958
65805,0.384923
65824.9,0.384888
65844.8,0.384852
65864.7,0.384817
65884.6,0.384782
65904.5,0.384747
65924.4,0.384712
65944.3,0.384676
65964.2,0.384641
65984.1,0.384606
66004,0.384571
66023.9,0.384535
66043.8,0.3845
66063.7,0.384465
66083.6,0.38443
66103.5,0.384394
66123.4,0.384359
66143.3,0.384324
66163.2,0.384289
66183.1,0.384253
66203,0.384218
66222.9,0.384183
66242.9,0.384148
66262.8,0.384112
66282.7,0.384077
66302.6,0.384042
66322.5,0.384007
66342.4,0.383971
66362.3,0.383936
66382.2,0.383901
66402.1,0.383866
66422,0.383831
66441.9,0.383795
66461.8,0.38376
66481.7,0.383725
66501.6,0.38369
66521.5,0.383654
66541.4,0.383619
66561.3,0.383584
66581.2,0.383549
66601.1,0.383513
66621,0.383478
66640.9,0.383443
66660.8,0.383408
66680.7,0.383372
66700.6,0.383337
66720.5,0.383305
66740.5,0.383272
66760.4,0.383239
66780.3,0.383206
66800.2,0.383174
66820.1,0.383141
66840,0.383108
66859.9,0.383076
66879.8,0.383043
66899.7,0.38301
66919.6,0.382977
66939.5,0.382945
66959.4,0.382912
66979.3,0.382879
66999.2,0.382847
67019.1,0.382814
67039,0.382781
67058.9,0.382748
67078.8,0.382716
67098.7,0.382683
67118.6,0.38265
67138.5,0.382618
67158.4,0.382585
67178.3,0.382552
67198.2,0.382519
67218.1,0.382487
67238,0.382454
67258,0.382421
67277.9,0.382389
67297.8,0.382356
67317.7,0.382323
67337.6,0.38229
67357.5,0.382258
67377.4,0.382225
67397.3,0.382192
67417.2,0.38216
67437.1,0.382127
67457,0.382094
67476.9,0.382061
67496.8,0.382029
67516.7,0.381996
67536.6,0.381963
67556.5,0.381931
67576.4,0.381898
67596.3,0.381865
67616.2,0.381833
67636.1,0.3818
67656,0.381767
67675.9,0.381734
67695.8,0.381702
67715.7,0.381669
67735.6,0.381636
67755.6,0.381604
67775.5,0.381571
67795.4,0.381538
67815.3,0.381505
67835.2,0.381473
67855.1,0.38144
67875,0.381407
67894.9,0.381375
67914.8,0.381342
67934.7,0.381309
67954.6,0.381276
67974.5,0.381244
67994.4,0.381211
68014.3,0.381178
68034.2,0.381146
68054.1,0.381114
68074,0.381082
68093.9,0.38105
68113.8,0.381017
68133.7,0.380985
68153.6,0.380953
68173.5,0.380921
68193.4,0.380888
68213.3,0.380856
68233.2,0.380824
68253.1,0.380792
68273.1,0.38076
68293,0.380727
68312.9,0.380695
68332.8,0.380663
68352.7,0.380631
68372.6,0.380598
68392.5,0.380566
68412.4,0.380534
68432.3,0.380502
68452.2,0.38047
68472.1,0.380437
68492,0.380405
68511.9,0.380373
68531.8,0.380341
68551.7,0.380308
68571.6,0.380276
68591.5,0.380244
68611.4,0.380212
68631.3,0.38018
68651.2,0.380147
68671.1,0.380115
68691,0.380083
68710.9,0.380051
68730.8,0.380019
68750.8,0.379986
68770.6,0.379954
68790.6,0.379922
68810.5,0.37989
68830.4,0.379857
68850.3,0.379825
68870.2,0.379793
68890.1,0.379761
68910,0.379728
68929.9,0.379696
68949.8,0.379664
68969.7,0.379632
68989.6,0.3796
69009.5,0.379567
69029.4,0.379535
69049.3,0.379503
69069.2,0.379471
69089.1,0.379439
69109,0.379406
69128.9,0.379374
69148.8,0.379342
69168.7,0.37931
69188.6,0.379277
69208.5,0.379245
69228.4,0.379213
69248.4,0.379181
69268.3,0.379149
69288.2,0.379116
69308.1,0.379084
69328,0.379052
69347.9,0.37902
69367.8,0.378988
69387.7,0.378956
69407.6,0.378925
69427.5,0.378893
69447.4,0.378861
69467.3,0.378829
69487.2,0.378798
69507.1,0.378766
69527,0.378734
69546.9,0.378702
69566.8,0.378671
69586.7,0.378639
69606.6,0.378607
69626.5,0.378575
69646.4,0.378544
69666.3,0.378512
69686.2,0.37848
69706.1,0.378448
69726,0.378417
69745.9,0.378385
69765.9,0.378353
69785.8,0.378321
69805.7,0.37829
69825.6,0.378258
69845.5,0.378226
69865.4,0.378195
69885.3,0.378163
69905.2,0.378131
69925.1,0.378099
69945,0.378068
69964.9,0.378036
69984.8,0.378004
70004.7,0.377972
70024.6,0.377941
70044.5,0.377909
70064.4,0.377877
70084.3,0.377845
70104.2,0.377814
70124.1,0.377782
70144,0.37775
70163.9,0.377718
70183.8,0.377687
70203.7,0.377655
70223.6,0.377623
70243.5,0.377591
70263.5,0.37756
70283.4,0.377528
70303.3,0.377496
70323.2,0.377464
70343.1,0.377433
70363,0.377401
70382.9,0.377369
70402.8,0.377338
70422.7,0.377306
70442.6,0.377274
70462.5,0.377242
70482.4,0.377211
70502.3,0.377179
70522.2,0.377147
70542.1,0.377115
70562,0.377084
70581.9,0.377052
70601.8,0.37702
70621.7,0.376988
70641.6,0.376957
70661.5,0.376925
70681.4,0.376893
70701.3,0.376862
70721.3,0.376831
70741.1,0.3768
70761.1,0.376769
70781,0.376738
70800.9,0.376707
70820.8,0.376675
70840.7,0.376644
70860.6,0.376613
70880.5,0.376582
70900.4,0.376551
70920.3,0.37652
70940.2,0.376489
70960.1,0.376458
70980,0.376427
70999.9,0.376396
71019.8,0.376365
71039.7,0.376334
71059.6,0.376303
71079.5,0.376272
71099.4,0.376241
71119.3,0.37621
71139.2,0.376179
71159.1,0.376148
71179,0.376117
71198.9,0.376085
71218.8,0.376054
71238.8,0.376023
71258.7,0.375992
71278.6,0.375961
71298.5,0.37593
71318.4,0.375899
71338.3,0.375868
71358.2,0.375837
71378.1,0.375806
71398,0.375775
71417.9,0.375744
71437.8,0.375713
71457.7,0.375682
71477.6,0.375651
71497.5,0.37562
71517.4,0.375589
71537.3,0.375558
71557.2,0.375527
71577.1,0.375495
71597,0.375464
71616.9,0.375433
71636.8,0.375402
71656.7,0.375371
71676.6,0.37534
71696.5,0.375309
71716.4,0.375278
71736.4,0.375247
71756.3,0.375216
71776.2,0.375185
71796.1,0.375154
71816,0.375123
71835.9,0.375092
71855.8,0.375061
71875.7,0.37503
71895.6,0.374999
71915.5,0.374968
71935.4,0.374937
71955.3,0.374905
71975.2,0.374874
71995.1,0.374843
72015,0.374812
72034.9,0.374781
72054.8,0.37475
72074.7,0.37472
72094.6,0.374691
72114.5,0.374662
72134.4,0.374633
72154.3,0.374605
72174.2,0.374576
72194.1,0.374547
72214,0.374518
72233.9,0.374489
72253.9,0.374461
72273.8,0.374432
72293.7,0.374403
72313.6,0.374374
72333.5,0.374345
72353.4,0.374317
72373.3,0.374288
72393.2,0.374259
72413.1,0.37423
72433,0.374201
72452.9,0.374173
72472.8,0.374144
72492.7,0.374115
72512.6,0.374086
72532.5,0.374057
72552.4,0.374029
72572.3,0.374
72592.2,0.373971
72612.1,0.373942
72632,0.373913
72651.9,0.373885
72671.8,0.373856
72691.7,0.373827
72711.6,0.373798
72731.5,0.37377
72751.4,0.373741
72771.4,0.373712
72791.3,0.373683
72811.2,0.373654
72831.1,0.373626
72851,0.373597
72870.9,0.373568
72890.8,0.373539
72910.7,0.37351
72930.6,0.373482
72950.5,0.373453
72970.4,0.373424
72990.3,0.373395
73010.2,0.373366
73030.1,0.373338
73050,0.373309
73069.9,0.37328
73089.8,0.373251
73109.7,0.373223
73129.6,0.373194
73149.5,0.373165
73169.4,0.373136
73189.3,0.373107
73209.2,0.373079
73229.1,0.37305
73249,0.373021
73269,0.372992
73288.9,0.372963
73308.8,0.372935
73328.7,0.372906
73348.6,0.372877
73368.5,0.372848
73388.4,0.372819
73408.3,0.372791
73428.2,0.372762
73448.1,0.372733
73468,0.372704
73487.9,0.372676
73507.8,0.372647
73527.7,0.372619
73547.6,0.372591
73567.5,0.372563
73587.4,0.372535
73607.3,0.372507
73627.2,0.372478
73647.1,0.37245
73667,0.372422
73686.9,0.372394
73706.8,0.372366
73726.7,0.372337
73746.6,0.372309
73766.6,0.372281
73786.5,0.372253
73806.4,0.372225
73826.3,0.372196
73846.2,0.372168
73866.1,0.37214
73886,0.372112
73905.9,0.372084
73925.8,0.372055
73945.7,0.372027
73965.6,0.371999
73985.5,0.371971
74005.4,0.371943
74025.3,0.371914
74045.2,0.371886
74065.1,0.371858
74085,0.37183
74104.9,0.371802
74124.8,0.371774
74144.7,0.371745
74164.6,0.371717
74184.5,0.371689
74204.4,0.371661
74224.3,0.371633
74244.3,0.371604
74264.2,0.371576
74284.1,0.371548
74304,0.37152
74323.9,0.371492
74343.8,0.371463
74363.7,0.371435
74383.6,0.371407
74403.5,0.371379
74423.4,0.371351
74443.3,0.371322
74463.2,0.371294
74483.1,0.371266
74503,0.371238
74522.9,0.37121
74542.8,0.371181
74562.7,0.371153
74582.6,0.371125
74602.5,0.371097
74622.4,0.371069
74642.3,0.371041
74662.2,0.371012
74682.1,0.370984
74702,0.370956
74721.9,0.370928
74741.9,0.3709
74761.8,0.370871
74781.7,0.370843
74801.6,0.370815
74821.5,0.370787
74841.4,0.370759
74861.3,0.37073
74881.2,0.370702
74901.1,0.370674
74921,0.370646
74940.9,0.370618
74960.8,0.37059
74980.7,0.370562
75000.6,0.370535
75020.5,0.370507
75040.4,0.370479
75060.3,0.370451
75080.2,0.370423
75100.1,0.370396
75120,0.370368
75139.9,0.37034
75159.8,0.370312
75179.7,0.370284
75199.6,0.370257
75219.5,0.370229
75239.5,0.370201
75259.4,0.370173
75279.3,0.370145
75299.2,0.370118
75319.1,0.37009
75339,0.370062
75358.9,0.370034
75378.8,0.370006
75398.7,0.369979
75418.6,0.369951
75438.5,0.369923
75458.4,0.369895
75478.3,0.369867
75498.2,0.369839
75518.1,0.369812
75538,0.369784
75557.9,0.369756
75577.8,0.369728
75597.7,0.3697
75617.6,0.369673
75637.5,0.369645
75657.4,0.369617
75677.3,0.369589
75697.2,0.369561
75717.1,0.369534
75737,0.369506
75757,0.369478
75776.9,0.36945
75796.8,0.369422
75816.7,0.369395
75836.6,0.369367
75856.5,0.369339
75876.4,0.369311
75896.3,0.369283
75916.2,0.369256
75936.1,0.369228
75956,0.3692
75975.9,0.369172
75995.8,0.369144
76015.7,0.369117
76035.6,0.369089
76055.5,0.369061
76075.4,0.369033
76095.3,0.369005
76115.2,0.368978
76135.1,0.36895
76155,0.368922
76174.9,0.368894
76194.8,0.368866
76214.7,0.368838
76234.6,0.368811
76254.5,0.368783
76274.5,0.368755
76294.4,0.368727
76314.3,0.368699
76334.2,0.368672
76354.1,0.368644
76374,0.368616
76393.9,0.368589
76413.8,0.368562
76433.7,0.368535
76453.6,0.368508
76473.5,0.36848
76493.4,0.368453
76513.3,0.368426
76533.2,0.368399
76553.1,0.368372
76573,0.368345
76592.9,0.368318
76612.8,0.368291
76632.7,0.368264
76652.6,0.368237
76672.5,0.36821
76692.4,0.368183
76712.3,0.368156
76732.2,0.368129
76752.1,0.368102
76772.1,0.368075
76792,0.368047
76811.9,0.36802
76831.8,0.367993
76851.7,0.367966
76871.6,0.367939
76891.5,0.367912
76911.4,0.367885
76931.3,0.367858
76951.2,0.367831
76971.1,0.367804
76991,0.367777
77010.9,0.36775
77030.8,0.367723
77050.7,0.367696
77070.6,0.367669
77090.5,0.367641
77110.4,0.367614
77130.3,0.367587
77150.2,0.36756
77170.1,0.367533
77190,0.367506
77209.9,0.367479
77229.8,0.367452
77249.8,0.367425
77269.6,0.367398
77289.6,0.367371
77309.5,0.367344
77329.4,0.367317
77349.3,0.36729
77369.2,0.367263
77389.1,0.367235
77409,0.367208
77428.9,0.367181
77448.8,0.367154
77468.7,0.367127
77488.6,0.3671
77508.5,0.367073
77528.4,0.367046
77548.3,0.367019
77568.2,0.366992
77588.1,0.366965
77608,0.366938
77627.9,0.366911
77647.8,0.366884
77667.7,0.366857
77687.6,0.36683
77707.5,0.366802
77727.4,0.366775
77747.4,0.366748
77767.3,0.366721
77787.2,0.366694
77807.1,0.366667
77827,0.36664
77846.9,0.366613
77866.8,0.366586
77886.7,0.36656
77906.6,0.366534
77926.5,0.366509
77946.4,0.366484
77966.3,0.366459
77986.2,0.366433
78006.1,0.366408
78026,0.366383
78045.9,0.366358
78065.8,0.366332
78085.7,0.366307
78105.6,0.366282
78125.5,0.366257
78145.4,0.366232
78165.3,0.366206
78185.2,0.366181
78205.1,0.366156
78225,0.366131
78245,0.366105
78264.9,0.36608
78284.8,0.366055
78304.7,0.36603
78324.6,0.366005
78344.5,0.365979
78364.4,0.365954
78384.3,0.365929
78404.2,0.365904
78424.1,0.365878
78444,0.365853
78463.9,0.365828
78483.8,0.365803
78503.7,0.365778
78523.6,0.365752
78543.5,0.365727
78563.4,0.365702
78583.3,0.365677
78603.2,0.365651
78623.1,0.365626
78643,0.365601
78662.9,0.365576
78682.8,0.365551
78702.7,0.365525
78722.6,0.3655
78742.5,0.365475
78762.5,0.36545
78782.4,0.365424
78802.3,0.365399
78822.2,0.365374
78842.1,0.365349
78862,0.365323
78881.9,0.365298
78901.8,0.365273
78921.7,0.365248
78941.6,0.365223
78961.5,0.365197
78981.4,0.365172
79001.3,0.365147
79021.2,0.365122
79041.1,0.365096
79061,0.365071
79080.9,0.365046
79100.8,0.365021
79120.7,0.364996
79140.6,0.36497
79160.5,0.364945
79180.4,0.36492
79200.3,0.364895
79220.3,0.364869
79240.1,0.364844
79260.1,0.364819
79280,0.364794
79299.9,0.364769
79319.8,0.364743
79339.7,0.364718
79359.6,0.364693
79379.5,0.364668
79399.4,0.364642
79419.3,0.364616
79439.2,0.36459
79459.1,0.364564
79479,0.364537
79498.9,0.364511
79518.8,0.364485
79538.7,0.364458
79558.6,0.364432
79578.5,0.364406
79598.4,0.364379
79618.3,0.364353
79638.2,0.364327
79658.1,0.3643
79678,0.364274
79697.9,0.364248
79717.8,0.364221
79737.8,0.364195
79757.7,0.364169
79777.6,0.364143
79797.5,0.364116
79817.4,0.36409
79837.3,0.364064
79857.2,0.364037
79877.1,0.364011
79897,0.363985
79916.9,0.363958
79936.8,0.363932
79956.7,0.363906
79976.6,0.363879
79996.5,0.363853
80016.4,0.363829
80036.3,0.363805
80056.2,0.363781
80076.1,0.363758
80096,0.363734
80115.9,0.36371
80135.8,0.363686
80155.7,0.363663
80175.6,0.363639
80195.5,0.363615
80215.4,0.363591
80235.3,0.363568
80255.3,0.363544
80275.2,0.36352
80295.1,0.363497
80315,0.363473
80334.9,0.363449
80354.8,0.363425
80374.7,0.363402
80394.6,0.363378
80414.5,0.363354
80434.4,0.36333
80454.3,0.363307
80474.2,0.363283
80494.1,0.363259
80514,0.363235
80533.9,0.363212
80553.8,0.363188
80573.7,0.363164
80593.6,0.36314
80613.5,0.363117
80633.4,0.363093
80653.3,0.363069
80673.2,0.363045
80693.1,0.363022
80713,0.362998
80732.9,0.362974
80752.9,0.36295
80772.8,0.362927
80792.7,0.362903
80812.6,0.362879
80832.5,0.362855
80852.4,0.362832
80872.3,0.362808
80892.2,0.362784
80912.1,0.362761
80932,0.362737
80951.9,0.362713
80971.8,0.362687
80991.7,0.362662
81011.6,0.362636
81031.5,0.362611
81051.4,0.362585
81071.3,0.36256
81091.2,0.362534
81111.1,0.362509
81131,0.362483
81150.9,0.362458
81170.8,0.362432
81190.7,0.362406
81210.6,0.362381
81230.5,0.362355
81250.4,0.36233
81270.4,0.362304
81290.3,0.362279
81310.2,0.362253
81330.1,0.362228
81350,0.362202
81369.9,0.362177
81389.8,0.362151
81409.7,0.362126
81429.6,0.3621
81449.5,0.362075
81469.4,0.362049
81489.3,0.362024
81509.2,0.361998
81529.1,0.361972
81549,0.361947
81568.9,0.361921
81588.8,0.361896
81608.7,0.36187
81628.6,0.361845
81648.5,0.361819
81668.4,0.361794
81688.3,0.361768
81708.2,0.361743
81728.1,0.361717
81748,0.361692
81768,0.361666
81787.9,0.361641
81807.8,0.361615
81827.7,0.361589
81847.6,0.361564
81867.5,0.361538
81887.4,0.361513
81907.3,0.361487
81927.2,0.361462
81947.1,0.361436
81967,0.361411
81986.9,0.361385
82006.8,0.36136
82026.7,0.361334
82046.6,0.361309
82066.5,0.361283
82086.4,0.361258
82106.3,0.361232
82126.2,0.361206
82146.1,0.361181
82166,0.361155
82185.9,0.36113
82205.8,0.361104
82225.8,0.361079
82245.6,0.361053
82265.6,0.361028
82285.5,0.361002
82305.4,0.360977
82325.3,0.360951
82345.2,0.360926
82365.1,0.3609
82385,0.360875
82404.9,0.360849
82424.8,0.360823
82444.7,0.360798
82464.6,0.360772
82484.5,0.360747
82504.4,0.360721
82524.3,0.360696
82544.2,0.360671
82564.1,0.360647
82584,0.360623
82603.9,0.360599
82623.8,0.360575
82643.7,0.360552
82663.6,0.360528
82683.5,0.360504
82703.4,0.36048
82723.3,0.360456
82743.3,0.360433
82763.2,0.360409
82783.1,0.360385
82803,0.360361
82822.9,0.360337
82842.8,0.360313
82862.7,0.36029
82882.6,0.360266
82902.5,0.360242
82922.4,0.360218
82942.3,0.360194
82962.2,0.360171
82982.1,0.360147
83002,0.360123
83021.9,0.360099
83041.8,0.360075
83061.7,0.360051
83081.6,0.360028
83101.5,0.360004
83121.4,0.35998
83141.3,0.359956
83161.2,0.359932
83181.1,0.359909
83201,0.359885
83220.9,0.359861
83240.9,0.359837
83260.8,0.359813
83280.7,0.35979
83300.6,0.359766
83320.5,0.359742
83340.4,0.359718
83360.3,0.359694
83380.2,0.35967
83400.1,0.359647
83420,0.359623
83439.9,0.359599
83459.8,0.359575
83479.7,0.359551
83499.6,0.359528
83519.5,0.359504
83539.4,0.35948
83559.3,0.359456
83579.2,0.359432
83599.1,0.359408
83619,0.359385
83638.9,0.359361
83658.8,0.359337
83678.7,0.359313
83698.6,0.359289
83718.5,0.359266
83738.5,0.359242
83758.4,0.359218
83778.3,0.359194
83798.2,0.35917
83818.1,0.359147
83838,0.359123
83857.9,0.359099
83877.8,0.359075
83897.7,0.359051
83917.6,0.359027
83937.5,0.359004
83957.4,0.35898
83977.3,0.358956
83997.2,0.358932
84017.1,0.358908
84037,0.358885
84056.9,0.358861
84076.8,0.358837
84096.7,0.358813
84116.6,0.358789
84136.5,0.358765
84156.4,0.358742
84176.3,0.358719
84196.2,0.358695
84216.1,0.358672
84236,0.358649
84255.9,0.358626
84275.9,0.358602
84295.8,0.358579
84315.7,0.358556
84335.6,0.358533
84355.5,0.358509
84375.4,0.358486
84395.3,0.358463
84415.2,0.35844
84435.1,0.358416
84455,0.358393
84474.9,0.35837
84494.8,0.358347
84514.7,0.358324
84534.6,0.3583
84554.5,0.358277
84574.4,0.358254
84594.3,0.358231
84614.2,0.358207
84634.1,0.358184
84654,0.358161
84673.9,0.358138
84693.8,0.358114
84713.7,0.358091
84733.6,0.358068
84753.5,0.358045
84773.5,0.358021
84793.4,0.357998
84813.3,0.357975
84833.2,0.357952
84853.1,0.357929
84873,0.357905
84892.9,0.357882
84912.8,0.357859
84932.7,0.357836
84952.6,0.357812
84972.5,0.357789
84992.4,0.357766
85012.3,0.357743
85032.2,0.357719
85052.1,0.357696
85072,0.357673
85091.9,0.35765
85111.8,0.357626
85131.7,0.357603
85151.6,0.35758
85171.5,0.357557
85191.4,0.357534
85211.3,0.35751
85231.2,0.357487
85251.1,0.357464
85271.1,0.357441
85291,0.357417
85310.9,0.357394
85330.8,0.357371
85350.7,0.357348
85370.6,0.357324
85390.5,0.357301
85410.4,0.357278
85430.3,0.357255
85450.2,0.357231
85470.1,0.357208
85490,0.357185
85509.9,0.357162
85529.8,0.357138
85549.7,0.357115
85569.6,0.357092
85589.5,0.357069
85609.4,0.357046
85629.3,0.357022
85649.2,0.356999
85669.1,0.356976
85689,0.356953
85708.9,0.356929
85728.8,0.356906
85748.8,0.356883
85768.7,0.35686
85788.6,0.356836
85808.5,0.356814
85828.4,0.356792
85848.3,0.356771
85868.2,0.356749
85888.1,0.356727
85908,0.356706
85927.9,0.356684
85947.8,0.356663
85967.7,0.356641
85987.6,0.356619
86007.5,0.356598
86027.4,0.356576
86047.3,0.356555
86067.2,0.356533
86087.1,0.356511
86107,0.35649
86126.9,0.356468
86146.8,0.356447
86166.7,0.356425
86186.6,0.356403
86206.5,0.356382
86226.4,0.35636
86246.4,0.356338
86266.3,0.356317
86286.2,0.356295
86306.1,0.356274
86326,0.356252
86345.9,0.35623
86365.8,0.356209
86385.7,0.356187
86405.6,0.356166
86425.5,0.356144
86445.4,0.356122
86465.3,0.356101
86485.2,0.356079
86505.1,0.356058
86525,0.356036
86544.9,0.356014
86564.8,0.355993
86584.7,0.355971
86604.6,0.35595
86624.5,0.355928
86644.4,0.355906
86664.3,0.355885
86684.2,0.355863
86704.1,0.355841
86724,0.35582
86744,0.355798
86763.9,0.355777
86783.8,0.355755
86803.7,0.355733
86823.6,0.355712
86843.5,0.35569
86863.4,0.355669
86883.3,0.355647
86903.2,0.355625
86923.1,0.355604
86943,0.355582
86962.9,0.355561
86982.8,0.355539
87002.7,0.355517
87022.6,0.355496
87042.5,0.355474
87062.4,0.355453
87082.3,0.355431
87102.2,0.355409
87122.1,0.355388
87142,0.355366
87161.9,0.355344
87181.8,0.355323
87201.7,0.355301
87221.6,0.35528
87241.5,0.355258
87261.5,0.355236
87281.4,0.355215
87301.3,0.355193
87321.2,0.355172
87341.1,0.35515
87361,0.355128
87380.9,0.355107
87400.8,0.355085
87420.7,0.355064
87440.6,0.355042
87460.5,0.35502
87480.4,0.354998
87500.3,0.354976
87520.2,0.354953
87540.1,0.354931
87560,0.354909
87579.9,0.354886
87599.8,0.354864
87619.7,0.354841
87639.6,0.354819
87659.5,0.354796
87679.4,0.354774
87699.3,0.354752
87719.2,0.354729
87739.1,0.354707
87759.1,0.354684
87779,0.354662
87798.9,0.35464
87818.8,0.354617
87838.7,0.354595
87858.6,0.354572
87878.5,0.35455
87898.4,0.354527
87918.3,0.354505
87938.2,0.354483
87958.1,0.35446
87978,0.354438
87997.9,0.354415
88017.8,0.354393
88037.7,0.354371
88057.6,0.354348
88077.5,0.354326
88097.4,0.354303
88117.3,0.354281
88137.2,0.354258
88157.1,0.354236
88177,0.354214
88196.9,0.354191
88216.8,0.354169
88236.7,0.354146
88256.6,0.354124
88276.6,0.354101
88296.5,0.354079
88316.4,0.354057
88336.3,0.354034
88356.2,0.354012
88376.1,0.353989
88396,0.353967
88415.9,0.353944
88435.8,0.353922
88455.7,0.3539
88475.6,0.353877
88495.5,0.353855
88515.4,0.353832
88535.3,0.35381
88555.2,0.353788
88575.1,0.353765
88595,0.353743
88614.9,0.35372
88634.8,0.353698
88654.7,0.353675
88674.6,0.353653
88694.5,0.353631
88714.4,0.353608
88734.3,0.353586
88754.3,0.353563
88774.1,0.353541
88794.1,0.353518
88814,0.353496
88833.9,0.353474
88853.8,0.353451
88873.7,0.353429
88893.6,0.353406
88913.5,0.353384
88933.4,0.353362
88953.3,0.353339
88973.2,0.353317
88993.1,0.353294
89013,0.353272
89032.9,0.353249
89052.8,0.353227
89072.7,0.353205
89092.6,0.353182
89112.5,0.35316
89132.4,0.353137
89152.3,0.353115
89172.2,0.353092
89192.1,0.35307
89212,0.353048
89231.9,0.353027
89251.9,0.353005
89271.8,0.352983
89291.7,0.352961
89311.6,0.352939
89331.5,0.352917
89351.4,0.352895
89371.3,0.352873
89391.2,0.352851
89411.1,0.352829
89431,0.352807
89450.9,0.352786
89470.8,0.352764
89490.7,0.352742
89510.6,0.35272
89530.5,0.352698
89550.4,0.352676
89570.3,0.352654
89590.2,0.352632
89610.1,0.35261
89630,0.352588
89649.9,0.352566
89669.8,0.352545
89689.7,0.352523
89709.6,0.352501
89729.5,0.352479
89749.5,0.352457
89769.4,0.352435
89789.3,0.352413
89809.2,0.352391
89829.1,0.352369
89849,0.352347
89868.9,0.352325
89888.8,0.352304
89908.7,0.352282
89928.6,0.35226
89948.5,0.352238
89968.4,0.352216
89988.3,0.352194
90008.2,0.352172
90028.1,0.35215
90048,0.352128
90067.9,0.352106
90087.8,0.352084
90107.7,0.352063
90127.6,0.352041
90147.5,0.352019
90167.4,0.351997
90187.3,0.351975
90207.2,0.351953
90227.1,0.351931
90247,0.351909
90267,0.351887
90286.9,0.351865
90306.8,0.351843
90326.7,0.351822
90346.6,0.3518
90366.5,0.351778
90386.4,0.351756
90406.3,0.351734
90426.2,0.351712
90446.1,0.35169
90466,0.351668
90485.9,0.351646
90505.8,0.351624
90525.7,0.351602
90545.6,0.351581
90565.5,0.351559
90585.4,0.351537
90605.3,0.351515
90625.2,0.351493
90645.1,0.351471
90665,0.351449
90684.9,0.351427
90704.8,0.351405
90724.8,0.351383
90744.6,0.351361
90764.6,0.351339
90784.5,0.351318
90804.4,0.351296
90824.3,0.351274
90844.2,0.351252
90864.1,0.35123
90884,0.351208
90903.9,0.351186
90923.8,0.351164
90943.7,0.351143
90963.6,0.351123
90983.5,0.351103
91003.4,0.351083
91023.3,0.351062
91043.2,0.351042
91063.1,0.351022
91083,0.351002
91102.9,0.350981
91122.8,0.350961
91142.7,0.350941
91162.6,0.35092
91182.5,0.3509
91202.4,0.35088
91222.3,0.35086
91242.3,0.350839
91262.2,0.350819
91282.1,0.350799
91302,0.350779
91321.9,0.350758
91341.8,0.350738
91361.7,0.350718
91381.6,0.350697
91401.5,0.350677
91421.4,0.350657
91441.3,0.350637
91461.2,0.350616
91481.1,0.350596
91501,0.350576
91520.9,0.350556
91540.8,0.350535
91560.7,0.350515
91580.6,0.350495
91600.5,0.350474
91620.4,0.350454
91640.3,0.350434
91660.2,0.350414
91680.1,0.350393
91700,0.350373
91719.9,0.350353
91739.9,0.350332
91759.8,0.350312
91779.7,0.350292
91799.6,0.350272
91819.5,0.350251
91839.4,0.350231
91859.3,0.350211
91879.2,0.350191
91899.1,0.35017
91919,0.35015
91938.9,0.35013
91958.8,0.35011
91978.7,0.350089
91998.6,0.350069
92018.5,0.350049
92038.4,0.350028
92058.3,0.350008
92078.2,0.349988
92098.1,0.349968
92118,0.349947
92137.9,0.349927
92157.8,0.349907
92177.7,0.349887
92197.6,0.349866
92217.5,0.349846
92237.4,0.349826
92257.4,0.349805
92277.3,0.349785
92297.2,0.349765
92317.1,0.349745
92337,0.349724
92356.9,0.349704
92376.8,0.349684
92396.7,0.349663
92416.6,0.349643
92436.5,0.349623
92456.4,0.349603
92476.3,0.349582
92496.2,0.349562
92516.1,0.349542
92536,0.349522
92555.9,0.349501
92575.8,0.349481
92595.7,0.349461
92615.6,0.34944
92635.5,0.34942
92655.4,0.3494
92675.3,0.34938
92695.2,0.349359
92715.1,0.349339
92735,0.349318
92754.9,0.349297
92774.9,0.349275
92794.8,0.349254
92814.7,0.349233
92834.6,0.349212
92854.5,0.349191
92874.4,0.349169
92894.3,0.349148
92914.2,0.349127
92934.1,0.349106
92954,0.349085
92973.9,0.349064
92993.8,0.349042
93013.7,0.349021
93033.6,0.349
93053.5,0.348979
93073.4,0.348958
93093.3,0.348936
93113.2,0.348915
93133.1,0.348894
93153,0.348873
93172.9,0.348852
93192.8,0.34883
93212.7,0.348809
93232.6,0.348788
93252.5,0.348767
93272.5,0.348746
93292.4,0.348725
93312.3,0.348703
93332.2,0.348682
93352.1,0.348661
93372,0.34864
93391.9,0.348619
93411.8,0.348597
93431.7,0.348576
93451.6,0.348555
93471.5,0.348534
93491.4,0.348513
93511.3,0.348492
93531.2,0.34847
93551.1,0.348449
93571,0.348428
93590.9,0.348407
93610.8,0.348386
93630.7,0.348364
93650.6,0.348343
93670.5,0.348322
93690.4,0.348301
93710.3,0.34828
93730.3,0.348259
93750.1,0.348237
93770.1,0.348216
93790,0.348195
93809.9,0.348174
93829.8,0.348153
93849.7,0.348131
93869.6,0.34811
93889.5,0.348089
93909.4,0.348068
93929.3,0.348047
93949.2,0.348026
93969.1,0.348004
93989,0.347983
94008.9,0.347962
94028.8,0.347941
94048.7,0.34792
94068.6,0.347898
94088.5,0.347877
94108.4,0.347856
94128.3,0.347835
94148.2,0.347814
94168.1,0.347793
94188,0.347771
94207.9,0.34775
94227.8,0.347729
94247.8,0.347708
94267.7,0.347687
94287.6,0.347665
94307.5,0.347644
94327.4,0.347623
94347.3,0.347602
94367.2,0.347581
94387.1,0.34756
94407,0.347538
94426.9,0.347517
94446.8,0.347496
94466.7,0.347475
94486.6,0.347454
94506.5,0.347432
94526.4,0.347412
94546.3,0.347392
94566.2,0.347373
94586.1,0.347353
94606,0.347334
94625.9,0.347314
94645.8,0.347295
94665.7,0.347275
94685.6,0.347256
94705.5,0.347236
94725.4,0.347217
94745.4,0.347197
94765.3,0.347178
94785.2,0.347158
94805.1,0.347139
94825,0.347119
94844.9,0.3471
94864.8,0.34708
94884.7,0.347061
94904.6,0.347041
94924.5,0.347022
94944.4,0.347002
94964.3,0.346983
94984.2,0.346963
95004.1,0.346944
95024,0.346924
95043.9,0.346905
95063.8,0.346885
95083.7,0.346866
95103.6,0.346846
95123.5,0.346827
95143.4,0.346807
95163.3,0.346788
95183.2,0.346768
95203.1,0.346749
95223,0.346729
95243,0.34671
95262.9,0.34669
95282.8,0.346671
95302.7,0.346651
95322.6,0.346632
95342.5,0.346612
95362.4,0.346593
95382.3,0.346573
95402.2,0.346554
95422.1,0.346534
95442,0.346514
95461.9,0.346495
95481.8,0.346475
95501.7,0.346456
95521.6,0.346436
95541.5,0.346417
95561.4,0.346397
95581.3,0.346378
95601.2,0.346358
95621.1,0.346339
95641,0.346319
95660.9,0.3463
95680.8,0.34628
95700.7,0.346261
95720.6,0.346241
95740.6,0.346222
95760.5,0.346202
95780.4,0.346183
95800.3,0.346163
95820.2,0.346144
95840.1,0.346124
95860,0.346105
95879.9,0.346085
95899.8,0.346066
95919.7,0.346046
95939.6,0.346027
95959.5,0.346007
95979.4,0.345988
95999.3,0.345968
96019.2,0.345949
96039.1,0.345929
96059,0.34591
96078.9,0.34589
96098.8,0.345871
96118.7,0.345851
96138.6,0.345832
96158.5,0.345812
96178.4,0.345793
96198.3,0.345773
96218.2,0.345754
96238.1,0.345734
96258,0.345715
96278,0.345695
96297.9,0.345676
96317.8,0.345656
96337.7,0.345637
96357.6,0.345617
96377.5,0.345598
96397.4,0.345579
96417.3,0.345559
96437.2,0.34554
96457.1,0.345521
96477,0.345502
96496.9,0.345483
96516.8,0.345463
96536.7,0.345444
96556.6,0.345425
96576.5,0.345406
96596.4,0.345387
96616.3,0.345367
96636.2,0.345348
96656.1,0.345329
96676,0.34531
96695.9,0.345291
96715.8,0.345272
96735.7,0.345252
96755.6,0.345233
96775.6,0.345214
96795.5,0.345195
96815.4,0.345176
96835.3,0.345156
96855.2,0.345137
96875.1,0.345118
96895,0.345099
96914.9,0.34508
96934.8,0.34506
96954.7,0.345041
96974.6,0.345022
96994.5,0.345003
97014.4,0.344984
97034.3,0.344964
97054.2,0.344945
97074.1,0.344926
97094,0.344907
97113.9,0.344888
97133.8,0.344868
97153.7,0.344849
97173.6,0.34483
97193.5,0.344811
97213.4,0.344792
97233.3,0.344772
97253.3,0.344753
97273.2,0.344734
97293.1,0.344715
97313,0.344696
97332.9,0.344676
97352.8,0.344657
97372.7,0.344638
97392.6,0.344619
97412.5,0.3446
97432.4,0.344581
97452.3,0.344561
97472.2,0.344542
97492.1,0.344523
97512,0.344504
97531.9,0.344485
97551.8,0.344465
97571.7,0.344446
97591.6,0.344427
97611.5,0.344408
97631.4,0.344389
97651.3,0.344369
97671.2,0.34435
97691.1,0.344331
97711,0.344312
97730.9,0.344293
97750.9,0.344273
97770.8,0.344254
97790.7,0.344235
97810.6,0.344216
97830.5,0.344197
97850.4,0.344177
97870.3,0.344158
97890.2,0.344139
97910.1,0.34412
97930,0.344101
97949.9,0.344081
97969.8,0.344062
97989.7,0.344043
98009.6,0.344024
98029.5,0.344005
98049.4,0.343985
98069.3,0.343966
98089.2,0.343947
98109.1,0.343928
98129,0.343909
98148.9,0.343889
98168.8,0.34387
98188.7,0.343851
98208.6,0.343832
98228.5,0.343813
98248.5,0.343794
98268.4,0.343774
98288.3,0.343755
98308.2,0.343736
98328.1,0.343716
98348,0.343697
98367.9,0.343678
98387.8,0.343658
98407.7,0.343639
98427.6,0.34362
98447.5,0.3436
98467.4,0.343581
98487.3,0.343562
98507.2,0.343542
98527.1,0.343523
98547,0.343504
98566.9,0.343484
98586.8,0.343465
98606.7,0.343446
98626.6,0.343426
98646.5,0.343407
98666.4,0.343388
98686.3,0.343368
98706.2,0.343349
98726.1,0.34333
98746,0.34331
98766,0.343291
98785.9,0.343272
98805.8,0.343252
98825.7,0.343233
98845.6,0.343214
98865.5,0.343194
98885.4,0.343175
98905.3,0.343156
98925.2,0.343136
98945.1,0.343117
98965,0.343098
98984.9,0.343078
99004.8,0.343059
99024.7,0.34304
99044.6,0.34302
99064.5,0.343001
99084.4,0.342982
99104.3,0.342962
99124.2,0.342943
99144.1,0.342924
99164,0.342904
99183.9,0.342885
99203.8,0.342866
99223.8,0.342846
99243.6,0.342827
99263.6,0.342808
99283.5,0.342788
99303.4,0.342769
99323.3,0.34275
99343.2,0.34273
99363.1,0.342711
99383,0.342692
99402.9,0.342672
99422.8,0.342653
99442.7,0.342634
99462.6,0.342614
99482.5,0.342595
99502.4,0.342576
99522.3,0.342556
99542.2,0.342537
99562.1,0.342518
99582,0.342498
99601.9,0.342479
99621.8,0.34246
99641.7,0.34244
99661.6,0.342421
99681.5,0.342402
99701.4,0.342382
99721.3,0.342363
99741.3,0.342344
99761.2,0.342324
99781.1,0.342305
99801,0.342286
99820.9,0.342266
99840.8,0.342247
99860.7,0.342228
99880.6,0.342208
99900.5,0.342189
99920.4,0.34217
99940.3,0.34215
99960.2,0.342131
99980.1,0.342112
100000,0.342092