500,187978
519.904,183966
539.808,179953
559.712,175940
579.616,171928
599.52,167915
619.424,163903
639.328,159890
659.232,155878
679.136,151865
699.04,147853
718.944,143840
738.848,139827
758.752,135815
778.656,131802
798.56,127790
818.464,123777
838.368,119765
858.272,115752
878.176,111740
898.08,107727
917.984,103714
937.888,99701.9
957.792,95689.3
977.696,91676.8
997.599,87664.2
1017.5,83651.7
1037.41,79862.7
1057.31,76246.3
1077.22,72959.1
1097.12,69809.1
1117.02,66796.8
1136.93,64019.8
1156.83,61460.7
1176.74,58979.2
1196.64,56634.7
1216.54,54464.3
1236.45,52313.6
1256.35,50337.5
1276.26,48499
1296.16,46734.7
1316.06,45054.9
1335.97,43471.3
1355.87,41960.5
1375.78,40496.2
1395.68,39118.5
1415.58,37832.6
1435.49,36565.4
1455.39,35363.6
1475.3,34219.1
1495.2,33145.5
1515.1,32094.5
1535.01,31045.3
1554.91,30009.1
1574.81,29073.8
1594.72,28168.8
1614.62,27292.9
1634.53,26465.9
1654.43,25661.8
1674.33,24892.5
1694.24,24152.1
1714.14,23439
1734.05,22758.8
1753.95,22097.9
1773.85,21492.7
1793.76,20899
1813.66,20319.8
1833.57,19761.6
1853.47,19213.4
1873.37,18697.8
1893.28,18189.9
1913.18,17720.2
1933.09,17258.6
1952.99,16820.3
1972.89,16391.9
1992.8,15981.9
2012.7,15572.5
2032.61,15183.3
2052.51,14801.9
2072.41,14430.8
2092.32,14067.3
2112.22,13714.3
2132.13,13376.9
2152.03,13062.3
2171.93,12751.5
2191.84,12449.8
2211.74,12151.8
2231.65,11869.8
2251.55,11588.4
2271.45,11329.2
2291.36,11070
2311.26,10825.4
2331.17,10584
2351.07,10350
2370.97,10121.7
2390.88,9898.46
2410.78,9690.48
2430.69,9482.5
2450.59,9282.69
2470.49,9083.96
2490.4,8894.48
2510.3,8713.46
2530.21,8532.98
2550.11,8360.83
2570.01,8188.68
2589.92,8025.46
2609.82,7868.22
2629.73,7711.27
2649.63,7561.84
2669.53,7412.41
2689.44,7267.81
2709.34,7128.57
2729.25,6989.33
2749.15,6860.3
2769.05,6732.92
2788.96,6606.48
2808.86,6485.47
2828.77,6364.46
2848.67,6247.86
2868.57,6136.99
2888.48,6026.11
2908.38,5919.81
2928.29,5816.28
2948.19,5712.75
2968.09,5612.67
2988,5513.69
3007.9,5415.19
3027.81,5322
3047.71,5229.34
3067.61,5136.69
3087.52,5049.96
3107.42,4963.67
3127.33,4877.39
3147.23,4796.2
3167.13,4715.49
3187.04,4634.77
3206.94,4559.66
3226.85,4485.53
3246.75,4411.4
3266.65,4340.03
3286.56,4269.92
3306.46,4199.81
3326.37,4132.42
3346.27,4067.53
3366.17,4002.64
3386.08,3938.92
3405.98,3878.58
3425.89,3818.24
3445.79,3757.9
3465.69,3701.98
3485.6,3646.34
3505.5,3590.7
3525.41,3536.46
3545.31,3483.48
3565.21,3430.51
3585.12,3378
3605.02,3329.38
3624.92,3280.77
3644.83,3232.15
3664.73,3185.67
3684.64,3140.66
3704.54,3095.66
3724.45,3050.66
3744.35,3008.42
3764.25,2966.27
3784.16,2924.11
3804.06,2882.8
3823.96,2843.42
3843.87,2804.03
3863.77,2764.65
3883.68,2726.99
3903.58,2690.55
3923.48,2654.11
3943.39,2617.67
3963.29,2582.75
3983.2,2548.28
4003.1,2513.89
4023,2479.86
4042.91,2447.58
4062.81,2415.5
4082.72,2383.42
4102.62,2351.34
4122.52,2321.32
4142.43,2291.45
4162.33,2261.59
4182.24,2231.72
4202.14,2203.72
4222.04,2175.91
4241.95,2148.09
4261.85,2120.28
4281.76,2093.94
4301.66,2067.98
4321.56,2042.03
4341.47,2016.08
4361.37,1991.3
4381.28,1967.23
4401.18,1943.17
4421.08,1919.1
4440.99,1895.6
4460.89,1873.13
4480.8,1850.66
4500.7,1828.19
4520.6,1805.71
4540.51,1784.9
4560.41,1764.13
4580.32,1743.35
4600.22,1722.58
4620.12,1702.51
4640.03,1683
4659.93,1663.49
4679.84,1643.98
4699.74,1624.53
4719.64,1606.62
4739.55,1588.72
4759.45,1570.81
4779.36,1552.91
4799.26,1535.48
4819.16,1518.73
4839.07,1501.97
4858.97,1485.22
4878.88,1468.47
4898.78,1452.49
4918.68,1436.87
4938.59,1421.25
4958.49,1405.62
4978.4,1390
4998.3,1374.59
5018.2,1360.12
5038.11,1345.73
5058.01,1331.34
5077.92,1316.95
5097.82,1303.23
5117.72,1289.52
5137.63,1275.81
5157.53,1262.09
5177.44,1248.4
5197.34,1235.68
5217.24,1222.95
5237.15,1210.23
5257.05,1197.5
5276.96,1184.78
5296.86,1172.95
5316.76,1161.18
5336.67,1149.4
5356.57,1137.63
5376.48,1125.85
5396.38,1114.73
5416.28,1103.8
5436.19,1092.87
5456.09,1081.94
5476,1071.01
5495.9,1060.43
5515.8,1050.28
5535.71,1040.13
5555.61,1029.98
5575.52,1019.83
5595.42,1009.72
5615.32,1000.08
5635.23,990.453
5655.13,980.821
5675.04,971.189
5694.94,961.556
5714.84,952.472
5734.75,943.761
5754.65,935.049
5774.55,926.338
5794.46,917.626
5814.36,908.915
5834.27,900.665
5854.17,892.432
5874.07,884.198
5893.98,875.964
5913.88,867.73
5933.79,859.653
5953.69,851.96
5973.59,844.267
5993.5,836.574
6013.4,828.963
6033.31,821.394
6053.21,814.039
6073.11,806.936
6093.02,799.832
6112.92,792.728
6132.83,785.624
6152.73,778.52
6172.63,771.628
6192.54,764.96
6212.44,758.293
6232.35,751.625
6252.25,744.958
6272.15,738.29
6292.06,731.851
6311.96,725.685
6331.87,719.518
6351.77,713.352
6371.67,707.185
6391.58,701.019
6411.48,694.968
6431.39,689.219
6451.29,683.469
6471.19,677.72
6491.1,671.971
6511,666.222
6530.91,660.473
6550.81,655.153
6570.71,649.836
6590.62,644.519
6610.52,639.201
6630.43,633.884
6650.33,628.566
6670.23,623.445
6690.14,618.474
6710.04,613.503
6729.95,608.531
6749.85,603.561
6769.75,598.589
6789.66,593.631
6809.56,589.044
6829.47,584.458
6849.37,579.871
6869.27,575.284
6889.18,570.698
6909.08,566.111
6928.99,561.623
6948.89,557.319
6968.79,553.015
6988.7,548.711
7008.6,544.407
7028.51,540.103
7048.41,535.798
7068.31,531.682
7088.22,527.707
7108.12,523.732
7128.03,519.758
7147.93,515.783
7167.83,511.809
7187.74,507.834
7207.64,504.036
7227.55,500.339
7247.45,496.641
7267.35,492.944
7287.26,489.246
7307.16,485.549
7327.07,481.852
7346.97,478.294
7366.87,474.851
7386.78,471.408
7406.68,467.965
7426.59,464.522
7446.49,461.079
7466.39,457.636
7486.3,454.278
7506.2,451.066
7526.1,447.855
7546.01,444.644
7565.91,441.433
7585.82,438.221
7605.72,435.01
7625.63,431.806
7645.53,428.81
7665.43,425.815
7685.34,422.82
7705.24,419.824
7725.15,3148.95
7745.05,3129.17
7764.95,3109.4
7784.86,3090.16
7804.76,3071.46
7824.67,3052.77
7844.57,3034.07
7864.47,3015.37
7884.38,2996.68
7904.28,2977.98
7924.18,2959.28
7944.09,2941.31
7963.99,2923.45
7983.9,2905.6
8003.8,2887.83
8023.7,2870.39
8043.61,2852.95
8063.51,2835.51
8083.42,2818.13
8103.32,2801.64
8123.23,2785.14
8143.13,2768.64
8163.03,2752.14
8182.94,2735.65
8202.84,2719.15
8222.74,2702.65
8242.65,2686.27
8262.55,2670.64
8282.46,2655.01
8302.36,2639.38
8322.26,2623.75
8342.17,2608.13
8362.07,2592.5
8381.98,2576.87
8401.88,2561.28
8421.78,2546.49
8441.69,2531.7
8461.59,2516.91
8481.5,2502.12
8501.4,2487.33
8521.3,2472.54
8541.21,2457.75
8561.11,2442.96
8581.02,2428.9
8600.92,2415.03
8620.82,2401.15
8640.73,2387.28
8660.63,2373.4
8680.54,2359.53
8700.44,2345.66
8720.34,2331.78
8740.25,2318.3
8760.15,2305.39
8780.06,2292.47
8799.96,2279.56
8819.86,2266.65
8839.77,2253.73
8859.67,2240.82
8879.58,2227.9
8899.48,2214.99
8919.38,2202.6
8939.29,2190.32
8959.19,2178.05
8979.1,2165.77
8999,2153.49
9018.9,2141.22
9038.81,2128.94
9058.71,2116.67
9078.62,2104.46
9098.52,2093.07
9118.42,2081.68
9138.33,2070.29
9158.23,2058.9
9178.14,2047.51
9198.04,2036.12
9217.94,2024.73
9237.85,2013.34
9257.75,2002.05
9277.66,1991.35
9297.56,1980.65
9317.46,1969.95
9337.37,1959.24
9357.27,1948.54
9377.17,1937.84
9397.08,1927.14
9416.98,1916.44
9436.89,1905.76
9456.79,1895.63
9476.7,1885.5
9496.6,1875.37
9516.5,1865.23
9536.41,1855.1
9556.31,1844.97
9576.21,1834.83
9596.12,1824.7
9616.02,1814.57
9635.93,1805.07
9655.83,1795.73
9675.74,1786.39
9695.64,1777.05
9715.54,1767.71
9735.45,1758.37
9755.35,1749.03
9775.25,1739.69
9795.16,1730.35
9815.06,1721.18
9834.97,1712.32
9854.87,1703.46
9874.77,1694.59
9894.68,1685.73
9914.58,1676.87
9934.49,1668.01
9954.39,1659.14
9974.29,1650.28
9994.2,1641.42
10014.1,1633.13
10034,1625.07
10053.9,1617.02
10073.8,1608.96
10093.7,1600.91
10113.6,1592.85
10133.5,1584.8
10153.4,1576.74
10173.3,1568.69
10193.2,1560.63
10213.1,1552.55
10233,1544.45
10253,1536.35
10272.9,1528.25
10292.8,1520.16
10312.7,1512.06
10332.6,1503.96
10352.5,1495.86
10372.4,1487.76
10392.3,1479.79
10412.2,1472.81
10432.1,1465.83
10452,1458.85
10471.9,1451.86
10491.8,1444.88
10511.7,1437.9
10531.6,1430.92
10551.5,1423.94
10571.4,1416.95
10591.3,1409.97
10611.2,1403.18
10631.1,1396.55
10651,1389.91
10670.9,1383.27
10690.8,1376.63
10710.7,1370
10730.6,1363.36
10750.5,1356.72
10770.5,1350.09
10790.4,1343.45
10810.3,1336.81
10830.2,1330.44
10850.1,1324.06
10870,1317.68
10889.9,1311.3
10909.8,1304.92
10929.7,1298.54
10949.6,1292.16
10969.5,1285.78
10989.4,1279.41
11009.3,1273.03
11029.2,1266.81
11049.1,1260.77
11069,1254.74
11088.9,1248.71
11108.8,1242.67
11128.7,1236.64
11148.6,1230.6
11168.5,1224.57
11188.4,1218.54
11208.3,1212.5
11228.2,1206.47
11248.1,1200.98
11268.1,1195.55
11288,1190.12
11307.9,1184.69
11327.8,1179.26
11347.7,1173.83
11367.6,1168.4
11387.5,1162.97
11407.4,1157.54
11427.3,1152.11
11447.2,1146.68
11467.1,1141.59
11487,1136.55
11506.9,1131.51
11526.8,1126.48
11546.7,1121.44
11566.6,1116.4
11586.5,1111.36
11606.4,1106.33
11626.3,1101.29
11646.2,1096.25
11666.1,1091.22
11686,1086.21
11705.9,1081.27
11725.8,1076.34
11745.7,1071.4
11765.7,1066.46
11785.6,1061.53
11805.5,1056.59
11825.4,1051.65
11845.3,1046.72
11865.2,1041.78
11885.1,1036.84
11905,1032.05
11924.9,1027.67
11944.8,1023.3
11964.7,1018.92
11984.6,1014.55
12004.5,1010.17
12024.4,1005.8
12044.3,1001.42
12064.2,997.049
12084.1,992.674
12104,988.299
12123.9,983.925
12143.8,979.575
12163.7,975.324
12183.6,971.074
12203.5,966.825
12223.4,962.574
12243.3,958.324
12263.3,954.074
12283.2,949.825
12303.1,945.574
12323,941.324
12342.9,937.074
12362.8,932.825
12382.7,928.86
12402.6,925.059
12422.5,921.258
12442.4,917.456
12462.3,913.655
12482.2,909.853
12502.1,906.052
12522,902.251
12541.9,898.449
12561.8,894.648
12581.7,890.846
12601.6,887.045
12621.5,883.249
12641.4,879.516
12661.3,875.782
12681.2,872.049
12701.1,868.315
12721,864.582
12740.9,860.848
12760.9,857.115
12780.8,853.381
12800.7,849.648
12820.6,845.914
12840.5,842.181
12860.4,838.453
12880.3,835.05
12900.2,831.647
12920.1,828.244
12940,824.841
12959.9,821.438
12979.8,818.035
12999.7,814.632
13019.6,811.228
13039.5,807.825
13059.4,804.422
13079.3,801.019
13099.2,797.616
13119.1,794.343
13139,791.224
13158.9,788.105
13178.8,784.985
13198.7,781.867
13218.6,778.748
13238.5,775.628
13258.5,772.509
13278.4,769.39
13298.3,766.271
13318.2,763.152
13338.1,760.033
13358,756.914
13377.9,753.858
13397.8,750.899
13417.7,747.94
13437.6,744.982
13457.5,742.023
13477.4,739.064
13497.3,736.105
13517.2,733.146
13537.1,730.187
13557,727.228
13576.9,724.269
13596.8,721.31
13616.7,718.351
13636.6,715.475
13656.5,712.767
13676.4,710.058
13696.3,707.35
13716.2,704.641
13736.1,701.933
13756.1,699.224
13776,696.516
13795.9,693.807
13815.8,691.098
13835.7,688.39
13855.6,685.681
13875.5,682.973
13895.4,680.264
13915.3,677.659
13935.2,675.084
13955.1,672.51
13975,669.935
13994.9,667.361
14014.8,664.786
14034.7,662.212
14054.6,659.637
14074.5,657.063
14094.4,654.488
14114.3,651.914
14134.2,649.339
14154.1,646.765
14174,644.234
14193.9,641.874
14213.8,639.515
14233.7,637.155
14253.7,634.795
14273.6,632.435
14293.5,630.076
14313.4,627.716
14333.3,625.356
14353.2,622.997
14373.1,620.637
14393,618.277
14412.9,615.918
14432.8,613.558
14452.7,611.215
14472.6,608.978
14492.5,606.741
14512.4,604.504
14532.3,602.267
14552.2,600.031
14572.1,597.794
14592,595.557
14611.9,593.32
14631.8,591.083
14651.7,588.846
14671.6,586.609
14691.5,584.372
14711.4,582.136
14731.3,579.91
14751.3,577.831
14771.2,575.753
14791.1,573.674
14811,571.596
14830.9,569.518
14850.8,567.439
14870.7,565.361
14890.6,563.283
14910.5,561.204
14930.4,559.126
14950.3,557.048
14970.2,554.969
14990.1,552.891
15010,550.993
15029.9,549.157
15049.8,547.203
15069.7,545.249
15089.6,543.295
15109.5,541.342
15129.4,539.388
15149.3,537.434
15169.2,535.48
15189.1,533.527
15209,531.573
15228.9,529.619
15248.8,527.665
15268.8,525.712
15288.7,523.758
15308.6,521.804
15328.5,520.006
15348.4,518.22
15368.3,516.434
15388.2,514.648
15408.1,512.862
15428,511.076
15447.9,509.29
15467.8,507.504
15487.7,505.718
15507.6,503.932
15527.5,502.146
15547.4,500.36
15567.3,498.574
15587.2,496.788
15607.1,495.002
15627,493.335
15646.9,491.688
15666.8,490.041
15686.7,488.395
15706.6,486.748
15726.5,485.101
15746.5,483.455
15766.4,481.808
15786.3,480.161
15806.2,478.515
15826.1,476.868
15846,475.221
15865.9,473.575
15885.8,471.928
15905.7,470.281
15925.6,468.659
15945.5,467.1
15965.4,465.541
15985.3,463.982
16005.2,462.423
16025.1,460.864
16045,459.305
16064.9,457.746
16084.8,456.186
16104.7,454.627
16124.6,453.068
16144.5,451.509
16164.4,449.95
16184.3,448.391
16204.2,446.832
16224.1,445.273
16244,443.767
16264,442.284
16283.9,440.801
16303.8,439.318
16323.7,437.835
16343.6,436.351
16363.5,434.868
16383.4,433.385
16403.3,431.902
16423.2,430.419
16443.1,428.935
16463,427.452
16482.9,425.969
16502.8,424.486
16522.7,423.003
16542.6,421.541
16562.5,420.225
16582.4,418.908
16602.3,417.592
16622.2,416.275
16642.1,414.959
16662,413.642
16681.9,412.326
16701.8,411.01
16721.7,409.693
16741.6,408.377
16761.6,407.06
16781.5,405.744
16801.4,404.427
16821.3,403.111
16841.2,401.794
16861.1,400.478
16881,399.194
16900.9,397.938
16920.8,396.682
16940.7,395.426
16960.6,394.17
16980.5,392.914
17000.4,391.657
17020.3,390.401
17040.2,389.145
17060.1,387.889
17080,386.633
17099.9,385.377
17119.8,384.121
17139.7,382.864
17159.6,381.608
17179.5,380.352
17199.4,379.096
17219.3,377.904
17239.2,376.713
17259.2,375.523
17279.1,374.333
17299,373.142
17318.9,371.952
17338.8,370.762
17358.7,369.571
17378.6,368.381
17398.5,367.191
17418.4,366.001
17438.3,364.81
17458.2,363.62
17478.1,362.43
17498,361.239
17517.9,360.049
17537.8,358.907
17557.7,357.842
17577.6,356.777
17597.5,355.711
17617.4,354.646
17637.3,353.58
17657.2,352.515
17677.1,351.45
17697,350.384
17716.9,349.319
17736.8,348.253
17756.8,347.188
17776.7,346.123
17796.6,345.057
17816.5,343.992
17836.4,342.926
17856.3,341.861
17876.2,340.795
17896.1,339.776
17916,338.767
17935.9,337.759
17955.8,336.75
17975.7,335.742
17995.6,334.733
18015.5,333.725
18035.4,332.716
18055.3,331.708
18075.2,330.699
18095.1,329.691
18115,328.682
18134.9,327.674
18154.8,326.665
18174.7,325.657
18194.6,324.648
18214.5,323.64
18234.4,322.641
18254.3,321.679
18274.3,320.717
18294.2,319.755
18314.1,318.793
18334,317.831
18353.9,316.87
18373.8,315.908
18393.7,314.946
18413.6,313.984
18433.5,313.022
18453.4,312.06
18473.3,311.098
18493.2,310.136
18513.1,309.174
18533,308.212
18552.9,307.25
18572.8,306.288
18592.7,305.39
18612.6,304.529
18632.5,303.668
18652.4,302.807
18672.3,301.946
18692.2,301.085
18712.1,300.224
18732,299.363
18752,298.502
18771.9,297.641
18791.8,296.78
18811.7,295.919
18831.6,295.058
18851.5,294.197
18871.4,293.336
18891.3,292.474
18911.2,291.613
18931.1,290.752
18951,289.893
18970.9,289.076
18990.8,288.259
19010.7,287.442
19030.6,286.625
19050.5,285.808
19070.4,284.991
19090.3,284.174
19110.2,283.357
19130.1,282.54
19150,281.723
19169.9,280.906
19189.8,280.089
19209.7,279.272
19229.6,278.455
19249.5,277.638
19269.5,276.821
19289.4,276.004
19309.3,275.187
19329.2,274.39
19349.1,273.617
19369,272.844
19388.9,272.071
19408.8,271.298
19428.7,270.525
19448.6,269.752
19468.5,268.979
19488.4,268.206
19508.3,267.433
19528.2,266.66
19548.1,265.887
19568,265.114
19587.9,264.341
19607.8,263.568
19627.7,262.795
19647.6,262.022
19667.5,261.249
19687.4,260.476
19707.3,259.766
19727.2,259.066
19747.2,258.365
19767.1,257.664
19787,256.963
19806.9,256.263
19826.8,255.562
19846.7,254.861
19866.6,254.161
19886.5,253.46
19906.4,252.759
19926.3,252.058
19946.2,251.358
19966.1,250.657
19986,249.956
20005.9,249.262
20025.8,248.583
20045.7,247.904
20065.6,247.226
20085.5,246.551
20105.4,245.887
20125.3,245.224
20145.2,244.56
20165.1,243.896
20185,243.232
20204.9,242.569
20224.8,241.905
20244.7,241.241
20264.7,240.577
20284.6,239.914
20304.5,239.25
20324.4,238.586
20344.3,237.923
20364.2,237.259
20384.1,236.595
20404,235.931
20423.9,235.268
20443.8,234.604
20463.7,233.94
20483.6,233.312
20503.5,232.702
20523.4,232.091
20543.3,231.48
20563.2,230.869
20583.1,230.258
20603,229.647
20622.9,229.036
20642.8,228.425
20662.7,227.814
20682.6,227.203
20702.5,226.592
20722.4,225.981
20742.3,225.37
20762.3,224.759
20782.2,224.148
20802.1,223.538
20822,222.927
20841.9,222.316
20861.8,221.705
20881.7,221.121
20901.6,220.556
20921.5,219.99
20941.4,219.425
20961.3,218.86
20981.2,218.295
21001.1,217.73
21021,217.165
21040.9,216.6
21060.8,216.034
21080.7,215.469
21100.6,214.904
21120.5,214.339
21140.4,213.774
21160.3,213.209
21180.2,212.644
21200.1,212.079
21220,211.513
21239.9,210.948
21259.9,210.383
21279.8,209.818
21299.7,209.292
21319.6,208.766
21339.5,208.24
21359.4,207.714
21379.3,207.189
21399.2,206.663
21419.1,206.137
21439,205.611
21458.9,205.085
21478.8,204.559
21498.7,204.034
21518.6,203.508
21538.5,202.982
21558.4,202.456
21578.3,201.93
21598.2,201.405
21618.1,200.879
21638,200.353
21657.9,199.827
21677.8,199.301
21697.7,198.776
21717.6,198.276
21737.5,197.781
21757.5,197.285
21777.4,196.79
21797.3,196.294
21817.2,195.798
21837.1,195.303
21857,194.807
21876.9,194.311
21896.8,193.816
21916.7,193.32
21936.6,192.824
21956.5,192.329
21976.4,191.833
21996.3,191.337
22016.2,190.842
22036.1,190.346
22056,189.85
22075.9,189.355
22095.8,188.859
22115.7,188.364
22135.6,187.897
22155.5,187.438
22175.4,186.979
22195.3,186.52
22215.2,186.061
22235.1,185.603
22255.1,185.144
22275,184.685
22294.9,184.226
22314.8,183.767
22334.7,183.308
22354.6,182.849
22374.5,182.391
22394.4,181.932
22414.3,181.473
22434.2,181.014
22454.1,180.555
22474,180.096
22493.9,179.637
22513.8,179.178
22533.7,178.72
22553.6,178.266
22573.5,177.839
22593.4,177.411
22613.3,176.983
22633.2,176.555
22653.1,176.127
22673,175.699
22692.9,175.271
22712.8,174.843
22732.7,174.416
22752.7,173.988
22772.6,173.56
22792.5,173.132
22812.4,172.704
22832.3,172.276
22852.2,171.849
22872.1,171.421
22892,170.993
22911.9,170.565
22931.8,170.137
22951.7,169.709
22971.6,169.281
22991.5,168.856
23011.4,168.462
23031.3,168.068
23051.2,167.673
23071.1,167.279
23091,166.885
23110.9,166.491
23130.8,166.096
23150.7,165.702
23170.6,165.308
23190.5,164.914
23210.4,164.52
23230.3,164.125
23250.3,163.731
23270.2,163.337
23290.1,162.943
23310,162.549
23329.9,162.154
23349.8,161.76
23369.7,161.366
23389.6,160.972
23409.5,160.577
23429.4,160.183
23449.3,159.8
23469.2,159.43
23489.1,159.061
23509,158.691
23528.9,158.321
23548.8,157.951
23568.7,157.581
23588.6,157.211
23608.5,156.841
23628.4,156.471
23648.3,156.101
23668.2,155.731
23688.1,155.362
23708,154.992
23727.9,154.622
23747.8,154.252
23767.8,153.882
23787.7,153.512
23807.6,153.142
23827.5,152.772
23847.4,152.402
23867.3,152.032
23887.2,151.662
23907.1,151.304
23927,150.965
23946.9,150.626
23966.8,150.287
23986.7,149.948
24006.6,149.609
24026.5,149.27
24046.4,148.931
24066.3,148.592
24086.2,148.253
24106.1,147.914
24126,147.575
24145.9,147.236
24165.8,146.898
24185.7,146.559
24205.6,146.22
24225.5,145.881
24245.4,145.542
24265.4,145.203
24285.3,144.864
24305.2,144.525
24325.1,144.186
24345,143.847
24364.9,143.508
24384.8,143.186
24404.7,142.869
24424.6,142.552
24444.5,142.235
24464.4,141.919
24484.3,141.602
24504.2,141.285
24524.1,140.968
24544,140.652
24563.9,140.335
24583.8,140.018
24603.7,139.701
24623.6,139.384
24643.5,139.068
24663.4,138.751
24683.3,138.434
24703.2,138.117
24723.1,137.801
24743,137.484
24763,137.167
24782.9,136.85
24802.8,136.533
24822.7,136.217
24842.6,135.9
24862.5,135.595
24882.4,135.297
24902.3,134.999
24922.2,134.701
24942.1,134.403
24962,134.105
24981.9,133.807
25001.8,133.509
25021.7,133.211
25041.6,132.914
25061.5,132.616
25081.4,132.318
25101.3,132.02
25121.2,131.722
25141.1,131.424
25161,131.126
25180.9,130.828
25200.8,130.53
25220.7,130.232
25240.6,129.934
25260.6,129.636
25280.5,129.338
25300.4,129.041
25320.3,128.743
25340.2,128.458
25360.1,128.187
25380,127.915
25399.9,127.644
25419.8,127.372
25439.7,127.1
25459.6,126.829
25479.5,126.557
25499.4,126.286
25519.3,126.014
25539.2,125.743
25559.1,125.471
25579,125.2
25598.9,124.928
25618.8,124.657
25638.7,124.385
25658.6,124.114
25678.5,123.842
25698.4,123.571
25718.3,123.299
25738.2,123.028
25758.2,122.756
25778.1,122.485
25798,122.213
25817.9,121.942
25837.8,121.676
25857.7,121.419
25877.6,121.162
25897.5,120.905
25917.4,120.647
25937.3,120.39
25957.2,120.133
25977.1,119.876
25997,119.619
26016.9,119.362
26036.8,119.105
26056.7,118.848
26076.6,118.591
26096.5,118.334
26116.4,118.077
26136.3,117.82
26156.2,117.563
26176.1,117.306
26196,117.049
26215.9,116.792
26235.8,116.535
26255.8,116.278
26275.7,116.021
26295.6,115.764
26315.5,115.507
26335.4,115.255
26355.3,115.018
26375.2,114.782
26395.1,114.545
26415,114.308
26434.9,114.071
26454.8,113.835
26474.7,113.598
26494.6,113.361
26514.5,113.125
26534.4,112.888
26554.3,112.651
26574.2,112.414
26594.1,112.178
26614,111.941
26633.9,111.704
26653.8,111.468
26673.7,111.231
26693.6,110.994
26713.5,110.757
26733.4,110.521
26753.4,110.284
26773.3,110.047
26793.2,109.811
26813.1,109.574
26833,109.337
26852.9,109.102
26872.8,108.88
26892.7,108.657
26912.6,108.434
26932.5,108.211
26952.4,107.988
26972.3,107.766
26992.2,107.543
27012.1,107.32
27032,107.097
27051.9,106.874
27071.8,106.652
27091.7,106.429
27111.6,106.206
27131.5,105.983
27151.4,105.761
27171.3,105.538
27191.2,105.315
27211.1,105.092
27231,104.869
27251,104.647
27270.9,104.424
27290.8,104.201
27310.7,103.978
27330.6,103.755
27350.5,103.533
27370.4,103.31
27390.3,103.109
27410.2,102.908
27430.1,102.707
27450,102.506
27469.9,102.305
27489.8,102.103
27509.7,101.902
27529.6,101.701
27549.5,101.5
27569.4,101.299
27589.3,101.098
27609.2,100.897
27629.1,100.696
27649,100.494
27668.9,100.293
27688.8,100.092
27708.7,99.891
27728.6,99.6899
27748.5,99.4888
27768.5,99.2876
27788.4,99.0865
27808.3,98.8854
27828.2,98.6842
27848.1,98.4831
27868,98.282
27887.9,98.0808
27907.8,97.8797
27927.7,97.6875
27947.6,97.4964
27967.5,97.3054
27987.4,97.1143
28007.3,96.9232
28027.2,96.7322
28047.1,96.5411
28067,96.35
28086.9,96.1589
28106.8,95.9679
28126.7,95.7768
28146.6,95.5857
28166.5,95.3946
28186.4,95.2036
28206.3,95.0125
28226.2,94.8214
28246.1,94.6303
28266.1,94.4393
28286,94.2482
28305.9,94.0571
28325.8,93.866
28345.7,93.675
28365.6,93.4839
28385.5,93.2928
28405.4,93.1017
28425.3,92.9107
28445.2,92.7196
28465.1,92.5396
28485,92.3631
28504.9,92.1866
28524.8,92.0101
28544.7,91.8336
28564.6,91.6571
28584.5,91.4806
28604.4,91.3041
28624.3,91.1276
28644.2,90.9511
28664.1,90.7747
28684,90.5982
28703.9,90.4217
28723.8,90.2452
28743.8,90.0687
28763.7,89.8922
28783.6,89.7157
28803.5,89.5392
28823.4,89.3627
28843.3,89.1862
28863.2,89.0097
28883.1,88.8332
28903,88.6567
28922.9,88.4802
28942.8,88.3038
28962.7,88.1273
28982.6,87.9508
29002.5,87.7743
29022.4,87.6061
29042.3,87.4428
29062.2,87.2796
29082.1,87.1163
29102,86.9531
29121.9,86.7899
29141.8,86.6267
29161.7,86.4634
29181.6,86.3002
29201.5,86.1369
29221.4,85.9737
29241.3,85.8105
29261.3,85.6472
29281.2,85.484
29301.1,85.3208
29321,85.1576
29340.9,84.9943
29360.8,84.8311
29380.7,84.6679
29400.6,84.5046
29420.5,84.3414
29440.4,84.1781
29460.3,84.0149
29480.2,83.8517
29500.1,83.6885
29520,83.5252
29539.9,83.362
29559.8,83.1987
29579.7,83.0355
29599.6,82.8802
29619.5,82.7251
29639.4,82.5699
29659.3,82.4148
29679.2,82.2596
29699.1,82.1044
29719,81.9493
29738.9,81.7941
29758.8,81.639
29778.8,81.4838
29798.7,81.3287
29818.6,81.1735
29838.5,81.0184
29858.4,80.8632
29878.3,80.708
29898.2,80.5529
29918.1,80.3977
29938,80.2426
29957.9,80.0874
29977.8,79.9323
29997.7,79.7771
30017.6,79.6247
30037.5,79.4726
30057.4,79.3206
30077.3,79.1685
30097.2,79.0165
30117.1,78.8644
30137,78.7123
30156.9,78.564
30176.8,78.4226
30196.7,78.2811
30216.6,78.1397
30236.5,77.9982
30256.5,77.8568
30276.4,77.7154
30296.3,77.5739
30316.2,77.4325
30336.1,77.291
30356,77.1496
30375.9,77.0082
30395.8,76.8667
30415.7,76.7253
30435.6,76.5838
30455.5,76.4424
30475.4,76.3009
30495.3,76.1595
30515.2,76.0181
30535.1,75.8766
30555,75.7352
30574.9,75.5938
30594.8,75.4523
30614.7,75.3109
30634.6,75.1695
30654.5,75.028
30674.4,74.8866
30694.3,74.7451
30714.2,74.6037
30734.1,74.4622
30754.1,74.3278
30774,74.1963
30793.9,74.0647
30813.8,73.9332
30833.7,73.8016
30853.6,73.6701
30873.5,73.5386
30893.4,73.407
30913.3,73.2755
30933.2,73.1439
30953.1,73.0124
30973,72.8809
30992.9,72.7493
31012.8,72.6178
31032.7,72.4862
31052.6,72.3547
31072.5,72.2232
31092.4,72.0916
31112.3,71.9601
31132.2,71.8285
31152.1,71.697
31172,71.5655
31191.9,71.4339
31211.8,71.3024
31231.7,71.1709
31251.7,71.0393
31271.6,70.9078
31291.5,70.7762
31311.4,70.6447
31331.3,70.5132
31351.2,70.3877
31371.1,70.2672
31391,70.1466
31410.9,70.026
31430.8,69.9054
31450.7,69.7849
31470.6,69.6643
31490.5,69.5437
31510.4,69.4231
31530.3,69.3025
31550.2,69.1819
31570.1,69.0614
31590,68.9408
31609.9,68.8202
31629.8,68.6996
31649.7,68.579
31669.6,68.4585
31689.5,68.3379
31709.4,68.2173
31729.3,68.0967
31749.2,67.9762
31769.2,67.8556
31789.1,67.735
31809,67.6144
31828.9,67.4938
31848.8,67.3732
31868.7,67.2527
31888.6,67.1321
31908.5,67.0115
31928.4,66.8909
31948.3,66.7703
31968.2,66.6524
31988.1,66.5382
32008,66.4241
32027.9,66.3099
32047.8,66.1958
32067.7,66.0816
32087.6,65.9674
32107.5,65.8533
32127.4,65.7391
32147.3,65.625
32167.2,65.5108
32187.1,65.3967
32207,65.2825
32226.9,65.1683
32246.8,65.0542
32266.8,64.94
32286.7,64.8259
32306.6,64.7117
32326.5,64.5975
32346.4,64.4834
32366.3,64.3692
32386.2,64.2551
32406.1,64.1409
32426,64.0268
32445.9,63.9126
32465.8,63.7984
32485.7,63.6843
32505.6,63.5701
32525.5,63.456
32545.4,63.3418
32565.3,63.2276
32585.2,63.116
32605.1,63.0113
32625,62.9067
32644.9,62.802
32664.8,62.6974
32684.7,62.5927
32704.6,62.4881
32724.5,62.3834
32744.4,62.2788
32764.4,62.1741
32784.3,62.0695
32804.2,61.9648
32824.1,61.8602
32844,61.7555
32863.9,61.6509
32883.8,61.5462
32903.7,61.4416
32923.6,61.3369
32943.5,61.2323
32963.4,61.1276
32983.3,61.023
33003.2,60.9183
33023.1,60.8137
33043,60.709
33062.9,60.6044
33082.8,60.4997
33102.7,60.3951
33122.6,60.2904
33142.5,60.1858
33162.4,60.0811
33182.3,59.9765
33202.2,59.8718
33222.1,59.7679
33242,59.6705
33262,59.573
33281.9,59.4755
33301.8,59.378
33321.7,59.2806
33341.6,59.1831
33361.5,59.0856
33381.4,58.9882
33401.3,58.8907
33421.2,58.7932
33441.1,58.6957
33461,58.5983
33480.9,58.5008
33500.8,58.4033
33520.7,58.3059
33540.6,58.2084
33560.5,58.1109
33580.4,58.0135
33600.3,57.916
33620.2,57.8185
33640.1,57.721
33660,57.6236
33679.9,57.5261
33699.8,57.4286
33719.7,57.3312
33739.6,57.2337
33759.6,57.1362
33779.5,57.0387
33799.4,56.9413
33819.3,56.8438
33839.2,56.7463
33859.1,56.6489
33879,56.5544
33898.9,56.4636
33918.8,56.3729
33938.7,56.2821
33958.6,56.1913
33978.5,56.1005
33998.4,56.0097
34018.3,55.9189
34038.2,55.8281
34058.1,55.7374
34078,55.6466
34097.9,55.5558
34117.8,55.465
34137.7,55.3742
34157.6,55.2834
34177.5,55.1927
34197.4,55.1019
34217.3,55.0111
34237.2,54.9203
34257.2,54.8295
34277.1,54.7388
34297,54.648
34316.9,54.5572
34336.8,54.4664
34356.7,54.3756
34376.6,54.2848
34396.5,54.194
34416.4,54.1033
34436.3,54.0125
34456.2,53.9217
34476.1,53.8309
34496,53.7401
34515.9,53.6494
34535.8,53.5607
34555.7,53.4771
34575.6,53.3935
34595.5,53.3099
34615.4,53.2263
34635.3,53.1427
34655.2,53.0591
34675.1,52.9755
34695,52.892
34714.9,52.8084
34734.8,52.7248
34754.8,52.6412
34774.7,52.5576
34794.6,52.474
34814.5,52.3904
34834.4,52.3069
34854.3,52.2233
34874.2,52.1397
34894.1,52.0561
34914,51.9725
34933.9,51.8889
34953.8,51.8053
34973.7,51.7217
34993.6,51.6381
35013.5,51.5546
35033.4,51.471
35053.3,51.3874
35073.2,51.3038
35093.1,51.2202
35113,51.1366
35132.9,51.053
35152.8,50.9695
35172.7,50.8859
35192.6,50.8023
35212.5,50.7193
35232.4,50.6405
35252.4,50.5617
35272.3,50.4829
35292.2,50.4041
35312.1,50.3253
35332,50.2465
35351.9,50.1677
35371.8,50.0889
35391.7,50.0101
35411.6,49.9313
35431.5,49.8525
35451.4,49.7738
35471.3,49.695
35491.2,49.6162
35511.1,49.5373
35531,49.4586
35550.9,49.3798
35570.8,49.301
35590.7,49.2222
35610.6,49.1434
35630.5,49.0646
35650.4,48.9858
35670.3,48.907
35690.2,48.8282
35710.1,48.7494
35730,48.6706
35749.9,48.5918
35769.9,48.513
35789.8,48.4342
35809.7,48.3554
35829.6,48.2766
35849.5,48.1978
35869.4,48.119
35889.3,48.0402
35909.2,47.9683
35929.1,47.8967
35949,47.825
35968.9,47.7534
35988.8,47.6818
36008.7,47.6101
36028.6,47.5385
36048.5,47.4668
36068.4,47.3952
36088.3,47.3236
36108.2,47.2519
36128.1,47.1803
36148,47.1086
36167.9,47.037
36187.8,46.9654
36207.7,46.8937
36227.6,46.8221
36247.6,46.7504
36267.5,46.6788
36287.4,46.6071
36307.3,46.5355
36327.2,46.4639
36347.1,46.3922
36367,46.3206
36386.9,46.2489
36406.8,46.1773
36426.7,46.1056
36446.6,46.034
36466.5,45.9623
36486.4,45.8907
36506.3,45.8191
36526.2,45.7474
36546.1,45.6758
36566,45.6041
36585.9,45.5325
36605.8,45.4621
36625.7,45.3945
36645.6,45.3269
36665.5,45.2594
36685.4,45.1918
36705.3,45.1242
36725.2,45.0567
36745.1,44.9891
36765.1,44.9215
36785,44.854
36804.9,44.7864
36824.8,44.7189
36844.7,44.6513
36864.6,44.5837
36884.5,44.5162
36904.4,44.4486
36924.3,44.381
36944.2,44.3135
36964.1,44.2459
36984,44.1784
37003.9,44.1108
37023.8,44.0432
37043.7,43.9757
37063.6,43.9081
37083.5,43.8405
37103.4,43.773
37123.3,43.7054
37143.2,43.6379
37163.1,43.5703
37183,43.5027
37202.9,43.4352
37222.8,43.3676
37242.7,43.3
37262.7,43.2325
37282.6,43.1649
37302.5,43.0974
37322.4,43.0331
37342.3,42.9709
37362.2,42.9086
37382.1,42.8464
37402,42.7841
37421.9,42.7219
37441.8,42.6597
37461.7,42.5974
37481.6,42.5352
37501.5,42.4729
37521.4,42.4107
37541.3,42.3485
37561.2,42.2862
37581.1,42.224
37601,42.1617
37620.9,42.0995
37640.8,42.0373
37660.7,41.975
37680.6,41.9128
37700.5,41.8505
37720.4,41.7883
37740.3,41.7261
37760.3,41.6638
37780.2,41.6016
37800.1,41.5393
37820,41.4771
37839.9,41.4149
37859.8,41.3526
37879.7,41.2904
37899.6,41.2281
37919.5,41.1659
37939.4,41.1036
37959.3,41.0414
37979.2,40.9792
37999.1,40.9169
38019,40.8547
38038.9,40.7924
38058.8,40.7347
38078.7,40.6773
38098.6,40.6199
38118.5,40.5624
38138.4,40.505
38158.3,40.4475
38178.2,40.3901
38198.1,40.3326
38218,40.2752
38237.9,40.2177
38257.9,40.1603
38277.8,40.1029
38297.7,40.0454
38317.6,39.988
38337.5,39.9305
38357.4,39.8731
38377.3,39.8157
38397.2,39.7582
38417.1,39.7008
38437,39.6433
38456.9,39.5859
38476.8,39.5284
38496.7,39.471
38516.6,39.4136
38536.5,39.3561
38556.4,39.2987
38576.3,39.2412
38596.2,39.1838
38616.1,39.1263
38636,39.0689
38655.9,39.0114
38675.8,38.954
38695.7,38.8966
38715.6,38.8391
38735.5,38.7817
38755.5,38.7242
38775.4,38.6668
38795.3,38.6102
38815.2,38.5559
38835.1,38.5016
38855,38.4473
38874.9,38.393
38894.8,38.3387
38914.7,38.2843
38934.6,38.23
38954.5,38.1757
38974.4,38.1214
38994.3,38.0671
39014.2,38.0128
39034.1,37.9585
39054,37.9042
39073.9,37.8499
39093.8,37.7956
39113.7,37.7413
39133.6,37.687
39153.5,37.6327
39173.4,37.5784
39193.3,37.5241
39213.2,37.4698
39233.1,37.4155
39253.1,37.3612
39273,37.3068
39292.9,37.2525
39312.8,37.1982
39332.7,37.1439
39352.6,37.0896
39372.5,37.0353
39392.4,36.981
39412.3,36.9267
39432.2,36.8724
39452.1,36.8181
39472,36.7638
39491.9,36.7095
39511.8,36.6552
39531.7,36.6009
39551.6,36.5491
39571.5,36.4991
39591.4,36.4492
39611.3,36.3992
39631.2,36.3492
39651.1,36.2992
39671,36.2493
39690.9,36.1993
39710.8,36.1493
39730.7,36.0993
39750.6,36.0493
39770.6,35.9994
39790.5,35.9494
39810.4,35.8994
39830.3,35.8494
39850.2,35.7995
39870.1,35.7495
39890,35.6995
39909.9,35.6495
39929.8,35.5996
39949.7,35.5496
39969.6,35.4996
39989.5,35.4496
40009.4,35.4005
40029.3,35.3525
40049.2,35.3044
40069.1,35.2563
40089,35.2082
40108.9,35.1601
40128.8,35.112
40148.7,35.064
40168.6,35.0159
40188.5,34.9678
40208.4,34.9197
40228.3,34.8716
40248.3,34.8235
40268.2,34.7755
40288.1,34.7274
40308,34.6793
40327.9,34.632
40347.8,34.586
40367.7,34.5399
40387.6,34.4938
40407.5,34.4478
40427.4,34.4017
40447.3,34.3557
40467.2,34.3096
40487.1,34.2636
40507,34.2175
40526.9,34.1714
40546.8,34.1254
40566.7,34.0793
40586.6,34.0333
40606.5,33.9872
40626.4,33.9412
40646.3,33.8951
40666.2,33.849
40686.1,33.803
40706,33.7569
40725.9,33.7109
40745.9,33.6648
40765.8,33.6188
40785.7,33.5727
40805.6,33.5267
40825.5,33.4806
40845.4,33.4345
40865.3,33.3885
40885.2,33.3424
40905.1,33.2964
40925,33.2503
40944.9,33.2043
40964.8,33.1582
40984.7,33.1122
41004.6,33.0661
41024.5,33.02
41044.4,32.974
41064.3,32.9279
41084.2,32.8819
41104.1,32.8358
41124,32.7919
41143.9,32.7489
41163.8,32.7059
41183.7,32.6629
41203.6,32.6199
41223.5,32.577
41243.4,32.534
41263.4,32.491
41283.3,32.448
41303.2,32.405
41323.1,32.362
41343,32.319
41362.9,32.276
41382.8,32.233
41402.7,32.19
41422.6,32.147
41442.5,32.104
41462.4,32.0611
41482.3,32.0181
41502.2,31.9751
41522.1,31.9321
41542,31.8891
41561.9,31.8461
41581.8,31.8031
41601.7,31.7601
41621.6,31.7171
41641.5,31.6741
41661.4,31.6311
41681.3,31.5882
41701.2,31.5452
41721.1,31.5022
41741,31.4592
41760.9,31.4162
41780.9,31.3732
41800.8,31.3302
41820.7,31.2872
41840.6,31.2442
41860.5,31.2012
41880.4,31.1582
41900.3,31.1152
41920.2,31.0739
41940.1,31.0342
41960,30.9944
41979.9,30.9547
41999.8,30.915
42019.7,30.8752
42039.6,30.8355
42059.5,30.7958
42079.4,30.756
42099.3,30.7163
42119.2,30.6766
42139.1,30.6368
42159,30.5971
42178.9,30.5574
42198.8,30.5176
42218.7,30.4779
42238.6,30.4381
42258.6,30.3984
42278.5,30.3587
42298.4,30.3189
42318.3,30.2792
42338.2,30.2395
42358.1,30.1997
42378,30.16
42397.9,30.1203
42417.8,30.0805
42437.7,30.0408
42457.6,30.0011
42477.5,29.9613
42497.4,29.9216
42517.3,29.8818
42537.2,29.8421
42557.1,29.8024
42577,29.7626
42596.9,29.7229
42616.8,29.6832
42636.7,29.6434
42656.6,29.6037
42676.5,29.564
42696.4,29.5242
42716.3,29.4845
42736.3,29.4456
42756.2,29.4085
42776.1,29.3714
42796,29.3344
42815.9,29.2973
42835.8,29.2602
42855.7,29.2231
42875.6,29.1861
42895.5,29.149
42915.4,29.1119
42935.3,29.0748
42955.2,29.0378
42975.1,29.0007
42995,28.9636
43014.9,28.9265
43034.8,28.8894
43054.7,28.8524
43074.6,28.8153
43094.5,28.7782
43114.4,28.7412
43134.3,28.7041
43154.2,28.667
43174.1,28.6299
43194,28.5928
43213.9,28.5558
43233.8,28.5187
43253.8,28.4816
43273.7,28.4445
43293.6,28.4075
43313.5,28.3704
43333.4,28.3333
43353.3,28.2962
43373.2,28.2592
43393.1,28.2221
43413,28.185
43432.9,28.1479
43452.8,28.1109
43472.7,28.0738
43492.6,28.0367
43512.5,27.9996
43532.4,27.9626
43552.3,27.9255
43572.2,27.8904
43592.1,27.8565
43612,27.8226
43631.9,27.7887
43651.8,27.7548
43671.7,27.7209
43691.6,27.687
43711.5,27.6531
43731.4,27.6193
43751.3,27.5854
43771.3,27.5515
43791.2,27.5176
43811.1,27.4837
43831,27.4498
43850.9,27.4159
43870.8,27.382
43890.7,27.3481
43910.6,27.3143
43930.5,27.2804
43950.4,27.2465
43970.3,27.2126
43990.2,27.1787
44010.1,27.1448
44030,27.1109
44049.9,27.077
44069.8,27.0432
44089.7,27.0093
44109.6,26.9754
44129.5,26.9415
44149.4,26.9076
44169.3,26.8737
44189.2,26.8398
44209.1,26.8059
44229,26.772
44248.9,26.7382
44268.9,26.7043
44288.8,26.6704
44308.7,26.6365
44328.6,26.6026
44348.5,26.5687
44368.4,26.5348
44388.3,26.5009
44408.2,26.4671
44428.1,26.4339
44448,26.4019
44467.9,26.3699
44487.8,26.338
44507.7,26.306
44527.6,26.274
44547.5,26.242
44567.4,26.21
44587.3,26.178
44607.2,26.146
44627.1,26.114
44647,26.082
44666.9,26.05
44686.8,26.018
44706.7,25.986
44726.6,25.954
44746.6,25.922
44766.5,25.89
44786.4,25.8581
44806.3,25.8261
44826.2,25.7941
44846.1,25.7621
44866,25.7301
44885.9,25.6981
44905.8,25.6661
44925.7,25.6341
44945.6,25.6021
44965.5,25.5701
44985.4,25.5381
45005.3,25.5061
45025.2,25.4741
45045.1,25.4421
45065,25.4101
45084.9,25.3781
45104.8,25.3461
45124.7,25.3141
45144.6,25.2822
45164.5,25.2502
45184.4,25.2182
45204.3,25.1862
45224.2,25.1542
45244.1,25.1222
45264.1,25.0902
45284,25.0587
45303.9,25.0295
45323.8,25.0002
45343.7,24.9709
45363.6,24.9416
45383.5,24.9123
45403.4,24.883
45423.3,24.8537
45443.2,24.8244
45463.1,24.7951
45483,24.7659
45502.9,24.7366
45522.8,24.7073
45542.7,24.678
45562.6,24.6487
45582.5,24.6194
45602.4,24.5901
45622.3,24.5608
45642.2,24.5316
45662.1,24.5023
45682,24.473
45701.9,24.4437
45721.8,24.4144
45741.7,24.3851
45761.7,24.3558
45781.6,24.3265
45801.5,24.2972
45821.4,24.268
45841.3,24.2387
45861.2,24.2094
45881.1,24.1801
45901,24.1508
45920.9,24.1215
45940.8,24.0922
45960.7,24.0629
45980.6,24.0337
46000.5,24.0044
46020.4,23.9751
46040.3,23.9458
46060.2,23.9165
46080.1,23.8872
46100,23.8579
46119.9,23.8286
46139.8,23.7993
46159.7,23.7701
46179.6,23.7417
46199.5,23.7144
46219.4,23.687
46239.3,23.6596
46259.3,23.6323
46279.2,23.6049
46299.1,23.5776
46319,23.5502
46338.9,23.5229
46358.8,23.4955
46378.7,23.4682
46398.6,23.4408
46418.5,23.4135
46438.4,23.3861
46458.3,23.3588
46478.2,23.3314
46498.1,23.304
46518,23.2767
46537.9,23.2493
46557.8,23.222
46577.7,23.1946
46597.6,23.1673
46617.5,23.1399
46637.4,23.1126
46657.3,23.0852
46677.2,23.0579
46697.1,23.0305
46717,23.0032
46736.9,22.9758
46756.9,22.9484
46776.8,22.9211
46796.7,22.8937
46816.6,22.8664
46836.5,22.839
46856.4,22.8117
46876.3,22.7843
46896.2,22.757
46916.1,22.7296
46936,22.7023
46955.9,22.6749
46975.8,22.6476
46995.7,22.6202
47015.6,22.5928
47035.5,22.5655
47055.4,22.5381
47075.3,22.5114
47095.2,22.4862
47115.1,22.461
47135,22.4358
47154.9,22.4106
47174.8,22.3854
47194.7,22.3603
47214.6,22.3351
47234.5,22.3099
47254.5,22.2847
47274.4,22.2595
47294.3,22.2343
47314.2,22.2091
47334.1,22.184
47354,22.1588
47373.9,22.1336
47393.8,22.1084
47413.7,22.0832
47433.6,22.058
47453.5,22.0328
47473.4,22.0077
47493.3,21.9825
47513.2,21.9573
47533.1,21.9321
47553,21.9069
47572.9,21.8817
47592.8,21.8566
47612.7,21.8314
47632.6,21.8062
47652.5,21.781
47672.4,21.7558
47692.3,21.7306
47712.2,21.7054
47732.1,21.6803
47752.1,21.6551
47772,21.6299
47791.9,21.6047
47811.8,21.5795
47831.7,21.5543
47851.6,21.5291
47871.5,21.504
47891.4,21.4788
47911.3,21.4536
47931.2,21.4284
47951.1,21.4032
47971,21.378
47990.9,21.3529
48010.8,21.3294
48030.7,21.3059
48050.6,21.2824
48070.5,21.259
48090.4,21.2355
48110.3,21.212
48130.2,21.1885
48150.1,21.165
48170,21.1415
48189.9,21.118
48209.8,21.0945
48229.7,21.071
48249.6,21.0475
48269.6,21.024
48289.5,21.0005
48309.4,20.977
48329.3,20.9535
48349.2,20.93
48369.1,20.9065
48389,20.8831
48408.9,20.8596
48428.8,20.8361
48448.7,20.8126
48468.6,20.7891
48488.5,20.7656
48508.4,20.7421
48528.3,20.7186
48548.2,20.6951
48568.1,20.6716
48588,20.6481
48607.9,20.6246
48627.8,20.6011
48647.7,20.5776
48667.6,20.5541
48687.5,20.5306
48707.4,20.5072
48727.3,20.4837
48747.3,20.4602
48767.2,20.4367
48787.1,20.4132
48807,20.3897
48826.9,20.3662
48846.8,20.3427
48866.7,20.3192
48886.6,20.2957
48906.5,20.2722
48926.4,20.2487
48946.3,20.2267
48966.2,20.205
48986.1,20.1833
49006,20.1617
49025.9,20.14
49045.8,20.1183
49065.7,20.0966
49085.6,20.0749
49105.5,20.0532
49125.4,20.0315
49145.3,20.0099
49165.2,19.9882
49185.1,19.9665
49205,19.9448
49224.9,19.9231
49244.8,19.9014
49264.8,19.8798
49284.7,19.8581
49304.6,19.8364
49324.5,19.8147
49344.4,19.793
49364.3,19.7713
49384.2,19.7497
49404.1,19.728
49424,19.7063
49443.9,19.6846
49463.8,19.6629
49483.7,19.6412
49503.6,19.6195
49523.5,19.5979
49543.4,19.5762
49563.3,19.5545
49583.2,19.5328
49603.1,19.5111
49623,19.4894
49642.9,19.4678
49662.8,19.4461
49682.7,19.4244
49702.6,19.4027
49722.5,19.381
49742.4,19.3593
49762.4,19.3376
49782.3,19.316
49802.2,19.2943
49822.1,19.2726
49842,19.2509
49861.9,19.2292
49881.8,19.2075
49901.7,19.186
49921.6,19.1646
49941.5,19.1432
49961.4,19.1218
49981.3,19.1005
50001.2,19.0791
50021.1,19.0592
50041,19.0392
50060.9,19.0192
50080.8,18.9992
50100.7,18.9792
50120.6,18.9592
50140.5,18.9392
50160.4,18.9192
50180.3,18.8992
50200.2,18.8792
50220.1,18.8592
50240,18.8392
50260,18.8192
50279.9,18.7992
50299.8,18.7792
50319.7,18.7592
50339.6,18.7392
50359.5,18.7192
50379.4,18.6992
50399.3,18.6792
50419.2,18.6592
50439.1,18.6392
50459,18.6192
50478.9,18.5992
50498.8,18.5792
50518.7,18.5592
50538.6,18.5393
50558.5,18.5193
50578.4,18.4993
50598.3,18.4793
50618.2,18.4593
50638.1,18.4393
50658,18.4193
50677.9,18.3993
50697.8,18.3793
50717.7,18.3593
50737.6,18.3393
50757.6,18.3193
50777.5,18.2993
50797.4,18.2793
50817.3,18.2593
50837.2,18.2393
50857.1,18.2193
50877,18.2005
50896.9,18.1818
50916.8,18.1632
50936.7,18.1445
50956.6,18.1259
50976.5,18.1072
50996.4,18.0886
51016.3,18.07
51036.2,18.0513
51056.1,18.0327
51076,18.014
51095.9,17.9954
51115.8,17.9767
51135.7,17.9581
51155.6,17.9394
51175.5,17.9208
51195.4,17.9022
51215.3,17.8835
51235.3,17.8649
51255.2,17.8462
51275.1,17.8276
51295,17.8089
51314.9,17.7903
51334.8,17.7716
51354.7,17.753
51374.6,17.7344
51394.5,17.7157
51414.4,17.6971
51434.3,17.6784
51454.2,17.6598
51474.1,17.6411
51494,17.6225
51513.9,17.6038
51533.8,17.5852
51553.7,17.5665
51573.6,17.5479
51593.5,17.5293
51613.4,17.5106
51633.3,17.492
51653.2,17.4733
51673.1,17.4547
51693,17.436
51712.9,17.4174
51732.8,17.3987
51752.8,17.3801
51772.7,17.3615
51792.6,17.3428
51812.5,17.3242
51832.4,17.3055
51852.3,17.2869
51872.2,17.269
51892.1,17.2516
51912,17.2342
51931.9,17.2168
51951.8,17.1995
51971.7,17.1821
51991.6,17.1647
52011.5,17.1473
52031.4,17.1299
52051.3,17.1125
52071.2,17.0952
52091.1,17.0778
52111,17.0604
52130.9,17.043
52150.8,17.0256
52170.7,17.0082
52190.6,16.9908
52210.5,16.9735
52230.4,16.9561
52250.3,16.9387
52270.3,16.9213
52290.2,16.9039
52310.1,16.8865
52330,16.8692
52349.9,16.8518
52369.8,16.8344
52389.7,16.817
52409.6,16.7996
52429.5,16.7822
52449.4,16.7648
52469.3,16.7475
52489.2,16.7301
52509.1,16.7127
52529,16.6953
52548.9,16.6779
52568.8,16.6605
52588.7,16.6431
52608.6,16.6258
52628.5,16.6084
52648.4,16.591
52668.3,16.5736
52688.2,16.5562
52708.1,16.5388
52728,16.5215
52747.9,16.5041
52767.9,16.4867
52787.8,16.4693
52807.7,16.4519
52827.6,16.4345
52847.5,16.4171
52867.4,16.3998
52887.3,16.3836
52907.2,16.3676
52927.1,16.3515
52947,16.3355
52966.9,16.3195
52986.8,16.3035
53006.7,16.2875
53026.6,16.2715
53046.5,16.2555
53066.4,16.2394
53086.3,16.2234
53106.2,16.2074
53126.1,16.1914
53146,16.1754
53165.9,16.1594
53185.8,16.1434
53205.7,16.1274
53225.6,16.1113
53245.5,16.0953
53265.4,16.0793
53285.4,16.0633
53305.3,16.0473
53325.2,16.0313
53345.1,16.0153
53365,15.9992
53384.9,15.9832
53404.8,15.9672
53424.7,15.9512
53444.6,15.9352
53464.5,15.9192
53484.4,15.9032
53504.3,15.8872
53524.2,15.8711
53544.1,15.8551
53564,15.8391
53583.9,15.8231
53603.8,15.8071
53623.7,15.7911
53643.6,15.7751
53663.5,15.7591
53683.4,15.743
53703.3,15.727
53723.2,15.711
53743.1,15.695
53763.1,15.679
53783,15.663
53802.9,15.647
53822.8,15.6309
53842.7,15.6149
53862.6,15.5989
53882.5,15.5829
53902.4,15.5669
53922.3,15.5515
53942.2,15.5365
53962.1,15.5215
53982,15.5065
54001.9,15.4915
54021.8,15.4765
54041.7,15.4615
54061.6,15.4465
54081.5,15.4315
54101.4,15.4165
54121.3,15.4015
54141.2,15.3865
54161.1,15.3715
54181,15.3565
54200.9,15.3415
54220.8,15.3265
54240.8,15.3115
54260.7,15.2965
54280.6,15.2815
54300.5,15.2665
54320.4,15.2515
54340.3,15.2365
54360.2,15.2215
54380.1,15.2065
54400,15.1915
54419.9,15.1765
54439.8,15.1615
54459.7,15.1465
54479.6,15.1315
54499.5,15.1166
54519.4,15.1015
54539.3,15.0866
54559.2,15.0716
54579.1,15.0566
54599,15.0416
54618.9,15.0266
54638.8,15.0116
54658.7,14.9966
54678.6,14.9816
54698.5,14.9666
54718.4,14.9516
54738.3,14.9366
54758.3,14.9216
54778.2,14.9066
54798.1,14.8916
54818,14.8766
54837.9,14.8616
54857.8,14.8466
54877.7,14.8316
54897.6,14.8166
54917.5,14.8016
54937.4,14.7866
54957.3,14.7716
54977.2,14.7576
54997.1,14.7437
55017,14.7298
55036.9,14.7159
55056.8,14.7021
55076.7,14.6882
55096.6,14.6743
55116.5,14.6604
55136.4,14.6466
55156.3,14.6327
55176.2,14.6188
55196.1,14.605
55216,14.5911
55235.9,14.5772
55255.9,14.5633
55275.8,14.5495
55295.7,14.5356
55315.6,14.5217
55335.5,14.5079
55355.4,14.494
55375.3,14.4801
55395.2,14.4662
55415.1,14.4524
55435,14.4385
55454.9,14.4246
55474.8,14.4107
55494.7,14.3969
55514.6,14.383
55534.5,14.3691
55554.4,14.3553
55574.3,14.3414
55594.2,14.3275
55614.1,14.3136
55634,14.2998
55653.9,14.2859
55673.8,14.272
55693.7,14.2582
55713.6,14.2443
55733.6,14.2304
55753.5,14.2165
55773.4,14.2027
55793.3,14.1888
55813.2,14.1749
55833.1,14.161
55853,14.1472
55872.9,14.1333
55892.8,14.1194
55912.7,14.1056
55932.6,14.0917
55952.5,14.0778
55972.4,14.0639
55992.3,14.0501
56012.2,14.0362
56032.1,14.0224
56052,14.0096
56071.9,13.9968
56091.8,13.9839
56111.7,13.9711
56131.6,13.9582
56151.5,13.9454
56171.4,13.9326
56191.3,13.9197
56211.2,13.9069
56231.1,13.8941
56251,13.8812
56271,13.8684
56290.9,13.8556
56310.8,13.8427
56330.7,13.8299
56350.6,13.8171
56370.5,13.8042
56390.4,13.7914
56410.3,13.7785
56430.2,13.7657
56450.1,13.7529
56470,13.74
56489.9,13.7272
56509.8,13.7144
56529.7,13.7015
56549.6,13.6887
56569.5,13.6759
56589.4,13.663
56609.3,13.6502
56629.2,13.6374
56649.1,13.6245
56669,13.6117
56688.9,13.5988
56708.8,13.586
56728.7,13.5732
56748.6,13.5603
56768.6,13.5475
56788.5,13.5347
56808.4,13.5218
56828.3,13.509
56848.2,13.4962
56868.1,13.4833
56888,13.4705
56907.9,13.4577
56927.8,13.4448
56947.7,13.432
56967.6,13.4191
56987.5,13.4063
57007.4,13.3935
57027.3,13.3806
57047.2,13.3678
57067.1,13.355
57087,13.3421
57106.9,13.3293
57126.8,13.3165
57146.7,13.3045
57166.6,13.2927
57186.5,13.2809
57206.4,13.2691
57226.3,13.2573
57246.2,13.2455
57266.2,13.2337
57286.1,13.2219
57306,13.2101
57325.9,13.1983
57345.8,13.1865
57365.7,13.1747
57385.6,13.1629
57405.5,13.1511
57425.4,13.1393
57445.3,13.1275
57465.2,13.1157
57485.1,13.1039
57505,13.0921
57524.9,13.0803
57544.8,13.0685
57564.7,13.0567
57584.6,13.0449
57604.5,13.0331
57624.4,13.0213
57644.3,13.0095
57664.2,12.9977
57684.1,12.9859
57704,12.9741
57723.9,12.9623
57743.8,12.9505
57763.8,12.9387
57783.7,12.9269
57803.6,12.9151
57823.5,12.9033
57843.4,12.8915
57863.3,12.8798
57883.2,12.868
57903.1,12.8562
57923,12.8444
57942.9,12.8326
57962.8,12.8208
57982.7,12.809
58002.6,12.7972
58022.5,12.7854
58042.4,12.7736
58062.3,12.7618
58082.2,12.75
58102.1,12.7382
58122,12.7264
58141.9,12.7146
58161.8,12.7028
58181.7,12.691
58201.6,12.6792
58221.5,12.6674
58241.4,12.6556
58261.4,12.6442
58281.3,12.6331
58301.2,12.6219
58321.1,12.6108
58341,12.5997
58360.9,12.5886
58380.8,12.5775
58400.7,12.5664
58420.6,12.5552
58440.5,12.5441
58460.4,12.533
58480.3,12.5219
58500.2,12.5108
58520.1,12.4997
58540,12.4886
58559.9,12.4774
58579.8,12.4663
58599.7,12.4552
58619.6,12.4441
58639.5,12.433
58659.4,12.4219
58679.3,12.4108
58699.2,12.3996
58719.1,12.3885
58739.1,12.3774
58759,12.3663
58778.9,12.3552
58798.8,12.3441
58818.7,12.3329
58838.6,12.3218
58858.5,12.3107
58878.4,12.2996
58898.3,12.2885
58918.2,12.2774
58938.1,12.2663
58958,12.2551
58977.9,12.244
58997.8,12.2329
59017.7,12.2218
59037.6,12.2107
59057.5,12.1996
59077.4,12.1884
59097.3,12.1773
59117.2,12.1662
59137.1,12.1551
59157,12.144
59176.9,12.1329
59196.8,12.1218
59216.7,12.1106
59236.6,12.0995
59256.6,12.0884
59276.5,12.0773
59296.4,12.0662
59316.3,12.0551
59336.2,12.044
59356.1,12.0328
59376,12.0217
59395.9,12.0108
59415.8,12.0004
59435.7,11.9901
59455.6,11.9797
59475.5,11.9693
59495.4,11.9589
59515.3,11.9485
59535.2,11.9381
59555.1,11.9277
59575,11.9173
59594.9,11.907
59614.8,11.8966
59634.7,11.8862
59654.6,11.8758
59674.5,11.8654
59694.4,11.855
59714.3,11.8446
59734.3,11.8343
59754.2,11.8239
59774.1,11.8135
59794,11.8031
59813.9,11.7927
59833.8,11.7823
59853.7,11.7719
59873.6,11.7616
59893.5,11.7512
59913.4,11.7408
59933.3,11.7304
59953.2,11.72
59973.1,11.7096
59993,11.6992
60012.9,11.6892
60032.8,11.6793
60052.7,11.6694
60072.6,11.6596
60092.5,11.6497
60112.4,11.6398
60132.3,11.6299
60152.2,11.6201
60172.1,11.6102
60192,11.6003
60211.9,11.5904
60231.8,11.5806
60251.7,11.5707
60271.7,11.5608
60291.6,11.551
60311.5,11.5411
60331.4,11.5312
60351.3,11.5213
60371.2,11.5115
60391.1,11.5016
60411,11.4917
60430.9,11.4818
60450.8,11.472
60470.7,11.4621
60490.6,11.4522
60510.5,11.4423
60530.4,11.4325
60550.3,11.4226
60570.2,11.4131
60590.1,11.4036
60610,11.3941
60629.9,11.3846
60649.8,11.375
60669.7,11.3655
60689.6,11.356
60709.5,11.3465
60729.4,11.337
60749.3,11.3275
60769.3,11.318
60789.2,11.3085
60809.1,11.299
60829,11.2894
60848.9,11.2799
60868.8,11.2704
60888.7,11.2609
60908.6,11.2514
60928.5,11.2419
60948.4,11.2324
60968.3,11.2229
60988.2,11.2134
61008.1,11.2038
61028,11.1943
61047.9,11.1848
61067.8,11.1753
61087.7,11.1658
61107.6,11.1563
61127.5,11.1468
61147.4,11.1373
61167.3,11.1278
61187.2,11.1182
61207.1,11.1087
61227,11.0992
61246.9,11.0897
61266.9,11.0802
61286.8,11.0707
61306.7,11.0612
61326.6,11.0517
61346.5,11.0422
61366.4,11.0326
61386.3,11.0231
61406.2,11.0136
61426.1,11.0041
61446,10.9946
61465.9,10.9851
61485.8,10.9756
61505.7,10.9661
61525.6,10.9566
61545.5,10.947
61565.4,10.9375
61585.3,10.928
61605.2,10.9185
61625.1,10.909
61645,10.8995
61664.9,10.89
61684.8,10.8805
61704.7,10.871
61724.6,10.8614
61744.5,10.8524
61764.5,10.8436
61784.4,10.8348
61804.3,10.826
61824.2,10.8171
61844.1,10.8083
61864,10.7995
61883.9,10.7906
61903.8,10.7818
61923.7,10.773
61943.6,10.7642
61963.5,10.7553
61983.4,10.7465
62003.3,10.7377
62023.2,10.7289
62043.1,10.72
62063,10.7112
62082.9,10.7024
62102.8,10.6936
62122.7,10.6847
62142.6,10.6759
62162.5,10.6671
62182.4,10.6583
62202.3,10.6494
62222.2,10.6406
62242.1,10.6318
62262.1,10.6229
62282,10.6141
62301.9,10.6053
62321.8,10.5965
62341.7,10.5876
62361.6,10.5788
62381.5,10.57
62401.4,10.5612
62421.3,10.5523
62441.2,10.5435
62461.1,10.5347
62481,10.5259
62500.9,10.517
62520.8,10.5082
62540.7,10.4994
62560.6,10.4905
62580.5,10.4817
62600.4,10.4729
62620.3,10.4641
62640.2,10.4552
62660.1,10.4464
62680,10.4376
62699.9,10.4288
62719.8,10.4199
62739.8,10.4111
62759.7,10.4023
62779.6,10.3935
62799.5,10.3846
62819.4,10.3758
62839.3,10.367
62859.2,10.3582
62879.1,10.3493
62899,10.3405
62918.9,10.3317
62938.8,10.3228
62958.7,10.3147
62978.6,10.3066
62998.5,10.2985
63018.4,10.2904
63038.3,10.2823
63058.2,10.2742
63078.1,10.2661
63098,10.258
63117.9,10.25
63137.8,10.2419
63157.7,10.2338
63177.6,10.2257
63197.5,10.2176
63217.4,10.2095
63237.3,10.2014
63257.3,10.1933
63277.2,10.1852
63297.1,10.1771
63317,10.169
63336.9,10.1609
63356.8,10.1528
63376.7,10.1447
63396.6,10.1366
63416.5,10.1285
63436.4,10.1204
63456.3,10.1123
63476.2,10.1043
63496.1,10.0962
63516,10.0881
63535.9,10.08
63555.8,10.0719
63575.7,10.0638
63595.6,10.0557
63615.5,10.0476
63635.4,10.0395
63655.3,10.0314
63675.2,10.0233
63695.1,10.0152
63715,10.0071
63734.9,9.99903
63754.9,9.99093
63774.8,9.98284
63794.7,9.97475
63814.6,9.96665
63834.5,9.95856
63854.4,9.95046
63874.3,9.94237
63894.2,9.93428
63914.1,9.92618
63934,9.91809
63953.9,9.90999
63973.8,9.9019
63993.7,9.8938
64013.6,9.88571
64033.5,9.87762
64053.4,9.86952
64073.3,9.86143
64093.2,9.85333
64113.1,9.84524
64133,9.83714
64152.9,9.82905
64172.8,9.82103
64192.7,9.81351
64212.6,9.80597
64232.5,9.79845
64252.4,9.79091
64272.4,9.78338
64292.3,9.77585
64312.2,9.76832
64332.1,9.76079
64352,9.75326
64371.9,9.74573
64391.8,9.7382
64411.7,9.73067
64431.6,9.72314
64451.5,9.71561
64471.4,9.70808
64491.3,9.70055
64511.2,9.69302
64531.1,9.68549
64551,9.67796
64570.9,9.67043
64590.8,9.6629
64610.7,9.65537
64630.6,9.64784
64650.5,9.64031
64670.4,9.63278
64690.3,9.62525
64710.2,9.61772
64730.1,9.61019
64750,9.60266
64770,9.59513
64789.9,9.58759
64809.8,9.58006
64829.7,9.57253
64849.6,9.565
64869.5,9.55747
64889.4,9.54994
64909.3,9.54241
64929.2,9.53488
64949.1,9.52735
64969,9.51982
64988.9,9.51229
65008.8,9.50476
65028.7,9.49723
65048.6,9.4897
65068.5,9.48217
65088.4,9.47464
65108.3,9.46711
65128.2,9.45958
65148.1,9.45205
65168,9.44452
65187.9,9.43699
65207.8,9.42946
65227.7,9.42193
65247.6,9.4144
65267.6,9.40687
65287.5,9.39934
65307.4,9.39181
65327.3,9.38428
65347.2,9.37674
65367.1,9.36922
65387,9.36168
65406.9,9.35416
65426.8,9.34679
65446.7,9.33973
65466.6,9.33267
65486.5,9.32561
65506.4,9.31856
65526.3,9.3115
65546.2,9.30444
65566.1,9.29739
65586,9.29033
65605.9,9.28327
65625.8,9.27622
65645.7,9.26916
65665.6,9.2621
65685.5,9.25505
65705.4,9.24799
65725.3,9.24093
65745.3,9.23388
65765.2,9.22682
65785.1,9.21976
65805,9.21271
65824.9,9.20565
65844.8,9.19859
65864.7,9.19153
65884.6,9.18448
65904.5,9.17742
65924.4,9.17036
65944.3,9.16331
65964.2,9.15625
65984.1,9.14919
66004,9.14214
66023.9,9.13508
66043.8,9.12802
66063.7,9.12097
66083.6,9.11391
66103.5,9.10685
66123.4,9.0998
66143.3,9.09274
66163.2,9.08568
66183.1,9.07862
66203,9.07157
66222.9,9.06451
66242.9,9.05745
66262.8,9.0504
66282.7,9.04334
66302.6,9.03628
66322.5,9.02923
66342.4,9.02217
66362.3,9.01511
66382.2,9.00806
66402.1,9.001
66422,8.99394
66441.9,8.98689
66461.8,8.97983
66481.7,8.97277
66501.6,8.96571
66521.5,8.95866
66541.4,8.9516
66561.3,8.94454
66581.2,8.93749
66601.1,8.93043
66621,8.92337
66640.9,8.91632
66660.8,8.90926
66680.7,8.9022
66700.6,8.89517
66720.5,8.88871
66740.5,8.88226
66760.4,8.87581
66780.3,8.86935
66800.2,8.8629
66820.1,8.85645
66840,8.84999
66859.9,8.84354
66879.8,8.83709
66899.7,8.83064
66919.6,8.82418
66939.5,8.81773
66959.4,8.81128
66979.3,8.80482
66999.2,8.79837
67019.1,8.79192
67039,8.78546
67058.9,8.77901
67078.8,8.77256
67098.7,8.7661
67118.6,8.75965
67138.5,8.7532
67158.4,8.74675
67178.3,8.74029
67198.2,8.73384
67218.1,8.72738
67238,8.72093
67258,8.71448
67277.9,8.70803
67297.8,8.70157
67317.7,8.69512
67337.6,8.68867
67357.5,8.68222
67377.4,8.67576
67397.3,8.66931
67417.2,8.66285
67437.1,8.6564
67457,8.64995
67476.9,8.64349
67496.8,8.63704
67516.7,8.63059
67536.6,8.62414
67556.5,8.61769
67576.4,8.61123
67596.3,8.60478
67616.2,8.59832
67636.1,8.59187
67656,8.58542
67675.9,8.57897
67695.8,8.57251
67715.7,8.56606
67735.6,8.55961
67755.6,8.55315
67775.5,8.5467
67795.4,8.54025
67815.3,8.53379
67835.2,8.52734
67855.1,8.52089
67875,8.51443
67894.9,8.50798
67914.8,8.50153
67934.7,8.49508
67954.6,8.48862
67974.5,8.48217
67994.4,8.47572
68014.3,8.46936
68034.2,8.46334
68054.1,8.45733
68074,8.45131
68093.9,8.44529
68113.8,8.43928
68133.7,8.43326
68153.6,8.42725
68173.5,8.42123
68193.4,8.41522
68213.3,8.4092
68233.2,8.40319
68253.1,8.39717
68273.1,8.39115
68293,8.38514
68312.9,8.37912
68332.8,8.37311
68352.7,8.36709
68372.6,8.36108
68392.5,8.35506
68412.4,8.34904
68432.3,8.34303
68452.2,8.33701
68472.1,8.33099
68492,8.32498
68511.9,8.31896
68531.8,8.31295
68551.7,8.30693
68571.6,8.30092
68591.5,8.2949
68611.4,8.28889
68631.3,8.28287
68651.2,8.27685
68671.1,8.27084
68691,8.26482
68710.9,8.2588
68730.8,8.25279
68750.8,8.24677
68770.6,8.24076
68790.6,8.23474
68810.5,8.22873
68830.4,8.22271
68850.3,8.21669
68870.2,8.21068
68890.1,8.20466
68910,8.19865
68929.9,8.19263
68949.8,8.18662
68969.7,8.1806
68989.6,8.17458
69009.5,8.16857
69029.4,8.16255
69049.3,8.15654
69069.2,8.15052
69089.1,8.14451
69109,8.13849
69128.9,8.13247
69148.8,8.12646
69168.7,8.12044
69188.6,8.11443
69208.5,8.10841
69228.4,8.1024
69248.4,8.09638
69268.3,8.09037
69288.2,8.08435
69308.1,8.07833
69328,8.07232
69347.9,8.06646
69367.8,8.06086
69387.7,8.05525
69407.6,8.04965
69427.5,8.04404
69447.4,8.03844
69467.3,8.03284
69487.2,8.02723
69507.1,8.02162
69527,8.01602
69546.9,8.01042
69566.8,8.00481
69586.7,7.99921
69606.6,7.9936
69626.5,7.988
69646.4,7.98239
69666.3,7.97679
69686.2,7.97118
69706.1,7.96558
69726,7.95997
69745.9,7.95437
69765.9,7.94876
69785.8,7.94316
69805.7,7.93755
69825.6,7.93195
69845.5,7.92634
69865.4,7.92074
69885.3,7.91513
69905.2,7.90953
69925.1,7.90392
69945,7.89832
69964.9,7.89271
69984.8,7.88711
70004.7,7.8815
70024.6,7.8759
70044.5,7.87029
70064.4,7.86469
70084.3,7.85908
70104.2,7.85348
70124.1,7.84787
70144,7.84227
70163.9,7.83667
70183.8,7.83106
70203.7,7.82546
70223.6,7.81985
70243.5,7.81425
70263.5,7.80864
70283.4,7.80304
70303.3,7.79743
70323.2,7.79183
70343.1,7.78622
70363,7.78062
70382.9,7.77501
70402.8,7.76941
70422.7,7.7638
70442.6,7.7582
70462.5,7.75259
70482.4,7.74699
70502.3,7.74138
70522.2,7.73578
70542.1,7.73017
70562,7.72457
70581.9,7.71896
70601.8,7.71336
70621.7,7.70775
70641.6,7.70215
70661.5,7.69654
70681.4,7.69094
70701.3,7.68558
70721.3,7.68041
70741.1,7.67525
70761.1,7.67008
70781,7.66491
70800.9,7.65974
70820.8,7.65457
70840.7,7.64941
70860.6,7.64424
70880.5,7.63907
70900.4,7.6339
70920.3,7.62873
70940.2,7.62357
70960.1,7.6184
70980,7.61323
70999.9,7.60806
71019.8,7.60289
71039.7,7.59772
71059.6,7.59255
71079.5,7.58739
71099.4,7.58222
71119.3,7.57705
71139.2,7.57188
71159.1,7.56671
71179,7.56155
71198.9,7.55638
71218.8,7.55121
71238.8,7.54604
71258.7,7.54087
71278.6,7.53571
71298.5,7.53054
71318.4,7.52537
71338.3,7.5202
71358.2,7.51503
71378.1,7.50987
71398,7.5047
71417.9,7.49953
71437.8,7.49436
71457.7,7.48919
71477.6,7.48402
71497.5,7.47886
71517.4,7.47369
71537.3,7.46852
71557.2,7.46335
71577.1,7.45818
71597,7.45301
71616.9,7.44785
71636.8,7.44268
71656.7,7.43751
71676.6,7.43234
71696.5,7.42717
71716.4,7.42201
71736.4,7.41684
71756.3,7.41167
71776.2,7.4065
71796.1,7.40133
71816,7.39617
71835.9,7.391
71855.8,7.38583
71875.7,7.38066
71895.6,7.37549
71915.5,7.37032
71935.4,7.36515
71955.3,7.35999
71975.2,7.35482
71995.1,7.34965
72015,7.34448
72034.9,7.33931
72054.8,7.33415
72074.7,7.32907
72094.6,7.32428
72114.5,7.31949
72134.4,7.3147
72154.3,7.30991
72174.2,7.30512
72194.1,7.30034
72214,7.29555
72233.9,7.29076
72253.9,7.28597
72273.8,7.28118
72293.7,7.27639
72313.6,7.2716
72333.5,7.26682
72353.4,7.26203
72373.3,7.25724
72393.2,7.25245
72413.1,7.24766
72433,7.24287
72452.9,7.23808
72472.8,7.2333
72492.7,7.22851
72512.6,7.22372
72532.5,7.21893
72552.4,7.21414
72572.3,7.20935
72592.2,7.20456
72612.1,7.19978
72632,7.19499
72651.9,7.1902
72671.8,7.18541
72691.7,7.18062
72711.6,7.17583
72731.5,7.17104
72751.4,7.16626
72771.4,7.16147
72791.3,7.15668
72811.2,7.15189
72831.1,7.1471
72851,7.14231
72870.9,7.13752
72890.8,7.13274
72910.7,7.12795
72930.6,7.12316
72950.5,7.11837
72970.4,7.11358
72990.3,7.10879
73010.2,7.104
73030.1,7.09921
73050,7.09443
73069.9,7.08964
73089.8,7.08485
73109.7,7.08006
73129.6,7.07527
73149.5,7.07048
73169.4,7.06569
73189.3,7.06091
73209.2,7.05612
73229.1,7.05133
73249,7.04654
73269,7.04175
73288.9,7.03696
73308.8,7.03217
73328.7,7.02739
73348.6,7.0226
73368.5,7.01781
73388.4,7.01302
73408.3,7.00823
73428.2,7.00344
73448.1,6.99865
73468,6.99387
73487.9,6.98922
73507.8,6.98478
73527.7,6.98034
73547.6,6.9759
73567.5,6.97147
73587.4,6.96703
73607.3,6.96259
73627.2,6.95815
73647.1,6.95371
73667,6.94928
73686.9,6.94484
73706.8,6.9404
73726.7,6.93597
73746.6,6.93153
73766.6,6.92709
73786.5,6.92265
73806.4,6.91822
73826.3,6.91378
73846.2,6.90934
73866.1,6.9049
73886,6.90047
73905.9,6.89603
73925.8,6.89159
73945.7,6.88715
73965.6,6.88272
73985.5,6.87828
74005.4,6.87384
74025.3,6.8694
74045.2,6.86497
74065.1,6.86053
74085,6.85609
74104.9,6.85165
74124.8,6.84722
74144.7,6.84278
74164.6,6.83834
74184.5,6.8339
74204.4,6.82947
74224.3,6.82503
74244.3,6.82059
74264.2,6.81615
74284.1,6.81172
74304,6.80728
74323.9,6.80284
74343.8,6.7984
74363.7,6.79397
74383.6,6.78953
74403.5,6.78509
74423.4,6.78066
74443.3,6.77622
74463.2,6.77178
74483.1,6.76734
74503,6.76291
74522.9,6.75847
74542.8,6.75403
74562.7,6.74959
74582.6,6.74516
74602.5,6.74072
74622.4,6.73628
74642.3,6.73184
74662.2,6.72741
74682.1,6.72297
74702,6.71853
74721.9,6.71409
74741.9,6.70966
74761.8,6.70522
74781.7,6.70078
74801.6,6.69634
74821.5,6.69191
74841.4,6.68747
74861.3,6.68303
74881.2,6.67859
74901.1,6.67416
74921,6.66973
74940.9,6.66561
74960.8,6.66148
74980.7,6.65735
75000.6,6.65322
75020.5,6.64909
75040.4,6.64496
75060.3,6.64083
75080.2,6.6367
75100.1,6.63258
75120,6.62845
75139.9,6.62432
75159.8,6.62019
75179.7,6.61606
75199.6,6.61193
75219.5,6.6078
75239.5,6.60367
75259.4,6.59955
75279.3,6.59542
75299.2,6.59129
75319.1,6.58716
75339,6.58303
75358.9,6.5789
75378.8,6.57477
75398.7,6.57065
75418.6,6.56652
75438.5,6.56239
75458.4,6.55826
75478.3,6.55413
75498.2,6.55
75518.1,6.54587
75538,6.54175
75557.9,6.53762
75577.8,6.53349
75597.7,6.52936
75617.6,6.52523
75637.5,6.5211
75657.4,6.51697
75677.3,6.51284
75697.2,6.50872
75717.1,6.50459
75737,6.50046
75757,6.49633
75776.9,6.4922
75796.8,6.48807
75816.7,6.48394
75836.6,6.47981
75856.5,6.47569
75876.4,6.47156
75896.3,6.46743
75916.2,6.4633
75936.1,6.45917
75956,6.45504
75975.9,6.45091
75995.8,6.44679
76015.7,6.44266
76035.6,6.43853
76055.5,6.4344
76075.4,6.43027
76095.3,6.42614
76115.2,6.42201
76135.1,6.41789
76155,6.41376
76174.9,6.40963
76194.8,6.4055
76214.7,6.40137
76234.6,6.39724
76254.5,6.39311
76274.5,6.38898
76294.4,6.38485
76314.3,6.38073
76334.2,6.3766
76354.1,6.37247
76374,6.36834
76393.9,6.36444
76413.8,6.36064
76433.7,6.35684
76453.6,6.35303
76473.5,6.34923
76493.4,6.34543
76513.3,6.34163
76533.2,6.33783
76553.1,6.33403
76573,6.33023
76592.9,6.32643
76612.8,6.32262
76632.7,6.31882
76652.6,6.31502
76672.5,6.31122
76692.4,6.30742
76712.3,6.30362
76732.2,6.29982
76752.1,6.29602
76772.1,6.29221
76792,6.28841
76811.9,6.28461
76831.8,6.28081
76851.7,6.27701
76871.6,6.27321
76891.5,6.26941
76911.4,6.2656
76931.3,6.2618
76951.2,6.258
76971.1,6.2542
76991,6.2504
77010.9,6.2466
77030.8,6.2428
77050.7,6.23899
77070.6,6.23519
77090.5,6.23139
77110.4,6.22759
77130.3,6.22379
77150.2,6.21999
77170.1,6.21619
77190,6.21238
77209.9,6.20858
77229.8,6.20478
77249.8,6.20098
77269.6,6.19718
77289.6,6.19338
77309.5,6.18958
77329.4,6.18577
77349.3,6.18197
77369.2,6.17817
77389.1,6.17437
77409,6.17057
77428.9,6.16677
77448.8,6.16297
77468.7,6.15917
77488.6,6.15536
77508.5,6.15156
77528.4,6.14776
77548.3,6.14396
77568.2,6.14016
77588.1,6.13636
77608,6.13256
77627.9,6.12876
77647.8,6.12495
77667.7,6.12115
77687.6,6.11735
77707.5,6.11355
77727.4,6.10975
77747.4,6.10595
77767.3,6.10215
77787.2,6.09834
77807.1,6.09454
77827,6.09074
77846.9,6.08694
77866.8,6.08314
77886.7,6.07942
77906.6,6.07587
77926.5,6.07232
77946.4,6.06878
77966.3,6.06523
77986.2,6.06168
78006.1,6.05813
78026,6.05458
78045.9,6.05103
78065.8,6.04748
78085.7,6.04393
78105.6,6.04038
78125.5,6.03684
78145.4,6.03329
78165.3,6.02974
78185.2,6.02619
78205.1,6.02264
78225,6.01909
78245,6.01554
78264.9,6.01199
78284.8,6.00844
78304.7,6.0049
78324.6,6.00135
78344.5,5.9978
78364.4,5.99425
78384.3,5.9907
78404.2,5.98715
78424.1,5.9836
78444,5.98005
78463.9,5.9765
78483.8,5.97295
78503.7,5.96941
78523.6,5.96586
78543.5,5.96231
78563.4,5.95876
78583.3,5.95521
78603.2,5.95166
78623.1,5.94811
78643,5.94456
78662.9,5.94101
78682.8,5.93747
78702.7,5.93392
78722.6,5.93037
78742.5,5.92682
78762.5,5.92327
78782.4,5.91972
78802.3,5.91617
78822.2,5.91262
78842.1,5.90908
78862,5.90553
78881.9,5.90198
78901.8,5.89843
78921.7,5.89488
78941.6,5.89133
78961.5,5.88778
78981.4,5.88423
79001.3,5.88068
79021.2,5.87713
79041.1,5.87359
79061,5.87004
79080.9,5.86649
79100.8,5.86294
79120.7,5.85939
79140.6,5.85584
79160.5,5.85229
79180.4,5.84874
79200.3,5.84519
79220.3,5.84164
79240.1,5.8381
79260.1,5.83455
79280,5.831
79299.9,5.82745
79319.8,5.8239
79339.7,5.82035
79359.6,5.8168
79379.5,5.81325
79399.4,5.8097
79419.3,5.80635
79439.2,5.803
79459.1,5.79965
79479,5.7963
79498.9,5.79295
79518.8,5.78961
79538.7,5.78626
79558.6,5.78291
79578.5,5.77956
79598.4,5.77621
79618.3,5.77286
79638.2,5.76951
79658.1,5.76616
79678,5.76282
79697.9,5.75947
79717.8,5.75612
79737.8,5.75277
79757.7,5.74942
79777.6,5.74607
79797.5,5.74272
79817.4,5.73937
79837.3,5.73603
79857.2,5.73268
79877.1,5.72933
79897,5.72598
79916.9,5.72263
79936.8,5.71928
79956.7,5.71593
79976.6,5.71258
79996.5,5.70923
80016.4,5.70596
80036.3,5.7027
80056.2,5.69944
80076.1,5.69619
80096,5.69293
80115.9,5.68967
80135.8,5.68641
80155.7,5.68315
80175.6,5.67989
80195.5,5.67664
80215.4,5.67338
80235.3,5.67012
80255.3,5.66686
80275.2,5.6636
80295.1,5.66034
80315,5.65709
80334.9,5.65383
80354.8,5.65057
80374.7,5.64731
80394.6,5.64405
80414.5,5.64079
80434.4,5.63754
80454.3,5.63428
80474.2,5.63102
80494.1,5.62776
80514,5.6245
80533.9,5.62124
80553.8,5.61799
80573.7,5.61473
80593.6,5.61147
80613.5,5.60821
80633.4,5.60495
80653.3,5.60169
80673.2,5.59844
80693.1,5.59518
80713,5.59192
80732.9,5.58866
80752.9,5.5854
80772.8,5.58214
80792.7,5.57888
80812.6,5.57563
80832.5,5.57237
80852.4,5.56911
80872.3,5.56585
80892.2,5.56259
80912.1,5.55934
80932,5.55608
80951.9,5.55284
80971.8,5.54981
80991.7,5.54678
81011.6,5.54376
81031.5,5.54073
81051.4,5.5377
81071.3,5.53467
81091.2,5.53164
81111.1,5.52861
81131,5.52559
81150.9,5.52256
81170.8,5.51953
81190.7,5.5165
81210.6,5.51347
81230.5,5.51044
81250.4,5.50742
81270.4,5.50439
81290.3,5.50136
81310.2,5.49833
81330.1,5.4953
81350,5.49227
81369.9,5.48925
81389.8,5.48622
81409.7,5.48319
81429.6,5.48016
81449.5,5.47713
81469.4,5.4741
81489.3,5.47108
81509.2,5.46805
81529.1,5.46502
81549,5.46199
81568.9,5.45896
81588.8,5.45593
81608.7,5.45291
81628.6,5.44988
81648.5,5.44685
81668.4,5.44382
81688.3,5.44079
81708.2,5.43776
81728.1,5.43473
81748,5.43171
81768,5.42868
81787.9,5.42565
81807.8,5.42262
81827.7,5.41959
81847.6,5.41657
81867.5,5.41354
81887.4,5.41051
81907.3,5.40748
81927.2,5.40445
81947.1,5.40142
81967,5.3984
81986.9,5.39537
82006.8,5.39234
82026.7,5.38931
82046.6,5.38628
82066.5,5.38325
82086.4,5.38023
82106.3,5.3772
82126.2,5.37417
82146.1,5.37114
82166,5.36811
82185.9,5.36508
82205.8,5.36205
82225.8,5.35903
82245.6,5.356
82265.6,5.35297
82285.5,5.34994
82305.4,5.34691
82325.3,5.34389
82345.2,5.34086
82365.1,5.33783
82385,5.3348
82404.9,5.33177
82424.8,5.32874
82444.7,5.32572
82464.6,5.32269
82484.5,5.31966
82504.4,5.31663
82524.3,5.3136
82544.2,5.31061
82564.1,5.30778
82584,5.30495
82603.9,5.30211
82623.8,5.29928
82643.7,5.29645
82663.6,5.29361
82683.5,5.29078
82703.4,5.28795
82723.3,5.28511
82743.3,5.28228
82763.2,5.27945
82783.1,5.27662
82803,5.27378
82822.9,5.27095
82842.8,5.26812
82862.7,5.26528
82882.6,5.26245
82902.5,5.25961
82922.4,5.25678
82942.3,5.25395
82962.2,5.25111
82982.1,5.24828
83002,5.24545
83021.9,5.24262
83041.8,5.23978
83061.7,5.23695
83081.6,5.23411
83101.5,5.23128
83121.4,5.22845
83141.3,5.22562
83161.2,5.22278
83181.1,5.21995
83201,5.21712
83220.9,5.21428
83240.9,5.21145
83260.8,5.20862
83280.7,5.20578
83300.6,5.20295
83320.5,5.20012
83340.4,5.19728
83360.3,5.19445
83380.2,5.19162
83400.1,5.18878
83420,5.18595
83439.9,5.18311
83459.8,5.18028
83479.7,5.17745
83499.6,5.17461
83519.5,5.17178
83539.4,5.16895
83559.3,5.16612
83579.2,5.16328
83599.1,5.16045
83619,5.15762
83638.9,5.15478
83658.8,5.15195
83678.7,5.14912
83698.6,5.14628
83718.5,5.14345
83738.5,5.14061
83758.4,5.13778
83778.3,5.13495
83798.2,5.13211
83818.1,5.12928
83838,5.12645
83857.9,5.12362
83877.8,5.12078
83897.7,5.11795
83917.6,5.11512
83937.5,5.11228
83957.4,5.10945
83977.3,5.10662
83997.2,5.10378
84017.1,5.10095
84037,5.09812
84056.9,5.09528
84076.8,5.09245
84096.7,5.08962
84116.6,5.08678
84136.5,5.08395
84156.4,5.08118
84176.3,5.07856
84196.2,5.07594
84216.1,5.07332
84236,5.0707
84255.9,5.06807
84275.9,5.06545
84295.8,5.06283
84315.7,5.06021
84335.6,5.05759
84355.5,5.05496
84375.4,5.05234
84395.3,5.04972
84415.2,5.0471
84435.1,5.04448
84455,5.04185
84474.9,5.03923
84494.8,5.03661
84514.7,5.03399
84534.6,5.03137
84554.5,5.02874
84574.4,5.02612
84594.3,5.0235
84614.2,5.02088
84634.1,5.01826
84654,5.01563
84673.9,5.01301
84693.8,5.01039
84713.7,5.00777
84733.6,5.00515
84753.5,5.00252
84773.5,4.9999
84793.4,4.99728
84813.3,4.99466
84833.2,4.99204
84853.1,4.98941
84873,4.98679
84892.9,4.98417
84912.8,4.98155
84932.7,4.97893
84952.6,4.9763
84972.5,4.97368
84992.4,4.97106
85012.3,4.96844
85032.2,4.96582
85052.1,4.96319
85072,4.96057
85091.9,4.95795
85111.8,4.95533
85131.7,4.95271
85151.6,4.95008
85171.5,4.94746
85191.4,4.94484
85211.3,4.94222
85231.2,4.9396
85251.1,4.93697
85271.1,4.93435
85291,4.93173
85310.9,4.92911
85330.8,4.92649
85350.7,4.92386
85370.6,4.92124
85390.5,4.91862
85410.4,4.916
85430.3,4.91338
85450.2,4.91075
85470.1,4.90813
85490,4.90551
85509.9,4.90289
85529.8,4.90027
85549.7,4.89764
85569.6,4.89502
85589.5,4.8924
85609.4,4.88978
85629.3,4.88716
85649.2,4.88453
85669.1,4.88191
85689,4.87929
85708.9,4.87667
85728.8,4.87404
85748.8,4.87142
85768.7,4.8688
85788.6,4.86618
85808.5,4.86363
85828.4,4.8612
85848.3,4.85876
85868.2,4.85632
85888.1,4.85388
85908,4.85144
85927.9,4.849
85947.8,4.84656
85967.7,4.84412
85987.6,4.84169
86007.5,4.83925
86027.4,4.83681
86047.3,4.83437
86067.2,4.83193
86087.1,4.82949
86107,4.82705
86126.9,4.82461
86146.8,4.82217
86166.7,4.81974
86186.6,4.8173
86206.5,4.81486
86226.4,4.81242
86246.4,4.80998
86266.3,4.80754
86286.2,4.8051
86306.1,4.80266
86326,4.80022
86345.9,4.79778
86365.8,4.79535
86385.7,4.79291
86405.6,4.79047
86425.5,4.78803
86445.4,4.78559
86465.3,4.78315
86485.2,4.78071
86505.1,4.77827
86525,4.77584
86544.9,4.7734
86564.8,4.77096
86584.7,4.76852
86604.6,4.76608
86624.5,4.76364
86644.4,4.7612
86664.3,4.75876
86684.2,4.75633
86704.1,4.75389
86724,4.75145
86744,4.74901
86763.9,4.74657
86783.8,4.74413
86803.7,4.74169
86823.6,4.73925
86843.5,4.73681
86863.4,4.73438
86883.3,4.73194
86903.2,4.7295
86923.1,4.72706
86943,4.72462
86962.9,4.72218
86982.8,4.71974
87002.7,4.7173
87022.6,4.71486
87042.5,4.71243
87062.4,4.70999
87082.3,4.70755
87102.2,4.70511
87122.1,4.70267
87142,4.70023
87161.9,4.69779
87181.8,4.69535
87201.7,4.69292
87221.6,4.69047
87241.5,4.68804
87261.5,4.6856
87281.4,4.68316
87301.3,4.68072
87321.2,4.67828
87341.1,4.67584
87361,4.6734
87380.9,4.67096
87400.8,4.66853
87420.7,4.66609
87440.6,4.66365
87460.5,4.66121
87480.4,4.65887
87500.3,4.65661
87520.2,4.65436
87540.1,4.6521
87560,4.64985
87579.9,4.64759
87599.8,4.64534
87619.7,4.64308
87639.6,4.64083
87659.5,4.63857
87679.4,4.63632
87699.3,4.63406
87719.2,4.63181
87739.1,4.62955
87759.1,4.6273
87779,4.62504
87798.9,4.62279
87818.8,4.62054
87838.7,4.61828
87858.6,4.61603
87878.5,4.61377
87898.4,4.61152
87918.3,4.60926
87938.2,4.60701
87958.1,4.60475
87978,4.6025
87997.9,4.60024
88017.8,4.59799
88037.7,4.59573
88057.6,4.59348
88077.5,4.59122
88097.4,4.58897
88117.3,4.58671
88137.2,4.58446
88157.1,4.5822
88177,4.57995
88196.9,4.57769
88216.8,4.57544
88236.7,4.57319
88256.6,4.57093
88276.6,4.56868
88296.5,4.56642
88316.4,4.56417
88336.3,4.56191
88356.2,4.55966
88376.1,4.5574
88396,4.55515
88415.9,4.55289
88435.8,4.55064
88455.7,4.54838
88475.6,4.54613
88495.5,4.54387
88515.4,4.54162
88535.3,4.53936
88555.2,4.53711
88575.1,4.53485
88595,4.5326
88614.9,4.53034
88634.8,4.52809
88654.7,4.52583
88674.6,4.52358
88694.5,4.52133
88714.4,4.51907
88734.3,4.51682
88754.3,4.51456
88774.1,4.51231
88794.1,4.51005
88814,4.5078
88833.9,4.50554
88853.8,4.50329
88873.7,4.50103
88893.6,4.49878
88913.5,4.49652
88933.4,4.49427
88953.3,4.49201
88973.2,4.48976
88993.1,4.4875
89013,4.48525
89032.9,4.48299
89052.8,4.48074
89072.7,4.47848
89092.6,4.47623
89112.5,4.47397
89132.4,4.47172
89152.3,4.46946
89172.2,4.46721
89192.1,4.46506
89212,4.46297
89231.9,4.46088
89251.9,4.45879
89271.8,4.4567
89291.7,4.45461
89311.6,4.45252
89331.5,4.45043
89351.4,4.44834
89371.3,4.44625
89391.2,4.44416
89411.1,4.44207
89431,4.43998
89450.9,4.43789
89470.8,4.4358
89490.7,4.43371
89510.6,4.43162
89530.5,4.42954
89550.4,4.42745
89570.3,4.42536
89590.2,4.42327
89610.1,4.42118
89630,4.41909
89649.9,4.417
89669.8,4.41491
89689.7,4.41282
89709.6,4.41073
89729.5,4.40864
89749.5,4.40655
89769.4,4.40446
89789.3,4.40237
89809.2,4.40028
89829.1,4.39819
89849,4.3961
89868.9,4.39401
89888.8,4.39192
89908.7,4.38984
89928.6,4.38775
89948.5,4.38566
89968.4,4.38357
89988.3,4.38148
90008.2,4.37939
90028.1,4.3773
90048,4.37521
90067.9,4.37312
90087.8,4.37103
90107.7,4.36894
90127.6,4.36685
90147.5,4.36476
90167.4,4.36267
90187.3,4.36058
90207.2,4.35849
90227.1,4.3564
90247,4.35432
90267,4.35223
90286.9,4.35014
90306.8,4.34805
90326.7,4.34596
90346.6,4.34387
90366.5,4.34178
90386.4,4.33969
90406.3,4.3376
90426.2,4.33551
90446.1,4.33342
90466,4.33133
90485.9,4.32924
90505.8,4.32715
90525.7,4.32506
90545.6,4.32297
90565.5,4.32088
90585.4,4.31879
90605.3,4.3167
90625.2,4.31461
90645.1,4.31253
90665,4.31044
90684.9,4.30835
90704.8,4.30626
90724.8,4.30417
90744.6,4.30208
90764.6,4.29999
90784.5,4.2979
90804.4,4.29581
90824.3,4.29372
90844.2,4.29163
90864.1,4.28954
90884,4.28745
90903.9,4.28536
90923.8,4.28327
90943.7,4.28129
90963.6,4.27934
90983.5,4.2774
91003.4,4.27546
91023.3,4.27352
91043.2,4.27157
91063.1,4.26963
91083,4.26769
91102.9,4.26575
91122.8,4.2638
91142.7,4.26186
91162.6,4.25992
91182.5,4.25798
91202.4,4.25603
91222.3,4.25409
91242.3,4.25215
91262.2,4.25021
91282.1,4.24826
91302,4.24632
91321.9,4.24438
91341.8,4.24244
91361.7,4.24049
91381.6,4.23855
91401.5,4.23661
91421.4,4.23467
91441.3,4.23273
91461.2,4.23078
91481.1,4.22884
91501,4.2269
91520.9,4.22496
91540.8,4.22301
91560.7,4.22107
91580.6,4.21913
91600.5,4.21719
91620.4,4.21524
91640.3,4.2133
91660.2,4.21136
91680.1,4.20942
91700,4.20747
91719.9,4.20553
91739.9,4.20359
91759.8,4.20165
91779.7,4.19971
91799.6,4.19776
91819.5,4.19582
91839.4,4.19388
91859.3,4.19194
91879.2,4.18999
91899.1,4.18805
91919,4.18611
91938.9,4.18417
91958.8,4.18222
91978.7,4.18028
91998.6,4.17834
92018.5,4.1764
92038.4,4.17445
92058.3,4.17251
92078.2,4.17057
92098.1,4.16863
92118,4.16668
92137.9,4.16474
92157.8,4.1628
92177.7,4.16086
92197.6,4.15892
92217.5,4.15697
92237.4,4.15503
92257.4,4.15309
92277.3,4.15115
92297.2,4.1492
92317.1,4.14726
92337,4.14532
92356.9,4.14338
92376.8,4.14143
92396.7,4.13949
92416.6,4.13755
92436.5,4.13561
92456.4,4.13366
92476.3,4.13172
92496.2,4.12978
92516.1,4.12784
92536,4.12589
92555.9,4.12395
92575.8,4.12201
92595.7,4.12007
92615.6,4.11812
92635.5,4.11618
92655.4,4.11424
92675.3,4.1123
92695.2,4.11036
92715.1,4.10845
92735,4.10665
92754.9,4.10485
92774.9,4.10305
92794.8,4.10125
92814.7,4.09945
92834.6,4.09765
92854.5,4.09585
92874.4,4.09405
92894.3,4.09225
92914.2,4.09045
92934.1,4.08865
92954,4.08685
92973.9,4.08505
92993.8,4.08325
93013.7,4.08145
93033.6,4.07965
93053.5,4.07785
93073.4,4.07605
93093.3,4.07425
93113.2,4.07245
93133.1,4.07065
93153,4.06885
93172.9,4.06705
93192.8,4.06525
93212.7,4.06345
93232.6,4.06165
93252.5,4.05985
93272.5,4.05804
93292.4,4.05624
93312.3,4.05444
93332.2,4.05264
93352.1,4.05084
93372,4.04904
93391.9,4.04724
93411.8,4.04544
93431.7,4.04364
93451.6,4.04184
93471.5,4.04004
93491.4,4.03824
93511.3,4.03644
93531.2,4.03464
93551.1,4.03284
93571,4.03104
93590.9,4.02924
93610.8,4.02744
93630.7,4.02564
93650.6,4.02384
93670.5,4.02204
93690.4,4.02024
93710.3,4.01844
93730.3,4.01664
93750.1,4.01484
93770.1,4.01304
93790,4.01124
93809.9,4.00944
93829.8,4.00764
93849.7,4.00584
93869.6,4.00404
93889.5,4.00224
93909.4,4.00044
93929.3,3.99864
93949.2,3.99684
93969.1,3.99504
93989,3.99324
94008.9,3.99144
94028.8,3.98964
94048.7,3.98784
94068.6,3.98604
94088.5,3.98424
94108.4,3.98244
94128.3,3.98064
94148.2,3.97884
94168.1,3.97704
94188,3.97524
94207.9,3.97344
94227.8,3.97164
94247.8,3.96984
94267.7,3.96804
94287.6,3.96624
94307.5,3.96444
94327.4,3.96264
94347.3,3.96084
94367.2,3.95904
94387.1,3.95724
94407,3.95543
94426.9,3.95363
94446.8,3.95183
94466.7,3.95003
94486.6,3.94823
94506.5,3.94643
94526.4,3.94467
94546.3,3.943
94566.2,3.94133
94586.1,3.93966
94606,3.93798
94625.9,3.93631
94645.8,3.93464
94665.7,3.93296
94685.6,3.93129
94705.5,3.92962
94725.4,3.92794
94745.4,3.92627
94765.3,3.9246
94785.2,3.92292
94805.1,3.92125
94825,3.91958
94844.9,3.9179
94864.8,3.91623
94884.7,3.91456
94904.6,3.91288
94924.5,3.91121
94944.4,3.90954
94964.3,3.90787
94984.2,3.90619
95004.1,3.90452
95024,3.90285
95043.9,3.90117
95063.8,3.8995
95083.7,3.89783
95103.6,3.89615
95123.5,3.89448
95143.4,3.89281
95163.3,3.89113
95183.2,3.88946
95203.1,3.88779
95223,3.88611
95243,3.88444
95262.9,3.88277
95282.8,3.88109
95302.7,3.87942
95322.6,3.87775
95342.5,3.87607
95362.4,3.8744
95382.3,3.87273
95402.2,3.87105
95422.1,3.86938
95442,3.86771
95461.9,3.86603
95481.8,3.86436
95501.7,3.86269
95521.6,3.86102
95541.5,3.85934
95561.4,3.85767
95581.3,3.856
95601.2,3.85432
95621.1,3.85265
95641,3.85098
95660.9,3.8493
95680.8,3.84763
95700.7,3.84596
95720.6,3.84428
95740.6,3.84261
95760.5,3.84094
95780.4,3.83926
95800.3,3.83759
95820.2,3.83592
95840.1,3.83424
95860,3.83257
95879.9,3.8309
95899.8,3.82922
95919.7,3.82755
95939.6,3.82588
95959.5,3.82421
95979.4,3.82253
95999.3,3.82086
96019.2,3.81919
96039.1,3.81751
96059,3.81584
96078.9,3.81417
96098.8,3.81249
96118.7,3.81082
96138.6,3.80915
96158.5,3.80747
96178.4,3.8058
96198.3,3.80413
96218.2,3.80245
96238.1,3.80078
96258,3.79911
96278,3.79743
96297.9,3.79576
96317.8,3.79409
96337.7,3.79241
96357.6,3.79074
96377.5,3.78911
96397.4,3.78755
96417.3,3.78599
96437.2,3.78443
96457.1,3.78287
96477,3.78131
96496.9,3.77975
96516.8,3.77819
96536.7,3.77663
96556.6,3.77507
96576.5,3.77351
96596.4,3.77195
96616.3,3.77039
96636.2,3.76883
96656.1,3.76727
96676,3.76571
96695.9,3.76415
96715.8,3.76259
96735.7,3.76103
96755.6,3.75947
96775.6,3.75791
96795.5,3.75635
96815.4,3.75479
96835.3,3.75323
96855.2,3.75167
96875.1,3.75011
96895,3.74856
96914.9,3.747
96934.8,3.74544
96954.7,3.74388
96974.6,3.74232
96994.5,3.74076
97014.4,3.7392
97034.3,3.73764
97054.2,3.73608
97074.1,3.73452
97094,3.73296
97113.9,3.7314
97133.8,3.72984
97153.7,3.72828
97173.6,3.72672
97193.5,3.72516
97213.4,3.7236
97233.3,3.72204
97253.3,3.72048
97273.2,3.71892
97293.1,3.71736
97313,3.7158
97332.9,3.71424
97352.8,3.71268
97372.7,3.71112
97392.6,3.70956
97412.5,3.708
97432.4,3.70644
97452.3,3.70488
97472.2,3.70332
97492.1,3.70176
97512,3.7002
97531.9,3.69864
97551.8,3.69708
97571.7,3.69552
97591.6,3.69396
97611.5,3.6924
97631.4,3.69084
97651.3,3.68928
97671.2,3.68772
97691.1,3.68616
97711,3.6846
97730.9,3.68304
97750.9,3.68148
97770.8,3.67992
97790.7,3.67836
97810.6,3.6768
97830.5,3.67524
97850.4,3.67368
97870.3,3.67212
97890.2,3.67056
97910.1,3.669
97930,3.66744
97949.9,3.66588
97969.8,3.66432
97989.7,3.66276
98009.6,3.6612
98029.5,3.65964
98049.4,3.65808
98069.3,3.65653
98089.2,3.65496
98109.1,3.65341
98129,3.65185
98148.9,3.65029
98168.8,3.64873
98188.7,3.64717
98208.6,3.64561
98228.5,3.64405
98248.5,3.64249
98268.4,3.64103
98288.3,3.63958
98308.2,3.63813
98328.1,3.63669
98348,3.63524
98367.9,3.63379
98387.8,3.63234
98407.7,3.63089
98427.6,3.62944
98447.5,3.628
98467.4,3.62655
98487.3,3.6251
98507.2,3.62365
98527.1,3.6222
98547,3.62076
98566.9,3.61931
98586.8,3.61786
98606.7,3.61641
98626.6,3.61496
98646.5,3.61351
98666.4,3.61207
98686.3,3.61062
98706.2,3.60917
98726.1,3.60772
98746,3.60627
98766,3.60483
98785.9,3.60338
98805.8,3.60193
98825.7,3.60048
98845.6,3.59903
98865.5,3.59759
98885.4,3.59614
98905.3,3.59469
98925.2,3.59324
98945.1,3.59179
98965,3.59034
98984.9,3.5889
99004.8,3.58745
99024.7,3.586
99044.6,3.58455
99064.5,3.5831
99084.4,3.58166
99104.3,3.58021
99124.2,3.57876
99144.1,3.57731
99164,3.57586
99183.9,3.57441
99203.8,3.57297
99223.8,3.57152
99243.6,3.57007
99263.6,3.56862
99283.5,3.56717
99303.4,3.56573
99323.3,3.56428
99343.2,3.56283
99363.1,3.56138
99383,3.55993
99402.9,3.55849
99422.8,3.55704
99442.7,3.55559
99462.6,3.55414
99482.5,3.55269
99502.4,3.55124
99522.3,3.5498
99542.2,3.54835
99562.1,3.5469
99582,3.54545
99601.9,3.544
99621.8,3.54256
99641.7,3.54111
99661.6,3.53966
99681.5,3.53821
99701.4,3.53676
99721.3,3.53532
99741.3,3.53387
99761.2,3.53242
99781.1,3.53097
99801,3.52952
99820.9,3.52807
99840.8,3.52663
99860.7,3.52518
99880.6,3.52373
99900.5,3.52228
99920.4,3.52083
99940.3,3.51939
99960.2,3.51794
99980.1,3.51649
100000,3.51504