500,154516
519.904,151208
539.808,147899
559.712,144591
579.616,141283
599.52,137974
619.424,134666
639.328,131357
659.232,128049
679.136,124741
699.04,121432
718.944,118124
738.848,114815
758.752,111507
778.656,108199
798.56,104890
818.464,101582
838.368,98273.5
858.272,94965.1
878.176,91656.8
898.08,88348.4
917.984,85040
937.888,81731.6
957.792,78423.2
977.696,75114.8
997.599,71806.5
1017.5,68498.1
1037.41,65372.5
1057.31,62390.6
1077.22,59674.1
1097.12,57076.5
1117.02,54592.9
1136.93,52302.3
1156.83,50194.7
1176.74,48151.9
1196.64,46219.5
1216.54,44431.1
1236.45,42666.6
1256.35,41035.8
1276.26,39525.9
1296.16,38080
1316.06,36703
1335.97,35401.6
1355.87,34155.9
1375.78,32953.4
1395.68,31824
1415.58,30770.2
1435.49,29733
1455.39,28749.1
1475.3,27810.7
1495.2,26926.5
1515.1,26066.1
1535.01,25206.3
1554.91,24362.8
1574.81,23592.9
1594.72,22849
1614.62,22136.1
1634.53,21458.7
1654.43,20798.9
1674.33,20171.6
1694.24,19569.8
1714.14,18992.1
1734.05,18436.4
1753.95,17895.3
1773.85,17398.8
1793.76,16913
1813.66,16440.6
1833.57,15984.7
1853.47,15536.4
1873.37,15121.3
1893.28,14711.8
1913.18,14324.2
1933.09,13944.9
1952.99,13589.8
1972.89,13242.5
1992.8,12910.1
2012.7,12575.2
2032.61,12258.9
2052.51,11949.8
2072.41,11650.3
2092.32,11356.2
2112.22,11069.4
2132.13,10794.7
2152.03,10537.7
2171.93,10284.2
2191.84,10039.2
2211.74,9797.46
2231.65,9569.91
2251.55,9342.83
2271.45,9131.95
2291.36,8921.08
2311.26,8722.91
2331.17,8527.6
2351.07,8339.74
2370.97,8157.84
2390.88,7979
2410.78,7809.58
2430.69,7640.16
2450.59,7478.36
2470.49,7317.56
2490.4,7164.14
2510.3,7017.47
2530.21,6871.25
2550.11,6731.81
2570.01,6592.38
2589.92,6460.37
2609.82,6333.35
2629.73,6206.56
2649.63,6085.83
2669.53,5965.09
2689.44,5848.22
2709.34,5735.65
2729.25,5623.08
2749.15,5518.94
2769.05,5416.16
2788.96,5314.07
2808.86,5215.98
2828.77,5117.88
2848.67,5023.54
2868.57,4934.07
2888.48,4844.6
2908.38,4758.68
2928.29,4674.93
2948.19,4591.17
2968.09,4510.5
2988,4430.82
3007.9,4351.29
3027.81,4276.17
3047.71,4201.54
3067.61,4126.91
3087.52,4056.84
3107.42,3987.11
3127.33,3917.38
3147.23,3851.99
3167.13,3787
3187.04,3722.01
3206.94,3661.51
3226.85,3601.8
3246.75,3542.09
3266.65,3484.39
3286.56,3427.62
3306.46,3370.85
3326.37,3316.62
3346.27,3264.71
3366.17,3212.8
3386.08,3161.68
3405.98,3112.86
3425.89,3064.04
3445.79,3015.22
3465.69,2970.08
3485.6,2925.17
3505.5,2880.27
3525.41,2836.66
3545.31,2794.24
3565.21,2751.82
3585.12,2709.73
3605.02,2670.45
3624.92,2631.16
3644.83,2591.88
3664.73,2554.35
3684.64,2518.03
3704.54,2481.71
3724.45,2445.39
3744.35,2411.58
3764.25,2377.84
3784.16,2344.1
3804.06,2310.99
3823.96,2279.3
3843.87,2247.61
3863.77,2215.92
3883.68,2185.64
3903.58,2156.33
3923.48,2127.03
3943.39,2097.73
3963.29,2069.51
3983.2,2041.61
4003.1,2013.85
4023,1986.86
4042.91,1961.1
4062.81,1935.47
4082.72,1909.85
4102.62,1884.22
4122.52,1859.87
4142.43,1835.62
4162.33,1811.37
4182.24,1787.12
4202.14,1764.72
4222.04,1742.51
4241.95,1720.29
4261.85,1698.07
4281.76,1676.86
4301.66,1655.93
4321.56,1634.99
4341.47,1614.06
4361.37,1594.17
4381.28,1574.92
4401.18,1555.67
4421.08,1536.42
4440.99,1517.66
4460.89,1499.82
4480.8,1481.98
4500.7,1464.14
4520.6,1446.3
4540.51,1429.41
4560.41,1412.54
4580.32,1395.67
4600.22,1378.8
4620.12,1362.67
4640.03,1347.11
4659.93,1331.55
4679.84,1315.99
4699.74,1300.48
4719.64,1285.99
4739.55,1271.5
4759.45,1257.02
4779.36,1242.53
4799.26,1228.55
4819.16,1215.26
4839.07,1201.98
4858.97,1188.7
4878.88,1175.42
4898.78,1162.61
4918.68,1150
4938.59,1137.39
4958.49,1124.78
4978.4,1112.18
4998.3,1100.3
5018.2,1088.61
5038.11,1076.93
5058.01,1065.25
5077.92,1053.57
5097.82,1042.67
5117.72,1031.76
5137.63,1020.85
5157.53,1009.95
5177.44,999.058
5197.34,988.869
5217.24,978.68
5237.15,968.491
5257.05,958.302
5276.96,948.114
5296.86,938.578
5316.76,929.078
5336.67,919.579
5356.57,910.079
5376.48,900.58
5396.38,891.657
5416.28,882.904
5436.19,874.15
5456.09,865.397
5476,856.644
5495.9,848.152
5515.8,839.986
5535.71,831.819
5555.61,823.652
5575.52,815.485
5595.42,807.357
5615.32,799.742
5635.23,792.128
5655.13,784.513
5675.04,776.898
5694.94,769.284
5714.84,762.014
5734.75,754.98
5754.65,747.946
5774.55,740.912
5794.46,733.878
5814.36,726.844
5834.27,720.231
5854.17,713.632
5874.07,707.034
5893.98,700.435
5913.88,693.836
5933.79,687.365
5953.69,681.202
5973.59,675.04
5993.5,668.878
6013.4,662.786
6033.31,656.728
6053.21,650.849
6073.11,645.179
6093.02,639.508
6112.92,633.838
6132.83,628.167
6152.73,622.497
6172.63,616.992
6192.54,611.664
6212.44,606.336
6232.35,601.008
6252.25,595.68
6272.15,590.351
6292.06,585.207
6311.96,580.283
6331.87,575.36
6351.77,570.436
6371.67,565.512
6391.58,560.588
6411.48,555.753
6431.39,551.151
6451.29,546.549
6471.19,541.947
6491.1,537.344
6511,532.742
6530.91,528.14
6550.81,523.895
6570.71,519.651
6590.62,515.407
6610.52,511.163
6630.43,506.919
6650.33,502.675
6670.23,498.586
6690.14,494.615
6710.04,490.644
6729.95,486.673
6749.85,482.702
6769.75,478.731
6789.66,474.77
6809.56,471.091
6829.47,467.413
6849.37,463.735
6869.27,460.056
6889.18,456.378
6909.08,452.699
6928.99,449.11
6948.89,445.686
6968.79,442.262
6988.7,438.838
7008.6,435.414
7028.51,431.99
7048.41,428.566
7068.31,425.241
7088.22,421.989
7108.12,418.738
7128.03,3188.34
7147.93,3166.74
7167.83,3145.14
7187.74,3123.54
7207.64,3102.81
7227.55,3082.59
7247.45,3062.37
7267.35,3042.15
7287.26,3021.93
7307.16,3001.71
7327.07,2981.49
7346.97,2961.95
7366.87,2942.95
7386.78,2923.96
7406.68,2904.97
7426.59,2885.97
7446.49,2866.98
7466.39,2847.99
7486.3,2829.39
7506.2,2811.48
7526.1,2793.57
7546.01,2775.66
7565.91,2757.75
7585.82,2739.84
7605.72,2721.93
7625.63,2704.06
7645.53,2687.42
7665.43,2670.77
7685.34,2654.13
7705.24,2637.48
7725.15,2620.84
7745.05,2604.19
7764.95,2587.55
7784.86,2571.28
7804.76,2555.41
7824.67,2539.54
7844.57,2523.67
7864.47,2507.8
7884.38,2491.93
7904.28,2476.06
7924.18,2460.19
7944.09,2444.85
7963.99,2429.59
7983.9,2414.34
8003.8,2399.21
8023.7,2384.61
8043.61,2370
8063.51,2355.39
8083.42,2340.82
8103.32,2326.73
8123.23,2312.63
8143.13,2298.54
8163.03,2284.45
8182.94,2270.35
8202.84,2256.26
8222.74,2242.17
8242.65,2228.18
8262.55,2214.87
8282.46,2201.56
8302.36,2188.25
8322.26,2174.95
8342.17,2161.64
8362.07,2148.33
8381.98,2135.02
8401.88,2121.75
8421.78,2109.2
8441.69,2096.65
8461.59,2084.1
8481.5,2071.55
8501.4,2059
8521.3,2046.45
8541.21,2033.9
8561.11,2021.35
8581.02,2009.39
8600.92,1997.57
8620.82,1985.75
8640.73,1973.93
8660.63,1962.12
8680.54,1950.3
8700.44,1938.48
8720.34,1926.66
8740.25,1915.2
8760.15,1904.25
8780.06,1893.3
8799.96,1882.35
8819.86,1871.4
8839.77,1860.45
8859.67,1849.5
8879.58,1838.55
8899.48,1827.59
8919.38,1817.12
8939.29,1806.74
8959.19,1796.37
8979.1,1786
8999,1775.62
9018.9,1765.25
9038.81,1754.87
9058.71,1744.5
9078.62,1734.18
9098.52,1724.52
9118.42,1714.85
9138.33,1705.18
9158.23,1695.52
9178.14,1685.85
9198.04,1676.18
9217.94,1666.51
9237.85,1656.85
9257.75,1647.27
9277.66,1638.23
9297.56,1629.18
9317.46,1620.14
9337.37,1611.1
9357.27,1602.06
9377.17,1593.02
9397.08,1583.98
9416.98,1574.94
9436.89,1565.92
9456.79,1557.4
9476.7,1548.87
9496.6,1540.34
9516.5,1531.82
9536.41,1523.29
9556.31,1514.76
9576.21,1506.24
9596.12,1497.71
9616.02,1489.18
9635.93,1481.16
9655.83,1473.26
9675.74,1465.37
9695.64,1457.47
9715.54,1449.57
9735.45,1441.68
9755.35,1433.78
9775.25,1425.88
9795.16,1417.99
9815.06,1410.27
9834.97,1402.89
9854.87,1395.51
9874.77,1388.13
9894.68,1380.75
9914.58,1373.37
9934.49,1365.99
9954.39,1358.61
9974.29,1351.23
9994.2,1343.85
10014.1,1336.92
10034,1330.17
10053.9,1323.42
10073.8,1316.67
10093.7,1309.92
10113.6,1303.18
10133.5,1296.43
10153.4,1289.68
10173.3,1282.93
10193.2,1276.18
10213.1,1269.44
10233,1262.69
10253,1255.94
10272.9,1249.19
10292.8,1242.44
10312.7,1235.7
10332.6,1228.95
10352.5,1222.2
10372.4,1215.45
10392.3,1208.81
10412.2,1203.03
10432.1,1197.25
10452,1191.46
10471.9,1185.68
10491.8,1179.89
10511.7,1174.11
10531.6,1168.33
10551.5,1162.54
10571.4,1156.76
10591.3,1150.98
10611.2,1145.37
10631.1,1139.91
10651,1134.45
10670.9,1128.98
10690.8,1123.52
10710.7,1118.06
10730.6,1112.6
10750.5,1107.13
10770.5,1101.67
10790.4,1096.21
10810.3,1090.75
10830.2,1085.53
10850.1,1080.31
10870,1075.08
10889.9,1069.86
10909.8,1064.64
10929.7,1059.42
10949.6,1054.2
10969.5,1048.98
10989.4,1043.75
11009.3,1038.53
11029.2,1033.42
11049.1,1028.44
11069,1023.46
11088.9,1018.48
11108.8,1013.5
11128.7,1008.52
11148.6,1003.54
11168.5,998.558
11188.4,993.577
11208.3,988.596
11228.2,983.616
11248.1,979.051
11268.1,974.527
11288,970.003
11307.9,965.479
11327.8,960.955
11347.7,956.43
11367.6,951.906
11387.5,947.382
11407.4,942.858
11427.3,938.333
11447.2,933.809
11467.1,929.643
11487,925.536
11506.9,921.428
11526.8,917.32
11546.7,913.213
11566.6,909.106
11586.5,904.998
11606.4,900.891
11626.3,896.783
11646.2,892.676
11666.1,888.568
11686,884.479
11705.9,880.43
11725.8,876.381
11745.7,872.332
11765.7,868.283
11785.6,864.235
11805.5,860.186
11825.4,856.137
11845.3,852.088
11865.2,848.04
11885.1,843.991
11905,840.069
11924.9,836.526
11944.8,832.983
11964.7,829.441
11984.6,825.898
12004.5,822.355
12024.4,818.812
12044.3,815.27
12064.2,811.727
12084.1,808.184
12104,804.642
12123.9,801.099
12143.8,797.561
12163.7,794.04
12183.6,790.519
12203.5,786.999
12223.4,783.478
12243.3,779.957
12263.3,776.436
12283.2,772.916
12303.1,769.395
12323,765.874
12342.9,762.354
12362.8,758.833
12382.7,755.595
12402.6,752.518
12422.5,749.441
12442.4,746.364
12462.3,743.287
12482.2,740.21
12502.1,737.133
12522,734.055
12541.9,730.978
12561.8,727.901
12581.7,724.824
12601.6,721.747
12621.5,718.673
12641.4,715.629
12661.3,712.585
12681.2,709.542
12701.1,706.498
12721,703.455
12740.9,700.411
12760.9,697.367
12780.8,694.324
12800.7,691.28
12820.6,688.236
12840.5,685.193
12860.4,682.154
12880.3,679.381
12900.2,676.607
12920.1,673.834
12940,671.06
12959.9,668.287
12979.8,665.514
12999.7,662.74
13019.6,659.967
13039.5,657.193
13059.4,654.42
13079.3,651.647
13099.2,648.873
13119.1,646.208
13139,643.671
13158.9,641.134
13178.8,638.597
13198.7,636.06
13218.6,633.523
13238.5,630.986
13258.5,628.449
13278.4,625.912
13298.3,623.375
13318.2,620.838
13338.1,618.301
13358,615.764
13377.9,613.276
13397.8,610.862
13417.7,608.449
13437.6,606.035
13457.5,603.621
13477.4,601.208
13497.3,598.794
13517.2,596.38
13537.1,593.967
13557,591.553
13576.9,589.139
13596.8,586.725
13616.7,584.312
13636.6,581.967
13656.5,579.762
13676.4,577.556
13696.3,575.351
13716.2,573.145
13736.1,570.94
13756.1,568.734
13776,566.528
13795.9,564.323
13815.8,562.117
13835.7,559.911
13855.6,557.706
13875.5,555.5
13895.4,553.295
13915.3,551.171
13935.2,549.071
13955.1,546.972
13975,544.873
13994.9,542.773
14014.8,540.674
14034.7,538.575
14054.6,536.475
14074.5,534.376
14094.4,532.276
14114.3,530.177
14134.2,528.078
14154.1,525.978
14174,523.915
14193.9,521.993
14213.8,520.071
14233.7,518.149
14253.7,516.227
14273.6,514.305
14293.5,512.383
14313.4,510.461
14333.3,508.539
14353.2,506.617
14373.1,504.695
14393,502.773
14412.9,500.851
14432.8,498.929
14452.7,497.021
14472.6,495.202
14492.5,493.382
14512.4,491.563
14532.3,489.743
14552.2,487.923
14572.1,486.104
14592,484.284
14611.9,482.465
14631.8,480.645
14651.7,478.826
14671.6,477.006
14691.5,475.187
14711.4,473.367
14731.3,471.556
14751.3,469.863
14771.2,468.17
14791.1,466.476
14811,464.783
14830.9,463.09
14850.8,461.397
14870.7,459.703
14890.6,458.01
14910.5,456.317
14930.4,454.624
14950.3,452.93
14970.2,451.237
14990.1,449.544
15010,447.981
15029.9,446.467
15049.8,444.873
15069.7,443.28
15089.6,441.686
15109.5,440.092
15129.4,438.498
15149.3,436.904
15169.2,435.31
15189.1,433.716
15209,432.122
15228.9,430.528
15248.8,428.934
15268.8,427.34
15288.7,425.747
15308.6,424.153
15328.5,422.686
15348.4,421.23
15368.3,419.773
15388.2,418.317
15408.1,416.86
15428,415.404
15447.9,413.948
15467.8,412.491
15487.7,411.035
15507.6,409.578
15527.5,408.122
15547.4,406.665
15567.3,405.209
15587.2,403.752
15607.1,402.296
15627,400.936
15646.9,399.592
15666.8,398.247
15686.7,396.903
15706.6,395.559
15726.5,394.215
15746.5,392.871
15766.4,391.527
15786.3,390.182
15806.2,388.838
15826.1,387.494
15846,386.15
15865.9,384.806
15885.8,383.462
15905.7,382.118
15925.6,380.793
15945.5,379.52
15965.4,378.246
15985.3,376.973
16005.2,375.699
16025.1,374.426
16045,373.153
16064.9,371.879
16084.8,370.606
16104.7,369.332
16124.6,368.059
16144.5,366.786
16164.4,365.512
16184.3,364.239
16204.2,362.966
16224.1,361.692
16244,360.465
16264,359.257
16283.9,358.049
16303.8,356.841
16323.7,355.632
16343.6,354.424
16363.5,353.216
16383.4,352.008
16403.3,350.8
16423.2,349.592
16443.1,348.384
16463,347.176
16482.9,345.967
16502.8,344.759
16522.7,343.551
16542.6,342.36
16562.5,341.282
16582.4,340.203
16602.3,339.124
16622.2,338.046
16642.1,336.967
16662,335.888
16681.9,334.81
16701.8,333.731
16721.7,332.652
16741.6,331.574
16761.6,330.495
16781.5,329.416
16801.4,328.338
16821.3,327.259
16841.2,326.18
16861.1,325.102
16881,324.051
16900.9,323.024
16920.8,321.996
16940.7,320.969
16960.6,319.941
16980.5,318.914
17000.4,317.886
17020.3,316.858
17040.2,315.831
17060.1,314.803
17080,313.776
17099.9,312.748
17119.8,311.721
17139.7,310.693
17159.6,309.666
17179.5,308.638
17199.4,307.611
17219.3,306.638
17239.2,305.667
17259.2,304.695
17279.1,303.724
17299,302.753
17318.9,301.781
17338.8,300.81
17358.7,299.839
17378.6,298.867
17398.5,297.896
17418.4,296.925
17438.3,295.954
17458.2,294.982
17478.1,294.011
17498,293.04
17517.9,292.068
17537.8,291.138
17557.7,290.27
17577.6,289.403
17597.5,288.535
17617.4,287.667
17637.3,286.8
17657.2,285.932
17677.1,285.065
17697,284.197
17716.9,283.329
17736.8,282.462
17756.8,281.594
17776.7,280.727
17796.6,279.859
17816.5,278.991
17836.4,278.124
17856.3,277.256
17876.2,276.389
17896.1,275.556
17916,274.732
17935.9,273.908
17955.8,273.083
17975.7,272.259
17995.6,271.435
18015.5,270.611
18035.4,269.787
18055.3,268.962
18075.2,268.138
18095.1,267.314
18115,266.49
18134.9,265.665
18154.8,264.841
18174.7,264.017
18194.6,263.193
18214.5,262.368
18234.4,261.553
18254.3,260.767
18274.3,259.982
18294.2,259.196
18314.1,258.41
18334,257.625
18353.9,256.839
18373.8,256.053
18393.7,255.268
18413.6,254.482
18433.5,253.696
18453.4,252.911
18473.3,252.125
18493.2,251.339
18513.1,250.554
18533,249.768
18552.9,248.982
18572.8,248.197
18592.7,247.464
18612.6,246.762
18632.5,246.06
18652.4,245.358
18672.3,244.656
18692.2,243.954
18712.1,243.252
18732,242.549
18752,241.847
18771.9,241.145
18791.8,240.443
18811.7,239.741
18831.6,239.039
18851.5,238.336
18871.4,237.634
18891.3,236.932
18911.2,236.23
18931.1,235.528
18951,234.827
18970.9,234.162
18990.8,233.496
19010.7,232.83
19030.6,232.165
19050.5,231.499
19070.4,230.833
19090.3,230.168
19110.2,229.502
19130.1,228.836
19150,228.171
19169.9,227.505
19189.8,226.839
19209.7,226.174
19229.6,225.508
19249.5,224.842
19269.5,224.177
19289.4,223.511
19309.3,222.845
19329.2,222.196
19349.1,221.567
19369,220.938
19388.9,220.309
19408.8,219.68
19428.7,219.05
19448.6,218.421
19468.5,217.792
19488.4,217.163
19508.3,216.534
19528.2,215.904
19548.1,215.275
19568,214.646
19587.9,214.017
19607.8,213.388
19627.7,212.758
19647.6,212.129
19667.5,211.5
19687.4,210.871
19707.3,210.292
19727.2,209.72
19747.2,209.149
19767.1,208.578
19787,208.006
19806.9,207.435
19826.8,206.863
19846.7,206.292
19866.6,205.721
19886.5,205.149
19906.4,204.578
19926.3,204.006
19946.2,203.435
19966.1,202.864
19986,202.292
20005.9,201.721
20025.8,201.152
20045.7,200.583
20065.6,200.013
20085.5,199.453
20105.4,198.917
20125.3,198.38
20145.2,197.844
20165.1,197.308
20185,196.771
20204.9,196.235
20224.8,195.699
20244.7,195.162
20264.7,194.626
20284.6,194.089
20304.5,193.553
20324.4,193.017
20344.3,192.48
20364.2,191.944
20384.1,191.408
20404,190.871
20423.9,190.335
20443.8,189.798
20463.7,189.262
20483.6,188.752
20503.5,188.254
20523.4,187.757
20543.3,187.259
20563.2,186.761
20583.1,186.264
20603,185.766
20622.9,185.268
20642.8,184.771
20662.7,184.273
20682.6,183.775
20702.5,183.278
20722.4,182.78
20742.3,182.282
20762.3,181.785
20782.2,181.287
20802.1,180.789
20822,180.292
20841.9,179.794
20861.8,179.296
20881.7,178.82
20901.6,178.36
20921.5,177.899
20941.4,177.438
20961.3,176.977
20981.2,176.516
21001.1,176.055
21021,175.595
21040.9,175.134
21060.8,174.673
21080.7,174.212
21100.6,173.751
21120.5,173.29
21140.4,172.83
21160.3,172.369
21180.2,171.908
21200.1,171.447
21220,170.986
21239.9,170.525
21259.9,170.064
21279.8,169.604
21299.7,169.177
21319.6,168.752
21339.5,168.326
21359.4,167.9
21379.3,167.474
21399.2,167.049
21419.1,166.623
21439,166.197
21458.9,165.771
21478.8,165.346
21498.7,164.92
21518.6,164.494
21538.5,164.068
21558.4,163.643
21578.3,163.217
21598.2,162.791
21618.1,162.365
21638,161.939
21657.9,161.514
21677.8,161.088
21697.7,160.662
21717.6,160.258
21737.5,159.856
21757.5,159.454
21777.4,159.053
21797.3,158.651
21817.2,158.249
21837.1,157.848
21857,157.446
21876.9,157.044
21896.8,156.643
21916.7,156.241
21936.6,155.839
21956.5,155.438
21976.4,155.036
21996.3,154.634
22016.2,154.233
22036.1,153.831
22056,153.429
22075.9,153.028
22095.8,152.626
22115.7,152.224
22135.6,151.842
22155.5,151.466
22175.4,151.089
22195.3,150.713
22215.2,150.336
22235.1,149.959
22255.1,149.583
22275,149.206
22294.9,148.829
22314.8,148.453
22334.7,148.076
22354.6,147.699
22374.5,147.323
22394.4,146.946
22414.3,146.57
22434.2,146.193
22454.1,145.816
22474,145.44
22493.9,145.063
22513.8,144.686
22533.7,144.31
22553.6,143.939
22573.5,143.594
22593.4,143.249
22613.3,142.904
22633.2,142.559
22653.1,142.214
22673,141.868
22692.9,141.523
22712.8,141.178
22732.7,140.833
22752.7,140.488
22772.6,140.143
22792.5,139.798
22812.4,139.453
22832.3,139.108
22852.2,138.763
22872.1,138.418
22892,138.073
22911.9,137.728
22931.8,137.383
22951.7,137.038
22971.6,136.693
22991.5,136.349
23011.4,136.031
23031.3,135.712
23051.2,135.393
23071.1,135.075
23091,134.756
23110.9,134.438
23130.8,134.119
23150.7,133.8
23170.6,133.482
23190.5,133.163
23210.4,132.844
23230.3,132.526
23250.3,132.207
23270.2,131.888
23290.1,131.57
23310,131.251
23329.9,130.932
23349.8,130.614
23369.7,130.295
23389.6,129.976
23409.5,129.658
23429.4,129.339
23449.3,129.029
23469.2,128.728
23489.1,128.427
23509,128.127
23528.9,127.826
23548.8,127.525
23568.7,127.224
23588.6,126.924
23608.5,126.623
23628.4,126.322
23648.3,126.021
23668.2,125.721
23688.1,125.42
23708,125.119
23727.9,124.819
23747.8,124.518
23767.8,124.217
23787.7,123.916
23807.6,123.616
23827.5,123.315
23847.4,123.014
23867.3,122.714
23887.2,122.413
23907.1,122.122
23927,121.849
23946.9,121.576
23966.8,121.304
23986.7,121.031
24006.6,120.758
24026.5,120.485
24046.4,120.212
24066.3,119.94
24086.2,119.667
24106.1,119.394
24126,119.121
24145.9,118.849
24165.8,118.576
24185.7,118.303
24205.6,118.03
24225.5,117.757
24245.4,117.485
24265.4,117.212
24285.3,116.939
24305.2,116.666
24325.1,116.393
24345,116.121
24364.9,115.848
24384.8,115.587
24404.7,115.33
24424.6,115.074
24444.5,114.817
24464.4,114.561
24484.3,114.304
24504.2,114.048
24524.1,113.791
24544,113.535
24563.9,113.278
24583.8,113.021
24603.7,112.765
24623.6,112.508
24643.5,112.252
24663.4,111.995
24683.3,111.739
24703.2,111.482
24723.1,111.225
24743,110.969
24763,110.712
24782.9,110.456
24802.8,110.199
24822.7,109.943
24842.6,109.686
24862.5,109.438
24882.4,109.196
24902.3,108.953
24922.2,108.711
24942.1,108.468
24962,108.226
24981.9,107.983
25001.8,107.741
25021.7,107.498
25041.6,107.256
25061.5,107.013
25081.4,106.771
25101.3,106.528
25121.2,106.286
25141.1,106.043
25161,105.801
25180.9,105.558
25200.8,105.316
25220.7,105.073
25240.6,104.831
25260.6,104.588
25280.5,104.346
25300.4,104.103
25320.3,103.861
25340.2,103.63
25360.1,103.411
25380,103.191
25399.9,102.972
25419.8,102.753
25439.7,102.534
25459.6,102.314
25479.5,102.095
25499.4,101.876
25519.3,101.656
25539.2,101.437
25559.1,101.218
25579,100.998
25598.9,100.779
25618.8,100.56
25638.7,100.34
25658.6,100.121
25678.5,99.9018
25698.4,99.6825
25718.3,99.4632
25738.2,99.2439
25758.2,99.0246
25778.1,98.8053
25798,98.5859
25817.9,98.3667
25837.8,98.1513
25857.7,97.9421
25877.6,97.7329
25897.5,97.5237
25917.4,97.3146
25937.3,97.1054
25957.2,96.8962
25977.1,96.687
25997,96.4778
26016.9,96.2686
26036.8,96.0594
26056.7,95.8502
26076.6,95.641
26096.5,95.4319
26116.4,95.2227
26136.3,95.0135
26156.2,94.8043
26176.1,94.5951
26196,94.3859
26215.9,94.1767
26235.8,93.9675
26255.8,93.7584
26275.7,93.5492
26295.6,93.34
26315.5,93.1308
26335.4,92.9273
26355.3,92.7391
26375.2,92.551
26395.1,92.3628
26415,92.1746
26434.9,91.9865
26454.8,91.7983
26474.7,91.6101
26494.6,91.422
26514.5,91.2338
26534.4,91.0456
26554.3,90.8574
26574.2,90.6693
26594.1,90.4811
26614,90.293
26633.9,90.1048
26653.8,89.9166
26673.7,89.7285
26693.6,89.5403
26713.5,89.3522
26733.4,89.164
26753.4,88.9758
26773.3,88.7877
26793.2,88.5995
26813.1,88.4113
26833,88.2232
26852.9,88.036
26872.8,87.855
26892.7,87.674
26912.6,87.4929
26932.5,87.3119
26952.4,87.1309
26972.3,86.9499
26992.2,86.7688
27012.1,86.5878
27032,86.4068
27051.9,86.2258
27071.8,86.0447
27091.7,85.8637
27111.6,85.6827
27131.5,85.5016
27151.4,85.3206
27171.3,85.1396
27191.2,84.9586
27211.1,84.7775
27231,84.5965
27251,84.4155
27270.9,84.2344
27290.8,84.0534
27310.7,83.8724
27330.6,83.6914
27350.5,83.5103
27370.4,83.3296
27390.3,83.1656
27410.2,83.0016
27430.1,82.8376
27450,82.6736
27469.9,82.5096
27489.8,82.3456
27509.7,82.1815
27529.6,82.0175
27549.5,81.8535
27569.4,81.6895
27589.3,81.5255
27609.2,81.3615
27629.1,81.1974
27649,81.0334
27668.9,80.8694
27688.8,80.7054
27708.7,80.5414
27728.6,80.3774
27748.5,80.2134
27768.5,80.0494
27788.4,79.8853
27808.3,79.7213
27828.2,79.5573
27848.1,79.3933
27868,79.2293
27887.9,79.0653
27907.8,78.9013
27927.7,78.745
27947.6,78.5898
27967.5,78.4345
27987.4,78.2792
28007.3,78.124
28027.2,77.9687
28047.1,77.8134
28067,77.6582
28086.9,77.5029
28106.8,77.3476
28126.7,77.1924
28146.6,77.0371
28166.5,76.8818
28186.4,76.7266
28206.3,76.5713
28226.2,76.416
28246.1,76.2608
28266.1,76.1055
28286,75.9503
28305.9,75.795
28325.8,75.6397
28345.7,75.4845
28365.6,75.3292
28385.5,75.1739
28405.4,75.0186
28425.3,74.8634
28445.2,74.7081
28465.1,74.5632
28485,74.4216
28504.9,74.2801
28524.8,74.1385
28544.7,73.9969
28564.6,73.8553
28584.5,73.7137
28604.4,73.5721
28624.3,73.4305
28644.2,73.2889
28664.1,73.1474
28684,73.0058
28703.9,72.8642
28723.8,72.7226
28743.8,72.581
28763.7,72.4394
28783.6,72.2978
28803.5,72.1563
28823.4,72.0146
28843.3,71.8731
28863.2,71.7315
28883.1,71.5899
28903,71.4483
28922.9,71.3067
28942.8,71.1651
28962.7,71.0236
28982.6,70.882
29002.5,70.7404
29022.4,70.6049
29042.3,70.4732
29062.2,70.3415
29082.1,70.2098
29102,70.0781
29121.9,69.9464
29141.8,69.8147
29161.7,69.683
29181.6,69.5513
29201.5,69.4196
29221.4,69.2879
29241.3,69.1562
29261.3,69.0245
29281.2,68.8928
29301.1,68.7611
29321,68.6294
29340.9,68.4977
29360.8,68.366
29380.7,68.2343
29400.6,68.1026
29420.5,67.9708
29440.4,67.8392
29460.3,67.7075
29480.2,67.5758
29500.1,67.4441
29520,67.3123
29539.9,67.1806
29559.8,67.0489
29579.7,66.9172
29599.6,66.7914
29619.5,66.6657
29639.4,66.54
29659.3,66.4143
29679.2,66.2886
29699.1,66.1628
29719,66.0371
29738.9,65.9114
29758.8,65.7857
29778.8,65.6599
29798.7,65.5342
29818.6,65.4085
29838.5,65.2828
29858.4,65.157
29878.3,65.0313
29898.2,64.9056
29918.1,64.7799
29938,64.6542
29957.9,64.5284
29977.8,64.4027
29997.7,64.277
30017.6,64.1541
30037.5,64.0315
30057.4,63.9089
30077.3,63.7863
30097.2,63.6637
30117.1,63.5411
30137,63.4185
30156.9,63.2989
30176.8,63.1848
30196.7,63.0707
30216.6,62.9566
30236.5,62.8426
30256.5,62.7285
30276.4,62.6144
30296.3,62.5003
30316.2,62.3862
30336.1,62.2721
30356,62.158
30375.9,62.044
30395.8,61.9299
30415.7,61.8158
30435.6,61.7017
30455.5,61.5876
30475.4,61.4735
30495.3,61.3594
30515.2,61.2453
30535.1,61.1313
30555,61.0172
30574.9,60.9031
30594.8,60.789
30614.7,60.6749
30634.6,60.5608
30654.5,60.4467
30674.4,60.3326
30694.3,60.2186
30714.2,60.1045
30734.1,59.9904
30754.1,59.882
30774,59.776
30793.9,59.67
30813.8,59.564
30833.7,59.458
30853.6,59.352
30873.5,59.246
30893.4,59.14
30913.3,59.034
30933.2,58.928
30953.1,58.822
30973,58.716
30992.9,58.61
31012.8,58.504
31032.7,58.398
31052.6,58.292
31072.5,58.186
31092.4,58.08
31112.3,57.974
31132.2,57.868
31152.1,57.762
31172,57.656
31191.9,57.55
31211.8,57.444
31231.7,57.338
31251.7,57.232
31271.6,57.126
31291.5,57.02
31311.4,56.914
31331.3,56.808
31351.2,56.7068
31371.1,56.6094
31391,56.512
31410.9,56.4146
31430.8,56.3172
31450.7,56.2198
31470.6,56.1224
31490.5,56.025
31510.4,55.9276
31530.3,55.8301
31550.2,55.7327
31570.1,55.6353
31590,55.5379
31609.9,55.4405
31629.8,55.3431
31649.7,55.2457
31669.6,55.1483
31689.5,55.0509
31709.4,54.9534
31729.3,54.856
31749.2,54.7586
31769.2,54.6612
31789.1,54.5638
31809,54.4664
31828.9,54.369
31848.8,54.2716
31868.7,54.1742
31888.6,54.0768
31908.5,53.9794
31928.4,53.882
31948.3,53.7845
31968.2,53.6894
31988.1,53.5974
32008,53.5054
32027.9,53.4135
32047.8,53.3215
32067.7,53.2295
32087.6,53.1376
32107.5,53.0456
32127.4,52.9536
32147.3,52.8616
32167.2,52.7697
32187.1,52.6777
32207,52.5857
32226.9,52.4938
32246.8,52.4018
32266.8,52.3098
32286.7,52.2179
32306.6,52.1259
32326.5,52.0339
32346.4,51.942
32366.3,51.85
32386.2,51.758
32406.1,51.6661
32426,51.5741
32445.9,51.4821
32465.8,51.3901
32485.7,51.2982
32505.6,51.2062
32525.5,51.1143
32545.4,51.0223
32565.3,50.9303
32585.2,50.8403
32605.1,50.756
32625,50.6716
32644.9,50.5873
32664.8,50.5029
32684.7,50.4186
32704.6,50.3342
32724.5,50.2499
32744.4,50.1655
32764.4,50.0812
32784.3,49.9968
32804.2,49.9125
32824.1,49.8281
32844,49.7438
32863.9,49.6594
32883.8,49.5751
32903.7,49.4907
32923.6,49.4064
32943.5,49.322
32963.4,49.2377
32983.3,49.1533
33003.2,49.069
33023.1,48.9846
33043,48.9003
33062.9,48.8159
33082.8,48.7316
33102.7,48.6473
33122.6,48.5629
33142.5,48.4786
33162.4,48.3942
33182.3,48.3099
33202.2,48.2255
33222.1,48.1418
33242,48.0631
33262,47.9845
33281.9,47.9059
33301.8,47.8272
33321.7,47.7486
33341.6,47.6699
33361.5,47.5913
33381.4,47.5127
33401.3,47.434
33421.2,47.3554
33441.1,47.2767
33461,47.1981
33480.9,47.1195
33500.8,47.0408
33520.7,46.9622
33540.6,46.8835
33560.5,46.8049
33580.4,46.7263
33600.3,46.6476
33620.2,46.569
33640.1,46.4903
33660,46.4117
33679.9,46.3331
33699.8,46.2544
33719.7,46.1758
33739.6,46.0971
33759.6,46.0185
33779.5,45.9398
33799.4,45.8612
33819.3,45.7826
33839.2,45.7039
33859.1,45.6253
33879,45.5491
33898.9,45.476
33918.8,45.403
33938.7,45.3298
33958.6,45.2567
33978.5,45.1836
33998.4,45.1105
34018.3,45.0374
34038.2,44.9643
34058.1,44.8912
34078,44.8181
34097.9,44.745
34117.8,44.6719
34137.7,44.5988
34157.6,44.5257
34177.5,44.4526
34197.4,44.3795
34217.3,44.3064
34237.2,44.2333
34257.2,44.1602
34277.1,44.0871
34297,44.014
34316.9,43.9409
34336.8,43.8678
34356.7,43.7947
34376.6,43.7216
34396.5,43.6485
34416.4,43.5754
34436.3,43.5023
34456.2,43.4292
34476.1,43.356
34496,43.2829
34515.9,43.2099
34535.8,43.1385
34555.7,43.0712
34575.6,43.004
34595.5,42.9368
34615.4,42.8695
34635.3,42.8023
34655.2,42.7351
34675.1,42.6678
34695,42.6006
34714.9,42.5334
34734.8,42.4661
34754.8,42.3989
34774.7,42.3317
34794.6,42.2644
34814.5,42.1972
34834.4,42.13
34854.3,42.0628
34874.2,41.9955
34894.1,41.9283
34914,41.861
34933.9,41.7938
34953.8,41.7266
34973.7,41.6594
34993.6,41.5921
35013.5,41.5249
35033.4,41.4577
35053.3,41.3904
35073.2,41.3232
35093.1,41.256
35113,41.1887
35132.9,41.1215
35152.8,41.0543
35172.7,40.987
35192.6,40.9198
35212.5,40.853
35232.4,40.7893
35252.4,40.7255
35272.3,40.6618
35292.2,40.598
35312.1,40.5342
35332,40.4705
35351.9,40.4067
35371.8,40.343
35391.7,40.2792
35411.6,40.2154
35431.5,40.1517
35451.4,40.0879
35471.3,40.0242
35491.2,39.9604
35511.1,39.8966
35531,39.8329
35550.9,39.7691
35570.8,39.7054
35590.7,39.6416
35610.6,39.5778
35630.5,39.5141
35650.4,39.4503
35670.3,39.3866
35690.2,39.3228
35710.1,39.2591
35730,39.1953
35749.9,39.1315
35769.9,39.0678
35789.8,39.004
35809.7,38.9403
35829.6,38.8765
35849.5,38.8128
35869.4,38.749
35889.3,38.6852
35909.2,38.6275
35929.1,38.57
35949,38.5125
35968.9,38.455
35988.8,38.3975
36008.7,38.34
36028.6,38.2825
36048.5,38.225
36068.4,38.1675
36088.3,38.11
36108.2,38.0525
36128.1,37.995
36148,37.9375
36167.9,37.88
36187.8,37.8225
36207.7,37.765
36227.6,37.7075
36247.6,37.65
36267.5,37.5925
36287.4,37.535
36307.3,37.4775
36327.2,37.42
36347.1,37.3625
36367,37.305
36386.9,37.2475
36406.8,37.19
36426.7,37.1325
36446.6,37.075
36466.5,37.0175
36486.4,36.96
36506.3,36.9025
36526.2,36.845
36546.1,36.7875
36566,36.73
36585.9,36.6725
36605.8,36.6158
36625.7,36.5612
36645.6,36.5065
36665.5,36.4519
36685.4,36.3972
36705.3,36.3426
36725.2,36.2879
36745.1,36.2333
36765.1,36.1786
36785,36.124
36804.9,36.0693
36824.8,36.0147
36844.7,35.96
36864.6,35.9054
36884.5,35.8507
36904.4,35.7961
36924.3,35.7414
36944.2,35.6868
36964.1,35.6321
36984,35.5775
37003.9,35.5228
37023.8,35.4682
37043.7,35.4136
37063.6,35.3589
37083.5,35.3042
37103.4,35.2496
37123.3,35.195
37143.2,35.1403
37163.1,35.0857
37183,35.031
37202.9,34.9764
37222.8,34.9217
37242.7,34.8671
37262.7,34.8124
37282.6,34.7578
37302.5,34.7031
37322.4,34.6513
37342.3,34.6011
37362.2,34.551
37382.1,34.5008
37402,34.4507
37421.9,34.4005
37441.8,34.3504
37461.7,34.3002
37481.6,34.2501
37501.5,34.1999
37521.4,34.1498
37541.3,34.0996
37561.2,34.0495
37581.1,33.9993
37601,33.9492
37620.9,33.899
37640.8,33.8489
37660.7,33.7988
37680.6,33.7486
37700.5,33.6985
37720.4,33.6483
37740.3,33.5982
37760.3,33.548
37780.2,33.4979
37800.1,33.4477
37820,33.3976
37839.9,33.3474
37859.8,33.2973
37879.7,33.2471
37899.6,33.197
37919.5,33.1468
37939.4,33.0967
37959.3,33.0465
37979.2,32.9964
37999.1,32.9462
38019,32.8961
38038.9,32.8459
38058.8,32.7996
38078.7,32.7535
38098.6,32.7074
38118.5,32.6613
38138.4,32.6152
38158.3,32.5691
38178.2,32.5229
38198.1,32.4768
38218,32.4307
38237.9,32.3846
38257.9,32.3385
38277.8,32.2924
38297.7,32.2463
38317.6,32.2002
38337.5,32.1541
38357.4,32.1079
38377.3,32.0618
38397.2,32.0157
38417.1,31.9696
38437,31.9235
38456.9,31.8774
38476.8,31.8313
38496.7,31.7852
38516.6,31.7391
38536.5,31.6929
38556.4,31.6468
38576.3,31.6007
38596.2,31.5546
38616.1,31.5085
38636,31.4624
38655.9,31.4163
38675.8,31.3702
38695.7,31.3241
38715.6,31.2779
38735.5,31.2318
38755.5,31.1857
38775.4,31.1396
38795.3,31.0942
38815.2,31.0505
38835.1,31.0069
38855,30.9632
38874.9,30.9196
38894.8,30.876
38914.7,30.8323
38934.6,30.7887
38954.5,30.7451
38974.4,30.7014
38994.3,30.6578
39014.2,30.6141
39034.1,30.5705
39054,30.5269
39073.9,30.4832
39093.8,30.4396
39113.7,30.396
39133.6,30.3523
39153.5,30.3087
39173.4,30.265
39193.3,30.2214
39213.2,30.1778
39233.1,30.1341
39253.1,30.0905
39273,30.0469
39292.9,30.0032
39312.8,29.9596
39332.7,29.916
39352.6,29.8723
39372.5,29.8287
39392.4,29.785
39412.3,29.7414
39432.2,29.6978
39452.1,29.6541
39472,29.6105
39491.9,29.5669
39511.8,29.5232
39531.7,29.4796
39551.6,29.4379
39571.5,29.3975
39591.4,29.3572
39611.3,29.3168
39631.2,29.2765
39651.1,29.2362
39671,29.1958
39690.9,29.1555
39710.8,29.1151
39730.7,29.0748
39750.6,29.0345
39770.6,28.9941
39790.5,28.9538
39810.4,28.9134
39830.3,28.8731
39850.2,28.8328
39870.1,28.7924
39890,28.7521
39909.9,28.7117
39929.8,28.6714
39949.7,28.631
39969.6,28.5907
39989.5,28.5504
40009.4,28.5107
40029.3,28.4716
40049.2,28.4326
40069.1,28.3936
40089,28.3546
40108.9,28.3156
40128.8,28.2766
40148.7,28.2376
40168.6,28.1986
40188.5,28.1595
40208.4,28.1205
40228.3,28.0815
40248.3,28.0425
40268.2,28.0035
40288.1,27.9645
40308,27.9255
40327.9,27.8872
40347.8,27.85
40367.7,27.8129
40387.6,27.7757
40407.5,27.7386
40427.4,27.7014
40447.3,27.6643
40467.2,27.6271
40487.1,27.5899
40507,27.5528
40526.9,27.5156
40546.8,27.4785
40566.7,27.4413
40586.6,27.4042
40606.5,27.367
40626.4,27.3298
40646.3,27.2927
40666.2,27.2555
40686.1,27.2184
40706,27.1812
40725.9,27.1441
40745.9,27.1069
40765.8,27.0698
40785.7,27.0326
40805.6,26.9954
40825.5,26.9583
40845.4,26.9211
40865.3,26.884
40885.2,26.8468
40905.1,26.8097
40925,26.7725
40944.9,26.7353
40964.8,26.6982
40984.7,26.661
41004.6,26.6239
41024.5,26.5867
41044.4,26.5496
41064.3,26.5124
41084.2,26.4752
41104.1,26.4381
41124,26.4027
41143.9,26.3682
41163.8,26.3336
41183.7,26.299
41203.6,26.2644
41223.5,26.2298
41243.4,26.1952
41263.4,26.1607
41283.3,26.1261
41303.2,26.0915
41323.1,26.0569
41343,26.0223
41362.9,25.9877
41382.8,25.9532
41402.7,25.9186
41422.6,25.884
41442.5,25.8494
41462.4,25.8148
41482.3,25.7802
41502.2,25.7457
41522.1,25.7111
41542,25.6765
41561.9,25.6419
41581.8,25.6073
41601.7,25.5727
41621.6,25.5382
41641.5,25.5036
41661.4,25.469
41681.3,25.4344
41701.2,25.3998
41721.1,25.3652
41741,25.3307
41760.9,25.2961
41780.9,25.2615
41800.8,25.2269
41820.7,25.1923
41840.6,25.1577
41860.5,25.1232
41880.4,25.0886
41900.3,25.054
41920.2,25.0208
41940.1,24.9889
41960,24.957
41979.9,24.9251
41999.8,24.8932
42019.7,24.8614
42039.6,24.8295
42059.5,24.7976
42079.4,24.7657
42099.3,24.7338
42119.2,24.7019
42139.1,24.67
42159,24.6381
42178.9,24.6062
42198.8,24.5744
42218.7,24.5425
42238.6,24.5106
42258.6,24.4787
42278.5,24.4468
42298.4,24.4149
42318.3,24.383
42338.2,24.3511
42358.1,24.3193
42378,24.2874
42397.9,24.2555
42417.8,24.2236
42437.7,24.1917
42457.6,24.1598
42477.5,24.1279
42497.4,24.096
42517.3,24.0641
42537.2,24.0323
42557.1,24.0004
42577,23.9685
42596.9,23.9366
42616.8,23.9047
42636.7,23.8728
42656.6,23.8409
42676.5,23.809
42696.4,23.7772
42716.3,23.7453
42736.3,23.714
42756.2,23.6841
42776.1,23.6542
42796,23.6244
42815.9,23.5945
42835.8,23.5646
42855.7,23.5347
42875.6,23.5049
42895.5,23.475
42915.4,23.4451
42935.3,23.4152
42955.2,23.3853
42975.1,23.3555
42995,23.3256
43014.9,23.2957
43034.8,23.2658
43054.7,23.236
43074.6,23.2061
43094.5,23.1762
43114.4,23.1463
43134.3,23.1164
43154.2,23.0866
43174.1,23.0567
43194,23.0268
43213.9,22.9969
43233.8,22.967
43253.8,22.9372
43273.7,22.9073
43293.6,22.8774
43313.5,22.8475
43333.4,22.8177
43353.3,22.7878
43373.2,22.7579
43393.1,22.728
43413,22.6981
43432.9,22.6683
43452.8,22.6384
43472.7,22.6085
43492.6,22.5786
43512.5,22.5488
43532.4,22.5189
43552.3,22.489
43572.2,22.4607
43592.1,22.4335
43612,22.4062
43631.9,22.3789
43651.8,22.3517
43671.7,22.3244
43691.6,22.2971
43711.5,22.2699
43731.4,22.2426
43751.3,22.2153
43771.3,22.1881
43791.2,22.1608
43811.1,22.1335
43831,22.1063
43850.9,22.079
43870.8,22.0517
43890.7,22.0245
43910.6,21.9972
43930.5,21.9699
43950.4,21.9427
43970.3,21.9154
43990.2,21.8881
44010.1,21.8609
44030,21.8336
44049.9,21.8063
44069.8,21.7791
44089.7,21.7518
44109.6,21.7245
44129.5,21.6973
44149.4,21.67
44169.3,21.6427
44189.2,21.6155
44209.1,21.5882
44229,21.5609
44248.9,21.5337
44268.9,21.5064
44288.8,21.4791
44308.7,21.4519
44328.6,21.4246
44348.5,21.3973
44368.4,21.3701
44388.3,21.3428
44408.2,21.3155
44428.1,21.2889
44448,21.2632
44467.9,21.2375
44487.8,21.2118
44507.7,21.1861
44527.6,21.1604
44547.5,21.1347
44567.4,21.109
44587.3,21.0833
44607.2,21.0576
44627.1,21.0319
44647,21.0062
44666.9,20.9805
44686.8,20.9548
44706.7,20.9291
44726.6,20.9034
44746.6,20.8777
44766.5,20.852
44786.4,20.8264
44806.3,20.8007
44826.2,20.775
44846.1,20.7493
44866,20.7236
44885.9,20.6979
44905.8,20.6722
44925.7,20.6465
44945.6,20.6208
44965.5,20.5951
44985.4,20.5694
45005.3,20.5437
45025.2,20.518
45045.1,20.4923
45065,20.4666
45084.9,20.4409
45104.8,20.4152
45124.7,20.3895
45144.6,20.3638
45164.5,20.3381
45184.4,20.3124
45204.3,20.2867
45224.2,20.261
45244.1,20.2353
45264.1,20.2096
45284,20.1844
45303.9,20.1609
45323.8,20.1373
45343.7,20.1138
45363.6,20.0903
45383.5,20.0668
45403.4,20.0433
45423.3,20.0198
45443.2,19.9963
45463.1,19.9728
45483,19.9493
45502.9,19.9258
45522.8,19.9023
45542.7,19.8788
45562.6,19.8553
45582.5,19.8318
45602.4,19.8083
45622.3,19.7848
45642.2,19.7613
45662.1,19.7378
45682,19.7143
45701.9,19.6908
45721.8,19.6673
45741.7,19.6438
45761.7,19.6203
45781.6,19.5967
45801.5,19.5732
45821.4,19.5497
45841.3,19.5262
45861.2,19.5027
45881.1,19.4792
45901,19.4557
45920.9,19.4322
45940.8,19.4087
45960.7,19.3852
45980.6,19.3617
46000.5,19.3382
46020.4,19.3147
46040.3,19.2912
46060.2,19.2677
46080.1,19.2442
46100,19.2207
46119.9,19.1972
46139.8,19.1737
46159.7,19.1502
46179.6,19.1274
46199.5,19.1055
46219.4,19.0836
46239.3,19.0616
46259.3,19.0397
46279.2,19.0178
46299.1,18.9958
46319,18.9739
46338.9,18.952
46358.8,18.9301
46378.7,18.9081
46398.6,18.8862
46418.5,18.8643
46438.4,18.8423
46458.3,18.8204
46478.2,18.7985
46498.1,18.7765
46518,18.7546
46537.9,18.7327
46557.8,18.7107
46577.7,18.6888
46597.6,18.6669
46617.5,18.6449
46637.4,18.623
46657.3,18.6011
46677.2,18.5792
46697.1,18.5572
46717,18.5353
46736.9,18.5134
46756.9,18.4914
46776.8,18.4695
46796.7,18.4476
46816.6,18.4256
46836.5,18.4037
46856.4,18.3818
46876.3,18.3598
46896.2,18.3379
46916.1,18.316
46936,18.2941
46955.9,18.2721
46975.8,18.2502
46995.7,18.2283
47015.6,18.2063
47035.5,18.1844
47055.4,18.1625
47075.3,18.141
47095.2,18.1206
47115.1,18.1002
47135,18.0799
47154.9,18.0595
47174.8,18.0392
47194.7,18.0188
47214.6,17.9985
47234.5,17.9781
47254.5,17.9578
47274.4,17.9374
47294.3,17.9171
47314.2,17.8967
47334.1,17.8764
47354,17.856
47373.9,17.8356
47393.8,17.8153
47413.7,17.7949
47433.6,17.7746
47453.5,17.7542
47473.4,17.7339
47493.3,17.7135
47513.2,17.6932
47533.1,17.6728
47553,17.6525
47572.9,17.6321
47592.8,17.6118
47612.7,17.5914
47632.6,17.571
47652.5,17.5507
47672.4,17.5303
47692.3,17.51
47712.2,17.4896
47732.1,17.4693
47752.1,17.4489
47772,17.4286
47791.9,17.4082
47811.8,17.3879
47831.7,17.3675
47851.6,17.3472
47871.5,17.3268
47891.4,17.3064
47911.3,17.2861
47931.2,17.2657
47951.1,17.2454
47971,17.225
47990.9,17.2047
48010.8,17.1859
48030.7,17.1671
48050.6,17.1482
48070.5,17.1294
48090.4,17.1105
48110.3,17.0917
48130.2,17.0728
48150.1,17.054
48170,17.0351
48189.9,17.0163
48209.8,16.9975
48229.7,16.9786
48249.6,16.9598
48269.6,16.9409
48289.5,16.9221
48309.4,16.9032
48329.3,16.8844
48349.2,16.8656
48369.1,16.8467
48389,16.8279
48408.9,16.809
48428.8,16.7902
48448.7,16.7713
48468.6,16.7525
48488.5,16.7336
48508.4,16.7148
48528.3,16.696
48548.2,16.6771
48568.1,16.6583
48588,16.6394
48607.9,16.6206
48627.8,16.6017
48647.7,16.5829
48667.6,16.564
48687.5,16.5452
48707.4,16.5264
48727.3,16.5075
48747.3,16.4887
48767.2,16.4698
48787.1,16.451
48807,16.4321
48826.9,16.4133
48846.8,16.3944
48866.7,16.3756
48886.6,16.3568
48906.5,16.3379
48926.4,16.3191
48946.3,16.3014
48966.2,16.284
48986.1,16.2666
49006,16.2492
49025.9,16.2318
49045.8,16.2144
49065.7,16.197
49085.6,16.1796
49105.5,16.1622
49125.4,16.1448
49145.3,16.1274
49165.2,16.11
49185.1,16.0926
49205,16.0752
49224.9,16.0579
49244.8,16.0405
49264.8,16.0231
49284.7,16.0057
49304.6,15.9883
49324.5,15.9709
49344.4,15.9535
49364.3,15.9361
49384.2,15.9187
49404.1,15.9013
49424,15.8839
49443.9,15.8665
49463.8,15.8491
49483.7,15.8317
49503.6,15.8143
49523.5,15.7969
49543.4,15.7795
49563.3,15.7621
49583.2,15.7447
49603.1,15.7273
49623,15.7099
49642.9,15.6925
49662.8,15.6751
49682.7,15.6577
49702.6,15.6403
49722.5,15.6229
49742.4,15.6055
49762.4,15.5881
49782.3,15.5707
49802.2,15.5533
49822.1,15.5359
49842,15.5185
49861.9,15.5011
49881.8,15.4837
49901.7,15.4667
49921.6,15.4498
49941.5,15.4329
49961.4,15.416
49981.3,15.3992
50001.2,15.3824
50021.1,15.3663
50041,15.3502
50060.9,15.3341
50080.8,15.318
50100.7,15.3019
50120.6,15.2858
50140.5,15.2698
50160.4,15.2537
50180.3,15.2376
50200.2,15.2215
50220.1,15.2054
50240,15.1893
50260,15.1732
50279.9,15.1572
50299.8,15.1411
50319.7,15.125
50339.6,15.1089
50359.5,15.0928
50379.4,15.0767
50399.3,15.0606
50419.2,15.0446
50439.1,15.0285
50459,15.0124
50478.9,14.9963
50498.8,14.9802
50518.7,14.9641
50538.6,14.9481
50558.5,14.932
50578.4,14.9159
50598.3,14.8998
50618.2,14.8837
50638.1,14.8676
50658,14.8515
50677.9,14.8355
50697.8,14.8194
50717.7,14.8033
50737.6,14.7872
50757.6,14.7711
50777.5,14.755
50797.4,14.7389
50817.3,14.7229
50837.2,14.7068
50857.1,14.6907
50877,14.6755
50896.9,14.6605
50916.8,14.6455
50936.7,14.6305
50956.6,14.6155
50976.5,14.6004
50996.4,14.5854
51016.3,14.5704
51036.2,14.5554
51056.1,14.5404
51076,14.5254
51095.9,14.5104
51115.8,14.4953
51135.7,14.4803
51155.6,14.4653
51175.5,14.4503
51195.4,14.4353
51215.3,14.4203
51235.3,14.4053
51255.2,14.3902
51275.1,14.3752
51295,14.3602
51314.9,14.3452
51334.8,14.3302
51354.7,14.3152
51374.6,14.3002
51394.5,14.2851
51414.4,14.2701
51434.3,14.2551
51454.2,14.2401
51474.1,14.2251
51494,14.2101
51513.9,14.1951
51533.8,14.18
51553.7,14.165
51573.6,14.15
51593.5,14.135
51613.4,14.12
51633.3,14.105
51653.2,14.09
51673.1,14.0749
51693,14.0599
51712.9,14.0449
51732.8,14.0299
51752.8,14.0149
51772.7,13.9999
51792.6,13.9849
51812.5,13.9698
51832.4,13.9548
51852.3,13.9398
51872.2,13.9255
51892.1,13.9116
51912,13.8978
51931.9,13.8839
51951.8,13.8701
51971.7,13.8562
51991.6,13.8423
52011.5,13.8285
52031.4,13.8146
52051.3,13.8007
52071.2,13.7869
52091.1,13.773
52111,13.7591
52130.9,13.7453
52150.8,13.7314
52170.7,13.7176
52190.6,13.7037
52210.5,13.6898
52230.4,13.676
52250.3,13.6621
52270.3,13.6482
52290.2,13.6344
52310.1,13.6205
52330,13.6067
52349.9,13.5928
52369.8,13.5789
52389.7,13.5651
52409.6,13.5512
52429.5,13.5373
52449.4,13.5235
52469.3,13.5096
52489.2,13.4957
52509.1,13.4819
52529,13.468
52548.9,13.4542
52568.8,13.4403
52588.7,13.4264
52608.6,13.4126
52628.5,13.3987
52648.4,13.3848
52668.3,13.371
52688.2,13.3571
52708.1,13.3432
52728,13.3294
52747.9,13.3155
52767.9,13.3017
52787.8,13.2878
52807.7,13.2739
52827.6,13.2601
52847.5,13.2462
52867.4,13.2323
52887.3,13.2194
52907.2,13.2066
52927.1,13.1938
52947,13.1809
52966.9,13.1681
52986.8,13.1553
53006.7,13.1425
53026.6,13.1297
53046.5,13.1169
53066.4,13.1041
53086.3,13.0912
53106.2,13.0784
53126.1,13.0656
53146,13.0528
53165.9,13.04
53185.8,13.0272
53205.7,13.0143
53225.6,13.0015
53245.5,12.9887
53265.4,12.9759
53285.4,12.9631
53305.3,12.9503
53325.2,12.9375
53345.1,12.9246
53365,12.9118
53384.9,12.899
53404.8,12.8862
53424.7,12.8734
53444.6,12.8606
53464.5,12.8478
53484.4,12.8349
53504.3,12.8221
53524.2,12.8093
53544.1,12.7965
53564,12.7837
53583.9,12.7709
53603.8,12.7581
53623.7,12.7452
53643.6,12.7324
53663.5,12.7196
53683.4,12.7068
53703.3,12.694
53723.2,12.6812
53743.1,12.6684
53763.1,12.6555
53783,12.6427
53802.9,12.6299
53822.8,12.6171
53842.7,12.6043
53862.6,12.5915
53882.5,12.5787
53902.4,12.5658
53922.3,12.5535
53942.2,12.5414
53962.1,12.5294
53982,12.5173
54001.9,12.5053
54021.8,12.4932
54041.7,12.4812
54061.6,12.4691
54081.5,12.4571
54101.4,12.445
54121.3,12.433
54141.2,12.4209
54161.1,12.4089
54181,12.3968
54200.9,12.3848
54220.8,12.3727
54240.8,12.3607
54260.7,12.3486
54280.6,12.3366
54300.5,12.3245
54320.4,12.3125
54340.3,12.3004
54360.2,12.2884
54380.1,12.2763
54400,12.2643
54419.9,12.2522
54439.8,12.2402
54459.7,12.2281
54479.6,12.2161
54499.5,12.204
54519.4,12.192
54539.3,12.1799
54559.2,12.1679
54579.1,12.1558
54599,12.1438
54618.9,12.1317
54638.8,12.1197
54658.7,12.1076
54678.6,12.0956
54698.5,12.0835
54718.4,12.0715
54738.3,12.0594
54758.3,12.0474
54778.2,12.0353
54798.1,12.0233
54818,12.0112
54837.9,11.9992
54857.8,11.9871
54877.7,11.9751
54897.6,11.963
54917.5,11.951
54937.4,11.9389
54957.3,11.9269
54977.2,11.9157
54997.1,11.9047
55017,11.8937
55036.9,11.8826
55056.8,11.8716
55076.7,11.8605
55096.6,11.8495
55116.5,11.8385
55136.4,11.8274
55156.3,11.8164
55176.2,11.8054
55196.1,11.7943
55216,11.7833
55235.9,11.7722
55255.9,11.7612
55275.8,11.7502
55295.7,11.7391
55315.6,11.7281
55335.5,11.7171
55355.4,11.706
55375.3,11.695
55395.2,11.684
55415.1,11.6729
55435,11.6619
55454.9,11.6508
55474.8,11.6398
55494.7,11.6288
55514.6,11.6177
55534.5,11.6067
55554.4,11.5957
55574.3,11.5846
55594.2,11.5736
55614.1,11.5626
55634,11.5515
55653.9,11.5405
55673.8,11.5294
55693.7,11.5184
55713.6,11.5074
55733.6,11.4963
55753.5,11.4853
55773.4,11.4743
55793.3,11.4632
55813.2,11.4522
55833.1,11.4412
55853,11.4301
55872.9,11.4191
55892.8,11.408
55912.7,11.397
55932.6,11.386
55952.5,11.3749
55972.4,11.3639
55992.3,11.3529
56012.2,11.3418
56032.1,11.3309
56052,11.3206
56071.9,11.3103
56091.8,11.3
56111.7,11.2898
56131.6,11.2795
56151.5,11.2692
56171.4,11.2589
56191.3,11.2487
56211.2,11.2384
56231.1,11.2281
56251,11.2178
56271,11.2076
56290.9,11.1973
56310.8,11.187
56330.7,11.1767
56350.6,11.1665
56370.5,11.1562
56390.4,11.1459
56410.3,11.1356
56430.2,11.1254
56450.1,11.1151
56470,11.1048
56489.9,11.0945
56509.8,11.0843
56529.7,11.074
56549.6,11.0637
56569.5,11.0534
56589.4,11.0432
56609.3,11.0329
56629.2,11.0226
56649.1,11.0123
56669,11.0021
56688.9,10.9918
56708.8,10.9815
56728.7,10.9712
56748.6,10.961
56768.6,10.9507
56788.5,10.9404
56808.4,10.9301
56828.3,10.9199
56848.2,10.9096
56868.1,10.8993
56888,10.889
56907.9,10.8788
56927.8,10.8685
56947.7,10.8582
56967.6,10.8479
56987.5,10.8377
57007.4,10.8274
57027.3,10.8171
57047.2,10.8068
57067.1,10.7966
57087,10.7863
57106.9,10.776
57126.8,10.7657
57146.7,10.7561
57166.6,10.7466
57186.5,10.7371
57206.4,10.7276
57226.3,10.7182
57246.2,10.7087
57266.2,10.6992
57286.1,10.6897
57306,10.6802
57325.9,10.6707
57345.8,10.6612
57365.7,10.6517
57385.6,10.6422
57405.5,10.6328
57425.4,10.6233
57445.3,10.6138
57465.2,10.6043
57485.1,10.5948
57505,10.5853
57524.9,10.5758
57544.8,10.5663
57564.7,10.5568
57584.6,10.5473
57604.5,10.5379
57624.4,10.5284
57644.3,10.5189
57664.2,10.5094
57684.1,10.4999
57704,10.4904
57723.9,10.4809
57743.8,10.4714
57763.8,10.4619
57783.7,10.4525
57803.6,10.443
57823.5,10.4335
57843.4,10.424
57863.3,10.4145
57883.2,10.405
57903.1,10.3955
57923,10.386
57942.9,10.3765
57962.8,10.3671
57982.7,10.3576
58002.6,10.3481
58022.5,10.3386
58042.4,10.3291
58062.3,10.3196
58082.2,10.3101
58102.1,10.3006
58122,10.2911
58141.9,10.2816
58161.8,10.2722
58181.7,10.2627
58201.6,10.2532
58221.5,10.2437
58241.4,10.2342
58261.4,10.2251
58281.3,10.2164
58301.2,10.2077
58321.1,10.199
58341,10.1902
58360.9,10.1815
58380.8,10.1728
58400.7,10.164
58420.6,10.1553
58440.5,10.1466
58460.4,10.1378
58480.3,10.1291
58500.2,10.1204
58520.1,10.1116
58540,10.1029
58559.9,10.0942
58579.8,10.0855
58599.7,10.0767
58619.6,10.068
58639.5,10.0593
58659.4,10.0505
58679.3,10.0418
58699.2,10.0331
58719.1,10.0243
58739.1,10.0156
58759,10.0069
58778.9,9.99814
58798.8,9.98941
58818.7,9.98068
58838.6,9.97195
58858.5,9.96322
58878.4,9.95448
58898.3,9.94575
58918.2,9.93702
58938.1,9.92829
58958,9.91956
58977.9,9.91083
58997.8,9.9021
59017.7,9.89337
59037.6,9.88464
59057.5,9.87591
59077.4,9.86718
59097.3,9.85845
59117.2,9.84971
59137.1,9.84099
59157,9.83225
59176.9,9.82352
59196.8,9.81479
59216.7,9.80606
59236.6,9.79733
59256.6,9.7886
59276.5,9.77987
59296.4,9.77114
59316.3,9.76241
59336.2,9.75368
59356.1,9.74494
59376,9.73621
59395.9,9.72753
59415.8,9.71895
59435.7,9.71038
59455.6,9.70181
59475.5,9.69323
59495.4,9.68466
59515.3,9.67609
59535.2,9.66752
59555.1,9.65894
59575,9.65037
59594.9,9.64179
59614.8,9.63322
59634.7,9.62465
59654.6,9.61608
59674.5,9.6075
59694.4,9.59893
59714.3,9.59036
59734.3,9.58178
59754.2,9.57321
59774.1,9.56464
59794,9.55606
59813.9,9.54749
59833.8,9.53892
59853.7,9.53034
59873.6,9.52177
59893.5,9.5132
59913.4,9.50462
59933.3,9.49605
59953.2,9.48748
59973.1,9.4789
59993,9.47033
60012.9,9.46214
60032.8,9.45417
60052.7,9.4462
60072.6,9.43822
60092.5,9.43025
60112.4,9.42227
60132.3,9.4143
60152.2,9.40632
60172.1,9.39835
60192,9.39037
60211.9,9.3824
60231.8,9.37442
60251.7,9.36645
60271.7,9.35847
60291.6,9.3505
60311.5,9.34252
60331.4,9.33455
60351.3,9.32657
60371.2,9.3186
60391.1,9.31062
60411,9.30265
60430.9,9.29467
60450.8,9.2867
60470.7,9.27872
60490.6,9.27075
60510.5,9.26277
60530.4,9.2548
60550.3,9.24683
60570.2,9.23925
60590.1,9.23168
60610,9.2241
60629.9,9.21652
60649.8,9.20894
60669.7,9.20137
60689.6,9.19379
60709.5,9.18621
60729.4,9.17863
60749.3,9.17106
60769.3,9.16348
60789.2,9.1559
60809.1,9.14833
60829,9.14075
60848.9,9.13317
60868.8,9.1256
60888.7,9.11802
60908.6,9.11044
60928.5,9.10286
60948.4,9.09528
60968.3,9.08771
60988.2,9.08013
61008.1,9.07255
61028,9.06498
61047.9,9.0574
61067.8,9.04982
61087.7,9.04225
61107.6,9.03467
61127.5,9.02709
61147.4,9.01951
61167.3,9.01194
61187.2,9.00436
61207.1,8.99678
61227,8.98921
61246.9,8.98163
61266.9,8.97405
61286.8,8.96648
61306.7,8.9589
61326.6,8.95132
61346.5,8.94374
61366.4,8.93616
61386.3,8.92859
61406.2,8.92101
61426.1,8.91343
61446,8.90586
61465.9,8.89828
61485.8,8.8907
61505.7,8.88312
61525.6,8.87555
61545.5,8.86797
61565.4,8.86039
61585.3,8.85282
61605.2,8.84524
61625.1,8.83766
61645,8.83008
61664.9,8.82251
61684.8,8.81493
61704.7,8.80735
61724.6,8.79978
61744.5,8.79264
61764.5,8.78567
61784.4,8.7787
61804.3,8.77173
61824.2,8.76476
61844.1,8.75779
61864,8.75082
61883.9,8.74384
61903.8,8.73687
61923.7,8.7299
61943.6,8.72293
61963.5,8.71596
61983.4,8.70899
62003.3,8.70202
62023.2,8.69505
62043.1,8.68808
62063,8.68111
62082.9,8.67413
62102.8,8.66716
62122.7,8.66019
62142.6,8.65322
62162.5,8.64625
62182.4,8.63928
62202.3,8.63231
62222.2,8.62534
62242.1,8.61837
62262.1,8.61139
62282,8.60442
62301.9,8.59745
62321.8,8.59048
62341.7,8.58351
62361.6,8.57654
62381.5,8.56957
62401.4,8.5626
62421.3,8.55563
62441.2,8.54866
62461.1,8.54169
62481,8.53471
62500.9,8.52774
62520.8,8.52077
62540.7,8.5138
62560.6,8.50683
62580.5,8.49986
62600.4,8.49289
62620.3,8.48592
62640.2,8.47895
62660.1,8.47197
62680,8.465
62699.9,8.45803
62719.8,8.45106
62739.8,8.44409
62759.7,8.43712
62779.6,8.43015
62799.5,8.42318
62819.4,8.41621
62839.3,8.40924
62859.2,8.40226
62879.1,8.39529
62899,8.38832
62918.9,8.38135
62938.8,8.37438
62958.7,8.36782
62978.6,8.3613
62998.5,8.35477
63018.4,8.34824
63038.3,8.34171
63058.2,8.33518
63078.1,8.32865
63098,8.32212
63117.9,8.3156
63137.8,8.30907
63157.7,8.30254
63177.6,8.29601
63197.5,8.28948
63217.4,8.28295
63237.3,8.27642
63257.3,8.26989
63277.2,8.26337
63297.1,8.25684
63317,8.25031
63336.9,8.24378
63356.8,8.23725
63376.7,8.23073
63396.6,8.2242
63416.5,8.21767
63436.4,8.21114
63456.3,8.20461
63476.2,8.19808
63496.1,8.19155
63516,8.18503
63535.9,8.1785
63555.8,8.17197
63575.7,8.16544
63595.6,8.15891
63615.5,8.15238
63635.4,8.14585
63655.3,8.13932
63675.2,8.1328
63695.1,8.12627
63715,8.11974
63734.9,8.11321
63754.9,8.10668
63774.8,8.10015
63794.7,8.09363
63814.6,8.0871
63834.5,8.08057
63854.4,8.07404
63874.3,8.06751
63894.2,8.06098
63914.1,8.05445
63934,8.04792
63953.9,8.0414
63973.8,8.03487
63993.7,8.02834
64013.6,8.02181
64033.5,8.01528
64053.4,8.00875
64073.3,8.00223
64093.2,7.9957
64113.1,7.98917
64133,7.98264
64152.9,7.97611
64172.8,7.96965
64192.7,7.96359
64212.6,7.95753
64232.5,7.95147
64252.4,7.94541
64272.4,7.93935
64292.3,7.93329
64312.2,7.92723
64332.1,7.92117
64352,7.91511
64371.9,7.90905
64391.8,7.90299
64411.7,7.89693
64431.6,7.89087
64451.5,7.88481
64471.4,7.87875
64491.3,7.87269
64511.2,7.86664
64531.1,7.86058
64551,7.85452
64570.9,7.84846
64590.8,7.8424
64610.7,7.83634
64630.6,7.83028
64650.5,7.82422
64670.4,7.81816
64690.3,7.8121
64710.2,7.80604
64730.1,7.79998
64750,7.79392
64770,7.78786
64789.9,7.7818
64809.8,7.77574
64829.7,7.76968
64849.6,7.76362
64869.5,7.75756
64889.4,7.7515
64909.3,7.74544
64929.2,7.73938
64949.1,7.73332
64969,7.72726
64988.9,7.7212
65008.8,7.71514
65028.7,7.70908
65048.6,7.70302
65068.5,7.69696
65088.4,7.69091
65108.3,7.68485
65128.2,7.67878
65148.1,7.67272
65168,7.66667
65187.9,7.66061
65207.8,7.65455
65227.7,7.64849
65247.6,7.64243
65267.6,7.63637
65287.5,7.63031
65307.4,7.62425
65327.3,7.61819
65347.2,7.61213
65367.1,7.60607
65387,7.60001
65406.9,7.59395
65426.8,7.58805
65446.7,7.58245
65466.6,7.57684
65486.5,7.57124
65506.4,7.56564
65526.3,7.56004
65546.2,7.55444
65566.1,7.54884
65586,7.54324
65605.9,7.53763
65625.8,7.53203
65645.7,7.52643
65665.6,7.52083
65685.5,7.51523
65705.4,7.50963
65725.3,7.50403
65745.3,7.49842
65765.2,7.49282
65785.1,7.48722
65805,7.48162
65824.9,7.47602
65844.8,7.47042
65864.7,7.46482
65884.6,7.45921
65904.5,7.45361
65924.4,7.44801
65944.3,7.44241
65964.2,7.43681
65984.1,7.43121
66004,7.42561
66023.9,7.42001
66043.8,7.4144
66063.7,7.4088
66083.6,7.4032
66103.5,7.3976
66123.4,7.392
66143.3,7.3864
66163.2,7.3808
66183.1,7.37519
66203,7.36959
66222.9,7.36399
66242.9,7.35839
66262.8,7.35279
66282.7,7.34719
66302.6,7.34159
66322.5,7.33599
66342.4,7.33038
66362.3,7.32478
66382.2,7.31918
66402.1,7.31358
66422,7.30798
66441.9,7.30238
66461.8,7.29678
66481.7,7.29117
66501.6,7.28557
66521.5,7.27997
66541.4,7.27437
66561.3,7.26877
66581.2,7.26317
66601.1,7.25757
66621,7.25197
66640.9,7.24636
66660.8,7.24076
66680.7,7.23516
66700.6,7.22957
66720.5,7.22441
66740.5,7.21924
66760.4,7.21408
66780.3,7.20892
66800.2,7.20375
66820.1,7.19859
66840,7.19343
66859.9,7.18826
66879.8,7.1831
66899.7,7.17793
66919.6,7.17277
66939.5,7.16761
66959.4,7.16244
66979.3,7.15728
66999.2,7.15211
67019.1,7.14695
67039,7.14179
67058.9,7.13662
67078.8,7.13146
67098.7,7.12629
67118.6,7.12113
67138.5,7.11597
67158.4,7.1108
67178.3,7.10564
67198.2,7.10048
67218.1,7.09531
67238,7.09015
67258,7.08498
67277.9,7.07982
67297.8,7.07465
67317.7,7.06949
67337.6,7.06433
67357.5,7.05916
67377.4,7.054
67397.3,7.04883
67417.2,7.04367
67437.1,7.03851
67457,7.03334
67476.9,7.02818
67496.8,7.02301
67516.7,7.01785
67536.6,7.01269
67556.5,7.00752
67576.4,7.00236
67596.3,6.99719
67616.2,6.99203
67636.1,6.98687
67656,6.9817
67675.9,6.97654
67695.8,6.97137
67715.7,6.96621
67735.6,6.96105
67755.6,6.95588
67775.5,6.95072
67795.4,6.94555
67815.3,6.94039
67835.2,6.93523
67855.1,6.93006
67875,6.9249
67894.9,6.91973
67914.8,6.91457
67934.7,6.90941
67954.6,6.90424
67974.5,6.89908
67994.4,6.89391
68014.3,6.88883
68034.2,6.88402
68054.1,6.87921
68074,6.8744
68093.9,6.8696
68113.8,6.86479
68133.7,6.85998
68153.6,6.85518
68173.5,6.85037
68193.4,6.84556
68213.3,6.84075
68233.2,6.83595
68253.1,6.83114
68273.1,6.82633
68293,6.82152
68312.9,6.81672
68332.8,6.81191
68352.7,6.8071
68372.6,6.8023
68392.5,6.79749
68412.4,6.79268
68432.3,6.78787
68452.2,6.78306
68472.1,6.77826
68492,6.77345
68511.9,6.76864
68531.8,6.76384
68551.7,6.75903
68571.6,6.75422
68591.5,6.74942
68611.4,6.74461
68631.3,6.7398
68651.2,6.73499
68671.1,6.73019
68691,6.72538
68710.9,6.72057
68730.8,6.71576
68750.8,6.71096
68770.6,6.70615
68790.6,6.70134
68810.5,6.69654
68830.4,6.69173
68850.3,6.68692
68870.2,6.68211
68890.1,6.67731
68910,6.6725
68929.9,6.66769
68949.8,6.66288
68969.7,6.65808
68989.6,6.65327
69009.5,6.64846
69029.4,6.64365
69049.3,6.63885
69069.2,6.63404
69089.1,6.62923
69109,6.62443
69128.9,6.61962
69148.8,6.61481
69168.7,6.61
69188.6,6.6052
69208.5,6.60039
69228.4,6.59558
69248.4,6.59077
69268.3,6.58597
69288.2,6.58116
69308.1,6.57635
69328,6.57154
69347.9,6.56687
69367.8,6.56238
69387.7,6.55789
69407.6,6.55341
69427.5,6.54892
69447.4,6.54443
69467.3,6.53995
69487.2,6.53546
69507.1,6.53098
69527,6.52649
69546.9,6.522
69566.8,6.51752
69586.7,6.51303
69606.6,6.50855
69626.5,6.50406
69646.4,6.49957
69666.3,6.49509
69686.2,6.4906
69706.1,6.48611
69726,6.48163
69745.9,6.47714
69765.9,6.47266
69785.8,6.46817
69805.7,6.46368
69825.6,6.4592
69845.5,6.45471
69865.4,6.45022
69885.3,6.44574
69905.2,6.44125
69925.1,6.43677
69945,6.43228
69964.9,6.42779
69984.8,6.42331
70004.7,6.41882
70024.6,6.41433
70044.5,6.40985
70064.4,6.40536
70084.3,6.40088
70104.2,6.39639
70124.1,6.3919
70144,6.38742
70163.9,6.38293
70183.8,6.37845
70203.7,6.37396
70223.6,6.36947
70243.5,6.36499
70263.5,6.3605
70283.4,6.35601
70303.3,6.35153
70323.2,6.34704
70343.1,6.34256
70363,6.33807
70382.9,6.33358
70402.8,6.3291
70422.7,6.32461
70442.6,6.32013
70462.5,6.31564
70482.4,6.31115
70502.3,6.30667
70522.2,6.30218
70542.1,6.29769
70562,6.29321
70581.9,6.28872
70601.8,6.28424
70621.7,6.27975
70641.6,6.27527
70661.5,6.27078
70681.4,6.26629
70701.3,6.262
70721.3,6.25786
70741.1,6.25371
70761.1,6.24957
70781,6.24542
70800.9,6.24128
70820.8,6.23714
70840.7,6.23299
70860.6,6.22885
70880.5,6.2247
70900.4,6.22056
70920.3,6.21642
70940.2,6.21227
70960.1,6.20813
70980,6.20398
70999.9,6.19984
71019.8,6.19569
71039.7,6.19155
71059.6,6.18741
71079.5,6.18326
71099.4,6.17912
71119.3,6.17497
71139.2,6.17083
71159.1,6.16669
71179,6.16254
71198.9,6.1584
71218.8,6.15425
71238.8,6.15011
71258.7,6.14596
71278.6,6.14182
71298.5,6.13768
71318.4,6.13353
71338.3,6.12939
71358.2,6.12524
71378.1,6.1211
71398,6.11696
71417.9,6.11281
71437.8,6.10867
71457.7,6.10452
71477.6,6.10038
71497.5,6.09624
71517.4,6.09209
71537.3,6.08795
71557.2,6.0838
71577.1,6.07966
71597,6.07551
71616.9,6.07137
71636.8,6.06723
71656.7,6.06308
71676.6,6.05894
71696.5,6.05479
71716.4,6.05065
71736.4,6.0465
71756.3,6.04236
71776.2,6.03822
71796.1,6.03407
71816,6.02993
71835.9,6.02578
71855.8,6.02164
71875.7,6.0175
71895.6,6.01335
71915.5,6.00921
71935.4,6.00506
71955.3,6.00092
71975.2,5.99678
71995.1,5.99263
72015,5.98849
72034.9,5.98434
72054.8,5.9802
72074.7,5.97613
72094.6,5.97229
72114.5,5.96845
72134.4,5.96461
72154.3,5.96077
72174.2,5.95692
72194.1,5.95308
72214,5.94924
72233.9,5.9454
72253.9,5.94156
72273.8,5.93772
72293.7,5.93388
72313.6,5.93004
72333.5,5.9262
72353.4,5.92236
72373.3,5.91852
72393.2,5.91468
72413.1,5.91084
72433,5.907
72452.9,5.90316
72472.8,5.89931
72492.7,5.89547
72512.6,5.89163
72532.5,5.88779
72552.4,5.88395
72572.3,5.88011
72592.2,5.87627
72612.1,5.87243
72632,5.86859
72651.9,5.86475
72671.8,5.86091
72691.7,5.85707
72711.6,5.85323
72731.5,5.84939
72751.4,5.84555
72771.4,5.84171
72791.3,5.83787
72811.2,5.83402
72831.1,5.83018
72851,5.82634
72870.9,5.8225
72890.8,5.81866
72910.7,5.81482
72930.6,5.81098
72950.5,5.80714
72970.4,5.8033
72990.3,5.79946
73010.2,5.79562
73030.1,5.79178
73050,5.78794
73069.9,5.7841
73089.8,5.78026
73109.7,5.77642
73129.6,5.77258
73149.5,5.76873
73169.4,5.76489
73189.3,5.76105
73209.2,5.75721
73229.1,5.75337
73249,5.74953
73269,5.74569
73288.9,5.74185
73308.8,5.73801
73328.7,5.73417
73348.6,5.73033
73368.5,5.72649
73388.4,5.72265
73408.3,5.71881
73428.2,5.71497
73448.1,5.71113
73468,5.70728
73487.9,5.70356
73507.8,5.70001
73527.7,5.69646
73547.6,5.69291
73567.5,5.68936
73587.4,5.68581
73607.3,5.68226
73627.2,5.67871
73647.1,5.67516
73667,5.67161
73686.9,5.66806
73706.8,5.66451
73726.7,5.66096
73746.6,5.65741
73766.6,5.65386
73786.5,5.65031
73806.4,5.64676
73826.3,5.64321
73846.2,5.63966
73866.1,5.63611
73886,5.63257
73905.9,5.62902
73925.8,5.62547
73945.7,5.62192
73965.6,5.61837
73985.5,5.61482
74005.4,5.61127
74025.3,5.60772
74045.2,5.60417
74065.1,5.60062
74085,5.59707
74104.9,5.59352
74124.8,5.58997
74144.7,5.58642
74164.6,5.58287
74184.5,5.57932
74204.4,5.57577
74224.3,5.57222
74244.3,5.56867
74264.2,5.56512
74284.1,5.56157
74304,5.55802
74323.9,5.55447
74343.8,5.55092
74363.7,5.54737
74383.6,5.54382
74403.5,5.54027
74423.4,5.53672
74443.3,5.53317
74463.2,5.52962
74483.1,5.52607
74503,5.52252
74522.9,5.51897
74542.8,5.51542
74562.7,5.51188
74582.6,5.50833
74602.5,5.50478
74622.4,5.50123
74642.3,5.49768
74662.2,5.49413
74682.1,5.49058
74702,5.48703
74721.9,5.48348
74741.9,5.47993
74761.8,5.47638
74781.7,5.47283
74801.6,5.46928
74821.5,5.46573
74841.4,5.46218
74861.3,5.45863
74881.2,5.45508
74901.1,5.45153
74921,5.44799
74940.9,5.44469
74960.8,5.44138
74980.7,5.43808
75000.6,5.43477
75020.5,5.43147
75040.4,5.42816
75060.3,5.42486
75080.2,5.42155
75100.1,5.41825
75120,5.41495
75139.9,5.41164
75159.8,5.40834
75179.7,5.40503
75199.6,5.40173
75219.5,5.39842
75239.5,5.39512
75259.4,5.39181
75279.3,5.38851
75299.2,5.3852
75319.1,5.3819
75339,5.37859
75358.9,5.37529
75378.8,5.37199
75398.7,5.36868
75418.6,5.36538
75438.5,5.36207
75458.4,5.35877
75478.3,5.35546
75498.2,5.35216
75518.1,5.34885
75538,5.34555
75557.9,5.34224
75577.8,5.33894
75597.7,5.33563
75617.6,5.33233
75637.5,5.32902
75657.4,5.32572
75677.3,5.32242
75697.2,5.31911
75717.1,5.31581
75737,5.3125
75757,5.3092
75776.9,5.30589
75796.8,5.30259
75816.7,5.29928
75836.6,5.29598
75856.5,5.29267
75876.4,5.28937
75896.3,5.28607
75916.2,5.28276
75936.1,5.27945
75956,5.27615
75975.9,5.27284
75995.8,5.26954
76015.7,5.26624
76035.6,5.26293
76055.5,5.25963
76075.4,5.25632
76095.3,5.25302
76115.2,5.24971
76135.1,5.24641
76155,5.2431
76174.9,5.2398
76194.8,5.23649
76214.7,5.23319
76234.6,5.22988
76254.5,5.22658
76274.5,5.22327
76294.4,5.21997
76314.3,5.21667
76334.2,5.21336
76354.1,5.21006
76374,5.20675
76393.9,5.20363
76413.8,5.20058
76433.7,5.19753
76453.6,5.19448
76473.5,5.19143
76493.4,5.18839
76513.3,5.18534
76533.2,5.18229
76553.1,5.17924
76573,5.1762
76592.9,5.17315
76612.8,5.1701
76632.7,5.16705
76652.6,5.164
76672.5,5.16096
76692.4,5.15791
76712.3,5.15486
76732.2,5.15181
76752.1,5.14877
76772.1,5.14572
76792,5.14267
76811.9,5.13962
76831.8,5.13657
76851.7,5.13353
76871.6,5.13048
76891.5,5.12743
76911.4,5.12438
76931.3,5.12134
76951.2,5.11829
76971.1,5.11524
76991,5.11219
77010.9,5.10914
77030.8,5.1061
77050.7,5.10305
77070.6,5.1
77090.5,5.09695
77110.4,5.0939
77130.3,5.09086
77150.2,5.08781
77170.1,5.08476
77190,5.08171
77209.9,5.07866
77229.8,5.07562
77249.8,5.07257
77269.6,5.06952
77289.6,5.06647
77309.5,5.06343
77329.4,5.06038
77349.3,5.05733
77369.2,5.05428
77389.1,5.05123
77409,5.04819
77428.9,5.04514
77448.8,5.04209
77468.7,5.03904
77488.6,5.036
77508.5,5.03295
77528.4,5.0299
77548.3,5.02685
77568.2,5.0238
77588.1,5.02076
77608,5.01771
77627.9,5.01466
77647.8,5.01161
77667.7,5.00856
77687.6,5.00552
77707.5,5.00247
77727.4,4.99942
77747.4,4.99637
77767.3,4.99333
77787.2,4.99028
77807.1,4.98723
77827,4.98418
77846.9,4.98113
77866.8,4.97809
77886.7,4.97511
77906.6,4.97227
77926.5,4.96943
77946.4,4.96658
77966.3,4.96374
77986.2,4.9609
78006.1,4.95806
78026,4.95522
78045.9,4.95238
78065.8,4.94954
78085.7,4.9467
78105.6,4.94385
78125.5,4.94101
78145.4,4.93817
78165.3,4.93533
78185.2,4.93249
78205.1,4.92965
78225,4.92681
78245,4.92396
78264.9,4.92112
78284.8,4.91828
78304.7,4.91544
78324.6,4.9126
78344.5,4.90976
78364.4,4.90692
78384.3,4.90408
78404.2,4.90124
78424.1,4.89839
78444,4.89555
78463.9,4.89271
78483.8,4.88987
78503.7,4.88703
78523.6,4.88419
78543.5,4.88135
78563.4,4.87851
78583.3,4.87566
78603.2,4.87282
78623.1,4.86998
78643,4.86714
78662.9,4.8643
78682.8,4.86146
78702.7,4.85862
78722.6,4.85577
78742.5,4.85293
78762.5,4.85009
78782.4,4.84725
78802.3,4.84441
78822.2,4.84157
78842.1,4.83873
78862,4.83589
78881.9,4.83305
78901.8,4.8302
78921.7,4.82736
78941.6,4.82452
78961.5,4.82168
78981.4,4.81884
79001.3,4.816
79021.2,4.81316
79041.1,4.81032
79061,4.80747
79080.9,4.80463
79100.8,4.80179
79120.7,4.79895
79140.6,4.79611
79160.5,4.79327
79180.4,4.79043
79200.3,4.78759
79220.3,4.78474
79240.1,4.7819
79260.1,4.77906
79280,4.77622
79299.9,4.77338
79319.8,4.77054
79339.7,4.7677
79359.6,4.76486
79379.5,4.76201
79399.4,4.75917
79419.3,4.7565
79439.2,4.75383
79459.1,4.75115
79479,4.74848
79498.9,4.74581
79518.8,4.74314
79538.7,4.74047
79558.6,4.7378
79578.5,4.73513
79598.4,4.73246
79618.3,4.72978
79638.2,4.72711
79658.1,4.72444
79678,4.72177
79697.9,4.7191
79717.8,4.71643
79737.8,4.71376
79757.7,4.71109
79777.6,4.70842
79797.5,4.70575
79817.4,4.70307
79837.3,4.7004
79857.2,4.69773
79877.1,4.69506
79897,4.69239
79916.9,4.68972
79936.8,4.68705
79956.7,4.68438
79976.6,4.68171
79996.5,4.67904
80016.4,4.67641
80036.3,4.6738
80056.2,4.67119
80076.1,4.66858
80096,4.66597
80115.9,4.66336
80135.8,4.66075
80155.7,4.65814
80175.6,4.65553
80195.5,4.65292
80215.4,4.65031
80235.3,4.6477
80255.3,4.64509
80275.2,4.64248
80295.1,4.63987
80315,4.63726
80334.9,4.63465
80354.8,4.63204
80374.7,4.62943
80394.6,4.62682
80414.5,4.62421
80434.4,4.6216
80454.3,4.61898
80474.2,4.61637
80494.1,4.61376
80514,4.61115
80533.9,4.60854
80553.8,4.60593
80573.7,4.60332
80593.6,4.60071
80613.5,4.5981
80633.4,4.59549
80653.3,4.59288
80673.2,4.59027
80693.1,4.58766
80713,4.58505
80732.9,4.58244
80752.9,4.57983
80772.8,4.57722
80792.7,4.57461
80812.6,4.572
80832.5,4.56939
80852.4,4.56678
80872.3,4.56417
80892.2,4.56156
80912.1,4.55895
80932,4.55634
80951.9,4.55374
80971.8,4.55131
80991.7,4.54888
81011.6,4.54645
81031.5,4.54402
81051.4,4.54159
81071.3,4.53916
81091.2,4.53674
81111.1,4.53431
81131,4.53187
81150.9,4.52945
81170.8,4.52702
81190.7,4.52459
81210.6,4.52216
81230.5,4.51973
81250.4,4.5173
81270.4,4.51487
81290.3,4.51244
81310.2,4.51001
81330.1,4.50758
81350,4.50515
81369.9,4.50272
81389.8,4.50029
81409.7,4.49786
81429.6,4.49543
81449.5,4.493
81469.4,4.49057
81489.3,4.48814
81509.2,4.48571
81529.1,4.48328
81549,4.48085
81568.9,4.47842
81588.8,4.47599
81608.7,4.47356
81628.6,4.47113
81648.5,4.4687
81668.4,4.46627
81688.3,4.46384
81708.2,4.46141
81728.1,4.45898
81748,4.45656
81768,4.45412
81787.9,4.4517
81807.8,4.44927
81827.7,4.44684
81847.6,4.44441
81867.5,4.44198
81887.4,4.43955
81907.3,4.43712
81927.2,4.43469
81947.1,4.43226
81967,4.42983
81986.9,4.4274
82006.8,4.42497
82026.7,4.42254
82046.6,4.42011
82066.5,4.41768
82086.4,4.41525
82106.3,4.41282
82126.2,4.41039
82146.1,4.40796
82166,4.40553
82185.9,4.4031
82205.8,4.40067
82225.8,4.39824
82245.6,4.39581
82265.6,4.39338
82285.5,4.39095
82305.4,4.38852
82325.3,4.38609
82345.2,4.38366
82365.1,4.38123
82385,4.3788
82404.9,4.37637
82424.8,4.37394
82444.7,4.37152
82464.6,4.36909
82484.5,4.36666
82504.4,4.36423
82524.3,4.3618
82544.2,4.3594
82564.1,4.35714
82584,4.35488
82603.9,4.35261
82623.8,4.35035
82643.7,4.34809
82663.6,4.34582
82683.5,4.34356
82703.4,4.3413
82723.3,4.33903
82743.3,4.33677
82763.2,4.33451
82783.1,4.33224
82803,4.32998
82822.9,4.32772
82842.8,4.32545
82862.7,4.32319
82882.6,4.32093
82902.5,4.31866
82922.4,4.3164
82942.3,4.31414
82962.2,4.31187
82982.1,4.30961
83002,4.30735
83021.9,4.30508
83041.8,4.30282
83061.7,4.30056
83081.6,4.29829
83101.5,4.29603
83121.4,4.29377
83141.3,4.2915
83161.2,4.28924
83181.1,4.28698
83201,4.28471
83220.9,4.28245
83240.9,4.28019
83260.8,4.27792
83280.7,4.27566
83300.6,4.2734
83320.5,4.27113
83340.4,4.26887
83360.3,4.26661
83380.2,4.26434
83400.1,4.26208
83420,4.25982
83439.9,4.25755
83459.8,4.25529
83479.7,4.25303
83499.6,4.25076
83519.5,4.2485
83539.4,4.24624
83559.3,4.24397
83579.2,4.24171
83599.1,4.23945
83619,4.23718
83638.9,4.23492
83658.8,4.23266
83678.7,4.23039
83698.6,4.22813
83718.5,4.22587
83738.5,4.2236
83758.4,4.22134
83778.3,4.21908
83798.2,4.21681
83818.1,4.21455
83838,4.21229
83857.9,4.21002
83877.8,4.20776
83897.7,4.2055
83917.6,4.20323
83937.5,4.20097
83957.4,4.19871
83977.3,4.19644
83997.2,4.19418
84017.1,4.19192
84037,4.18965
84056.9,4.18739
84076.8,4.18513
84096.7,4.18287
84116.6,4.1806
84136.5,4.17834
84156.4,4.17613
84176.3,4.17403
84196.2,4.17194
84216.1,4.16984
84236,4.16775
84255.9,4.16565
84275.9,4.16355
84295.8,4.16146
84315.7,4.15936
84335.6,4.15727
84355.5,4.15517
84375.4,4.15307
84395.3,4.15098
84415.2,4.14888
84435.1,4.14678
84455,4.14469
84474.9,4.14259
84494.8,4.1405
84514.7,4.1384
84534.6,4.13631
84554.5,4.13421
84574.4,4.13211
84594.3,4.13002
84614.2,4.12792
84634.1,4.12583
84654,4.12373
84673.9,4.12163
84693.8,4.11954
84713.7,4.11744
84733.6,4.11535
84753.5,4.11325
84773.5,4.11115
84793.4,4.10906
84813.3,4.10696
84833.2,4.10487
84853.1,4.10277
84873,4.10067
84892.9,4.09858
84912.8,4.09648
84932.7,4.09439
84952.6,4.09229
84972.5,4.09019
84992.4,4.0881
85012.3,4.086
85032.2,4.08391
85052.1,4.08181
85072,4.07971
85091.9,4.07762
85111.8,4.07552
85131.7,4.07343
85151.6,4.07133
85171.5,4.06923
85191.4,4.06714
85211.3,4.06504
85231.2,4.06295
85251.1,4.06085
85271.1,4.05875
85291,4.05666
85310.9,4.05456
85330.8,4.05247
85350.7,4.05037
85370.6,4.04827
85390.5,4.04618
85410.4,4.04408
85430.3,4.04199
85450.2,4.03989
85470.1,4.0378
85490,4.0357
85509.9,4.0336
85529.8,4.03151
85549.7,4.02941
85569.6,4.02732
85589.5,4.02522
85609.4,4.02312
85629.3,4.02103
85649.2,4.01893
85669.1,4.01684
85689,4.01474
85708.9,4.01264
85728.8,4.01055
85748.8,4.00845
85768.7,4.00636
85788.6,4.00426
85808.5,4.00222
85828.4,4.00026
85848.3,3.9983
85868.2,3.99634
85888.1,3.99438
85908,3.99242
85927.9,3.99046
85947.8,3.9885
85967.7,3.98654
85987.6,3.98459
86007.5,3.98262
86027.4,3.98066
86047.3,3.9787
86067.2,3.97675
86087.1,3.97479
86107,3.97283
86126.9,3.97087
86146.8,3.96891
86166.7,3.96695
86186.6,3.96499
86206.5,3.96303
86226.4,3.96107
86246.4,3.95911
86266.3,3.95715
86286.2,3.95519
86306.1,3.95323
86326,3.95127
86345.9,3.94931
86365.8,3.94735
86385.7,3.94539
86405.6,3.94343
86425.5,3.94147
86445.4,3.93951
86465.3,3.93755
86485.2,3.93559
86505.1,3.93363
86525,3.93167
86544.9,3.92971
86564.8,3.92775
86584.7,3.92579
86604.6,3.92383
86624.5,3.92187
86644.4,3.91991
86664.3,3.91795
86684.2,3.91599
86704.1,3.91403
86724,3.91207
86744,3.91011
86763.9,3.90815
86783.8,3.90619
86803.7,3.90424
86823.6,3.90228
86843.5,3.90032
86863.4,3.89836
86883.3,3.8964
86903.2,3.89444
86923.1,3.89248
86943,3.89052
86962.9,3.88856
86982.8,3.8866
87002.7,3.88464
87022.6,3.88268
87042.5,3.88072
87062.4,3.87876
87082.3,3.8768
87102.2,3.87484
87122.1,3.87288
87142,3.87092
87161.9,3.86896
87181.8,3.867
87201.7,3.86504
87221.6,3.86308
87241.5,3.86112
87261.5,3.85916
87281.4,3.8572
87301.3,3.85524
87321.2,3.85328
87341.1,3.85132
87361,3.84936
87380.9,3.8474
87400.8,3.84544
87420.7,3.84348
87440.6,3.84152
87460.5,3.83956
87480.4,3.83768
87500.3,3.83588
87520.2,3.83407
87540.1,3.83227
87560,3.83046
87579.9,3.82866
87599.8,3.82685
87619.7,3.82505
87639.6,3.82324
87659.5,3.82144
87679.4,3.81963
87699.3,3.81783
87719.2,3.81602
87739.1,3.81421
87759.1,3.81241
87779,3.8106
87798.9,3.8088
87818.8,3.80699
87838.7,3.80519
87858.6,3.80338
87878.5,3.80158
87898.4,3.79977
87918.3,3.79797
87938.2,3.79616
87958.1,3.79436
87978,3.79255
87997.9,3.79074
88017.8,3.78894
88037.7,3.78713
88057.6,3.78533
88077.5,3.78352
88097.4,3.78172
88117.3,3.77991
88137.2,3.77811
88157.1,3.7763
88177,3.7745
88196.9,3.77269
88216.8,3.77089
88236.7,3.76908
88256.6,3.76727
88276.6,3.76547
88296.5,3.76366
88316.4,3.76186
88336.3,3.76005
88356.2,3.75825
88376.1,3.75644
88396,3.75464
88415.9,3.75283
88435.8,3.75103
88455.7,3.74922
88475.6,3.74742
88495.5,3.74561
88515.4,3.7438
88535.3,3.742
88555.2,3.74019
88575.1,3.73839
88595,3.73658
88614.9,3.73478
88634.8,3.73297
88654.7,3.73117
88674.6,3.72936
88694.5,3.72756
88714.4,3.72575
88734.3,3.72395
88754.3,3.72214
88774.1,3.72034
88794.1,3.71853
88814,3.71672
88833.9,3.71492
88853.8,3.71311
88873.7,3.71131
88893.6,3.7095
88913.5,3.7077
88933.4,3.70589
88953.3,3.70409
88973.2,3.70228
88993.1,3.70048
89013,3.69867
89032.9,3.69686
89052.8,3.69506
89072.7,3.69325
89092.6,3.69145
89112.5,3.68964
89132.4,3.68784
89152.3,3.68603
89172.2,3.68423
89192.1,3.68251
89212,3.68084
89231.9,3.67917
89251.9,3.6775
89271.8,3.67584
89291.7,3.67417
89311.6,3.6725
89331.5,3.67083
89351.4,3.66916
89371.3,3.6675
89391.2,3.66583
89411.1,3.66416
89431,3.66249
89450.9,3.66083
89470.8,3.65916
89490.7,3.65749
89510.6,3.65582
89530.5,3.65415
89550.4,3.65249
89570.3,3.65082
89590.2,3.64915
89610.1,3.64748
89630,3.64582
89649.9,3.64415
89669.8,3.64248
89689.7,3.64081
89709.6,3.63915
89729.5,3.63748
89749.5,3.63581
89769.4,3.63414
89789.3,3.63247
89809.2,3.63081
89829.1,3.62914
89849,3.62747
89868.9,3.6258
89888.8,3.62414
89908.7,3.62247
89928.6,3.6208
89948.5,3.61913
89968.4,3.61747
89988.3,3.6158
90008.2,3.61413
90028.1,3.61246
90048,3.61079
90067.9,3.60913
90087.8,3.60746
90107.7,3.60579
90127.6,3.60412
90147.5,3.60246
90167.4,3.60079
90187.3,3.59912
90207.2,3.59745
90227.1,3.59578
90247,3.59412
90267,3.59245
90286.9,3.59078
90306.8,3.58911
90326.7,3.58745
90346.6,3.58578
90366.5,3.58411
90386.4,3.58244
90406.3,3.58078
90426.2,3.57911
90446.1,3.57744
90466,3.57577
90485.9,3.5741
90505.8,3.57244
90525.7,3.57077
90545.6,3.5691
90565.5,3.56743
90585.4,3.56577
90605.3,3.5641
90625.2,3.56243
90645.1,3.56076
90665,3.55909
90684.9,3.55743
90704.8,3.55576
90724.8,3.55409
90744.6,3.55242
90764.6,3.55076
90784.5,3.54909
90804.4,3.54742
90824.3,3.54575
90844.2,3.54409
90864.1,3.54242
90884,3.54075
90903.9,3.53908
90923.8,3.53741
90943.7,3.53583
90963.6,3.53427
90983.5,3.53272
91003.4,3.53116
91023.3,3.52961
91043.2,3.52805
91063.1,3.5265
91083,3.52494
91102.9,3.52339
91122.8,3.52184
91142.7,3.52028
91162.6,3.51873
91182.5,3.51717
91202.4,3.51562
91222.3,3.51406
91242.3,3.51251
91262.2,3.51096
91282.1,3.5094
91302,3.50785
91321.9,3.50629
91341.8,3.50474
91361.7,3.50318
91381.6,3.50163
91401.5,3.50008
91421.4,3.49852
91441.3,3.49697
91461.2,3.49541
91481.1,3.49386
91501,3.4923
91520.9,3.49075
91540.8,3.4892
91560.7,3.48764
91580.6,3.48609
91600.5,3.48453
91620.4,3.48298
91640.3,3.48142
91660.2,3.47987
91680.1,3.47832
91700,3.47676
91719.9,3.47521
91739.9,3.47365
91759.8,3.4721
91779.7,3.47054
91799.6,3.46899
91819.5,3.46744
91839.4,3.46588
91859.3,3.46433
91879.2,3.46277
91899.1,3.46122
91919,3.45966
91938.9,3.45811
91958.8,3.45655
91978.7,3.455
91998.6,3.45345
92018.5,3.45189
92038.4,3.45034
92058.3,3.44878
92078.2,3.44723
92098.1,3.44567
92118,3.44412
92137.9,3.44257
92157.8,3.44101
92177.7,3.43946
92197.6,3.4379
92217.5,3.43635
92237.4,3.43479
92257.4,3.43324
92277.3,3.43169
92297.2,3.43013
92317.1,3.42858
92337,3.42702
92356.9,3.42547
92376.8,3.42391
92396.7,3.42236
92416.6,3.42081
92436.5,3.41925
92456.4,3.4177
92476.3,3.41614
92496.2,3.41459
92516.1,3.41303
92536,3.41148
92555.9,3.40993
92575.8,3.40837
92595.7,3.40682
92615.6,3.40526
92635.5,3.40371
92655.4,3.40215
92675.3,3.4006
92695.2,3.39905
92715.1,3.39752
92735,3.39608
92754.9,3.39463
92774.9,3.39319
92794.8,3.39174
92814.7,3.3903
92834.6,3.38885
92854.5,3.38741
92874.4,3.38596
92894.3,3.38452
92914.2,3.38307
92934.1,3.38163
92954,3.38018
92973.9,3.37874
92993.8,3.37729
93013.7,3.37585
93033.6,3.37441
93053.5,3.37296
93073.4,3.37152
93093.3,3.37007
93113.2,3.36863
93133.1,3.36718
93153,3.36574
93172.9,3.36429
93192.8,3.36285
93212.7,3.3614
93232.6,3.35996
93252.5,3.35851
93272.5,3.35707
93292.4,3.35562
93312.3,3.35418
93332.2,3.35273
93352.1,3.35129
93372,3.34985
93391.9,3.3484
93411.8,3.34696
93431.7,3.34551
93451.6,3.34407
93471.5,3.34262
93491.4,3.34118
93511.3,3.33973
93531.2,3.33829
93551.1,3.33684
93571,3.3354
93590.9,3.33395
93610.8,3.33251
93630.7,3.33107
93650.6,3.32962
93670.5,3.32818
93690.4,3.32673
93710.3,3.32529
93730.3,3.32384
93750.1,3.3224
93770.1,3.32095
93790,3.31951
93809.9,3.31806
93829.8,3.31662
93849.7,3.31517
93869.6,3.31373
93889.5,3.31228
93909.4,3.31084
93929.3,3.30939
93949.2,3.30795
93969.1,3.30651
93989,3.30506
94008.9,3.30362
94028.8,3.30217
94048.7,3.30073
94068.6,3.29928
94088.5,3.29784
94108.4,3.29639
94128.3,3.29495
94148.2,3.2935
94168.1,3.29206
94188,3.29061
94207.9,3.28917
94227.8,3.28773
94247.8,3.28628
94267.7,3.28484
94287.6,3.28339
94307.5,3.28195
94327.4,3.2805
94347.3,3.27906
94367.2,3.27761
94387.1,3.27617
94407,3.27472
94426.9,3.27328
94446.8,3.27183
94466.7,3.27039
94486.6,3.26894
94506.5,3.2675
94526.4,3.26609
94546.3,3.26475
94566.2,3.26341
94586.1,3.26207
94606,3.26073
94625.9,3.25939
94645.8,3.25805
94665.7,3.25671
94685.6,3.25537
94705.5,3.25402
94725.4,3.25268
94745.4,3.25134
94765.3,3.25
94785.2,3.24866
94805.1,3.24732
94825,3.24598
94844.9,3.24464
94864.8,3.2433
94884.7,3.24196
94904.6,3.24062
94924.5,3.23928
94944.4,3.23794
94964.3,3.2366
94984.2,3.23526
95004.1,3.23392
95024,3.23258
95043.9,3.23124
95063.8,3.2299
95083.7,3.22856
95103.6,3.22721
95123.5,3.22587
95143.4,3.22453
95163.3,3.22319
95183.2,3.22185
95203.1,3.22051
95223,3.21917
95243,3.21783
95262.9,3.21649
95282.8,3.21515
95302.7,3.21381
95322.6,3.21247
95342.5,3.21113
95362.4,3.20979
95382.3,3.20845
95402.2,3.20711
95422.1,3.20577
95442,3.20443
95461.9,3.20309
95481.8,3.20175
95501.7,3.20041
95521.6,3.19907
95541.5,3.19772
95561.4,3.19638
95581.3,3.19504
95601.2,3.1937
95621.1,3.19236
95641,3.19102
95660.9,3.18968
95680.8,3.18834
95700.7,3.187
95720.6,3.18566
95740.6,3.18432
95760.5,3.18298
95780.4,3.18164
95800.3,3.1803
95820.2,3.17896
95840.1,3.17762
95860,3.17628
95879.9,3.17494
95899.8,3.1736
95919.7,3.17226
95939.6,3.17091
95959.5,3.16957
95979.4,3.16823
95999.3,3.16689
96019.2,3.16555
96039.1,3.16421
96059,3.16287
96078.9,3.16153
96098.8,3.16019
96118.7,3.15885
96138.6,3.15751
96158.5,3.15617
96178.4,3.15483
96198.3,3.15349
96218.2,3.15215
96238.1,3.15081
96258,3.14947
96278,3.14813
96297.9,3.14679
96317.8,3.14545
96337.7,3.14411
96357.6,3.14277
96377.5,3.14146
96397.4,3.14021
96417.3,3.13897
96437.2,3.13772
96457.1,3.13647
96477,3.13522
96496.9,3.13398
96516.8,3.13273
96536.7,3.13148
96556.6,3.13023
96576.5,3.12899
96596.4,3.12774
96616.3,3.12649
96636.2,3.12524
96656.1,3.124
96676,3.12275
96695.9,3.1215
96715.8,3.12026
96735.7,3.11901
96755.6,3.11776
96775.6,3.11651
96795.5,3.11527
96815.4,3.11402
96835.3,3.11277
96855.2,3.11152
96875.1,3.11028
96895,3.10903
96914.9,3.10778
96934.8,3.10654
96954.7,3.10529
96974.6,3.10404
96994.5,3.10279
97014.4,3.10155
97034.3,3.1003
97054.2,3.09905
97074.1,3.0978
97094,3.09656
97113.9,3.09531
97133.8,3.09406
97153.7,3.09281
97173.6,3.09157
97193.5,3.09032
97213.4,3.08907
97233.3,3.08783
97253.3,3.08658
97273.2,3.08533
97293.1,3.08408
97313,3.08284
97332.9,3.08159
97352.8,3.08034
97372.7,3.07909
97392.6,3.07785
97412.5,3.0766
97432.4,3.07535
97452.3,3.07411
97472.2,3.07286
97492.1,3.07161
97512,3.07036
97531.9,3.06912
97551.8,3.06787
97571.7,3.06662
97591.6,3.06537
97611.5,3.06413
97631.4,3.06288
97651.3,3.06163
97671.2,3.06039
97691.1,3.05914
97711,3.05789
97730.9,3.05664
97750.9,3.0554
97770.8,3.05415
97790.7,3.0529
97810.6,3.05165
97830.5,3.05041
97850.4,3.04916
97870.3,3.04791
97890.2,3.04666
97910.1,3.04542
97930,3.04417
97949.9,3.04292
97969.8,3.04168
97989.7,3.04043
98009.6,3.03918
98029.5,3.03793
98049.4,3.03669
98069.3,3.03544
98089.2,3.03419
98109.1,3.03294
98129,3.0317
98148.9,3.03045
98168.8,3.0292
98188.7,3.02796
98208.6,3.02671
98228.5,3.02546
98248.5,3.02421
98268.4,3.02304
98288.3,3.02187
98308.2,3.02071
98328.1,3.01954
98348,3.01838
98367.9,3.01721
98387.8,3.01604
98407.7,3.01488
98427.6,3.01371
98447.5,3.01254
98467.4,3.01138
98487.3,3.01021
98507.2,3.00904
98527.1,3.00788
98547,3.00671
98566.9,3.00554
98586.8,3.00438
98606.7,3.00321
98626.6,3.00204
98646.5,3.00088
98666.4,2.99971
98686.3,2.99855
98706.2,2.99738
98726.1,2.99621
98746,2.99505
98766,2.99388
98785.9,2.99271
98805.8,2.99155
98825.7,2.99038
98845.6,2.98921
98865.5,2.98805
98885.4,2.98688
98905.3,2.98571
98925.2,2.98455
98945.1,2.98338
98965,2.98222
98984.9,2.98105
99004.8,2.97988
99024.7,2.97872
99044.6,2.97755
99064.5,2.97638
99084.4,2.97522
99104.3,2.97405
99124.2,2.97288
99144.1,2.97172
99164,2.97055
99183.9,2.96938
99203.8,2.96822
99223.8,2.96705
99243.6,2.96589
99263.6,2.96472
99283.5,2.96355
99303.4,2.96239
99323.3,2.96122
99343.2,2.96005
99363.1,2.95889
99383,2.95772
99402.9,2.95655
99422.8,2.95539
99442.7,2.95422
99462.6,2.95305
99482.5,2.95189
99502.4,2.95072
99522.3,2.94956
99542.2,2.94839
99562.1,2.94722
99582,2.94606
99601.9,2.94489
99621.8,2.94372
99641.7,2.94256
99661.6,2.94139
99681.5,2.94022
99701.4,2.93906
99721.3,2.93789
99741.3,2.93672
99761.2,2.93556
99781.1,2.93439
99801,2.93322
99820.9,2.93206
99840.8,2.93089
99860.7,2.92973
99880.6,2.92856
99900.5,2.92739
99920.4,2.92623
99940.3,2.92506
99960.2,2.92389
99980.1,2.92273
100000,2.92156