500,127416
519.904,124945
539.808,122475
559.712,120005
579.616,117534
599.52,115064
619.424,112593
639.328,110123
659.232,107652
679.136,105182
699.04,102712
718.944,100241
738.848,97770.8
758.752,95300.4
778.656,92830
798.56,90359.6
818.464,87889.2
838.368,85418.8
858.272,82948.4
878.176,80477.9
898.08,78007.5
917.984,75537.1
937.888,73066.7
957.792,70596.3
977.696,68125.9
997.599,65655.5
1017.5,63185
1037.41,60837.3
1057.31,58571
1077.22,56485.7
1097.12,54476.8
1117.02,52540.6
1136.93,50744.4
1156.83,49082.6
1176.74,47445.8
1196.64,45881.1
1216.54,44434.2
1236.45,42999.8
1256.35,41652.3
1276.26,40413.2
1296.16,39210.5
1316.06,38052.1
1335.97,36953.3
1355.87,35892.9
1375.78,34862.5
1395.68,33890.7
1415.58,32981.1
1435.49,32070.8
1455.39,31205.7
1475.3,30377.7
1495.2,29591.5
1515.1,28814.2
1535.01,28027.8
1554.91,27247.2
1574.81,26535.5
1594.72,25844.8
1614.62,25174.5
1634.53,24538
1654.43,23917
1674.33,23318.2
1694.24,22741.4
1714.14,22185.2
1734.05,21648
1753.95,21124
1773.85,20641.2
1793.76,20166.6
1813.66,19702.3
1833.57,19250.6
1853.47,18804.7
1873.37,18386.9
1893.28,17974.5
1913.18,17585.5
1933.09,17203.5
1952.99,16841.8
1972.89,16486
1992.8,16141.2
2012.7,15795.2
2032.61,15465.8
2052.51,15143.2
2072.41,14829.9
2092.32,14521.7
2112.22,14220.5
2132.13,13929.9
2152.03,13654.7
2171.93,13383.4
2191.84,13121.6
2211.74,12862.7
2231.65,12616.4
2251.55,12370.6
2271.45,12142.8
2291.36,11914.9
2311.26,15638.8
2331.17,18494.3
2351.07,21982
2370.97,25974.2
2390.88,30999.1
2410.78,30858
2430.69,30717
2450.59,30577.4
2470.49,30438.1
2490.4,30301.7
2510.3,30168.1
2530.21,30034.6
2550.11,29904.3
2570.01,29773.9
2589.92,29646.6
2609.82,29521.4
2629.73,29396.2
2649.63,29272.6
2669.53,29148.9
2689.44,29027.1
2709.34,28907.4
2729.25,28787.7
2749.15,28673.1
2769.05,28559.3
2788.96,28445.7
2808.86,28333.4
2828.77,28221.1
2848.67,32433.3
2868.57,31899.4
2888.48,31365.4
2908.38,30858.3
2928.29,30367.6
2948.19,29876.8
2968.09,29402.1
2988,28932.4
3007.9,28459.9
3027.81,28012.4
3047.71,27568.4
3067.61,27124.4
3087.52,26707.4
3107.42,26292.4
3127.33,25877.3
3147.23,25484.3
3167.13,25093.3
3187.04,24702.3
3206.94,24338.3
3226.85,23978.9
3246.75,23619.6
3266.65,23260.5
3286.56,24327.8
3306.46,23976
3326.37,23637.6
3346.27,23311.8
3366.17,22985.9
3386.08,22664.7
3405.98,22357.2
3425.89,22049.7
3445.79,21742.3
3465.69,21456.7
3485.6,21172.5
3505.5,20888.3
3525.41,20611.5
3545.31,20341.5
3565.21,20930.7
3585.12,20635.5
3605.02,20373.3
3624.92,20111.1
3644.83,19848.9
3664.73,19598.3
3684.64,19355.8
3704.54,19113.2
3724.45,18870.7
3744.35,18641
3764.25,18411.8
3784.16,18182.5
3804.06,17957.2
3823.96,17740.9
3843.87,17524.5
3863.77,17308.2
3883.68,17100.8
3903.58,16899.8
3923.48,16698.7
3943.39,16497.7
3963.29,16303
3983.2,16110.2
4003.1,15918.2
4023,15730.6
4042.91,15548.8
4062.81,15367.7
4082.72,15186.5
4102.62,15005.4
4122.52,14832.9
4142.43,14661.1
4162.33,14489.3
4182.24,14317.5
4202.14,14157.6
4222.04,13998.9
4241.95,13840.1
4261.85,13681.4
4281.76,13529.6
4301.66,13379.5
4321.56,13229.5
4341.47,13079.5
4361.37,12935.8
4381.28,12796
4401.18,12656.2
4421.08,12516.4
4440.99,12380
4460.89,12249.9
4480.8,12119.8
4500.7,11989.7
4520.6,11859.6
4540.51,11737.2
4560.41,11615
4580.32,11492.8
4600.22,11370.6
4620.12,11252.5
4640.03,11137.5
4659.93,11022.5
4679.84,10907.5
4699.74,10792.8
4719.64,10686.5
4739.55,10580.2
4759.45,10473.8
4779.36,10367.5
4799.26,10263.9
4819.16,10164.1
4839.07,10064.3
4858.97,9964.56
4878.88,9864.79
4898.78,9768.69
4918.68,9674.23
4938.59,9579.76
4958.49,9485.29
4978.4,9390.83
4998.3,9301.44
5018.2,9213.27
5038.11,9125.16
5058.01,9037.06
5077.92,8948.95
5097.82,8864.82
5117.72,8780.7
5137.63,8696.58
5157.53,8612.47
5177.44,8528.47
5197.34,8450.03
5217.24,8371.58
5237.15,8293.13
5257.05,8214.68
5276.96,8136.23
5296.86,8062.95
5316.76,7989.95
5336.67,7916.95
5356.57,7843.95
5376.48,7770.94
5396.38,7701.9
5416.28,7634.02
5436.19,7566.13
5456.09,7498.25
5476,7430.37
5495.9,7364.45
5515.8,7300.98
5535.71,7237.51
5555.61,7174.04
5575.52,7110.57
5595.42,7047.34
5615.32,6987.26
5635.23,6927.18
5655.13,6867.1
5675.04,6807.02
5694.94,6746.94
5714.84,6689.53
5734.75,6633.95
5754.65,6578.36
5774.55,6522.78
5794.46,6467.19
5814.36,6411.61
5834.27,6359.27
5854.17,6307.04
5874.07,6254.81
5893.98,6202.58
5913.88,6150.35
5933.79,6098.94
5953.69,6049.53
5973.59,6000.12
5993.5,5950.71
6013.4,5902.41
6033.31,5854.63
6053.21,5807.58
6073.11,5761.38
6093.02,5715.19
6112.92,5668.99
6132.83,5622.78
6152.73,5576.58
6172.63,5531.55
6192.54,5487.76
6212.44,5443.96
6232.35,5400.17
6252.25,5356.38
6272.15,5312.58
6292.06,5270.47
6311.96,5230.37
6331.87,5190.28
6351.77,5150.18
6371.67,5110.09
6391.58,5069.99
6411.48,5030.43
6431.39,4992.26
6451.29,4954.1
6471.19,4915.94
6491.1,4877.78
6511,4839.62
6530.91,4801.46
6550.81,4766.07
6570.71,4730.7
6590.62,4695.33
6610.52,4659.96
6630.43,4624.59
6650.33,4589.21
6670.23,4555.2
6690.14,4522.24
6710.04,4489.28
6729.95,4456.32
6749.85,4423.36
6769.75,4390.39
6789.66,4357.5
6809.56,4326.49
6829.47,4295.49
6849.37,4264.49
6869.27,4233.49
6889.18,4202.48
6909.08,4171.48
6928.99,4141.31
6948.89,4112.69
6968.79,4084.06
6988.7,4055.43
7008.6,4026.81
7028.51,3998.18
7048.41,3969.55
7068.31,3941.91
7088.22,3915.02
7108.12,3888.13
7128.03,3861.24
7147.93,3834.35
7167.83,3807.45
7187.74,3780.56
7207.64,3754.84
7227.55,3729.78
7247.45,3704.72
7267.35,3679.66
7287.26,3654.61
7307.16,3629.55
7327.07,3604.49
7346.97,3580.25
7366.87,3556.67
7386.78,3533.09
7406.68,3509.52
7426.59,3485.94
7446.49,3462.37
7466.39,3438.79
7486.3,3415.82
7506.2,3393.89
7526.1,3371.96
7546.01,3350.03
7565.91,3328.1
7585.82,3306.17
7605.72,3284.24
7625.63,3262.36
7645.53,3241.99
7665.43,3221.61
7685.34,3201.24
7705.24,3180.87
7725.15,3160.49
7745.05,3140.12
7764.95,3119.74
7784.86,3099.97
7804.76,3080.83
7824.67,3061.68
7844.57,3042.53
7864.47,3023.38
7884.38,3004.23
7904.28,2985.08
7924.18,2965.93
7944.09,2947.54
7963.99,2929.26
7983.9,2910.99
8003.8,2892.79
8023.7,2874.95
8043.61,2857.1
8063.51,2839.26
8083.42,2821.47
8103.32,2804.54
8123.23,2787.6
8143.13,2770.66
8163.03,2753.73
8182.94,2736.79
8202.84,2719.85
8222.74,2702.91
8242.65,2686.12
8262.55,2670.31
8282.46,2654.49
8302.36,2638.67
8322.26,2622.85
8342.17,2607.03
8362.07,2591.21
8381.98,2575.39
8401.88,2559.62
8421.78,2544.83
8441.69,2530.04
8461.59,2515.25
8481.5,2500.46
8501.4,2485.67
8521.3,2470.88
8541.21,2456.09
8561.11,2441.3
8581.02,2427.27
8600.92,2413.43
8620.82,2399.58
8640.73,2385.74
8660.63,2371.89
8680.54,2358.04
8700.44,2344.2
8720.34,2330.35
8740.25,2316.91
8760.15,2304.05
8780.06,2291.19
8799.96,2278.33
8819.86,2265.47
8839.77,2252.61
8859.67,2239.75
8879.58,2226.89
8899.48,2214.03
8919.38,2201.85
8939.29,2189.82
8959.19,2177.78
8979.1,2165.75
8999,2153.71
9018.9,2141.68
9038.81,2129.64
9058.71,2117.61
9078.62,2105.64
9098.52,2094.47
9118.42,2083.3
9138.33,2072.12
9158.23,2060.95
9178.14,2049.78
9198.04,2038.6
9217.94,2027.43
9237.85,2016.25
9257.75,2005.17
9277.66,1994.68
9297.56,1984.18
9317.46,1973.68
9337.37,1963.19
9357.27,1952.69
9377.17,1942.19
9397.08,1931.7
9416.98,1921.2
9436.89,1910.73
9456.79,1900.93
9476.7,1891.13
9496.6,1881.34
9516.5,1871.54
9536.41,1861.74
9556.31,1851.94
9576.21,1842.14
9596.12,1832.34
9616.02,1822.54
9635.93,1813.26
9655.83,1804.1
9675.74,1794.94
9695.64,1785.78
9715.54,1776.62
9735.45,1767.46
9755.35,1758.3
9775.25,1749.14
9795.16,1739.98
9815.06,1731.05
9834.97,1722.54
9854.87,1714.04
9874.77,1705.53
9894.68,1697.02
9914.58,1688.52
9934.49,1680.01
9954.39,1671.51
9974.29,1663
9994.2,1654.49
10014.1,1646.43
10034,1638.55
10053.9,1630.66
10073.8,1622.78
10093.7,1614.9
10113.6,1607.01
10133.5,1599.13
10153.4,1591.25
10173.3,1583.37
10193.2,1575.48
10213.1,1567.61
10233,1559.73
10253,1551.86
10272.9,1543.99
10292.8,1536.12
10312.7,1528.25
10332.6,1520.37
10352.5,1512.5
10372.4,1504.63
10392.3,1496.88
10412.2,1490.11
10432.1,1483.33
10452,1476.55
10471.9,1469.78
10491.8,1463
10511.7,1456.23
10531.6,1449.45
10551.5,1442.67
10571.4,1435.9
10591.3,1429.12
10611.2,1422.52
10631.1,1416.05
10651,1409.58
10670.9,1403.12
10690.8,1396.65
10710.7,1390.18
10730.6,1383.71
10750.5,1377.24
10770.5,1370.78
10790.4,1364.31
10810.3,1357.84
10830.2,1351.72
10850.1,1345.6
10870,1339.48
10889.9,1333.36
10909.8,1327.24
10929.7,1321.12
10949.6,1314.99
10969.5,1308.87
10989.4,1302.75
11009.3,1296.63
11029.2,1290.63
11049.1,1284.78
11069,1278.93
11088.9,1273.08
11108.8,1267.22
11128.7,1261.37
11148.6,1255.52
11168.5,1249.67
11188.4,1243.82
11208.3,1237.96
11228.2,1232.11
11248.1,1226.74
11268.1,1221.41
11288,1216.08
11307.9,1210.75
11327.8,1205.42
11347.7,1200.09
11367.6,1194.77
11387.5,1189.44
11407.4,1184.11
11427.3,1178.78
11447.2,1173.45
11467.1,1168.56
11487,1163.75
11506.9,1158.93
11526.8,1154.11
11546.7,1149.3
11566.6,1144.48
11586.5,1139.67
11606.4,1134.85
11626.3,1130.04
11646.2,1125.22
11666.1,1120.4
11686,1115.59
11705.9,1110.77
11725.8,1105.96
11745.7,1101.15
11765.7,1096.33
11785.6,1091.52
11805.5,1086.7
11825.4,1081.89
11845.3,1077.07
11865.2,1072.26
11885.1,1067.45
11905,1062.79
11924.9,1058.61
11944.8,1054.44
11964.7,1050.26
11984.6,1046.08
12004.5,1041.91
12024.4,1037.73
12044.3,1033.55
12064.2,1029.37
12084.1,1025.2
12104,1021.02
12123.9,1016.84
12143.8,1012.63
12163.7,1008.3
12183.6,1003.97
12203.5,999.641
12223.4,995.31
12243.3,990.979
12263.3,986.647
12283.2,2406.83
12303.1,2396.47
12323,2386.12
12342.9,2375.76
12362.8,2365.4
12382.7,2355.63
12402.6,2346.19
12422.5,2336.74
12442.4,2327.3
12462.3,2317.86
12482.2,2308.41
12502.1,2298.97
12522,2289.53
12541.9,2280.08
12561.8,2270.64
12581.7,2261.2
12601.6,2251.75
12621.5,2242.32
12641.4,2232.99
12661.3,2223.66
12681.2,2214.33
12701.1,2204.99
12721,2195.66
12740.9,2186.33
12760.9,2177
12780.8,2167.67
12800.7,2158.34
12820.6,2149.01
12840.5,2139.67
12860.4,2130.36
12880.3,2121.85
12900.2,2113.35
12920.1,2104.84
12940,2096.34
12959.9,2087.83
12979.8,2079.33
12999.7,2070.82
13019.6,2062.31
13039.5,2053.81
13059.4,2045.3
13079.3,2036.8
13099.2,2028.29
13119.1,2020.12
13139,2012.35
13158.9,2004.57
13178.8,1996.8
13198.7,1989.03
13218.6,1981.25
13238.5,1973.48
13258.5,1965.7
13278.4,1957.93
13298.3,1950.16
13318.2,1942.38
13338.1,1934.61
13358,1926.83
13377.9,1919.22
13397.8,1911.85
13417.7,1904.48
13437.6,1897.11
13457.5,1889.74
13477.4,1882.37
13497.3,1875
13517.2,1867.63
13537.1,1860.26
13557,1852.89
13576.9,1845.52
13596.8,1838.15
13616.7,1830.78
13636.6,1823.62
13656.5,1816.89
13676.4,1810.15
13696.3,1803.41
13716.2,1796.67
13736.1,1789.94
13756.1,1783.2
13776,1776.46
13795.9,1769.72
13815.8,1762.99
13835.7,1756.25
13855.6,1749.51
13875.5,1742.77
13895.4,1736.04
13915.3,1729.55
13935.2,1723.14
13955.1,1716.74
13975,1710.33
13994.9,1703.92
14014.8,1697.51
14034.7,1691.1
14054.6,1684.69
14074.5,1678.29
14094.4,1671.88
14114.3,1665.47
14134.2,1659.06
14154.1,1652.65
14174,1646.36
14193.9,1640.5
14213.8,2249.31
14233.7,2242.07
14253.7,2234.83
14273.6,2227.59
14293.5,2220.35
14313.4,2213.11
14333.3,2205.88
14353.2,2198.64
14373.1,2191.4
14393,2184.16
14412.9,2176.92
14432.8,2169.68
14452.7,2162.49
14472.6,2155.59
14492.5,2148.68
14512.4,2141.78
14532.3,2134.88
14552.2,2127.98
14572.1,2121.08
14592,2114.18
14611.9,2107.28
14631.8,2100.38
14651.7,2093.48
14671.6,2086.57
14691.5,2079.67
14711.4,2072.77
14731.3,2065.9
14751.3,2059.43
14771.2,2052.96
14791.1,2046.5
14811,2040.03
14830.9,2033.56
14850.8,2338.33
14870.7,2329.74
14890.6,2321.15
14910.5,2312.55
14930.4,2303.96
14950.3,2295.37
14970.2,2286.77
14990.1,2278.18
15010,2270.65
15029.9,2263.7
15049.8,2256.26
15069.7,2248.81
15089.6,2241.37
15109.5,2233.93
15129.4,2226.48
15149.3,2219.04
15169.2,2211.6
15189.1,2204.15
15209,2196.71
15228.9,2189.26
15248.8,2181.82
15268.8,2174.38
15288.7,2166.93
15308.6,2159.49
15328.5,2152.6
15348.4,2145.75
15368.3,2138.91
15388.2,2132.06
15408.1,2125.22
15428,2118.37
15447.9,2111.53
15467.8,2104.68
15487.7,2097.84
15507.6,2090.99
15527.5,2084.15
15547.4,2077.3
15567.3,2070.46
15587.2,2063.61
15607.1,2056.77
15627,2050.38
15646.9,2044.07
15666.8,2037.75
15686.7,2031.44
15706.6,2025.13
15726.5,2018.82
15746.5,2012.51
15766.4,2006.2
15786.3,1999.89
15806.2,1993.57
15826.1,1987.26
15846,1980.95
15865.9,1974.64
15885.8,1968.33
15905.7,1962.02
15925.6,1955.78
15945.5,1949.76
15965.4,1943.74
15985.3,1937.71
16005.2,1931.69
16025.1,1925.66
16045,1919.64
16064.9,1913.61
16084.8,1907.59
16104.7,1901.56
16124.6,1895.54
16144.5,1889.51
16164.4,1883.49
16184.3,1877.47
16204.2,1871.44
16224.1,1865.42
16244,1859.61
16264,1853.9
16283.9,1848.19
16303.8,1842.48
16323.7,1836.77
16343.6,1831.05
16363.5,1825.34
16383.4,1819.63
16403.3,1813.92
16423.2,1808.21
16443.1,1802.5
16463,1796.78
16482.9,1791.07
16502.8,1785.36
16522.7,1779.65
16542.6,1774.01
16562.5,1768.89
16582.4,1763.77
16602.3,1758.65
16622.2,1753.53
16642.1,1748.41
16662,1743.29
16681.9,1738.17
16701.8,1733.05
16721.7,1727.93
16741.6,1722.81
16761.6,1717.69
16781.5,1712.57
16801.4,1707.45
16821.3,1702.33
16841.2,1697.21
16861.1,1692.09
16881,1687.1
16900.9,1682.23
16920.8,1677.35
16940.7,1672.48
16960.6,1667.6
16980.5,1662.72
17000.4,1657.85
17020.3,1652.97
17040.2,1648.1
17060.1,1643.22
17080,1638.35
17099.9,1633.47
17119.8,1628.6
17139.7,1623.72
17159.6,1618.84
17179.5,1613.97
17199.4,1609.09
17219.3,1604.46
17239.2,1599.83
17259.2,1595.2
17279.1,1590.56
17299,1585.93
17318.9,1581.3
17338.8,1576.67
17358.7,1572.04
17378.6,1567.41
17398.5,1562.78
17418.4,1558.15
17438.3,1553.52
17458.2,1548.89
17478.1,1544.26
17498,1539.63
17517.9,1535
17537.8,1530.55
17557.7,1526.4
17577.6,1522.24
17597.5,1518.08
17617.4,1513.92
17637.3,1509.76
17657.2,1505.61
17677.1,1501.45
17697,1497.29
17716.9,1493.13
17736.8,1488.97
17756.8,1484.82
17776.7,1480.66
17796.6,1476.5
17816.5,1472.34
17836.4,1468.18
17856.3,1464.03
17876.2,1459.87
17896.1,1455.88
17916,1451.93
17935.9,1447.98
17955.8,1444.03
17975.7,1440.08
17995.6,1436.13
18015.5,1432.18
18035.4,1428.23
18055.3,1424.28
18075.2,1420.33
18095.1,1416.38
18115,1412.43
18134.9,1408.48
18154.8,1404.53
18174.7,1400.58
18194.6,1396.63
18214.5,1392.68
18234.4,1388.76
18254.3,1384.97
18274.3,1381.19
18294.2,1377.4
18314.1,1373.61
18334,1369.82
18353.9,1366.03
18373.8,1362.24
18393.7,1358.46
18413.6,1354.67
18433.5,1350.88
18453.4,1347.09
18473.3,1343.3
18493.2,1339.51
18513.1,1335.73
18533,1331.94
18552.9,1328.15
18572.8,1324.36
18592.7,1320.83
18612.6,1317.44
18632.5,1314.05
18652.4,1310.67
18672.3,1307.28
18692.2,1303.89
18712.1,1300.51
18732,1297.12
18752,1293.73
18771.9,1290.35
18791.8,1286.96
18811.7,1283.57
18831.6,1280.18
18851.5,1276.8
18871.4,1273.41
18891.3,1270.02
18911.2,1266.64
18931.1,1263.25
18951,1259.87
18970.9,1256.64
18990.8,1253.4
19010.7,1250.17
19030.6,1246.93
19050.5,1243.7
19070.4,1240.47
19090.3,1237.23
19110.2,1234
19130.1,1230.76
19150,1227.53
19169.9,1224.3
19189.8,1221.06
19209.7,1217.83
19229.6,1214.59
19249.5,1211.36
19269.5,1208.13
19289.4,1204.89
19309.3,1201.66
19329.2,1198.49
19349.1,1195.41
19369,1192.33
19388.9,1189.25
19408.8,1186.17
19428.7,1183.09
19448.6,1180.01
19468.5,1176.93
19488.4,1173.85
19508.3,1170.77
19528.2,1167.68
19548.1,1164.6
19568,1161.52
19587.9,1158.44
19607.8,1155.36
19627.7,1152.28
19647.6,1149.2
19667.5,1146.12
19687.4,1143.04
19707.3,1140.21
19727.2,1137.42
19747.2,1134.63
19767.1,1131.84
19787,1129.05
19806.9,1126.26
19826.8,1123.46
19846.7,1120.67
19866.6,1117.88
19886.5,1115.09
19906.4,1112.3
19926.3,1109.51
19946.2,1106.72
19966.1,1103.93
19986,1101.14
20005.9,1098.34
20025.8,1095.51
20045.7,1092.68
20065.6,1089.85
20085.5,1087.05
20105.4,1084.33
20125.3,1081.62
20145.2,1078.9
20165.1,1076.19
20185,1073.47
20204.9,1070.76
20224.8,1068.04
20244.7,1065.32
20264.7,1062.61
20284.6,1059.89
20304.5,1057.18
20324.4,1054.46
20344.3,1051.75
20364.2,1049.03
20384.1,1046.31
20404,1043.6
20423.9,1040.88
20443.8,1038.17
20463.7,1035.45
20483.6,1032.85
20503.5,1030.3
20523.4,1027.76
20543.3,1025.21
20563.2,1022.66
20583.1,1020.12
20603,1017.57
20622.9,1015.02
20642.8,1012.48
20662.7,1009.93
20682.6,1007.38
20702.5,1004.84
20722.4,1002.29
20742.3,999.743
20762.3,997.196
20782.2,994.649
20802.1,992.102
20822,989.555
20841.9,987.009
20861.8,984.462
20881.7,982.032
20901.6,979.686
20921.5,977.339
20941.4,974.993
20961.3,972.646
20981.2,970.299
21001.1,967.953
21021,965.606
21040.9,963.26
21060.8,960.913
21080.7,958.567
21100.6,956.22
21120.5,953.873
21140.4,951.527
21160.3,949.18
21180.2,946.833
21200.1,944.487
21220,942.14
21239.9,939.794
21259.9,937.447
21279.8,935.1
21299.7,932.923
21319.6,930.748
21339.5,928.572
21359.4,926.397
21379.3,924.222
21399.2,922.047
21419.1,919.871
21439,917.696
21458.9,915.521
21478.8,913.346
21498.7,911.17
21518.6,908.995
21538.5,906.82
21558.4,904.645
21578.3,902.469
21598.2,900.294
21618.1,898.119
21638,895.944
21657.9,893.768
21677.8,891.593
21697.7,889.418
21717.6,887.345
21737.5,885.285
21757.5,883.226
21777.4,881.166
21797.3,879.106
21817.2,877.046
21837.1,874.987
21857,872.927
21876.9,870.867
21896.8,868.807
21916.7,866.748
21936.6,864.688
21956.5,862.628
21976.4,860.568
21996.3,858.509
22016.2,856.449
22036.1,854.389
22056,852.329
22075.9,850.27
22095.8,848.21
22115.7,846.15
22135.6,844.202
22155.5,842.284
22175.4,840.366
22195.3,838.448
22215.2,836.531
22235.1,834.613
22255.1,832.695
22275,830.777
22294.9,828.859
22314.8,826.941
22334.7,825.024
22354.6,823.105
22374.5,821.188
22394.4,819.27
22414.3,817.352
22434.2,815.434
22454.1,813.516
22474,811.599
22493.9,809.681
22513.8,807.763
22533.7,805.845
22553.6,803.952
22573.5,802.169
22593.4,800.387
22613.3,798.605
22633.2,796.822
22653.1,795.04
22673,793.258
22692.9,791.475
22712.8,789.693
22732.7,787.911
22752.7,786.128
22772.6,784.346
22792.5,782.563
22812.4,780.781
22832.3,778.999
22852.2,777.216
22872.1,775.434
22892,773.652
22911.9,771.869
22931.8,770.087
22951.7,768.304
22971.6,766.522
22991.5,764.748
23011.4,763.077
23031.3,761.406
23051.2,759.735
23071.1,758.065
23091,756.394
23110.9,754.723
23130.8,753.052
23150.7,751.381
23170.6,749.71
23190.5,748.039
23210.4,746.368
23230.3,744.697
23250.3,743.026
23270.2,741.355
23290.1,739.685
23310,738.014
23329.9,736.343
23349.8,734.672
23369.7,733.001
23389.6,731.33
23409.5,729.659
23429.4,727.988
23449.3,726.383
23469.2,724.854
23489.1,723.325
23509,721.796
23528.9,720.267
23548.8,718.738
23568.7,717.209
23588.6,715.68
23608.5,714.151
23628.4,712.621
23648.3,711.092
23668.2,709.563
23688.1,708.034
23708,706.505
23727.9,704.976
23747.8,703.447
23767.8,701.918
23787.7,700.389
23807.6,698.859
23827.5,697.33
23847.4,695.801
23867.3,694.272
23887.2,692.743
23907.1,691.244
23927,689.799
23946.9,688.354
23966.8,686.909
23986.7,685.464
24006.6,684.019
24026.5,682.574
24046.4,681.129
24066.3,679.684
24086.2,678.239
24106.1,676.794
24126,675.349
24145.9,673.904
24165.8,672.459
24185.7,671.014
24205.6,669.569
24225.5,668.124
24245.4,666.679
24265.4,665.234
24285.3,663.789
24305.2,662.344
24325.1,660.899
24345,659.454
24364.9,658.009
24384.8,656.649
24404.7,655.319
24424.6,653.988
24444.5,652.657
24464.4,651.327
24484.3,649.996
24504.2,648.665
24524.1,647.335
24544,646.004
24563.9,644.673
24583.8,643.343
24603.7,642.012
24623.6,640.681
24643.5,639.351
24663.4,638.02
24683.3,636.689
24703.2,635.359
24723.1,634.028
24743,632.697
24763,631.367
24782.9,630.036
24802.8,628.705
24822.7,627.375
24842.6,626.044
24862.5,624.756
24882.4,623.492
24902.3,622.229
24922.2,620.966
24942.1,619.703
24962,618.439
24981.9,617.176
25001.8,615.913
25021.7,614.649
25041.6,613.386
25061.5,612.123
25081.4,610.86
25101.3,609.596
25121.2,608.333
25141.1,607.07
25161,605.807
25180.9,604.543
25200.8,603.28
25220.7,602.017
25240.6,600.753
25260.6,599.49
25280.5,598.227
25300.4,596.964
25320.3,595.7
25340.2,594.488
25360.1,593.323
25380,592.159
25399.9,590.995
25419.8,589.831
25439.7,588.666
25459.6,587.502
25479.5,586.338
25499.4,585.174
25519.3,584.009
25539.2,582.845
25559.1,581.681
25579,580.517
25598.9,579.352
25618.8,578.188
25638.7,577.024
25658.6,575.86
25678.5,574.696
25698.4,573.531
25718.3,572.367
25738.2,571.203
25758.2,570.039
25778.1,568.874
25798,567.71
25817.9,566.546
25837.8,565.407
25857.7,564.307
25877.6,563.208
25897.5,562.108
25917.4,561.009
25937.3,559.909
25957.2,558.81
25977.1,557.71
25997,556.611
26016.9,555.511
26036.8,554.411
26056.7,553.312
26076.6,552.212
26096.5,551.113
26116.4,550.013
26136.3,548.913
26156.2,547.814
26176.1,546.714
26196,545.615
26215.9,544.515
26235.8,543.416
26255.8,542.316
26275.7,541.217
26295.6,540.117
26315.5,539.018
26335.4,537.942
26355.3,536.931
26375.2,535.921
26395.1,534.91
26415,533.899
26434.9,532.889
26454.8,531.878
26474.7,530.868
26494.6,529.857
26514.5,528.846
26534.4,527.836
26554.3,526.825
26574.2,525.814
26594.1,524.804
26614,523.793
26633.9,522.783
26653.8,521.772
26673.7,520.761
26693.6,519.751
26713.5,518.74
26733.4,517.729
26753.4,516.719
26773.3,515.708
26793.2,514.698
26813.1,513.687
26833,512.676
26852.9,511.675
26872.8,510.726
26892.7,509.778
26912.6,508.829
26932.5,507.881
26952.4,506.933
26972.3,505.984
26992.2,505.036
27012.1,504.087
27032,503.139
27051.9,502.19
27071.8,501.242
27091.7,500.293
27111.6,499.345
27131.5,498.397
27151.4,497.448
27171.3,496.5
27191.2,495.551
27211.1,494.603
27231,493.655
27251,492.706
27270.9,491.758
27290.8,490.809
27310.7,489.861
27330.6,488.912
27350.5,487.964
27370.4,487.017
27390.3,486.133
27410.2,485.25
27430.1,484.367
27450,483.483
27469.9,482.6
27489.8,481.717
27509.7,480.833
27529.6,479.95
27549.5,479.066
27569.4,478.183
27589.3,477.3
27609.2,476.416
27629.1,475.533
27649,474.65
27668.9,473.766
27688.8,472.883
27708.7,472
27728.6,471.116
27748.5,470.233
27768.5,469.349
27788.4,468.466
27808.3,467.583
27828.2,466.699
27848.1,465.816
27868,464.933
27887.9,464.049
27907.8,463.166
27927.7,462.336
27947.6,461.512
27967.5,460.689
27987.4,459.865
28007.3,459.042
28027.2,458.219
28047.1,457.395
28067,456.572
28086.9,455.748
28106.8,454.925
28126.7,454.101
28146.6,453.278
28166.5,452.454
28186.4,451.631
28206.3,450.807
28226.2,449.984
28246.1,449.16
28266.1,448.337
28286,447.513
28305.9,446.69
28325.8,445.866
28345.7,445.043
28365.6,444.22
28385.5,443.396
28405.4,442.573
28425.3,441.749
28445.2,440.926
28465.1,440.146
28485,439.381
28504.9,438.616
28524.8,437.851
28544.7,437.086
28564.6,436.32
28584.5,435.555
28604.4,434.79
28624.3,434.025
28644.2,433.26
28664.1,432.494
28684,431.729
28703.9,430.964
28723.8,430.199
28743.8,429.434
28763.7,428.669
28783.6,427.903
28803.5,427.138
28823.4,426.373
28843.3,425.608
28863.2,424.843
28883.1,424.077
28903,423.312
28922.9,422.547
28942.8,421.782
28962.7,421.017
28982.6,420.251
29002.5,419.486
29022.4,418.753
29042.3,418.04
29062.2,417.326
29082.1,416.613
29102,415.899
29121.9,415.186
29141.8,414.473
29161.7,413.759
29181.6,413.046
29201.5,412.332
29221.4,411.619
29241.3,410.905
29261.3,410.192
29281.2,409.478
29301.1,408.765
29321,408.051
29340.9,407.338
29360.8,406.624
29380.7,405.911
29400.6,405.197
29420.5,404.484
29440.4,403.771
29460.3,403.057
29480.2,402.344
29500.1,401.63
29520,400.917
29539.9,400.203
29559.8,399.49
29579.7,398.776
29599.6,398.094
29619.5,397.413
29639.4,396.732
29659.3,396.05
29679.2,395.369
29699.1,394.687
29719,394.006
29738.9,393.324
29758.8,392.643
29778.8,391.961
29798.7,391.28
29818.6,390.599
29838.5,389.917
29858.4,389.236
29878.3,388.554
29898.2,387.873
29918.1,387.191
29938,386.51
29957.9,385.828
29977.8,385.147
29997.7,384.465
30017.6,383.786
30037.5,383.107
30057.4,382.428
30077.3,381.749
30097.2,381.069
30117.1,380.39
30137,379.711
30156.9,379.048
30176.8,378.415
30196.7,377.782
30216.6,377.149
30236.5,376.516
30256.5,375.883
30276.4,375.25
30296.3,374.616
30316.2,373.983
30336.1,373.35
30356,372.717
30375.9,372.084
30395.8,371.451
30415.7,370.818
30435.6,370.185
30455.5,369.552
30475.4,368.919
30495.3,368.285
30515.2,367.652
30535.1,367.019
30555,366.386
30574.9,365.753
30594.8,365.12
30614.7,364.487
30634.6,363.854
30654.5,363.221
30674.4,362.588
30694.3,361.955
30714.2,361.321
30734.1,360.688
30754.1,360.085
30774,359.493
30793.9,358.901
30813.8,358.31
30833.7,357.718
30853.6,357.127
30873.5,356.535
30893.4,355.944
30913.3,355.352
30933.2,354.761
30953.1,354.169
30973,353.577
30992.9,352.986
31012.8,352.394
31032.7,351.803
31052.6,351.211
31072.5,350.62
31092.4,350.028
31112.3,349.437
31132.2,348.845
31152.1,348.254
31172,347.662
31191.9,347.07
31211.8,346.479
31231.7,345.887
31251.7,345.296
31271.6,344.704
31291.5,344.113
31311.4,343.521
31331.3,342.93
31351.2,342.365
31371.1,341.823
31391,341.281
31410.9,340.738
31430.8,340.196
31450.7,339.653
31470.6,339.111
31490.5,338.568
31510.4,338.026
31530.3,337.483
31550.2,336.941
31570.1,336.398
31590,335.856
31609.9,335.313
31629.8,334.771
31649.7,334.228
31669.6,333.686
31689.5,333.143
31709.4,332.601
31729.3,332.058
31749.2,331.516
31769.2,330.974
31789.1,330.431
31809,329.889
31828.9,329.346
31848.8,328.804
31868.7,328.261
31888.6,327.719
31908.5,327.176
31928.4,326.634
31948.3,326.091
31968.2,325.559
31988.1,325.043
32008,324.527
32027.9,324.01
32047.8,323.494
32067.7,322.978
32087.6,322.461
32107.5,321.945
32127.4,321.428
32147.3,320.912
32167.2,320.396
32187.1,319.879
32207,319.363
32226.9,318.846
32246.8,318.33
32266.8,317.814
32286.7,317.297
32306.6,316.781
32326.5,316.264
32346.4,315.748
32366.3,315.232
32386.2,314.715
32406.1,314.199
32426,313.682
32445.9,313.166
32465.8,312.65
32485.7,312.133
32505.6,311.617
32525.5,311.1
32545.4,310.584
32565.3,310.068
32585.2,309.562
32605.1,309.087
32625,308.612
32644.9,308.137
32664.8,307.662
32684.7,307.187
32704.6,306.712
32724.5,306.237
32744.4,305.762
32764.4,305.287
32784.3,304.812
32804.2,304.337
32824.1,303.862
32844,303.387
32863.9,302.912
32883.8,302.437
32903.7,301.962
32923.6,301.487
32943.5,301.012
32963.4,300.537
32983.3,300.062
33003.2,299.587
33023.1,299.112
33043,298.637
33062.9,298.162
33082.8,297.687
33102.7,297.212
33122.6,296.737
33142.5,296.262
33162.4,295.787
33182.3,295.312
33202.2,294.837
33222.1,294.365
33242,293.92
33262,293.475
33281.9,293.03
33301.8,292.584
33321.7,292.139
33341.6,291.694
33361.5,291.248
33381.4,290.803
33401.3,290.358
33421.2,289.912
33441.1,289.467
33461,289.022
33480.9,288.577
33500.8,288.131
33520.7,287.686
33540.6,287.241
33560.5,286.795
33580.4,286.35
33600.3,285.905
33620.2,285.46
33640.1,285.014
33660,284.569
33679.9,284.124
33699.8,283.678
33719.7,283.233
33739.6,282.788
33759.6,282.342
33779.5,281.897
33799.4,281.452
33819.3,281.007
33839.2,280.561
33859.1,280.116
33879,279.684
33898.9,279.269
33918.8,278.854
33938.7,278.438
33958.6,278.023
33978.5,277.608
33998.4,277.193
34018.3,276.777
34038.2,276.362
34058.1,275.947
34078,275.531
34097.9,275.116
34117.8,274.701
34137.7,274.286
34157.6,273.87
34177.5,273.455
34197.4,273.04
34217.3,272.625
34237.2,272.209
34257.2,271.794
34277.1,271.379
34297,270.963
34316.9,270.548
34336.8,270.133
34356.7,269.718
34376.6,269.302
34396.5,268.887
34416.4,268.472
34436.3,268.057
34456.2,267.641
34476.1,267.226
34496,266.811
34515.9,266.395
34535.8,265.989
34555.7,265.605
34575.6,265.221
34595.5,264.837
34615.4,264.453
34635.3,264.069
34655.2,263.685
34675.1,263.301
34695,262.917
34714.9,262.533
34734.8,262.149
34754.8,261.765
34774.7,261.381
34794.6,260.997
34814.5,260.613
34834.4,260.229
34854.3,259.845
34874.2,259.461
34894.1,259.077
34914,258.693
34933.9,258.309
34953.8,257.925
34973.7,257.54
34993.6,257.156
35013.5,256.772
35033.4,256.388
35053.3,256.004
35073.2,255.62
35093.1,255.236
35113,254.852
35132.9,254.468
35152.8,254.084
35172.7,253.7
35192.6,253.316
35212.5,252.935
35232.4,252.571
35252.4,252.207
35272.3,251.843
35292.2,251.479
35312.1,251.115
35332,250.752
35351.9,250.388
35371.8,250.024
35391.7,249.66
35411.6,249.296
35431.5,248.933
35451.4,248.569
35471.3,248.205
35491.2,247.841
35511.1,247.477
35531,247.113
35550.9,246.75
35570.8,246.386
35590.7,246.022
35610.6,245.658
35630.5,245.294
35650.4,244.93
35670.3,244.567
35690.2,244.203
35710.1,243.839
35730,243.475
35749.9,243.111
35769.9,242.748
35789.8,242.384
35809.7,242.02
35829.6,241.656
35849.5,241.292
35869.4,240.928
35889.3,240.565
35909.2,240.232
35929.1,239.901
35949,239.569
35968.9,239.238
35988.8,238.907
36008.7,238.575
36028.6,238.244
36048.5,237.912
36068.4,237.581
36088.3,237.25
36108.2,236.918
36128.1,236.587
36148,236.256
36167.9,235.924
36187.8,235.593
36207.7,235.261
36227.6,234.93
36247.6,234.599
36267.5,234.267
36287.4,233.936
36307.3,233.605
36327.2,233.273
36347.1,232.942
36367,232.611
36386.9,232.279
36406.8,231.948
36426.7,231.616
36446.6,231.285
36466.5,230.954
36486.4,230.622
36506.3,230.291
36526.2,229.96
36546.1,229.628
36566,229.297
36585.9,228.965
36605.8,228.639
36625.7,228.323
36645.6,228.008
36665.5,227.692
36685.4,227.377
36705.3,227.062
36725.2,226.746
36745.1,226.431
36765.1,226.115
36785,225.8
36804.9,225.484
36824.8,225.169
36844.7,224.854
36864.6,224.538
36884.5,224.223
36904.4,223.907
36924.3,223.592
36944.2,223.276
36964.1,222.961
36984,222.646
37003.9,222.33
37023.8,222.015
37043.7,221.699
37063.6,221.384
37083.5,221.068
37103.4,220.753
37123.3,220.438
37143.2,220.122
37163.1,219.807
37183,219.491
37202.9,219.176
37222.8,218.86
37242.7,218.545
37262.7,218.23
37282.6,217.914
37302.5,217.599
37322.4,217.299
37342.3,217.009
37362.2,216.719
37382.1,216.428
37402,216.138
37421.9,215.848
37441.8,215.558
37461.7,215.268
37481.6,214.978
37501.5,214.687
37521.4,214.397
37541.3,214.107
37561.2,213.817
37581.1,213.527
37601,213.237
37620.9,212.946
37640.8,212.656
37660.7,212.366
37680.6,212.076
37700.5,211.786
37720.4,211.495
37740.3,211.205
37760.3,210.915
37780.2,210.625
37800.1,210.335
37820,210.045
37839.9,209.755
37859.8,209.464
37879.7,209.174
37899.6,208.884
37919.5,208.594
37939.4,208.304
37959.3,208.013
37979.2,207.723
37999.1,207.433
38019,207.143
38038.9,206.853
38058.8,206.582
38078.7,206.313
38098.6,206.043
38118.5,205.774
38138.4,205.504
38158.3,205.235
38178.2,204.965
38198.1,204.696
38218,204.426
38237.9,204.157
38257.9,203.887
38277.8,203.618
38297.7,203.348
38317.6,203.079
38337.5,202.809
38357.4,202.54
38377.3,202.27
38397.2,202.001
38417.1,201.731
38437,201.462
38456.9,201.192
38476.8,200.923
38496.7,200.653
38516.6,200.384
38536.5,200.114
38556.4,199.845
38576.3,199.575
38596.2,199.306
38616.1,199.036
38636,198.767
38655.9,198.497
38675.8,198.228
38695.7,197.958
38715.6,197.689
38735.5,197.419
38755.5,197.15
38775.4,196.88
38795.3,196.614
38815.2,196.359
38835.1,196.103
38855,195.848
38874.9,195.592
38894.8,195.337
38914.7,195.081
38934.6,194.826
38954.5,194.57
38974.4,194.315
38994.3,194.059
39014.2,193.804
39034.1,193.549
39054,193.293
39073.9,193.037
39093.8,192.782
39113.7,192.527
39133.6,192.271
39153.5,192.016
39173.4,191.76
39193.3,191.505
39213.2,191.249
39233.1,190.994
39253.1,190.738
39273,190.483
39292.9,190.227
39312.8,189.972
39332.7,189.716
39352.6,189.461
39372.5,189.205
39392.4,188.95
39412.3,188.694
39432.2,188.439
39452.1,188.183
39472,187.928
39491.9,187.672
39511.8,187.417
39531.7,187.161
39551.6,186.917
39571.5,186.679
39591.4,186.442
39611.3,186.205
39631.2,185.967
39651.1,185.73
39671,185.493
39690.9,185.256
39710.8,185.018
39730.7,184.781
39750.6,184.544
39770.6,184.306
39790.5,184.069
39810.4,183.832
39830.3,183.595
39850.2,183.357
39870.1,183.12
39890,182.883
39909.9,182.645
39929.8,182.408
39949.7,182.171
39969.6,181.934
39989.5,181.696
40009.4,181.461
40029.3,181.229
40049.2,180.997
40069.1,180.764
40089,180.532
40108.9,180.299
40128.8,180.067
40148.7,179.834
40168.6,179.602
40188.5,179.369
40208.4,179.137
40228.3,178.905
40248.3,178.672
40268.2,178.44
40288.1,178.207
40308,177.975
40327.9,177.747
40347.8,177.526
40367.7,177.305
40387.6,177.084
40407.5,176.863
40427.4,176.642
40447.3,176.42
40467.2,176.199
40487.1,175.978
40507,175.757
40526.9,175.536
40546.8,175.315
40566.7,175.094
40586.6,174.873
40606.5,174.652
40626.4,174.431
40646.3,174.21
40666.2,173.989
40686.1,173.768
40706,173.547
40725.9,173.326
40745.9,173.105
40765.8,172.884
40785.7,172.662
40805.6,172.441
40825.5,172.22
40845.4,171.999
40865.3,171.778
40885.2,171.557
40905.1,171.336
40925,171.115
40944.9,170.894
40964.8,170.673
40984.7,170.452
41004.6,170.231
41024.5,170.01
41044.4,169.789
41064.3,169.568
41084.2,169.347
41104.1,169.126
41124,168.914
41143.9,168.705
41163.8,168.497
41183.7,168.289
41203.6,168.081
41223.5,167.873
41243.4,167.664
41263.4,167.456
41283.3,167.248
41303.2,167.04
41323.1,166.832
41343,166.624
41362.9,166.415
41382.8,166.207
41402.7,165.999
41422.6,165.791
41442.5,165.583
41462.4,165.374
41482.3,165.166
41502.2,164.958
41522.1,164.75
41542,164.542
41561.9,164.333
41581.8,164.125
41601.7,163.917
41621.6,163.709
41641.5,163.501
41661.4,163.293
41681.3,163.084
41701.2,162.876
41721.1,162.668
41741,162.46
41760.9,162.252
41780.9,162.043
41800.8,161.835
41820.7,161.627
41840.6,161.419
41860.5,161.211
41880.4,161.002
41900.3,160.794
41920.2,160.594
41940.1,160.402
41960,160.21
41979.9,160.017
41999.8,159.825
42019.7,159.633
42039.6,159.441
42059.5,159.248
42079.4,159.056
42099.3,158.864
42119.2,158.672
42139.1,158.479
42159,158.287
42178.9,158.095
42198.8,157.902
42218.7,157.71
42238.6,157.518
42258.6,157.326
42278.5,157.133
42298.4,156.941
42318.3,156.749
42338.2,156.557
42358.1,156.364
42378,156.172
42397.9,155.98
42417.8,155.788
42437.7,155.595
42457.6,155.403
42477.5,155.211
42497.4,155.019
42517.3,154.826
42537.2,154.634
42557.1,154.442
42577,154.249
42596.9,154.057
42616.8,153.865
42636.7,153.673
42656.6,153.48
42676.5,153.288
42696.4,153.096
42716.3,152.904
42736.3,152.715
42756.2,152.535
42776.1,152.355
42796,152.174
42815.9,151.994
42835.8,151.814
42855.7,151.634
42875.6,151.454
42895.5,151.273
42915.4,151.093
42935.3,150.913
42955.2,150.733
42975.1,150.553
42995,150.372
43014.9,150.192
43034.8,150.012
43054.7,149.832
43074.6,149.652
43094.5,149.471
43114.4,149.291
43134.3,149.111
43154.2,148.931
43174.1,148.751
43194,148.57
43213.9,148.39
43233.8,148.21
43253.8,148.03
43273.7,147.849
43293.6,147.669
43313.5,147.489
43333.4,147.309
43353.3,147.129
43373.2,146.948
43393.1,146.768
43413,146.588
43432.9,146.408
43452.8,146.228
43472.7,146.047
43492.6,145.867
43512.5,145.687
43532.4,145.507
43552.3,145.327
43572.2,145.155
43592.1,144.988
43612,144.822
43631.9,144.656
43651.8,144.489
43671.7,144.323
43691.6,144.156
43711.5,143.99
43731.4,143.824
43751.3,143.657
43771.3,143.491
43791.2,143.324
43811.1,143.158
43831,142.992
43850.9,142.825
43870.8,142.659
43890.7,142.492
43910.6,142.326
43930.5,142.16
43950.4,141.993
43970.3,141.827
43990.2,141.66
44010.1,141.494
44030,141.328
44049.9,141.161
44069.8,140.995
44089.7,140.828
44109.6,140.662
44129.5,140.496
44149.4,140.329
44169.3,140.163
44189.2,139.996
44209.1,139.83
44229,139.664
44248.9,139.497
44268.9,139.331
44288.8,139.164
44308.7,138.998
44328.6,138.832
44348.5,138.665
44368.4,138.499
44388.3,138.332
44408.2,138.166
44428.1,138.003
44448,137.846
44467.9,137.689
44487.8,137.532
44507.7,137.375
44527.6,137.218
44547.5,137.061
44567.4,136.904
44587.3,136.747
44607.2,136.59
44627.1,136.433
44647,136.276
44666.9,136.119
44686.8,135.962
44706.7,135.805
44726.6,135.648
44746.6,135.491
44766.5,135.334
44786.4,135.177
44806.3,135.02
44826.2,134.863
44846.1,134.706
44866,134.549
44885.9,134.393
44905.8,134.235
44925.7,134.078
44945.6,133.921
44965.5,133.764
44985.4,133.607
45005.3,133.45
45025.2,133.293
45045.1,133.136
45065,132.979
45084.9,132.822
45104.8,132.665
45124.7,132.508
45144.6,132.351
45164.5,132.194
45184.4,132.037
45204.3,131.88
45224.2,131.723
45244.1,131.566
45264.1,131.409
45284,131.255
45303.9,131.111
45323.8,130.966
45343.7,130.822
45363.6,130.677
45383.5,130.533
45403.4,130.388
45423.3,130.244
45443.2,130.099
45463.1,129.955
45483,129.811
45502.9,129.666
45522.8,129.522
45542.7,129.377
45562.6,129.233
45582.5,129.088
45602.4,128.944
45622.3,128.8
45642.2,128.655
45662.1,128.511
45682,128.366
45701.9,128.222
45721.8,128.077
45741.7,127.933
45761.7,127.788
45781.6,127.644
45801.5,127.5
45821.4,127.355
45841.3,127.211
45861.2,127.066
45881.1,126.922
45901,126.777
45920.9,126.633
45940.8,126.489
45960.7,126.344
45980.6,126.2
46000.5,126.055
46020.4,125.911
46040.3,125.766
46060.2,125.622
46080.1,125.477
46100,125.333
46119.9,125.189
46139.8,125.044
46159.7,124.9
46179.6,124.759
46199.5,124.624
46219.4,124.488
46239.3,124.353
46259.3,124.217
46279.2,124.081
46299.1,123.946
46319,123.81
46338.9,123.674
46358.8,123.539
46378.7,123.403
46398.6,123.267
46418.5,123.132
46438.4,122.996
46458.3,122.86
46478.2,122.725
46498.1,122.589
46518,122.453
46537.9,122.318
46557.8,122.182
46577.7,122.047
46597.6,121.911
46617.5,121.775
46637.4,121.64
46657.3,121.504
46677.2,121.368
46697.1,121.233
46717,121.097
46736.9,120.961
46756.9,120.826
46776.8,120.69
46796.7,120.554
46816.6,120.419
46836.5,120.283
46856.4,120.147
46876.3,120.012
46896.2,119.876
46916.1,119.74
46936,119.605
46955.9,119.469
46975.8,119.334
46995.7,119.198
47015.6,119.062
47035.5,118.927
47055.4,118.791
47075.3,118.658
47095.2,118.532
47115.1,118.407
47135,118.281
47154.9,118.155
47174.8,118.03
47194.7,117.904
47214.6,117.778
47234.5,117.653
47254.5,117.527
47274.4,117.401
47294.3,117.276
47314.2,117.15
47334.1,117.024
47354,116.899
47373.9,116.773
47393.8,116.647
47413.7,116.522
47433.6,116.396
47453.5,116.27
47473.4,116.145
47493.3,116.019
47513.2,115.893
47533.1,115.768
47553,115.642
47572.9,115.516
47592.8,115.391
47612.7,115.265
47632.6,115.139
47652.5,115.014
47672.4,114.888
47692.3,114.762
47712.2,114.637
47732.1,114.511
47752.1,114.385
47772,114.26
47791.9,114.134
47811.8,114.008
47831.7,113.883
47851.6,113.757
47871.5,113.631
47891.4,113.506
47911.3,113.38
47931.2,113.254
47951.1,113.129
47971,113.003
47990.9,112.878
48010.8,112.761
48030.7,112.644
48050.6,112.527
48070.5,112.41
48090.4,112.293
48110.3,112.176
48130.2,112.059
48150.1,111.942
48170,111.825
48189.9,111.708
48209.8,111.591
48229.7,111.474
48249.6,111.357
48269.6,111.24
48289.5,111.123
48309.4,111.006
48329.3,110.889
48349.2,110.772
48369.1,110.655
48389,110.538
48408.9,110.421
48428.8,110.304
48448.7,110.187
48468.6,110.07
48488.5,109.953
48508.4,109.836
48528.3,109.719
48548.2,109.602
48568.1,109.485
48588,109.368
48607.9,109.251
48627.8,109.134
48647.7,109.017
48667.6,108.9
48687.5,108.783
48707.4,108.667
48727.3,108.55
48747.3,108.433
48767.2,108.316
48787.1,108.199
48807,108.082
48826.9,107.965
48846.8,107.848
48866.7,107.731
48886.6,107.614
48906.5,107.497
48926.4,107.38
48946.3,107.27
48966.2,107.161
48986.1,107.052
49006,106.944
49025.9,106.835
49045.8,106.726
49065.7,106.618
49085.6,106.509
49105.5,106.4
49125.4,106.292
49145.3,106.183
49165.2,106.075
49185.1,105.966
49205,105.857
49224.9,105.749
49244.8,105.64
49264.8,105.531
49284.7,105.423
49304.6,105.314
49324.5,105.205
49344.4,105.097
49364.3,104.988
49384.2,104.88
49404.1,104.771
49424,104.662
49443.9,104.554
49463.8,104.445
49483.7,104.336
49503.6,104.228
49523.5,104.119
49543.4,104.01
49563.3,103.902
49583.2,103.793
49603.1,103.684
49623,103.576
49642.9,103.467
49662.8,103.359
49682.7,103.25
49702.6,103.141
49722.5,103.033
49742.4,102.924
49762.4,102.815
49782.3,102.707
49802.2,102.598
49822.1,102.489
49842,102.381
49861.9,102.272
49881.8,102.163
49901.7,102.054
49921.6,101.944
49941.5,101.833
49961.4,101.723
49981.3,101.613
50001.2,101.503
50021.1,101.401
50041,101.298
50060.9,101.196
50080.8,101.093
50100.7,100.991
50120.6,100.888
50140.5,100.786
50160.4,100.683
50180.3,100.581
50200.2,100.478
50220.1,100.376
50240,100.273
50260,100.171
50279.9,100.068
50299.8,99.966
50319.7,99.8635
50339.6,99.761
50359.5,99.6586
50379.4,99.5561
50399.3,99.4536
50419.2,99.3512
50439.1,99.2487
50459,99.1462
50478.9,99.0438
50498.8,98.9413
50518.7,98.8388
50538.6,98.7363
50558.5,98.6339
50578.4,98.5314
50598.3,98.4289
50618.2,98.3264
50638.1,98.224
50658,98.1215
50677.9,98.019
50697.8,97.9165
50717.7,97.8141
50737.6,97.7116
50757.6,97.6091
50777.5,97.5067
50797.4,97.4042
50817.3,97.3017
50837.2,97.1993
50857.1,97.0968
50877,97.001
50896.9,96.9064
50916.8,96.8118
50936.7,96.7172
50956.6,96.6227
50976.5,96.528
50996.4,96.4335
51016.3,96.3389
51036.2,96.2442
51056.1,96.1497
51076,96.0551
51095.9,95.9605
51115.8,95.8659
51135.7,95.7713
51155.6,95.6767
51175.5,95.5821
51195.4,95.4875
51215.3,95.3929
51235.3,95.2983
51255.2,95.2037
51275.1,95.1091
51295,95.0146
51314.9,94.9199
51334.8,94.8254
51354.7,94.7308
51374.6,94.6362
51394.5,94.5416
51414.4,94.447
51434.3,94.3524
51454.2,94.2578
51474.1,94.1632
51494,94.0686
51513.9,93.974
51533.8,93.8794
51553.7,93.7848
51573.6,93.6902
51593.5,93.5956
51613.4,93.501
51633.3,93.4064
51653.2,93.3118
51673.1,93.2173
51693,93.1227
51712.9,93.0281
51732.8,92.9335
51752.8,92.8389
51772.7,92.7443
51792.6,92.6497
51812.5,92.5551
51832.4,92.4605
51852.3,92.3659
51872.2,92.2743
51892.1,92.1847
51912,92.095
51931.9,92.0054
51951.8,91.9157
51971.7,91.826
51991.6,91.7364
52011.5,91.6467
52031.4,91.5571
52051.3,91.4674
52071.2,91.3778
52091.1,91.2881
52111,91.1985
52130.9,91.1088
52150.8,91.0191
52170.7,90.9295
52190.6,90.8399
52210.5,90.7502
52230.4,90.6605
52250.3,90.5709
52270.3,90.4812
52290.2,90.3916
52310.1,90.3019
52330,90.2123
52349.9,90.1226
52369.8,90.0329
52389.7,89.9433
52409.6,89.8536
52429.5,89.764
52449.4,89.6743
52469.3,89.5846
52489.2,89.495
52509.1,89.4054
52529,89.3157
52548.9,89.226
52568.8,89.1364
52588.7,89.0468
52608.6,88.9571
52628.5,88.8674
52648.4,88.7778
52668.3,88.6881
52688.2,88.5985
52708.1,88.5088
52728,88.4192
52747.9,88.3295
52767.9,88.2398
52787.8,88.1502
52807.7,88.0605
52827.6,87.9709
52847.5,87.8812
52867.4,87.7915
52887.3,87.7089
52907.2,87.6273
52927.1,87.5456
52947,87.464
52966.9,87.3824
52986.8,87.3007
53006.7,87.2191
53026.6,87.1375
53046.5,87.0559
53066.4,86.9742
53086.3,86.8926
53106.2,86.811
53126.1,86.7293
53146,86.6477
53165.9,86.5661
53185.8,86.4845
53205.7,86.4028
53225.6,86.3212
53245.5,86.2396
53265.4,86.158
53285.4,86.0763
53305.3,85.9947
53325.2,85.9131
53345.1,85.8314
53365,85.7498
53384.9,85.6682
53404.8,85.5866
53424.7,85.5049
53444.6,85.4233
53464.5,85.3417
53484.4,85.26
53504.3,85.1784
53524.2,85.0968
53544.1,85.0152
53564,84.9335
53583.9,84.8519
53603.8,84.7703
53623.7,84.6887
53643.6,84.607
53663.5,84.5254
53683.4,84.4438
53703.3,84.3622
53723.2,84.2805
53743.1,84.1989
53763.1,84.1173
53783,84.0357
53802.9,83.954
53822.8,83.8724
53842.7,83.7907
53862.6,83.7091
53882.5,83.6275
53902.4,83.5459
53922.3,83.4666
53942.2,83.3889
53962.1,83.3111
53982,83.2333
54001.9,83.1555
54021.8,83.0778
54041.7,83
54061.6,82.9222
54081.5,82.8445
54101.4,82.7667
54121.3,82.6889
54141.2,82.6112
54161.1,82.5334
54181,82.4556
54200.9,82.3778
54220.8,82.3001
54240.8,82.2223
54260.7,82.1445
54280.6,82.0668
54300.5,81.989
54320.4,81.9112
54340.3,81.8335
54360.2,81.7557
54380.1,81.6779
54400,81.6002
54419.9,81.5224
54439.8,81.4446
54459.7,81.3668
54479.6,81.2891
54499.5,81.2113
54519.4,81.1335
54539.3,81.0558
54559.2,80.978
54579.1,80.9002
54599,80.8225
54618.9,80.7447
54638.8,80.6669
54658.7,80.5891
54678.6,80.5114
54698.5,80.4336
54718.4,80.3558
54738.3,80.2781
54758.3,80.2003
54778.2,80.1225
54798.1,80.0448
54818,79.967
54837.9,79.8892
54857.8,79.8115
54877.7,79.7337
54897.6,79.6559
54917.5,79.5781
54937.4,79.5004
54957.3,79.4226
54977.2,79.35
54997.1,79.2782
55017,79.2065
55036.9,79.1346
55056.8,79.0629
55076.7,78.9911
55096.6,78.9193
55116.5,78.8475
55136.4,78.7757
55156.3,78.704
55176.2,78.6322
55196.1,78.5604
55216,78.4886
55235.9,78.4168
55255.9,78.345
55275.8,78.2733
55295.7,78.2015
55315.6,78.1297
55335.5,78.0579
55355.4,77.9861
55375.3,77.9144
55395.2,77.8426
55415.1,77.7708
55435,77.699
55454.9,77.6272
55474.8,77.5554
55494.7,77.4837
55514.6,77.4119
55534.5,77.3401
55554.4,77.2683
55574.3,77.1965
55594.2,77.1247
55614.1,77.0529
55634,76.9812
55653.9,76.9094
55673.8,76.8376
55693.7,76.7658
55713.6,76.6941
55733.6,76.6223
55753.5,76.5505
55773.4,76.4787
55793.3,76.4069
55813.2,76.3351
55833.1,76.2634
55853,76.1916
55872.9,76.1198
55892.8,76.048
55912.7,75.9762
55932.6,75.9044
55952.5,75.8326
55972.4,75.7609
55992.3,75.6891
56012.2,75.6173
56032.1,75.546
56052,75.4792
56071.9,75.4123
56091.8,75.3454
56111.7,75.2785
56131.6,75.2116
56151.5,75.1447
56171.4,75.0779
56191.3,75.011
56211.2,74.9441
56231.1,74.8772
56251,74.8103
56271,74.7434
56290.9,74.6765
56310.8,74.6097
56330.7,74.5428
56350.6,74.4759
56370.5,74.409
56390.4,74.3421
56410.3,74.2752
56430.2,74.2083
56450.1,74.1414
56470,74.0746
56489.9,74.0077
56509.8,73.9408
56529.7,73.8739
56549.6,73.807
56569.5,73.7402
56589.4,73.6733
56609.3,73.6064
56629.2,73.5395
56649.1,73.4726
56669,73.4057
56688.9,73.3388
56708.8,73.272
56728.7,73.2051
56748.6,73.1382
56768.6,73.0713
56788.5,73.0044
56808.4,72.9375
56828.3,72.8706
56848.2,72.8037
56868.1,72.7369
56888,72.67
56907.9,72.6031
56927.8,72.5362
56947.7,72.4693
56967.6,72.4024
56987.5,72.3356
57007.4,72.2687
57027.3,72.2018
57047.2,72.1349
57067.1,72.068
57087,72.0012
57106.9,71.9343
57126.8,71.8674
57146.7,71.8045
57166.6,71.7424
57186.5,71.6804
57206.4,71.6183
57226.3,71.5562
57246.2,71.4941
57266.2,71.432
57286.1,71.37
57306,71.3079
57325.9,71.2458
57345.8,71.1837
57365.7,71.1216
57385.6,71.0595
57405.5,70.9975
57425.4,70.9354
57445.3,70.8733
57465.2,70.8112
57485.1,70.7491
57505,70.6871
57524.9,70.625
57544.8,70.5629
57564.7,70.5008
57584.6,70.4387
57604.5,70.3767
57624.4,70.3146
57644.3,70.2525
57664.2,70.1904
57684.1,70.1283
57704,70.0662
57723.9,70.0042
57743.8,69.9421
57763.8,69.88
57783.7,69.8179
57803.6,69.7559
57823.5,69.6937
57843.4,69.6317
57863.3,69.5696
57883.2,69.5075
57903.1,69.4454
57923,69.3834
57942.9,69.3213
57962.8,69.2592
57982.7,69.1971
58002.6,69.135
58022.5,69.0729
58042.4,69.0109
58062.3,68.9488
58082.2,68.8867
58102.1,68.8246
58122,68.7626
58141.9,68.7005
58161.8,68.6384
58181.7,68.5763
58201.6,68.5142
58221.5,68.4521
58241.4,68.3901
58261.4,68.3302
58281.3,68.2721
58301.2,68.2139
58321.1,68.1558
58341,68.0976
58360.9,68.0394
58380.8,67.9813
58400.7,67.9231
58420.6,67.865
58440.5,67.8068
58460.4,67.7487
58480.3,67.6905
58500.2,67.6324
58520.1,67.5742
58540,67.516
58559.9,67.4579
58579.8,67.3997
58599.7,67.3416
58619.6,67.2834
58639.5,67.2253
58659.4,67.1671
58679.3,67.109
58699.2,67.0508
58719.1,66.9926
58739.1,66.9345
58759,66.8763
58778.9,66.8182
58798.8,66.76
58818.7,66.7019
58838.6,66.6437
58858.5,66.5856
58878.4,66.5274
58898.3,66.4693
58918.2,66.4111
58938.1,66.3529
58958,66.2948
58977.9,66.2366
58997.8,66.1785
59017.7,66.1203
59037.6,66.0622
59057.5,66.004
59077.4,65.9459
59097.3,65.8877
59117.2,65.8296
59137.1,65.7714
59157,65.7132
59176.9,65.6551
59196.8,65.5969
59216.7,65.5388
59236.6,65.4806
59256.6,65.4225
59276.5,65.3643
59296.4,65.3062
59316.3,65.248
59336.2,65.1898
59356.1,65.1317
59376,65.0735
59395.9,65.0165
59415.8,64.9622
59435.7,64.9078
59455.6,64.8535
59475.5,64.7991
59495.4,64.7448
59515.3,64.6905
59535.2,64.6361
59555.1,64.5818
59575,64.5274
59594.9,64.4731
59614.8,64.4187
59634.7,64.3644
59654.6,64.3101
59674.5,64.2557
59694.4,64.2014
59714.3,64.147
59734.3,64.0927
59754.2,64.0383
59774.1,63.984
59794,63.9297
59813.9,63.8753
59833.8,63.821
59853.7,63.7667
59873.6,63.7123
59893.5,63.658
59913.4,63.6036
59933.3,63.5493
59953.2,63.4949
59973.1,63.4406
59993,63.3862
60012.9,63.3328
60032.8,63.2799
60052.7,63.227
60072.6,63.1741
60092.5,63.1211
60112.4,63.0682
60132.3,63.0153
60152.2,62.9624
60172.1,62.9095
60192,62.8565
60211.9,62.8036
60231.8,62.7507
60251.7,62.6978
60271.7,62.6449
60291.6,62.5919
60311.5,62.539
60331.4,62.4861
60351.3,62.4332
60371.2,62.3803
60391.1,62.3273
60411,62.2744
60430.9,62.2215
60450.8,62.1686
60470.7,62.1157
60490.6,62.0628
60510.5,62.0098
60530.4,61.9569
60550.3,61.904
60570.2,61.8533
60590.1,61.8026
60610,61.7519
60629.9,61.7012
60649.8,61.6505
60669.7,61.5998
60689.6,61.5491
60709.5,61.4984
60729.4,61.4477
60749.3,61.397
60769.3,61.3463
60789.2,61.2956
60809.1,61.2449
60829,61.1942
60848.9,61.1435
60868.8,61.0928
60888.7,61.0421
60908.6,60.9914
60928.5,60.9407
60948.4,60.89
60968.3,60.8393
60988.2,60.7886
61008.1,60.7379
61028,60.6872
61047.9,60.6365
61067.8,60.5858
61087.7,60.5351
61107.6,60.4844
61127.5,60.4337
61147.4,60.3829
61167.3,60.3322
61187.2,60.2815
61207.1,60.2308
61227,60.1801
61246.9,60.1294
61266.9,60.0787
61286.8,60.028
61306.7,59.9773
61326.6,59.9266
61346.5,59.8759
61366.4,59.8252
61386.3,59.7745
61406.2,59.7238
61426.1,59.6731
61446,59.6224
61465.9,59.5717
61485.8,59.521
61505.7,59.4703
61525.6,59.4196
61545.5,59.3689
61565.4,59.3182
61585.3,59.2675
61605.2,59.2168
61625.1,59.1661
61645,59.1154
61664.9,59.0647
61684.8,59.014
61704.7,58.9633
61724.6,58.9126
61744.5,58.8643
61764.5,58.8168
61784.4,58.7694
61804.3,58.7219
61824.2,58.6745
61844.1,58.6271
61864,58.5796
61883.9,58.5322
61903.8,58.4847
61923.7,58.4373
61943.6,58.3899
61963.5,58.3424
61983.4,58.295
62003.3,58.2475
62023.2,58.2001
62043.1,58.1526
62063,58.1052
62082.9,58.0578
62102.8,58.0103
62122.7,57.9629
62142.6,57.9155
62162.5,57.868
62182.4,57.8206
62202.3,57.7731
62222.2,57.7257
62242.1,57.6782
62262.1,57.6308
62282,57.5834
62301.9,57.5359
62321.8,57.4885
62341.7,57.441
62361.6,57.3936
62381.5,57.3462
62401.4,57.2987
62421.3,57.2513
62441.2,57.2038
62461.1,57.1564
62481,57.1089
62500.9,57.0615
62520.8,57.0141
62540.7,56.9666
62560.6,56.9192
62580.5,56.8717
62600.4,56.8243
62620.3,56.7769
62640.2,56.7294
62660.1,56.682
62680,56.6345
62699.9,56.5871
62719.8,56.5397
62739.8,56.4922
62759.7,56.4448
62779.6,56.3973
62799.5,56.3499
62819.4,56.3025
62839.3,56.255
62859.2,56.2076
62879.1,56.1601
62899,56.1127
62918.9,56.0652
62938.8,56.0178
62958.7,55.9742
62978.6,55.9308
62998.5,55.8874
63018.4,55.844
63038.3,55.8006
63058.2,55.7573
63078.1,55.7139
63098,55.6705
63117.9,55.6271
63137.8,55.5837
63157.7,55.5404
63177.6,55.497
63197.5,55.4536
63217.4,55.4102
63237.3,55.3668
63257.3,55.3234
63277.2,55.2801
63297.1,55.2367
63317,55.1933
63336.9,55.1499
63356.8,55.1065
63376.7,55.0631
63396.6,55.0198
63416.5,54.9764
63436.4,54.933
63456.3,54.8896
63476.2,54.8462
63496.1,54.8028
63516,54.7595
63535.9,54.7161
63555.8,54.6727
63575.7,54.6293
63595.6,54.5859
63615.5,54.5425
63635.4,54.4992
63655.3,54.4558
63675.2,54.4124
63695.1,54.369
63715,54.3256
63734.9,54.2822
63754.9,54.2389
63774.8,54.1955
63794.7,54.1521
63814.6,54.1087
63834.5,54.0653
63854.4,54.0219
63874.3,53.9786
63894.2,53.9352
63914.1,53.8918
63934,53.8484
63953.9,53.805
63973.8,53.7617
63993.7,53.7183
64013.6,53.6749
64033.5,53.6315
64053.4,53.5881
64073.3,53.5447
64093.2,53.5014
64113.1,53.458
64133,53.4146
64152.9,53.3712
64172.8,53.3281
64192.7,53.2867
64212.6,53.2453
64232.5,53.2039
64252.4,53.1625
64272.4,53.1211
64292.3,53.0797
64312.2,53.0383
64332.1,52.9969
64352,52.9556
64371.9,52.9142
64391.8,52.8728
64411.7,52.8314
64431.6,52.79
64451.5,52.7486
64471.4,52.7072
64491.3,52.6658
64511.2,52.6244
64531.1,52.583
64551,52.5416
64570.9,52.5002
64590.8,52.4588
64610.7,52.4174
64630.6,52.376
64650.5,52.3346
64670.4,52.2932
64690.3,52.2518
64710.2,52.2104
64730.1,52.169
64750,52.1277
64770,52.0863
64789.9,52.0449
64809.8,52.0035
64829.7,51.9621
64849.6,51.9207
64869.5,51.8793
64889.4,51.8379
64909.3,51.7965
64929.2,51.7551
64949.1,51.7137
64969,51.6723
64988.9,51.6309
65008.8,51.5895
65028.7,51.5481
65048.6,51.5067
65068.5,51.4653
65088.4,51.4239
65108.3,51.3825
65128.2,51.3411
65148.1,51.2997
65168,51.2584
65187.9,51.217
65207.8,51.1756
65227.7,51.1342
65247.6,51.0928
65267.6,51.0514
65287.5,51.01
65307.4,50.9686
65327.3,50.9272
65347.2,50.8858
65367.1,50.8444
65387,50.803
65406.9,50.7616
65426.8,50.7214
65446.7,50.6835
65466.6,50.6456
65486.5,50.6077
65506.4,50.5698
65526.3,50.5319
65546.2,50.494
65566.1,50.4561
65586,50.4182
65605.9,50.3803
65625.8,50.3424
65645.7,50.3045
65665.6,50.2666
65685.5,50.2287
65705.4,50.1908
65725.3,50.1529
65745.3,50.115
65765.2,50.0771
65785.1,50.0392
65805,50.0014
65824.9,49.9634
65844.8,49.9255
65864.7,49.8876
65884.6,49.8497
65904.5,49.8118
65924.4,49.774
65944.3,49.736
65964.2,49.6982
65984.1,49.6603
66004,49.6224
66023.9,49.5845
66043.8,49.5466
66063.7,49.5087
66083.6,49.4708
66103.5,49.4329
66123.4,49.395
66143.3,49.3571
66163.2,49.3192
66183.1,49.2813
66203,49.2434
66222.9,49.2055
66242.9,49.1676
66262.8,49.1297
66282.7,49.0918
66302.6,49.0539
66322.5,49.016
66342.4,48.9781
66362.3,48.9402
66382.2,48.9023
66402.1,48.8644
66422,48.8265
66441.9,48.7886
66461.8,48.7507
66481.7,48.7128
66501.6,48.6749
66521.5,48.637
66541.4,48.5991
66561.3,48.5612
66581.2,48.5233
66601.1,48.4854
66621,48.4475
66640.9,48.4096
66660.8,48.3717
66680.7,48.3338
66700.6,48.296
66720.5,48.2608
66740.5,48.2256
66760.4,48.1905
66780.3,48.1553
66800.2,48.1201
66820.1,48.0849
66840,48.0497
66859.9,48.0146
66879.8,47.9794
66899.7,47.9442
66919.6,47.909
66939.5,47.8739
66959.4,47.8387
66979.3,47.8035
66999.2,47.7683
67019.1,47.7331
67039,47.698
67058.9,47.6628
67078.8,47.6276
67098.7,47.5924
67118.6,47.5572
67138.5,47.5221
67158.4,47.4869
67178.3,47.4517
67198.2,47.4165
67218.1,47.3813
67238,47.3462
67258,47.311
67277.9,47.2758
67297.8,47.2406
67317.7,47.2054
67337.6,47.1703
67357.5,47.1351
67377.4,47.0999
67397.3,47.0647
67417.2,47.0296
67437.1,46.9944
67457,46.9592
67476.9,46.924
67496.8,46.8888
67516.7,46.8537
67536.6,46.8185
67556.5,46.7833
67576.4,46.7481
67596.3,46.7129
67616.2,46.6778
67636.1,46.6426
67656,46.6074
67675.9,46.5722
67695.8,46.5371
67715.7,46.5019
67735.6,46.4667
67755.6,46.4315
67775.5,46.3963
67795.4,46.3612
67815.3,46.326
67835.2,46.2908
67855.1,46.2556
67875,46.2204
67894.9,46.1853
67914.8,46.1501
67934.7,46.1149
67954.6,46.0797
67974.5,46.0446
67994.4,46.0094
68014.3,45.9747
68034.2,45.9419
68054.1,45.909
68074,45.8762
68093.9,45.8434
68113.8,45.8106
68133.7,45.7777
68153.6,45.7449
68173.5,45.7121
68193.4,45.6793
68213.3,45.6464
68233.2,45.6136
68253.1,45.5808
68273.1,45.548
68293,45.5151
68312.9,45.4823
68332.8,45.4495
68352.7,45.4166
68372.6,45.3838
68392.5,45.351
68412.4,45.3182
68432.3,45.2853
68452.2,45.2525
68472.1,45.2197
68492,45.1869
68511.9,45.154
68531.8,45.1212
68551.7,45.0884
68571.6,45.0556
68591.5,45.0227
68611.4,44.9899
68631.3,44.9571
68651.2,44.9243
68671.1,44.8914
68691,44.8586
68710.9,44.8258
68730.8,44.793
68750.8,44.7601
68770.6,44.7273
68790.6,44.6945
68810.5,44.6616
68830.4,44.6288
68850.3,44.596
68870.2,44.5632
68890.1,44.5303
68910,44.4975
68929.9,44.4647
68949.8,44.4319
68969.7,44.399
68989.6,44.3662
69009.5,44.3334
69029.4,44.3006
69049.3,44.2677
69069.2,44.2349
69089.1,44.2021
69109,44.1693
69128.9,44.1364
69148.8,44.1036
69168.7,44.0708
69188.6,44.0379
69208.5,44.0051
69228.4,43.9723
69248.4,43.9395
69268.3,43.9067
69288.2,43.8738
69308.1,43.841
69328,43.8082
69347.9,43.776
69367.8,43.7449
69387.7,43.7137
69407.6,43.6826
69427.5,43.6514
69447.4,43.6203
69467.3,43.5892
69487.2,43.558
69507.1,43.5269
69527,43.4957
69546.9,43.4646
69566.8,43.4334
69586.7,43.4023
69606.6,43.3712
69626.5,43.34
69646.4,43.3089
69666.3,43.2777
69686.2,43.2466
69706.1,43.2154
69726,43.1843
69745.9,43.1532
69765.9,43.122
69785.8,43.0909
69805.7,43.0597
69825.6,43.0286
69845.5,42.9975
69865.4,42.9663
69885.3,42.9352
69905.2,42.904
69925.1,42.8729
69945,42.8417
69964.9,42.8106
69984.8,42.7794
70004.7,42.7483
70024.6,42.7172
70044.5,42.686
70064.4,42.6549
70084.3,42.6237
70104.2,42.5926
70124.1,42.5615
70144,42.5303
70163.9,42.4992
70183.8,42.468
70203.7,42.4369
70223.6,42.4057
70243.5,42.3746
70263.5,42.3435
70283.4,42.3123
70303.3,42.2812
70323.2,42.25
70343.1,42.2189
70363,42.1877
70382.9,42.1566
70402.8,42.1255
70422.7,42.0943
70442.6,42.0632
70462.5,42.032
70482.4,42.0009
70502.3,41.9698
70522.2,41.9386
70542.1,41.9075
70562,41.8763
70581.9,41.8452
70601.8,41.814
70621.7,41.7829
70641.6,41.7518
70661.5,41.7206
70681.4,41.6895
70701.3,41.6597
70721.3,41.631
70741.1,41.6023
70761.1,41.5736
70781,41.5449
70800.9,41.5162
70820.8,41.4875
70840.7,41.4588
70860.6,41.4301
70880.5,41.4014
70900.4,41.3726
70920.3,41.3439
70940.2,41.3152
70960.1,41.2865
70980,41.2578
70999.9,41.2291
71019.8,41.2004
71039.7,41.1717
71059.6,41.143
71079.5,41.1143
71099.4,41.0856
71119.3,41.0569
71139.2,41.0282
71159.1,40.9994
71179,40.9707
71198.9,40.942
71218.8,40.9133
71238.8,40.8846
71258.7,40.8559
71278.6,40.8272
71298.5,40.7985
71318.4,40.7698
71338.3,40.7411
71358.2,40.7124
71378.1,40.6837
71398,40.6549
71417.9,40.6263
71437.8,40.5975
71457.7,40.5688
71477.6,40.5401
71497.5,40.5114
71517.4,40.4827
71537.3,40.454
71557.2,40.4253
71577.1,40.3966
71597,40.3679
71616.9,40.3392
71636.8,40.3105
71656.7,40.2818
71676.6,40.2531
71696.5,40.2243
71716.4,40.1956
71736.4,40.1669
71756.3,40.1382
71776.2,40.1095
71796.1,40.0808
71816,40.0521
71835.9,40.0234
71855.8,39.9947
71875.7,39.966
71895.6,39.9373
71915.5,39.9086
71935.4,39.8798
71955.3,39.8511
71975.2,39.8224
71995.1,39.7937
72015,39.765
72034.9,39.7363
72054.8,39.7076
72074.7,39.6794
72094.6,39.6527
72114.5,39.6261
72134.4,39.5994
72154.3,39.5727
72174.2,39.5461
72194.1,39.5194
72214,39.4927
72233.9,39.4661
72253.9,39.4394
72273.8,39.4127
72293.7,39.3861
72313.6,39.3594
72333.5,39.3328
72353.4,39.3061
72373.3,39.2794
72393.2,39.2528
72413.1,39.2261
72433,39.1994
72452.9,39.1728
72472.8,39.1461
72492.7,39.1194
72512.6,39.0928
72532.5,39.0661
72552.4,39.0395
72572.3,39.0128
72592.2,38.9861
72612.1,38.9595
72632,38.9328
72651.9,38.9062
72671.8,38.8795
72691.7,38.8528
72711.6,38.8262
72731.5,38.7995
72751.4,38.7728
72771.4,38.7462
72791.3,38.7195
72811.2,38.6928
72831.1,38.6662
72851,38.6395
72870.9,38.6129
72890.8,38.5862
72910.7,38.5595
72930.6,38.5329
72950.5,38.5062
72970.4,38.4795
72990.3,38.4529
73010.2,38.4262
73030.1,38.3995
73050,38.3729
73069.9,38.3462
73089.8,38.3196
73109.7,38.2929
73129.6,38.2662
73149.5,38.2396
73169.4,38.2129
73189.3,38.1862
73209.2,38.1596
73229.1,38.1329
73249,38.1063
73269,38.0796
73288.9,38.0529
73308.8,38.0263
73328.7,37.9996
73348.6,37.9729
73368.5,37.9463
73388.4,37.9196
73408.3,37.8929
73428.2,37.8663
73448.1,37.8396
73468,37.813
73487.9,37.787
73507.8,37.7622
73527.7,37.7374
73547.6,37.7126
73567.5,37.6878
73587.4,37.6629
73607.3,37.6381
73627.2,37.6133
73647.1,37.5885
73667,37.5637
73686.9,37.5389
73706.8,37.514
73726.7,37.4892
73746.6,37.4644
73766.6,37.4396
73786.5,37.4148
73806.4,37.39
73826.3,37.3651
73846.2,37.3403
73866.1,37.3155
73886,37.2907
73905.9,37.2659
73925.8,37.2411
73945.7,37.2162
73965.6,37.1914
73985.5,37.1666
74005.4,37.1418
74025.3,37.117
74045.2,37.0922
74065.1,37.0673
74085,37.0425
74104.9,37.0177
74124.8,36.9929
74144.7,36.9681
74164.6,36.9433
74184.5,36.9184
74204.4,36.8936
74224.3,36.8688
74244.3,36.844
74264.2,36.8192
74284.1,36.7944
74304,36.7696
74323.9,36.7447
74343.8,36.7199
74363.7,36.6951
74383.6,36.6703
74403.5,36.6455
74423.4,36.6207
74443.3,36.5958
74463.2,36.571
74483.1,36.5462
74503,36.5214
74522.9,36.4966
74542.8,36.4717
74562.7,36.4469
74582.6,36.4221
74602.5,36.3973
74622.4,36.3725
74642.3,36.3477
74662.2,36.3229
74682.1,36.298
74702,36.2732
74721.9,36.2484
74741.9,36.2236
74761.8,36.1988
74781.7,36.174
74801.6,36.1491
74821.5,36.1243
74841.4,36.0995
74861.3,36.0747
74881.2,36.0499
74901.1,36.0251
74921,36.0003
74940.9,35.9771
74960.8,35.9539
74980.7,35.9307
75000.6,35.9075
75020.5,35.8843
75040.4,35.8611
75060.3,35.8379
75080.2,35.8147
75100.1,35.7915
75120,35.7683
75139.9,35.7451
75159.8,35.7219
75179.7,35.6987
75199.6,35.6755
75219.5,35.6523
75239.5,35.6291
75259.4,35.6059
75279.3,35.5827
75299.2,35.5595
75319.1,35.5363
75339,35.5131
75358.9,35.4899
75378.8,35.4667
75398.7,35.4435
75418.6,35.4202
75438.5,35.397
75458.4,35.3738
75478.3,35.3506
75498.2,35.3274
75518.1,35.3042
75538,35.281
75557.9,35.2578
75577.8,35.2346
75597.7,35.2114
75617.6,35.1882
75637.5,35.165
75657.4,35.1418
75677.3,35.1186
75697.2,35.0954
75717.1,35.0722
75737,35.049
75757,35.0258
75776.9,35.0026
75796.8,34.9794
75816.7,34.9562
75836.6,34.933
75856.5,34.9098
75876.4,34.8866
75896.3,34.8634
75916.2,34.8402
75936.1,34.817
75956,34.7938
75975.9,34.7706
75995.8,34.7474
76015.7,34.7242
76035.6,34.701
76055.5,34.6778
76075.4,34.6546
76095.3,34.6314
76115.2,34.6082
76135.1,34.5849
76155,34.5617
76174.9,34.5385
76194.8,34.5153
76214.7,34.4921
76234.6,34.4689
76254.5,34.4457
76274.5,34.4225
76294.4,34.3993
76314.3,34.3761
76334.2,34.3529
76354.1,34.3297
76374,34.3065
76393.9,34.2845
76413.8,34.263
76433.7,34.2415
76453.6,34.22
76473.5,34.1985
76493.4,34.177
76513.3,34.1555
76533.2,34.134
76553.1,34.1124
76573,34.0909
76592.9,34.0694
76612.8,34.0479
76632.7,34.0264
76652.6,34.0049
76672.5,33.9834
76692.4,33.9619
76712.3,33.9404
76732.2,33.9189
76752.1,33.8974
76772.1,33.8759
76792,33.8544
76811.9,33.8329
76831.8,33.8114
76851.7,33.7899
76871.6,33.7684
76891.5,33.7468
76911.4,33.7253
76931.3,33.7038
76951.2,33.6823
76971.1,33.6608
76991,33.6393
77010.9,33.6178
77030.8,33.5963
77050.7,33.5748
77070.6,33.5533
77090.5,33.5318
77110.4,33.5103
77130.3,33.4888
77150.2,33.4673
77170.1,33.4458
77190,33.4243
77209.9,33.4027
77229.8,33.3812
77249.8,33.3597
77269.6,33.3382
77289.6,33.3167
77309.5,33.2952
77329.4,33.2737
77349.3,33.2522
77369.2,33.2307
77389.1,33.2092
77409,33.1877
77428.9,33.1662
77448.8,33.1447
77468.7,33.1232
77488.6,33.1017
77508.5,33.0802
77528.4,33.0587
77548.3,33.0371
77568.2,33.0156
77588.1,32.9941
77608,32.9726
77627.9,32.9511
77647.8,32.9296
77667.7,32.9081
77687.6,32.8866
77707.5,32.8651
77727.4,32.8436
77747.4,32.8221
77767.3,32.8006
77787.2,32.7791
77807.1,32.7576
77827,32.7361
77846.9,32.7145
77866.8,32.693
77886.7,32.672
77906.6,32.6518
77926.5,32.6317
77946.4,32.6115
77966.3,32.5914
77986.2,32.5712
78006.1,32.551
78026,32.5309
78045.9,32.5107
78065.8,32.4906
78085.7,32.4704
78105.6,32.4502
78125.5,32.4301
78145.4,32.4099
78165.3,32.3898
78185.2,32.3696
78205.1,32.3494
78225,32.3293
78245,32.3091
78264.9,32.289
78284.8,32.2688
78304.7,32.2487
78324.6,32.2285
78344.5,32.2083
78364.4,32.1882
78384.3,32.168
78404.2,32.1479
78424.1,32.1277
78444,32.1075
78463.9,32.0874
78483.8,32.0672
78503.7,32.0471
78523.6,32.0269
78543.5,32.0067
78563.4,31.9866
78583.3,31.9664
78603.2,31.9463
78623.1,31.9261
78643,31.9059
78662.9,31.8858
78682.8,31.8656
78702.7,31.8455
78722.6,31.8253
78742.5,31.8051
78762.5,31.785
78782.4,31.7648
78802.3,31.7447
78822.2,31.7245
78842.1,31.7044
78862,31.6842
78881.9,31.664
78901.8,31.6439
78921.7,31.6237
78941.6,31.6036
78961.5,31.5834
78981.4,31.5632
79001.3,31.5431
79021.2,31.5229
79041.1,31.5028
79061,31.4826
79080.9,31.4624
79100.8,31.4423
79120.7,31.4221
79140.6,31.402
79160.5,31.3818
79180.4,31.3616
79200.3,31.3415
79220.3,31.3213
79240.1,31.3012
79260.1,31.281
79280,31.2608
79299.9,31.2407
79319.8,31.2205
79339.7,31.2004
79359.6,31.1802
79379.5,31.16
79399.4,31.1399
79419.3,31.1207
79439.2,31.1016
79459.1,31.0825
79479,31.0633
79498.9,31.0442
79518.8,31.025
79538.7,31.0059
79558.6,30.9868
79578.5,30.9676
79598.4,30.9485
79618.3,30.9294
79638.2,30.9102
79658.1,30.8911
79678,30.872
79697.9,30.8528
79717.8,30.8337
79737.8,30.8146
79757.7,30.7954
79777.6,30.7763
79797.5,30.7572
79817.4,30.738
79837.3,30.7189
79857.2,30.6998
79877.1,30.6806
79897,30.6615
79916.9,30.6424
79936.8,30.6232
79956.7,30.6041
79976.6,30.585
79996.5,30.5658
80016.4,30.5471
80036.3,30.5285
80056.2,30.5098
80076.1,30.4912
80096,30.4725
80115.9,30.4539
80135.8,30.4353
80155.7,30.4166
80175.6,30.398
80195.5,30.3794
80215.4,30.3607
80235.3,30.3421
80255.3,30.3234
80275.2,30.3048
80295.1,30.2862
80315,30.2675
80334.9,30.2489
80354.8,30.2302
80374.7,30.2116
80394.6,30.193
80414.5,30.1743
80434.4,30.1557
80454.3,30.1371
80474.2,30.1184
80494.1,30.0998
80514,30.0811
80533.9,30.0625
80553.8,30.0439
80573.7,30.0252
80593.6,30.0066
80613.5,29.988
80633.4,29.9693
80653.3,29.9507
80673.2,29.932
80693.1,29.9134
80713,29.8948
80732.9,29.8761
80752.9,29.8575
80772.8,29.8389
80792.7,29.8202
80812.6,29.8016
80832.5,29.7829
80852.4,29.7643
80872.3,29.7457
80892.2,29.727
80912.1,29.7084
80932,29.6897
80951.9,29.6712
80971.8,29.6538
80991.7,29.6363
81011.6,29.6189
81031.5,29.6015
81051.4,29.584
81071.3,29.5666
81091.2,29.5491
81111.1,29.5317
81131,29.5142
81150.9,29.4968
81170.8,29.4794
81190.7,29.4619
81210.6,29.4445
81230.5,29.427
81250.4,29.4096
81270.4,29.3922
81290.3,29.3747
81310.2,29.3573
81330.1,29.3398
81350,29.3224
81369.9,29.305
81389.8,29.2875
81409.7,29.2701
81429.6,29.2526
81449.5,29.2352
81469.4,29.2178
81489.3,29.2003
81509.2,29.1829
81529.1,29.1654
81549,29.148
81568.9,29.1305
81588.8,29.1131
81608.7,29.0957
81628.6,29.0782
81648.5,29.0608
81668.4,29.0433
81688.3,29.0259
81708.2,29.0085
81728.1,28.991
81748,28.9736
81768,28.9561
81787.9,28.9387
81807.8,28.9213
81827.7,28.9038
81847.6,28.8864
81867.5,28.8689
81887.4,28.8515
81907.3,28.834
81927.2,28.8166
81947.1,28.7992
81967,28.7817
81986.9,28.7643
82006.8,28.7468
82026.7,28.7294
82046.6,28.712
82066.5,28.6945
82086.4,28.6771
82106.3,28.6596
82126.2,28.6422
82146.1,28.6248
82166,28.6073
82185.9,28.5899
82205.8,28.5724
82225.8,28.555
82245.6,28.5375
82265.6,28.5201
82285.5,28.5027
82305.4,28.4852
82325.3,28.4678
82345.2,28.4503
82365.1,28.4329
82385,28.4155
82404.9,28.398
82424.8,28.3806
82444.7,28.3631
82464.6,28.3457
82484.5,28.3283
82504.4,28.3108
82524.3,28.2934
82544.2,28.276
82564.1,28.2591
82584,28.2423
82603.9,28.2254
82623.8,28.2085
82643.7,28.1916
82663.6,28.1747
82683.5,28.1578
82703.4,28.1409
82723.3,28.124
82743.3,28.1071
82763.2,28.0902
82783.1,28.0733
82803,28.0564
82822.9,28.0396
82842.8,28.0227
82862.7,28.0058
82882.6,27.9889
82902.5,27.972
82922.4,27.9551
82942.3,27.9382
82962.2,27.9213
82982.1,27.9044
83002,27.8875
83021.9,27.8706
83041.8,27.8537
83061.7,27.8369
83081.6,27.82
83101.5,114.546
83121.4,114.478
83141.3,114.409
83161.2,114.341
83181.1,114.272
83201,114.204
83220.9,114.135
83240.9,114.066
83260.8,113.998
83280.7,113.929
83300.6,113.861
83320.5,113.792
83340.4,113.723
83360.3,113.655
83380.2,113.586
83400.1,113.518
83420,113.449
83439.9,113.38
83459.8,113.312
83479.7,113.243
83499.6,113.175
83519.5,113.106
83539.4,113.037
83559.3,112.969
83579.2,112.9
83599.1,112.832
83619,112.763
83638.9,112.694
83658.8,112.626
83678.7,112.557
83698.6,112.489
83718.5,112.42
83738.5,112.351
83758.4,112.283
83778.3,112.214
83798.2,112.146
83818.1,112.077
83838,112.008
83857.9,111.94
83877.8,111.871
83897.7,111.803
83917.6,111.734
83937.5,111.665
83957.4,111.597
83977.3,111.528
83997.2,111.46
84017.1,111.391
84037,111.323
84056.9,111.254
84076.8,111.185
84096.7,111.117
84116.6,111.048
84136.5,110.98
84156.4,110.912
84176.3,110.847
84196.2,110.782
84216.1,110.717
84236,110.651
84255.9,110.586
84275.9,110.521
84295.8,110.456
84315.7,110.391
84335.6,110.326
84355.5,110.26
84375.4,110.195
84395.3,110.13
84415.2,110.065
84435.1,110
84455,109.934
84474.9,109.869
84494.8,109.804
84514.7,109.739
84534.6,109.674
84554.5,109.609
84574.4,109.543
84594.3,109.478
84614.2,109.413
84634.1,109.348
84654,109.283
84673.9,109.218
84693.8,109.152
84713.7,109.087
84733.6,109.022
84753.5,108.957
84773.5,108.892
84793.4,108.827
84813.3,108.761
84833.2,108.696
84853.1,108.631
84873,108.566
84892.9,108.501
84912.8,108.436
84932.7,108.37
84952.6,108.305
84972.5,108.24
84992.4,108.175
85012.3,108.11
85032.2,108.045
85052.1,107.979
85072,107.914
85091.9,107.849
85111.8,107.784
85131.7,107.719
85151.6,107.654
85171.5,107.588
85191.4,107.523
85211.3,107.458
85231.2,107.393
85251.1,107.328
85271.1,107.263
85291,107.197
85310.9,107.132
85330.8,107.067
85350.7,107.002
85370.6,106.937
85390.5,106.872
85410.4,106.806
85430.3,106.741
85450.2,106.676
85470.1,106.611
85490,106.546
85509.9,106.48
85529.8,106.415
85549.7,106.35
85569.6,106.285
85589.5,106.22
85609.4,106.155
85629.3,106.089
85649.2,106.024
85669.1,105.959
85689,105.894
85708.9,105.829
85728.8,105.764
85748.8,105.698
85768.7,105.633
85788.6,105.568
85808.5,105.505
85828.4,105.444
85848.3,105.384
85868.2,105.323
85888.1,105.263
85908,105.202
85927.9,105.142
85947.8,105.081
85967.7,105.021
85987.6,104.96
86007.5,104.9
86027.4,104.839
86047.3,104.779
86067.2,104.718
86087.1,104.658
86107,104.597
86126.9,104.537
86146.8,104.476
86166.7,104.416
86186.6,104.355
86206.5,104.295
86226.4,104.234
86246.4,104.174
86266.3,104.113
86286.2,104.053
86306.1,103.992
86326,103.932
86345.9,103.871
86365.8,103.81
86385.7,103.75
86405.6,103.689
86425.5,103.629
86445.4,103.568
86465.3,103.508
86485.2,103.447
86505.1,103.387
86525,103.326
86544.9,103.266
86564.8,103.205
86584.7,103.145
86604.6,103.084
86624.5,103.024
86644.4,102.963
86664.3,102.903
86684.2,102.842
86704.1,102.782
86724,102.721
86744,102.661
86763.9,102.6
86783.8,102.54
86803.7,102.479
86823.6,102.419
86843.5,102.358
86863.4,102.298
86883.3,102.237
86903.2,102.177
86923.1,102.116
86943,102.055
86962.9,101.995
86982.8,101.934
87002.7,101.874
87022.6,101.813
87042.5,101.753
87062.4,101.692
87082.3,101.632
87102.2,101.571
87122.1,101.511
87142,101.45
87161.9,101.39
87181.8,101.329
87201.7,101.269
87221.6,101.208
87241.5,101.148
87261.5,101.087
87281.4,101.027
87301.3,100.966
87321.2,100.906
87341.1,100.845
87361,100.785
87380.9,100.724
87400.8,100.664
87420.7,100.603
87440.6,100.543
87460.5,100.482
87480.4,100.424
87500.3,100.367
87520.2,100.31
87540.1,100.253
87560,100.197
87579.9,100.14
87599.8,100.083
87619.7,100.026
87639.6,99.9696
87659.5,99.9129
87679.4,99.8562
87699.3,99.7994
87719.2,99.7427
87739.1,99.6859
87759.1,99.6292
87779,99.5725
87798.9,99.5157
87818.8,99.459
87838.7,99.4023
87858.6,99.3455
87878.5,99.2888
87898.4,99.2321
87918.3,99.1753
87938.2,99.1186
87958.1,99.0618
87978,99.0051
87997.9,98.9484
88017.8,98.8916
88037.7,98.8349
88057.6,98.7782
88077.5,98.7214
88097.4,98.6647
88117.3,98.6079
88137.2,98.5512
88157.1,98.4945
88177,98.4377
88196.9,98.381
88216.8,98.3243
88236.7,98.2675
88256.6,98.2108
88276.6,98.1541
88296.5,98.0973
88316.4,98.0406
88336.3,97.9838
88356.2,97.9271
88376.1,97.8704
88396,97.8136
88415.9,97.7569
88435.8,97.7001
88455.7,97.6434
88475.6,97.5867
88495.5,97.5299
88515.4,97.4732
88535.3,97.4165
88555.2,97.3597
88575.1,97.303
88595,97.2463
88614.9,97.1895
88634.8,97.1328
88654.7,97.076
88674.6,97.0193
88694.5,96.9626
88714.4,96.9058
88734.3,96.8491
88754.3,96.7924
88774.1,96.7356
88794.1,96.6789
88814,96.6222
88833.9,96.5654
88853.8,96.5087
88873.7,96.452
88893.6,96.3952
88913.5,96.3385
88933.4,96.2817
88953.3,96.225
88973.2,96.1683
88993.1,96.1115
89013,96.0548
89032.9,95.998
89052.8,95.9413
89072.7,95.8846
89092.6,95.8278
89112.5,95.7711
89132.4,95.7144
89152.3,95.6576
89172.2,95.6009
89192.1,95.5469
89212,95.4947
89231.9,95.4425
89251.9,95.3903
89271.8,95.3381
89291.7,95.2859
89311.6,95.2337
89331.5,95.1815
89351.4,95.1293
89371.3,95.0771
89391.2,95.0249
89411.1,94.9727
89431,94.9205
89450.9,94.8682
89470.8,94.8161
89490.7,94.7638
89510.6,94.7116
89530.5,94.6594
89550.4,94.6072
89570.3,94.555
89590.2,94.5028
89610.1,94.4506
89630,94.3984
89649.9,94.3462
89669.8,94.294
89689.7,94.2418
89709.6,94.1896
89729.5,94.1374
89749.5,94.0851
89769.4,94.033
89789.3,93.9808
89809.2,93.9286
89829.1,93.8763
89849,93.8241
89868.9,93.7719
89888.8,93.7197
89908.7,93.6675
89928.6,93.6153
89948.5,93.5631
89968.4,93.5109
89988.3,93.4587
90008.2,93.4065
90028.1,93.3543
90048,93.3021
90067.9,93.2499
90087.8,93.1977
90107.7,93.1455
90127.6,93.0932
90147.5,93.041
90167.4,92.9888
90187.3,92.9366
90207.2,92.8844
90227.1,92.8322
90247,92.78
90267,92.7278
90286.9,92.6756
90306.8,92.6234
90326.7,92.5712
90346.6,92.519
90366.5,92.4668
90386.4,92.4146
90406.3,92.3624
90426.2,92.3102
90446.1,92.258
90466,92.2057
90485.9,92.1535
90505.8,92.1013
90525.7,92.0491
90545.6,91.9969
90565.5,91.9447
90585.4,91.8925
90605.3,91.8403
90625.2,91.7881
90645.1,91.7359
90665,91.6837
90684.9,91.6315
90704.8,91.5793
90724.8,91.527
90744.6,91.4749
90764.6,91.4227
90784.5,91.3705
90804.4,91.3182
90824.3,91.266
90844.2,91.2138
90864.1,91.1616
90884,91.1094
90903.9,91.0572
90923.8,91.005
90943.7,90.955
90963.6,90.9059
90983.5,90.8569
91003.4,90.8078
91023.3,90.7588
91043.2,90.7097
91063.1,90.6606
91083,90.6116
91102.9,90.5625
91122.8,90.5135
91142.7,90.4644
91162.6,90.4154
91182.5,90.3663
91202.4,90.3173
91222.3,90.2682
91242.3,90.2191
91262.2,90.1701
91282.1,90.121
91302,90.072
91321.9,90.0229
91341.8,89.9739
91361.7,89.9248
91381.6,89.8758
91401.5,89.8267
91421.4,89.7777
91441.3,89.7286
91461.2,89.6795
91481.1,89.6305
91501,89.5814
91520.9,89.5324
91540.8,89.4833
91560.7,89.4343
91580.6,89.3852
91600.5,89.3362
91620.4,89.2871
91640.3,89.238
91660.2,89.189
91680.1,89.1399
91700,89.0909
91719.9,89.0418
91739.9,88.9928
91759.8,88.9437
91779.7,88.8947
91799.6,88.8456
91819.5,88.7966
91839.4,88.7475
91859.3,88.6984
91879.2,88.6494
91899.1,88.6003
91919,88.5513
91938.9,88.5022
91958.8,88.4531
91978.7,88.4041
91998.6,88.355
92018.5,88.306
92038.4,88.2569
92058.3,88.2079
92078.2,88.1588
92098.1,88.1098
92118,88.0607
92137.9,88.0117
92157.8,87.9626
92177.7,87.9136
92197.6,87.8645
92217.5,87.8155
92237.4,87.7664
92257.4,87.7173
92277.3,87.6683
92297.2,87.6192
92317.1,87.5702
92337,87.5211
92356.9,87.4721
92376.8,87.423
92396.7,87.374
92416.6,87.3249
92436.5,87.2758
92456.4,87.2268
92476.3,87.1777
92496.2,87.1287
92516.1,87.0796
92536,87.0306
92555.9,86.9815
92575.8,86.9325
92595.7,86.8834
92615.6,86.8343
92635.5,86.7853
92655.4,86.7362
92675.3,86.6872
92695.2,86.6381
92715.1,86.5899
92735,86.5439
92754.9,86.4979
92774.9,86.4518
92794.8,86.4058
92814.7,86.3598
92834.6,86.3138
92854.5,86.2678
92874.4,86.2218
92894.3,86.1758
92914.2,86.1298
92934.1,86.0838
92954,86.0378
92973.9,85.9917
92993.8,85.9458
93013.7,85.8997
93033.6,85.8537
93053.5,85.8077
93073.4,85.7617
93093.3,85.7157
93113.2,85.6697
93133.1,85.6237
93153,85.5777
93172.9,85.5317
93192.8,85.4857
93212.7,85.4397
93232.6,85.3936
93252.5,85.3476
93272.5,85.3016
93292.4,85.2556
93312.3,85.2096
93332.2,85.1636
93352.1,85.1176
93372,85.0716
93391.9,85.0256
93411.8,84.9796
93431.7,84.9336
93451.6,84.8876
93471.5,84.8415
93491.4,84.7955
93511.3,84.7495
93531.2,84.7035
93551.1,84.6575
93571,84.6115
93590.9,84.5655
93610.8,84.5195
93630.7,84.4735
93650.6,84.4275
93670.5,84.3814
93690.4,84.3354
93710.3,84.2894
93730.3,84.2434
93750.1,84.1974
93770.1,84.1514
93790,84.1054
93809.9,84.0594
93829.8,84.0134
93849.7,83.9674
93869.6,83.9214
93889.5,83.8754
93909.4,83.8293
93929.3,83.7833
93949.2,83.7373
93969.1,83.6913
93989,83.6453
94008.9,83.5993
94028.8,83.5533
94048.7,83.5073
94068.6,83.4613
94088.5,83.4153
94108.4,83.3693
94128.3,83.3233
94148.2,83.2773
94168.1,83.2312
94188,83.1852
94207.9,83.1392
94227.8,83.0932
94247.8,83.0472
94267.7,83.0012
94287.6,82.9552
94307.5,82.9092
94327.4,82.8632
94347.3,82.8172
94367.2,82.7712
94387.1,82.7251
94407,82.6791
94426.9,82.6331
94446.8,82.5871
94466.7,82.5411
94486.6,82.4951
94506.5,82.4491
94526.4,82.4041
94546.3,82.3613
94566.2,82.3185
94586.1,82.2756
94606,82.2328
94625.9,82.19
94645.8,82.1471
94665.7,82.1043
94685.6,82.0615
94705.5,82.0186
94725.4,81.9758
94745.4,81.933
94765.3,81.8902
94785.2,81.8473
94805.1,81.8045
94825,81.7617
94844.9,81.7189
94864.8,81.676
94884.7,81.6332
94904.6,81.5904
94924.5,81.5475
94944.4,81.5047
94964.3,81.4619
94984.2,81.4191
95004.1,81.3762
95024,81.3334
95043.9,81.2906
95063.8,81.2477
95083.7,81.2049
95103.6,81.1621
95123.5,81.1193
95143.4,81.0764
95163.3,81.0336
95183.2,80.9908
95203.1,80.9479
95223,80.9051
95243,80.8623
95262.9,80.8195
95282.8,80.7766
95302.7,80.7338
95322.6,80.691
95342.5,80.6481
95362.4,80.6053
95382.3,80.5625
95402.2,80.5197
95422.1,80.4768
95442,80.434
95461.9,80.3912
95481.8,80.3483
95501.7,80.3055
95521.6,80.2627
95541.5,80.2199
95561.4,80.177
95581.3,80.1342
95601.2,80.0914
95621.1,80.0485
95641,80.0057
95660.9,79.9629
95680.8,79.9201
95700.7,79.8772
95720.6,79.8344
95740.6,79.7916
95760.5,79.7487
95780.4,79.7059
95800.3,79.6631
95820.2,79.6203
95840.1,79.5774
95860,79.5346
95879.9,79.4918
95899.8,79.4489
95919.7,79.4061
95939.6,79.3633
95959.5,79.3205
95979.4,79.2776
95999.3,79.2348
96019.2,79.192
96039.1,79.1491
96059,79.1063
96078.9,79.0635
96098.8,79.0207
96118.7,78.9778
96138.6,78.935
96158.5,78.8922
96178.4,78.8493
96198.3,78.8065
96218.2,78.7637
96238.1,78.7209
96258,78.678
96278,78.6352
96297.9,78.5924
96317.8,78.5495
96337.7,78.5067
96357.6,78.4639
96377.5,78.4221
96397.4,78.3821
96417.3,78.3421
96437.2,78.3021
96457.1,78.2621
96477,78.2221
96496.9,78.1822
96516.8,78.1422
96536.7,78.1022
96556.6,78.0622
96576.5,78.0222
96596.4,77.9822
96616.3,77.9422
96636.2,77.9022
96656.1,77.8622
96676,77.8222
96695.9,77.7822
96715.8,77.7422
96735.7,77.7022
96755.6,77.6622
96775.6,77.6222
96795.5,77.5822
96815.4,77.5422
96835.3,77.5022
96855.2,77.4622
96875.1,77.4222
96895,77.3823
96914.9,77.3423
96934.8,77.3023
96954.7,77.2623
96974.6,77.2223
96994.5,77.1823
97014.4,77.1423
97034.3,77.1023
97054.2,77.0623
97074.1,77.0223
97094,76.9823
97113.9,76.9423
97133.8,76.9023
97153.7,76.8623
97173.6,76.8223
97193.5,76.7823
97213.4,76.7423
97233.3,76.7023
97253.3,76.6623
97273.2,76.6223
97293.1,76.5824
97313,76.5423
97332.9,76.5024
97352.8,76.4624
97372.7,76.4224
97392.6,76.3824
97412.5,76.3424
97432.4,76.3024
97452.3,76.2624
97472.2,76.2224
97492.1,76.1824
97512,76.1424
97531.9,76.1024
97551.8,76.0624
97571.7,76.0224
97591.6,75.9824
97611.5,75.9424
97631.4,75.9025
97651.3,75.8624
97671.2,75.8224
97691.1,75.7824
97711,75.7425
97730.9,75.7025
97750.9,75.6625
97770.8,75.6225
97790.7,75.5825
97810.6,75.5425
97830.5,75.5025
97850.4,75.4625
97870.3,75.4225
97890.2,75.3825
97910.1,75.3425
97930,75.3025
97949.9,75.2625
97969.8,75.2225
97989.7,75.1825
98009.6,75.1425
98029.5,75.1025
98049.4,75.0625
98069.3,75.0226
98089.2,74.9826
98109.1,74.9426
98129,74.9026
98148.9,74.8626
98168.8,74.8226
98188.7,74.7826
98208.6,74.7426
98228.5,74.7026
98248.5,74.6626
98268.4,74.6254
98288.3,74.5884
98308.2,74.5515
98328.1,74.5145
98348,74.4776
98367.9,74.4406
98387.8,74.4036
98407.7,74.3667
98427.6,74.3297
98447.5,74.2928
98467.4,74.2558
98487.3,74.2188
98507.2,74.1819
98527.1,74.1449
98547,74.108
98566.9,74.071
98586.8,74.034
98606.7,73.9971
98626.6,73.9601
98646.5,73.9232
98666.4,73.8862
98686.3,73.8492
98706.2,73.8123
98726.1,73.7753
98746,73.7384
98766,73.7014
98785.9,73.6644
98805.8,73.6275
98825.7,73.5905
98845.6,73.5536
98865.5,73.5166
98885.4,73.4796
98905.3,73.4427
98925.2,73.4057
98945.1,73.3688
98965,73.3318
98984.9,73.2948
99004.8,73.2579
99024.7,73.2209
99044.6,73.184
99064.5,73.147
99084.4,73.11
99104.3,73.0731
99124.2,73.0361
99144.1,72.9992
99164,72.9622
99183.9,72.9252
99203.8,72.8883
99223.8,72.8513
99243.6,72.8144
99263.6,72.7774
99283.5,72.7404
99303.4,72.7035
99323.3,72.6665
99343.2,72.6296
99363.1,72.5926
99383,72.5556
99402.9,72.5187
99422.8,72.4817
99442.7,72.4448
99462.6,72.4078
99482.5,72.3708
99502.4,72.3339
99522.3,72.2969
99542.2,72.26
99562.1,72.223
99582,72.1861
99601.9,72.1491
99621.8,72.1121
99641.7,72.0752
99661.6,72.0382
99681.5,72.0012
99701.4,71.9643
99721.3,71.9273
99741.3,71.8904
99761.2,71.8534
99781.1,71.8164
99801,71.7795
99820.9,71.7425
99840.8,71.7056
99860.7,71.6686
99880.6,71.6316
99900.5,71.5947
99920.4,71.5577
99940.3,71.5208
99960.2,71.4838
99980.1,71.4469
100000,71.4099