500,131187
519.904,128359
539.808,125530
559.712,122702
579.616,119874
599.52,117045
619.424,114217
639.328,111389
659.232,108561
679.136,105732
699.04,102904
718.944,100076
738.848,97247.6
758.752,94419.3
778.656,91591.1
798.56,88762.8
818.464,85934.5
838.368,83106.3
858.272,80278
878.176,77449.7
898.08,74621.5
917.984,71793.2
937.888,68964.9
957.792,66136.6
977.696,63308.4
997.599,60480.1
1017.5,57651.8
1037.41,54980.8
1057.31,52431.7
1077.22,50115.1
1097.12,47905.1
1117.02,45790.6
1136.93,43837.8
1156.83,42043.3
1176.74,40307.1
1196.64,38667.2
1216.54,37149.9
1236.45,35650.4
1256.35,34265.5
1276.26,32990.5
1296.16,31764.1
1316.06,30594.2
1335.97,29492.9
1355.87,28439.1
1375.78,27422.2
1395.68,26469.8
1415.58,25584.1
1435.49,24707.4
1455.39,23875.1
1475.3,23082.3
1495.2,22338.8
1515.1,21625.1
1535.01,20907.3
1554.91,20197.3
1574.81,19556.9
1594.72,18938.3
1614.62,18342.1
1634.53,17777.9
1654.43,17229.4
1674.33,16707.5
1694.24,16203.9
1714.14,15717.5
1734.05,15256.4
1753.95,14808.3
1773.85,14396.1
1793.76,13991.9
1813.66,13598.2
1833.57,13220.2
1853.47,12849.7
1873.37,12501.1
1893.28,12157.4
1913.18,11837.5
1933.09,11524.1
1952.99,11229.7
1972.89,10939.8
1992.8,10658.5
2012.7,10384.5
2032.61,10121
2052.51,9864.5
2072.41,9617.26
2092.32,9375.09
2112.22,9140
2132.13,8912.64
2152.03,8696.46
2171.93,8484.55
2191.84,8282.66
2211.74,8083.35
2231.65,7895.2
2251.55,7707.43
2271.45,7532.77
2291.36,7358.11
2311.26,7193.69
2331.17,7031.56
2351.07,6875.7
2370.97,6724.85
2390.88,6576.65
2410.78,6436.6
2430.69,6296.54
2450.59,6162.59
2470.49,6029.43
2490.4,5902.58
2510.3,5781.48
2530.21,5660.74
2550.11,5545.59
2570.01,5430.44
2589.92,5321.24
2609.82,5216.01
2629.73,5110.99
2649.63,5011.17
2669.53,4911.34
2689.44,4814.8
2709.34,4721.89
2729.25,4628.97
2749.15,4542.9
2769.05,4457.94
2788.96,4373.59
2808.86,4292.83
2828.77,4212.06
2848.67,4134.19
2868.57,4060.08
2888.48,3985.96
2908.38,3914.95
2928.29,3845.84
2948.19,3776.72
2968.09,3710.05
2988,3644.16
3007.9,3578.69
3027.81,3516.78
3047.71,3455.23
3067.61,3393.67
3087.52,3335.84
3107.42,3278.28
3127.33,3220.73
3147.23,3166.96
3167.13,3113.53
3187.04,3060.11
3206.94,3010.1
3226.85,2960.69
3246.75,2911.28
3266.65,2863.81
3286.56,2817.23
3306.46,2770.65
3326.37,2725.99
3346.27,2683.08
3366.17,2640.18
3386.08,2597.95
3405.98,2557.66
3425.89,2517.37
3445.79,2477.09
3465.69,2439.93
3485.6,2402.97
3505.5,2366.01
3525.41,2330.06
3545.31,2295.01
3565.21,2259.96
3585.12,2225.21
3605.02,2193.02
3624.92,2160.83
3644.83,2128.63
3664.73,2097.89
3684.64,2068.17
3704.54,2038.44
3724.45,2008.72
3744.35,1980.69
3764.25,1952.7
3784.16,1924.72
3804.06,1897.32
3823.96,1871.25
3843.87,1845.17
3863.77,1819.1
3883.68,1794.18
3903.58,1770.08
3923.48,1745.97
3943.39,1721.86
3963.29,1698.55
3983.2,1675.48
4003.1,1652.57
4023,1630.52
4042.91,1609.29
4062.81,1588.15
4082.72,1567.01
4102.62,1545.87
4122.52,1525.92
4142.43,1506.06
4162.33,1486.2
4182.24,1466.34
4202.14,1448
4222.04,1429.81
4241.95,1411.62
4261.85,1393.43
4281.76,1376.03
4301.66,1358.84
4321.56,1341.65
4341.47,1324.46
4361.37,1308
4381.28,1291.98
4401.18,1275.95
4421.08,1259.93
4440.99,1244.37
4460.89,1229.65
4480.8,1214.92
4500.7,1200.2
4520.6,1185.48
4540.51,1171.64
4560.41,1157.82
4580.32,1144.01
4600.22,1130.19
4620.12,1116.95
4640.03,1104.16
4659.93,1091.36
4679.84,1078.57
4699.74,1065.82
4719.64,1054.01
4739.55,1042.21
4759.45,1030.4
4779.36,1018.59
4799.26,1007.1
4819.16,996.065
4839.07,985.026
4858.97,973.988
4878.88,962.949
4898.78,952.463
4918.68,942.224
4938.59,931.984
4958.49,921.744
4978.4,911.504
4998.3,901.735
5018.2,892.159
5038.11,882.598
5058.01,873.036
5077.92,863.475
5097.82,854.465
5117.72,845.458
5137.63,836.451
5157.53,827.444
5177.44,818.45
5197.34,810.071
5217.24,801.691
5237.15,793.312
5257.05,784.932
5276.96,776.553
5296.86,768.76
5316.76,761
5336.67,753.24
5356.57,745.48
5376.48,737.72
5396.38,730.437
5416.28,723.294
5436.19,716.151
5456.09,709.008
5476,701.865
5495.9,694.914
5515.8,688.202
5535.71,681.489
5555.61,674.777
5575.52,668.065
5595.42,661.385
5615.32,655.138
5635.23,648.891
5655.13,642.644
5675.04,636.396
5694.94,630.149
5714.84,624.182
5734.75,618.407
5754.65,612.631
5774.55,606.855
5794.46,601.079
5814.36,595.303
5834.27,589.882
5854.17,584.473
5874.07,579.064
5893.98,573.655
5913.88,568.246
5933.79,562.943
5953.69,557.899
5973.59,552.855
5993.5,547.81
6013.4,542.838
6033.31,537.901
6053.21,533.098
6073.11,528.452
6093.02,523.806
6112.92,519.16
6132.83,514.514
6152.73,509.868
6172.63,505.359
6192.54,500.995
6212.44,496.631
6232.35,492.267
6252.25,487.903
6272.15,483.539
6292.06,479.331
6311.96,475.311
6331.87,471.291
6351.77,467.271
6371.67,463.25
6391.58,459.23
6411.48,455.281
6431.39,451.519
6451.29,447.758
6471.19,443.997
6491.1,440.235
6511,436.474
6530.91,432.712
6550.81,3345.19
6570.71,3320.8
6590.62,3296.41
6610.52,3272.03
6630.43,3247.64
6650.33,3223.25
6670.23,3199.68
6690.14,3176.73
6710.04,3153.78
6729.95,3130.83
6749.85,3107.89
6769.75,3084.94
6789.66,3062.04
6809.56,3040.71
6829.47,3019.38
6849.37,2998.04
6869.27,2976.71
6889.18,2955.38
6909.08,2934.05
6928.99,2913.16
6948.89,2893.1
6968.79,2873.05
6988.7,2852.99
7008.6,2832.94
7028.51,2812.88
7048.41,2792.82
7068.31,2773.48
7088.22,2754.69
7108.12,2735.89
7128.03,2717.09
7147.93,2698.29
7167.83,2679.49
7187.74,2660.7
7207.64,2642.67
7227.55,2625.07
7247.45,2607.48
7267.35,2589.89
7287.26,2572.29
7307.16,2554.7
7327.07,2537.11
7346.97,2520.03
7366.87,2503.36
7386.78,2486.69
7406.68,2470.03
7426.59,2453.36
7446.49,2436.69
7466.39,2420.03
7486.3,2403.77
7506.2,2388.22
7526.1,2372.68
7546.01,2357.13
7565.91,2341.58
7585.82,2326.04
7605.72,2310.49
7625.63,2294.97
7645.53,2280.38
7665.43,2265.79
7685.34,2251.2
7705.24,2236.61
7725.15,2222.02
7745.05,2207.42
7764.95,2192.83
7784.86,2178.65
7804.76,2164.89
7824.67,2151.13
7844.57,2137.37
7864.47,2123.61
7884.38,2109.85
7904.28,2096.09
7924.18,2082.33
7944.09,2069.14
7963.99,2056.03
7983.9,2042.93
8003.8,2029.87
8023.7,2017.02
8043.61,2004.17
8063.51,1991.32
8083.42,1978.52
8103.32,1966.41
8123.23,1954.3
8143.13,1942.2
8163.03,1930.09
8182.94,1917.98
8202.84,1905.87
8222.74,1893.76
8242.65,1881.74
8262.55,1870.26
8282.46,1858.78
8302.36,1847.3
8322.26,1835.82
8342.17,1824.34
8362.07,1812.86
8381.98,1801.38
8401.88,1789.93
8421.78,1779.15
8441.69,1768.38
8461.59,1757.6
8481.5,1746.83
8501.4,1736.05
8521.3,1725.27
8541.21,1714.5
8561.11,1703.72
8581.02,1693.49
8600.92,1683.4
8620.82,1673.3
8640.73,1663.2
8660.63,1653.11
8680.54,1643.01
8700.44,1632.91
8720.34,1622.82
8740.25,1613.01
8760.15,1603.63
8780.06,1594.24
8799.96,1584.85
8819.86,1575.47
8839.77,1566.08
8859.67,1556.69
8879.58,1547.31
8899.48,1537.92
8919.38,1528.98
8939.29,1520.12
8959.19,1511.27
8979.1,1502.42
8999,1493.57
9018.9,1484.72
9038.81,1475.86
9058.71,1467.01
9078.62,1458.21
9098.52,1449.92
9118.42,1441.63
9138.33,1433.34
9158.23,1425.05
9178.14,1416.76
9198.04,1408.47
9217.94,1400.18
9237.85,1391.9
9257.75,1383.69
9277.66,1375.98
9297.56,1368.28
9317.46,1360.58
9337.37,1352.87
9357.27,1345.17
9377.17,1337.47
9397.08,1329.76
9416.98,1322.06
9436.89,1314.38
9456.79,1307.25
9476.7,1300.11
9496.6,1292.97
9516.5,1285.83
9536.41,1278.7
9556.31,1271.56
9576.21,1264.42
9596.12,1257.28
9616.02,1250.15
9635.93,1243.34
9655.83,1236.61
9675.74,1229.89
9695.64,1223.16
9715.54,1216.43
9735.45,1209.71
9755.35,1202.98
9775.25,1196.25
9795.16,1189.53
9815.06,1182.97
9834.97,1176.72
9854.87,1170.47
9874.77,1164.22
9894.68,1157.97
9914.58,1151.72
9934.49,1145.48
9954.39,1139.23
9974.29,1132.98
9994.2,1126.73
10014.1,1120.89
10034,1115.21
10053.9,1109.54
10073.8,1103.86
10093.7,1098.19
10113.6,1092.51
10133.5,1086.84
10153.4,1081.17
10173.3,1075.49
10193.2,1069.82
10213.1,1064.11
10233,1058.4
10253,1052.68
10272.9,1046.96
10292.8,1041.25
10312.7,1035.53
10332.6,1029.81
10352.5,1024.09
10372.4,1018.38
10392.3,1012.76
10412.2,1007.89
10432.1,1003.03
10452,998.165
10471.9,993.301
10491.8,988.437
10511.7,983.573
10531.6,978.709
10551.5,973.846
10571.4,968.982
10591.3,964.118
10611.2,959.384
10631.1,954.752
10651,950.12
10670.9,945.487
10690.8,940.855
10710.7,936.223
10730.6,931.591
10750.5,926.958
10770.5,922.326
10790.4,917.694
10810.3,913.064
10830.2,908.586
10850.1,904.108
10870,899.63
10889.9,895.152
10909.8,890.674
10929.7,886.196
10949.6,881.718
10969.5,877.241
10989.4,872.763
11009.3,868.285
11029.2,863.95
11049.1,859.781
11069,855.612
11088.9,851.443
11108.8,847.273
11128.7,843.104
11148.6,838.935
11168.5,834.766
11188.4,830.597
11208.3,826.428
11228.2,822.259
11248.1,818.451
11268.1,814.678
11288,810.905
11307.9,807.132
11327.8,803.358
11347.7,799.585
11367.6,795.812
11387.5,792.039
11407.4,788.265
11427.3,784.492
11447.2,780.719
11467.1,777.226
11487,773.779
11506.9,770.332
11526.8,766.885
11546.7,763.438
11566.6,759.991
11586.5,756.544
11606.4,753.097
11626.3,749.65
11646.2,746.203
11666.1,742.756
11686,739.315
11705.9,735.888
11725.8,732.461
11745.7,729.034
11765.7,725.607
11785.6,722.181
11805.5,718.754
11825.4,715.327
11845.3,711.9
11865.2,708.473
11885.1,705.046
11905,701.732
11924.9,698.753
11944.8,695.773
11964.7,692.794
11984.6,689.815
12004.5,686.836
12024.4,683.857
12044.3,680.878
12064.2,677.898
12084.1,674.919
12104,671.94
12123.9,668.961
12143.8,665.987
12163.7,663.033
12183.6,660.08
12203.5,657.126
12223.4,654.173
12243.3,651.219
12263.3,648.265
12283.2,645.312
12303.1,642.358
12323,639.405
12342.9,636.451
12362.8,633.497
12382.7,630.781
12402.6,628.2
12422.5,625.619
12442.4,623.038
12462.3,620.457
12482.2,617.875
12502.1,615.294
12522,612.713
12541.9,610.132
12561.8,607.551
12581.7,604.97
12601.6,602.389
12621.5,599.81
12641.4,597.256
12661.3,594.703
12681.2,592.149
12701.1,589.596
12721,587.042
12740.9,584.489
12760.9,581.935
12780.8,579.382
12800.7,576.828
12820.6,574.274
12840.5,571.721
12860.4,569.172
12880.3,566.843
12900.2,564.515
12920.1,562.187
12940,559.859
12959.9,557.53
12979.8,555.202
12999.7,552.874
13019.6,550.546
13039.5,548.218
13059.4,545.89
13079.3,543.561
13099.2,541.233
13119.1,538.998
13139,536.871
13158.9,534.745
13178.8,532.618
13198.7,530.492
13218.6,528.366
13238.5,526.239
13258.5,524.113
13278.4,521.986
13298.3,519.86
13318.2,517.734
13338.1,515.607
13358,513.481
13377.9,511.396
13397.8,509.376
13417.7,507.356
13437.6,505.335
13457.5,503.315
13477.4,501.294
13497.3,499.274
13517.2,497.254
13537.1,495.233
13557,493.213
13576.9,491.192
13596.8,489.172
13616.7,487.152
13636.6,485.188
13656.5,483.339
13676.4,481.489
13696.3,479.64
13716.2,477.79
13736.1,475.941
13756.1,474.091
13776,472.242
13795.9,470.392
13815.8,468.543
13835.7,466.693
13855.6,464.844
13875.5,462.994
13895.4,461.145
13915.3,459.369
13935.2,457.616
13955.1,455.862
13975,454.109
13994.9,452.356
14014.8,450.602
14034.7,448.849
14054.6,447.095
14074.5,445.342
14094.4,443.588
14114.3,441.835
14134.2,440.082
14154.1,438.328
14174,436.604
14193.9,434.994
14213.8,433.385
14233.7,431.775
14253.7,430.165
14273.6,428.555
14293.5,426.946
14313.4,425.336
14333.3,423.726
14353.2,422.117
14373.1,420.507
14393,418.897
14412.9,417.287
14432.8,415.678
14452.7,414.079
14472.6,412.55
14492.5,411.022
14512.4,409.493
14532.3,407.964
14552.2,406.436
14572.1,404.907
14592,403.378
14611.9,401.85
14631.8,400.321
14651.7,398.792
14671.6,397.264
14691.5,395.735
14711.4,394.206
14731.3,392.685
14751.3,391.268
14771.2,389.851
14791.1,388.434
14811,387.017
14830.9,385.6
14850.8,384.182
14870.7,382.765
14890.6,381.348
14910.5,379.931
14930.4,378.514
14950.3,377.097
14970.2,375.68
14990.1,374.263
15010,372.946
15029.9,371.673
15049.8,370.343
15069.7,369.012
15089.6,367.682
15109.5,366.351
15129.4,365.021
15149.3,363.69
15169.2,362.359
15189.1,361.029
15209,359.698
15228.9,358.368
15248.8,357.037
15268.8,355.706
15288.7,354.376
15308.6,353.045
15328.5,351.816
15348.4,350.595
15368.3,349.373
15388.2,348.152
15408.1,346.93
15428,345.709
15447.9,344.488
15467.8,343.266
15487.7,342.045
15507.6,340.824
15527.5,339.602
15547.4,338.381
15567.3,337.16
15587.2,335.938
15607.1,334.717
15627,333.583
15646.9,332.464
15666.8,331.344
15686.7,330.225
15706.6,329.106
15726.5,327.987
15746.5,326.867
15766.4,325.748
15786.3,324.629
15806.2,323.51
15826.1,322.391
15846,321.271
15865.9,320.152
15885.8,319.033
15905.7,317.914
15925.6,316.809
15945.5,315.742
15965.4,314.675
15985.3,313.608
16005.2,312.541
16025.1,311.474
16045,310.408
16064.9,309.341
16084.8,308.274
16104.7,307.207
16124.6,306.14
16144.5,305.073
16164.4,304.006
16184.3,302.939
16204.2,301.872
16224.1,300.805
16244,299.779
16264,298.77
16283.9,297.76
16303.8,296.751
16323.7,295.741
16343.6,294.732
16363.5,293.723
16383.4,292.713
16403.3,291.704
16423.2,290.695
16443.1,289.685
16463,288.676
16482.9,287.666
16502.8,286.657
16522.7,285.648
16542.6,284.652
16562.5,283.748
16582.4,282.844
16602.3,281.94
16622.2,281.036
16642.1,280.132
16662,279.228
16681.9,278.324
16701.8,277.42
16721.7,276.516
16741.6,275.612
16761.6,274.708
16781.5,273.804
16801.4,272.9
16821.3,271.996
16841.2,271.092
16861.1,270.188
16881,269.311
16900.9,268.456
16920.8,267.601
16940.7,266.747
16960.6,265.892
16980.5,265.037
17000.4,264.182
17020.3,263.327
17040.2,262.472
17060.1,261.617
17080,260.762
17099.9,259.908
17119.8,259.053
17139.7,258.198
17159.6,257.343
17179.5,256.488
17199.4,255.633
17219.3,254.821
17239.2,254.011
17259.2,253.2
17279.1,252.389
17299,251.579
17318.9,250.768
17338.8,249.957
17358.7,249.147
17378.6,248.336
17398.5,247.525
17418.4,246.715
17438.3,245.904
17458.2,245.094
17478.1,244.283
17498,243.472
17517.9,242.662
17537.8,241.884
17557.7,241.156
17577.6,240.429
17597.5,239.702
17617.4,238.975
17637.3,238.247
17657.2,237.52
17677.1,236.793
17697,236.065
17716.9,235.338
17736.8,234.611
17756.8,233.884
17776.7,233.156
17796.6,232.429
17816.5,231.702
17836.4,230.975
17856.3,230.247
17876.2,229.52
17896.1,228.826
17916,228.141
17935.9,227.455
17955.8,226.77
17975.7,226.084
17995.6,225.399
18015.5,224.713
18035.4,224.027
18055.3,223.342
18075.2,222.656
18095.1,221.971
18115,221.285
18134.9,220.599
18154.8,219.914
18174.7,219.228
18194.6,218.543
18214.5,217.857
18234.4,217.179
18254.3,216.526
18274.3,215.873
18294.2,215.219
18314.1,214.566
18334,213.913
18353.9,213.26
18373.8,212.607
18393.7,211.954
18413.6,211.301
18433.5,210.647
18453.4,209.994
18473.3,209.341
18493.2,208.688
18513.1,208.035
18533,207.382
18552.9,206.728
18572.8,206.075
18592.7,205.464
18612.6,204.877
18632.5,204.29
18652.4,203.703
18672.3,203.116
18692.2,202.528
18712.1,201.941
18732,201.354
18752,200.767
18771.9,200.18
18791.8,199.592
18811.7,199.005
18831.6,198.418
18851.5,197.831
18871.4,197.244
18891.3,196.657
18911.2,196.07
18931.1,195.482
18951,194.897
18970.9,194.34
18990.8,193.784
19010.7,193.227
19030.6,192.671
19050.5,192.114
19070.4,191.558
19090.3,191.001
19110.2,190.445
19130.1,189.888
19150,189.332
19169.9,188.775
19189.8,188.219
19209.7,187.662
19229.6,187.106
19249.5,186.549
19269.5,185.993
19289.4,185.436
19309.3,184.88
19329.2,184.337
19349.1,183.812
19369,183.286
19388.9,182.76
19408.8,182.234
19428.7,181.708
19448.6,181.182
19468.5,180.657
19488.4,180.131
19508.3,179.605
19528.2,179.079
19548.1,178.553
19568,178.027
19587.9,177.502
19607.8,176.976
19627.7,176.45
19647.6,175.924
19667.5,175.398
19687.4,174.872
19707.3,174.39
19727.2,173.914
19747.2,173.438
19767.1,172.962
19787,172.486
19806.9,172.01
19826.8,171.534
19846.7,171.059
19866.6,170.583
19886.5,170.107
19906.4,169.631
19926.3,169.155
19946.2,168.679
19966.1,168.203
19986,167.727
20005.9,167.254
20025.8,166.788
20045.7,166.322
20065.6,165.856
20085.5,165.394
20105.4,164.945
20125.3,164.496
20145.2,164.047
20165.1,163.598
20185,163.149
20204.9,162.7
20224.8,162.251
20244.7,161.802
20264.7,161.354
20284.6,160.905
20304.5,160.456
20324.4,160.007
20344.3,159.558
20364.2,159.109
20384.1,158.66
20404,158.211
20423.9,157.762
20443.8,157.313
20463.7,156.864
20483.6,156.439
20503.5,156.026
20523.4,155.612
20543.3,155.199
20563.2,154.785
20583.1,154.372
20603,153.958
20622.9,153.545
20642.8,153.132
20662.7,152.718
20682.6,152.305
20702.5,151.891
20722.4,151.478
20742.3,151.064
20762.3,150.651
20782.2,150.238
20802.1,149.824
20822,149.411
20841.9,148.997
20861.8,148.584
20881.7,148.188
20901.6,147.804
20921.5,147.421
20941.4,147.037
20961.3,146.654
20981.2,146.27
21001.1,145.886
21021,145.503
21040.9,145.119
21060.8,144.736
21080.7,144.352
21100.6,143.969
21120.5,143.585
21140.4,143.201
21160.3,142.818
21180.2,142.434
21200.1,142.051
21220,141.667
21239.9,141.284
21259.9,140.9
21279.8,140.516
21299.7,140.161
21319.6,139.806
21339.5,139.451
21359.4,139.095
21379.3,138.74
21399.2,138.385
21419.1,138.03
21439,137.675
21458.9,137.32
21478.8,136.965
21498.7,136.61
21518.6,136.254
21538.5,135.899
21558.4,135.544
21578.3,135.189
21598.2,134.834
21618.1,134.479
21638,134.124
21657.9,133.768
21677.8,133.413
21697.7,133.058
21717.6,132.72
21737.5,132.384
21757.5,132.048
21777.4,131.713
21797.3,131.377
21817.2,131.041
21837.1,130.705
21857,130.369
21876.9,130.033
21896.8,129.697
21916.7,129.362
21936.6,129.026
21956.5,128.69
21976.4,128.354
21996.3,128.018
22016.2,127.682
22036.1,127.347
22056,127.011
22075.9,126.675
22095.8,126.339
22115.7,126.003
22135.6,125.688
22155.5,125.379
22175.4,125.07
22195.3,124.761
22215.2,124.452
22235.1,124.142
22255.1,123.833
22275,123.524
22294.9,123.215
22314.8,122.906
22334.7,122.597
22354.6,122.287
22374.5,121.978
22394.4,121.669
22414.3,121.36
22434.2,121.051
22454.1,120.741
22474,120.432
22493.9,120.123
22513.8,119.814
22533.7,119.505
22553.6,119.2
22573.5,118.912
22593.4,118.625
22613.3,118.337
22633.2,118.05
22653.1,117.762
22673,117.475
22692.9,117.188
22712.8,116.9
22732.7,116.613
22752.7,116.325
22772.6,116.038
22792.5,115.751
22812.4,115.463
22832.3,115.176
22852.2,114.888
22872.1,114.601
22892,114.314
22911.9,114.026
22931.8,113.739
22951.7,113.451
22971.6,113.164
22991.5,112.878
23011.4,112.611
23031.3,112.345
23051.2,112.078
23071.1,111.812
23091,111.545
23110.9,111.278
23130.8,111.012
23150.7,110.745
23170.6,110.479
23190.5,110.212
23210.4,109.945
23230.3,109.679
23250.3,109.412
23270.2,109.145
23290.1,108.879
23310,108.612
23329.9,108.346
23349.8,108.079
23369.7,107.812
23389.6,107.546
23409.5,107.279
23429.4,107.013
23449.3,106.755
23469.2,106.508
23489.1,106.262
23509,106.015
23528.9,105.768
23548.8,105.522
23568.7,105.275
23588.6,105.028
23608.5,104.781
23628.4,104.535
23648.3,104.288
23668.2,104.041
23688.1,103.795
23708,103.548
23727.9,103.301
23747.8,103.054
23767.8,102.808
23787.7,102.561
23807.6,102.314
23827.5,102.068
23847.4,101.821
23867.3,101.574
23887.2,101.327
23907.1,101.087
23927,100.86
23946.9,100.632
23966.8,100.404
23986.7,100.177
24006.6,99.9491
24026.5,99.7214
24046.4,99.4937
24066.3,99.2661
24086.2,99.0384
24106.1,98.8107
24126,98.583
24145.9,98.3554
24165.8,98.1277
24185.7,97.9
24205.6,97.6724
24225.5,97.4447
24245.4,97.217
24265.4,96.9894
24285.3,96.7617
24305.2,96.534
24325.1,96.3063
24345,96.0787
24364.9,95.851
24384.8,95.6343
24404.7,95.4215
24424.6,95.2088
24444.5,94.9959
24464.4,94.7832
24484.3,94.5704
24504.2,94.3576
24524.1,94.1448
24544,93.932
24563.9,93.7192
24583.8,93.5064
24603.7,93.2936
24623.6,93.0808
24643.5,92.868
24663.4,92.6552
24683.3,92.4424
24703.2,92.2296
24723.1,92.0168
24743,91.804
24763,91.5912
24782.9,91.3785
24802.8,91.1656
24822.7,90.9529
24842.6,90.7401
24862.5,90.5336
24882.4,90.3309
24902.3,90.1283
24922.2,89.9256
24942.1,89.723
24962,89.5203
24981.9,89.3176
25001.8,89.115
25021.7,88.9123
25041.6,88.7097
25061.5,88.507
25081.4,88.3043
25101.3,88.1017
25121.2,87.899
25141.1,87.6963
25161,87.4937
25180.9,87.291
25200.8,87.0883
25220.7,86.8857
25240.6,86.683
25260.6,86.4804
25280.5,86.2777
25300.4,86.075
25320.3,85.8724
25340.2,85.6803
25360.1,85.4984
25380,85.3165
25399.9,85.1346
25419.8,84.9527
25439.7,84.7708
25459.6,84.5889
25479.5,84.4069
25499.4,84.225
25519.3,84.0431
25539.2,83.8612
25559.1,83.6793
25579,83.4974
25598.9,83.3155
25618.8,83.1336
25638.7,82.9517
25658.6,82.7698
25678.5,82.5878
25698.4,82.4059
25718.3,82.224
25738.2,82.0421
25758.2,81.8602
25778.1,81.6783
25798,81.4964
25817.9,81.3145
25837.8,81.1361
25857.7,80.9633
25877.6,80.7904
25897.5,80.6176
25917.4,80.4448
25937.3,80.272
25957.2,80.0991
25977.1,79.9263
25997,79.7535
26016.9,79.5806
26036.8,79.4078
26056.7,79.235
26076.6,79.0621
26096.5,78.8893
26116.4,78.7165
26136.3,78.5436
26156.2,78.3708
26176.1,78.198
26196,78.0252
26215.9,77.8523
26235.8,77.6795
26255.8,77.5067
26275.7,77.3338
26295.6,77.161
26315.5,76.9882
26335.4,76.8195
26355.3,76.662
26375.2,76.5046
26395.1,76.3471
26415,76.1897
26434.9,76.0322
26454.8,75.8748
26474.7,75.7173
26494.6,75.5599
26514.5,75.4024
26534.4,75.245
26554.3,75.0875
26574.2,74.9301
26594.1,74.7726
26614,74.6152
26633.9,74.4577
26653.8,74.3002
26673.7,74.1428
26693.6,73.9853
26713.5,73.8279
26733.4,73.6704
26753.4,73.513
26773.3,73.3555
26793.2,73.1981
26813.1,73.0406
26833,72.8832
26852.9,72.7269
26872.8,72.5779
26892.7,72.4289
26912.6,72.2798
26932.5,72.1308
26952.4,71.9817
26972.3,71.8327
26992.2,71.6837
27012.1,71.5346
27032,71.3856
27051.9,71.2366
27071.8,71.0875
27091.7,70.9385
27111.6,70.7895
27131.5,70.6404
27151.4,70.4914
27171.3,70.3424
27191.2,70.1933
27211.1,70.0443
27231,69.8953
27251,69.7462
27270.9,69.5972
27290.8,69.4482
27310.7,69.2991
27330.6,69.1501
27350.5,69.001
27370.4,68.8523
27390.3,68.7166
27410.2,68.5808
27430.1,68.4451
27450,68.3094
27469.9,68.1737
27489.8,68.038
27509.7,67.9023
27529.6,67.7666
27549.5,67.6309
27569.4,67.4952
27589.3,67.3595
27609.2,67.2238
27629.1,67.088
27649,66.9523
27668.9,66.8166
27688.8,66.6809
27708.7,66.5452
27728.6,66.4095
27748.5,66.2738
27768.5,66.1381
27788.4,66.0024
27808.3,65.8667
27828.2,65.731
27848.1,65.5953
27868,65.4595
27887.9,65.3238
27907.8,65.1881
27927.7,65.0588
27947.6,64.9303
27967.5,64.8018
27987.4,64.6733
28007.3,64.5448
28027.2,64.4163
28047.1,64.2878
28067,64.1593
28086.9,64.0308
28106.8,63.9023
28126.7,63.7738
28146.6,63.6453
28166.5,63.5168
28186.4,63.3883
28206.3,63.2598
28226.2,63.1313
28246.1,63.0028
28266.1,62.8743
28286,62.7458
28305.9,62.6173
28325.8,62.4888
28345.7,62.3603
28365.6,62.2318
28385.5,62.1032
28405.4,61.9748
28425.3,61.8462
28445.2,61.7178
28465.1,61.5975
28485,61.48
28504.9,61.3625
28524.8,61.2449
28544.7,61.1274
28564.6,61.0098
28584.5,60.8923
28604.4,60.7747
28624.3,60.6572
28644.2,60.5396
28664.1,60.4221
28684,60.3046
28703.9,60.187
28723.8,60.0695
28743.8,59.9519
28763.7,59.8344
28783.6,59.7168
28803.5,59.5993
28823.4,59.4817
28843.3,59.3642
28863.2,59.2467
28883.1,59.1291
28903,59.0116
28922.9,58.894
28942.8,58.7765
28962.7,58.6589
28982.6,58.5414
29002.5,58.4238
29022.4,58.3117
29042.3,58.2027
29062.2,58.0938
29082.1,57.9848
29102,57.8759
29121.9,57.767
29141.8,57.658
29161.7,57.5491
29181.6,57.4402
29201.5,57.3312
29221.4,57.2223
29241.3,57.1133
29261.3,57.0044
29281.2,56.8955
29301.1,56.7865
29321,56.6776
29340.9,56.5686
29360.8,56.4597
29380.7,56.3508
29400.6,56.2418
29420.5,56.1329
29440.4,56.0239
29460.3,55.915
29480.2,55.8061
29500.1,55.6971
29520,55.5882
29539.9,55.4792
29559.8,55.3703
29579.7,55.2614
29599.6,55.1574
29619.5,55.0536
29639.4,54.9498
29659.3,54.8459
29679.2,54.7421
29699.1,54.6382
29719,54.5344
29738.9,54.4306
29758.8,54.3267
29778.8,54.2229
29798.7,54.119
29818.6,54.0152
29838.5,53.9114
29858.4,53.8075
29878.3,53.7037
29898.2,53.5998
29918.1,53.496
29938,53.3922
29957.9,53.2883
29977.8,53.1845
29997.7,53.0806
30017.6,52.9788
30037.5,52.8772
30057.4,52.7756
30077.3,52.674
30097.2,52.5724
30117.1,52.4708
30137,52.3692
30156.9,52.27
30176.8,52.1755
30196.7,52.081
30216.6,51.9864
30236.5,51.8919
30256.5,51.7974
30276.4,51.7029
30296.3,51.6083
30316.2,51.5138
30336.1,51.4193
30356,51.3247
30375.9,51.2302
30395.8,51.1357
30415.7,51.0411
30435.6,50.9466
30455.5,50.8521
30475.4,50.7575
30495.3,50.663
30515.2,50.5685
30535.1,50.474
30555,50.3794
30574.9,50.2849
30594.8,50.1904
30614.7,50.0958
30634.6,50.0013
30654.5,49.9068
30674.4,49.8122
30694.3,49.7177
30714.2,49.6232
30734.1,49.5286
30754.1,49.439
30774,49.3515
30793.9,49.264
30813.8,49.1764
30833.7,49.0888
30853.6,49.0013
30873.5,48.9137
30893.4,48.8262
30913.3,48.7386
30933.2,48.6511
30953.1,48.5636
30973,48.476
30992.9,48.3884
31012.8,48.3009
31032.7,48.2133
31052.6,48.1258
31072.5,48.0382
31092.4,47.9507
31112.3,47.8631
31132.2,47.7756
31152.1,47.6881
31172,47.6005
31191.9,47.5129
31211.8,47.4254
31231.7,47.3378
31251.7,47.2503
31271.6,47.1627
31291.5,47.0752
31311.4,46.9876
31331.3,46.9001
31351.2,46.8165
31371.1,46.7359
31391,46.6554
31410.9,46.5749
31430.8,46.4943
31450.7,46.4138
31470.6,46.3332
31490.5,46.2527
31510.4,46.1721
31530.3,46.0916
31550.2,46.0111
31570.1,45.9305
31590,45.85
31609.9,45.7694
31629.8,45.6889
31649.7,45.6083
31669.6,45.5278
31689.5,45.4473
31709.4,45.3667
31729.3,45.2862
31749.2,45.2056
31769.2,45.1251
31789.1,45.0445
31809,44.964
31828.9,44.8835
31848.8,44.8029
31868.7,44.7224
31888.6,44.6418
31908.5,44.5613
31928.4,44.4808
31948.3,44.4002
31968.2,44.3215
31988.1,44.2454
32008,44.1693
32027.9,44.0932
32047.8,44.0171
32067.7,43.941
32087.6,43.8649
32107.5,43.7888
32127.4,43.7127
32147.3,43.6366
32167.2,43.5605
32187.1,43.4844
32207,43.4083
32226.9,43.3322
32246.8,43.2561
32266.8,43.1801
32286.7,43.104
32306.6,43.0279
32326.5,42.9518
32346.4,42.8757
32366.3,42.7996
32386.2,42.7235
32406.1,42.6474
32426,42.5713
32445.9,42.4952
32465.8,42.4191
32485.7,42.343
32505.6,42.2669
32525.5,42.1908
32545.4,42.1147
32565.3,42.0386
32585.2,41.9642
32605.1,41.8945
32625,41.8249
32644.9,41.7552
32664.8,41.6855
32684.7,41.6159
32704.6,41.5462
32724.5,41.4765
32744.4,41.4069
32764.4,41.3372
32784.3,41.2675
32804.2,41.1979
32824.1,41.1282
32844,41.0585
32863.9,40.9889
32883.8,40.9192
32903.7,40.8496
32923.6,40.7799
32943.5,40.7102
32963.4,40.6406
32983.3,40.5709
33003.2,40.5012
33023.1,40.4316
33043,40.3619
33062.9,40.2922
33082.8,40.2226
33102.7,40.1529
33122.6,40.0832
33142.5,40.0136
33162.4,39.9439
33182.3,39.8742
33202.2,39.8046
33222.1,39.7354
33242,39.6706
33262,39.6057
33281.9,39.5409
33301.8,39.476
33321.7,39.4112
33341.6,39.3463
33361.5,39.2815
33381.4,39.2166
33401.3,39.1518
33421.2,39.0869
33441.1,39.022
33461,38.9572
33480.9,38.8924
33500.8,38.8275
33520.7,38.7626
33540.6,38.6978
33560.5,38.6329
33580.4,38.5681
33600.3,38.5032
33620.2,38.4384
33640.1,38.3735
33660,38.3087
33679.9,38.2438
33699.8,38.179
33719.7,38.1141
33739.6,38.0493
33759.6,37.9844
33779.5,37.9196
33799.4,37.8547
33819.3,37.7899
33839.2,37.725
33859.1,37.6602
33879,37.5973
33898.9,37.5369
33918.8,37.4765
33938.7,37.416
33958.6,37.3556
33978.5,37.2952
33998.4,37.2347
34018.3,37.1743
34038.2,37.1139
34058.1,37.0534
34078,36.993
34097.9,36.9326
34117.8,36.8721
34137.7,36.8117
34157.6,36.7513
34177.5,36.6909
34197.4,36.6304
34217.3,36.57
34237.2,36.5096
34257.2,36.4491
34277.1,36.3887
34297,36.3283
34316.9,36.2678
34336.8,36.2074
34356.7,36.147
34376.6,36.0866
34396.5,36.0261
34416.4,35.9657
34436.3,35.9053
34456.2,35.8448
34476.1,35.7844
34496,35.724
34515.9,35.6635
34535.8,35.6045
34555.7,35.549
34575.6,35.4934
34595.5,35.4379
34615.4,35.3823
34635.3,35.3268
34655.2,35.2712
34675.1,35.2157
34695,35.1601
34714.9,35.1046
34734.8,35.049
34754.8,34.9934
34774.7,34.9379
34794.6,34.8823
34814.5,34.8268
34834.4,34.7712
34854.3,34.7157
34874.2,34.6601
34894.1,34.6046
34914,34.549
34933.9,34.4935
34953.8,34.4379
34973.7,34.3824
34993.6,34.3268
35013.5,34.2712
35033.4,34.2157
35053.3,34.1601
35073.2,34.1046
35093.1,34.049
35113,33.9935
35132.9,33.9379
35152.8,33.8824
35172.7,33.8268
35192.6,33.7713
35212.5,33.7161
35232.4,33.6637
35252.4,33.6112
35272.3,33.5588
35292.2,33.5063
35312.1,33.4538
35332,33.4014
35351.9,33.3489
35371.8,33.2965
35391.7,33.244
35411.6,33.1916
35431.5,33.1391
35451.4,33.0867
35471.3,33.0342
35491.2,32.9818
35511.1,32.9293
35531,32.8768
35550.9,32.8244
35570.8,32.7719
35590.7,32.7195
35610.6,32.667
35630.5,32.6146
35650.4,32.5621
35670.3,32.5097
35690.2,32.4572
35710.1,32.4048
35730,32.3523
35749.9,32.2999
35769.9,32.2474
35789.8,32.195
35809.7,32.1425
35829.6,32.09
35849.5,32.0376
35869.4,31.9851
35889.3,31.9327
35909.2,31.8848
35929.1,31.8371
35949,31.7893
35968.9,31.7416
35988.8,31.6939
36008.7,31.6462
36028.6,31.5984
36048.5,31.5507
36068.4,31.503
36088.3,31.4553
36108.2,31.4075
36128.1,31.3598
36148,31.3121
36167.9,31.2644
36187.8,31.2166
36207.7,31.1689
36227.6,31.1212
36247.6,31.0734
36267.5,31.0257
36287.4,30.978
36307.3,30.9303
36327.2,30.8826
36347.1,30.8348
36367,30.7871
36386.9,30.7394
36406.8,30.6916
36426.7,30.6439
36446.6,30.5962
36466.5,30.5485
36486.4,30.5007
36506.3,30.453
36526.2,30.4053
36546.1,30.3576
36566,30.3098
36585.9,30.2621
36605.8,30.2152
36625.7,30.1702
36645.6,30.1252
36665.5,30.0802
36685.4,30.0352
36705.3,29.9903
36725.2,29.9453
36745.1,29.9003
36765.1,29.8553
36785,29.8103
36804.9,29.7653
36824.8,29.7204
36844.7,29.6754
36864.6,29.6304
36884.5,29.5854
36904.4,29.5404
36924.3,29.4954
36944.2,29.4504
36964.1,29.4055
36984,29.3605
37003.9,29.3155
37023.8,29.2705
37043.7,29.2255
37063.6,29.1805
37083.5,29.1355
37103.4,29.0906
37123.3,29.0456
37143.2,29.0006
37163.1,28.9556
37183,28.9106
37202.9,28.8656
37222.8,28.8206
37242.7,28.7757
37262.7,28.7307
37282.6,28.6857
37302.5,28.6407
37322.4,28.598
37342.3,28.5567
37362.2,28.5154
37382.1,28.4741
37402,28.4328
37421.9,28.3914
37441.8,28.3501
37461.7,28.3088
37481.6,28.2675
37501.5,28.2262
37521.4,28.1849
37541.3,28.1436
37561.2,28.1023
37581.1,28.061
37601,28.0197
37620.9,27.9783
37640.8,27.937
37660.7,27.8957
37680.6,27.8544
37700.5,27.8131
37720.4,27.7718
37740.3,27.7305
37760.3,27.6892
37780.2,27.6479
37800.1,27.6066
37820,27.5653
37839.9,27.5239
37859.8,27.4826
37879.7,27.4413
37899.6,27.4
37919.5,27.3587
37939.4,27.3174
37959.3,27.2761
37979.2,27.2348
37999.1,27.1935
38019,27.1522
38038.9,27.1108
38058.8,27.0726
38078.7,27.0346
38098.6,26.9965
38118.5,26.9585
38138.4,26.9204
38158.3,26.8824
38178.2,26.8443
38198.1,26.8063
38218,26.7682
38237.9,26.7302
38257.9,26.6922
38277.8,26.6541
38297.7,26.6161
38317.6,26.578
38337.5,26.54
38357.4,26.5019
38377.3,26.4639
38397.2,26.4258
38417.1,26.3878
38437,26.3497
38456.9,26.3117
38476.8,26.2736
38496.7,26.2356
38516.6,26.1976
38536.5,26.1595
38556.4,26.1215
38576.3,26.0834
38596.2,26.0454
38616.1,26.0073
38636,25.9693
38655.9,25.9312
38675.8,25.8932
38695.7,25.8551
38715.6,25.8171
38735.5,25.779
38755.5,25.741
38775.4,25.7029
38795.3,25.6655
38815.2,25.6296
38835.1,25.5937
38855,25.5578
38874.9,25.5219
38894.8,25.486
38914.7,25.4502
38934.6,25.4143
38954.5,25.3784
38974.4,25.3425
38994.3,25.3066
39014.2,25.2707
39034.1,25.2349
39054,25.199
39073.9,25.1631
39093.8,25.1272
39113.7,25.0913
39133.6,25.0554
39153.5,25.0195
39173.4,24.9837
39193.3,24.9478
39213.2,24.9119
39233.1,24.876
39253.1,24.8401
39273,24.8042
39292.9,24.7684
39312.8,24.7325
39332.7,24.6966
39352.6,24.6607
39372.5,24.6248
39392.4,24.5889
39412.3,24.553
39432.2,24.5172
39452.1,24.4813
39472,24.4454
39491.9,24.4095
39511.8,24.3736
39531.7,24.3377
39551.6,24.3033
39571.5,24.2698
39591.4,24.2363
39611.3,24.2028
39631.2,24.1693
39651.1,24.1358
39671,24.1024
39690.9,24.0689
39710.8,24.0354
39730.7,24.0019
39750.6,23.9684
39770.6,23.9349
39790.5,23.9015
39810.4,23.868
39830.3,23.8345
39850.2,23.801
39870.1,23.7675
39890,23.734
39909.9,23.7005
39929.8,23.6671
39949.7,23.6336
39969.6,23.6001
39989.5,23.5666
40009.4,23.5339
40029.3,23.502
40049.2,23.47
40069.1,23.4381
40089,23.4062
40108.9,23.3743
40128.8,23.3424
40148.7,23.3104
40168.6,23.2785
40188.5,23.2466
40208.4,23.2147
40228.3,23.1828
40248.3,23.1508
40268.2,23.1189
40288.1,23.087
40308,23.0551
40327.9,23.0237
40347.8,22.9931
40367.7,22.9625
40387.6,22.932
40407.5,22.9014
40427.4,22.8708
40447.3,22.8402
40467.2,22.8096
40487.1,22.7791
40507,22.7485
40526.9,22.7179
40546.8,22.6873
40566.7,22.6567
40586.6,22.6262
40606.5,22.5956
40626.4,22.565
40646.3,22.5344
40666.2,22.5038
40686.1,22.4733
40706,22.4427
40725.9,22.4121
40745.9,22.3815
40765.8,22.351
40785.7,22.3204
40805.6,22.2898
40825.5,22.2592
40845.4,22.2286
40865.3,22.1981
40885.2,22.1675
40905.1,22.1369
40925,22.1063
40944.9,22.0757
40964.8,22.0452
40984.7,22.0146
41004.6,21.984
41024.5,21.9534
41044.4,21.9228
41064.3,21.8923
41084.2,21.8617
41104.1,21.8311
41124,21.8021
41143.9,21.7737
41163.8,21.7453
41183.7,21.717
41203.6,21.6886
41223.5,21.6602
41243.4,21.6319
41263.4,21.6035
41283.3,21.5751
41303.2,21.5467
41323.1,21.5184
41343,21.49
41362.9,21.4616
41382.8,21.4332
41402.7,21.4049
41422.6,21.3765
41442.5,21.3481
41462.4,21.3197
41482.3,21.2914
41502.2,21.263
41522.1,21.2346
41542,21.2063
41561.9,21.1779
41581.8,21.1495
41601.7,21.1211
41621.6,21.0928
41641.5,21.0644
41661.4,21.036
41681.3,21.0077
41701.2,20.9793
41721.1,20.9509
41741,20.9225
41760.9,20.8942
41780.9,20.8658
41800.8,20.8374
41820.7,20.809
41840.6,20.7807
41860.5,20.7523
41880.4,20.7239
41900.3,20.6956
41920.2,20.6682
41940.1,20.6419
41960,20.6156
41979.9,20.5894
41999.8,20.5631
42019.7,20.5368
42039.6,20.5105
42059.5,20.4842
42079.4,20.4579
42099.3,20.4316
42119.2,20.4053
42139.1,20.379
42159,20.3527
42178.9,20.3264
42198.8,20.3001
42218.7,20.2738
42238.6,20.2475
42258.6,20.2212
42278.5,20.1949
42298.4,20.1686
42318.3,20.1423
42338.2,20.116
42358.1,20.0897
42378,20.0634
42397.9,20.0371
42417.8,20.0108
42437.7,19.9845
42457.6,19.9582
42477.5,19.9319
42497.4,19.9056
42517.3,19.8793
42537.2,19.853
42557.1,19.8267
42577,19.8004
42596.9,19.7742
42616.8,19.7479
42636.7,19.7216
42656.6,19.6953
42676.5,19.669
42696.4,19.6427
42716.3,19.6164
42736.3,19.5906
42756.2,19.566
42776.1,19.5414
42796,19.5168
42815.9,19.4922
42835.8,19.4675
42855.7,19.4429
42875.6,19.4183
42895.5,19.3937
42915.4,19.3691
42935.3,19.3445
42955.2,19.3199
42975.1,19.2953
42995,19.2706
43014.9,19.246
43034.8,19.2214
43054.7,19.1968
43074.6,19.1722
43094.5,19.1476
43114.4,19.123
43134.3,19.0984
43154.2,19.0737
43174.1,19.0491
43194,19.0245
43213.9,18.9999
43233.8,18.9753
43253.8,18.9507
43273.7,18.9261
43293.6,18.9015
43313.5,18.8768
43333.4,18.8522
43353.3,18.8276
43373.2,18.803
43393.1,18.7784
43413,18.7538
43432.9,18.7292
43452.8,18.7046
43472.7,18.6799
43492.6,18.6553
43512.5,18.6307
43532.4,18.6061
43552.3,18.5815
43572.2,18.5582
43592.1,18.5358
43612,18.5133
43631.9,18.4909
43651.8,18.4685
43671.7,18.446
43691.6,18.4236
43711.5,18.4012
43731.4,18.3787
43751.3,18.3563
43771.3,18.3339
43791.2,18.3114
43811.1,18.289
43831,18.2666
43850.9,18.2441
43870.8,18.2217
43890.7,18.1993
43910.6,18.1768
43930.5,18.1544
43950.4,18.132
43970.3,18.1095
43990.2,18.0871
44010.1,18.0647
44030,18.0422
44049.9,18.0198
44069.8,17.9974
44089.7,17.9749
44109.6,17.9525
44129.5,17.9301
44149.4,17.9076
44169.3,17.8852
44189.2,17.8628
44209.1,17.8403
44229,17.8179
44248.9,17.7955
44268.9,17.773
44288.8,17.7506
44308.7,17.7281
44328.6,17.7057
44348.5,17.6833
44368.4,17.6608
44388.3,17.6384
44408.2,17.616
44428.1,17.5941
44448,17.573
44467.9,17.5518
44487.8,17.5307
44507.7,17.5096
44527.6,17.4885
44547.5,17.4674
44567.4,17.4463
44587.3,17.4252
44607.2,17.404
44627.1,17.3829
44647,17.3618
44666.9,17.3407
44686.8,17.3196
44706.7,17.2985
44726.6,17.2774
44746.6,17.2562
44766.5,17.2351
44786.4,17.214
44806.3,17.1929
44826.2,17.1718
44846.1,17.1507
44866,17.1296
44885.9,17.1084
44905.8,17.0873
44925.7,17.0662
44945.6,17.0451
44965.5,17.024
44985.4,17.0029
45005.3,16.9818
45025.2,16.9606
45045.1,16.9395
45065,16.9184
45084.9,16.8973
45104.8,16.8762
45124.7,16.8551
45144.6,16.834
45164.5,16.8128
45184.4,16.7917
45204.3,16.7706
45224.2,16.7495
45244.1,16.7284
45264.1,16.7073
45284,16.6865
45303.9,16.6672
45323.8,16.6479
45343.7,16.6286
45363.6,16.6093
45383.5,16.59
45403.4,16.5707
45423.3,16.5513
45443.2,16.532
45463.1,16.5127
45483,16.4934
45502.9,16.4741
45522.8,16.4548
45542.7,16.4355
45562.6,16.4162
45582.5,16.3969
45602.4,16.3776
45622.3,16.3582
45642.2,16.3389
45662.1,16.3196
45682,16.3003
45701.9,16.281
45721.8,16.2617
45741.7,16.2424
45761.7,16.2231
45781.6,16.2038
45801.5,16.1845
45821.4,16.1651
45841.3,16.1458
45861.2,16.1265
45881.1,16.1072
45901,16.0879
45920.9,16.0686
45940.8,16.0493
45960.7,16.03
45980.6,16.0107
46000.5,15.9914
46020.4,15.972
46040.3,15.9527
46060.2,15.9334
46080.1,15.9141
46100,15.8948
46119.9,15.8755
46139.8,15.8562
46159.7,15.8369
46179.6,15.8181
46199.5,15.7999
46219.4,15.7817
46239.3,15.7635
46259.3,15.7453
46279.2,15.7271
46299.1,15.7089
46319,15.6907
46338.9,15.6726
46358.8,15.6544
46378.7,15.6362
46398.6,15.618
46418.5,15.5998
46438.4,15.5816
46458.3,15.5634
46478.2,15.5452
46498.1,15.527
46518,15.5088
46537.9,15.4906
46557.8,15.4724
46577.7,15.4542
46597.6,15.436
46617.5,15.4178
46637.4,15.3996
46657.3,15.3814
46677.2,15.3632
46697.1,15.345
46717,15.3269
46736.9,15.3087
46756.9,15.2905
46776.8,15.2723
46796.7,15.2541
46816.6,15.2359
46836.5,15.2177
46856.4,15.1995
46876.3,15.1813
46896.2,15.1631
46916.1,15.1449
46936,15.1267
46955.9,15.1085
46975.8,15.0903
46995.7,15.0721
47015.6,15.0539
47035.5,15.0357
47055.4,15.0175
47075.3,14.9997
47095.2,14.983
47115.1,14.9663
47135,14.9495
47154.9,14.9328
47174.8,14.916
47194.7,14.8993
47214.6,14.8825
47234.5,14.8658
47254.5,14.8491
47274.4,14.8323
47294.3,14.8156
47314.2,14.7988
47334.1,14.7821
47354,14.7654
47373.9,14.7486
47393.8,14.7319
47413.7,14.7151
47433.6,14.6984
47453.5,14.6816
47473.4,14.6649
47493.3,14.6482
47513.2,14.6314
47533.1,14.6147
47553,14.5979
47572.9,14.5812
47592.8,14.5645
47612.7,14.5477
47632.6,14.531
47652.5,14.5142
47672.4,14.4975
47692.3,14.4807
47712.2,14.464
47732.1,14.4473
47752.1,14.4305
47772,14.4138
47791.9,14.397
47811.8,14.3803
47831.7,14.3636
47851.6,14.3468
47871.5,14.3301
47891.4,14.3133
47911.3,14.2966
47931.2,14.2798
47951.1,14.2631
47971,14.2464
47990.9,14.2297
48010.8,14.2143
48030.7,14.199
48050.6,14.1836
48070.5,14.1683
48090.4,14.1529
48110.3,14.1376
48130.2,14.1222
48150.1,14.1069
48170,14.0915
48189.9,14.0762
48209.8,14.0608
48229.7,14.0455
48249.6,14.0301
48269.6,14.0148
48289.5,13.9994
48309.4,13.9841
48329.3,13.9687
48349.2,13.9534
48369.1,13.938
48389,13.9227
48408.9,13.9073
48428.8,13.892
48448.7,13.8766
48468.6,13.8613
48488.5,13.8459
48508.4,13.8306
48528.3,13.8152
48548.2,13.7999
48568.1,13.7845
48588,13.7692
48607.9,13.7538
48627.8,13.7385
48647.7,13.7231
48667.6,13.7078
48687.5,13.6924
48707.4,13.6771
48727.3,13.6617
48747.3,13.6464
48767.2,13.631
48787.1,13.6157
48807,13.6003
48826.9,13.585
48846.8,13.5696
48866.7,13.5543
48886.6,13.5389
48906.5,13.5236
48926.4,13.5082
48946.3,13.4937
48966.2,13.4793
48986.1,13.465
49006,13.4506
49025.9,13.4362
49045.8,13.4219
49065.7,13.4075
49085.6,13.3932
49105.5,13.3788
49125.4,13.3645
49145.3,13.3501
49165.2,13.3358
49185.1,13.3214
49205,13.307
49224.9,13.2927
49244.8,13.2783
49264.8,13.264
49284.7,13.2496
49304.6,13.2353
49324.5,13.2209
49344.4,13.2066
49364.3,13.1922
49384.2,13.1779
49404.1,13.1635
49424,13.1491
49443.9,13.1348
49463.8,13.1204
49483.7,13.1061
49503.6,13.0917
49523.5,13.0774
49543.4,13.063
49563.3,13.0487
49583.2,13.0343
49603.1,13.0199
49623,13.0056
49642.9,12.9912
49662.8,12.9769
49682.7,12.9625
49702.6,12.9482
49722.5,12.9338
49742.4,12.9195
49762.4,12.9051
49782.3,12.8907
49802.2,12.8764
49822.1,12.862
49842,12.8477
49861.9,12.8333
49881.8,12.819
49901.7,12.8053
49921.6,12.792
49941.5,12.7787
49961.4,12.7655
49981.3,12.7522
50001.2,12.7389
50021.1,12.7255
50041,12.7122
50060.9,12.6988
50080.8,12.6854
50100.7,12.672
50120.6,12.6586
50140.5,12.6452
50160.4,12.6318
50180.3,12.6185
50200.2,12.6051
50220.1,12.5917
50240,12.5783
50260,12.5649
50279.9,12.5515
50299.8,12.5381
50319.7,12.5248
50339.6,12.5114
50359.5,12.498
50379.4,12.4846
50399.3,12.4712
50419.2,12.4578
50439.1,12.4445
50459,12.4311
50478.9,12.4177
50498.8,12.4043
50518.7,12.3909
50538.6,12.3775
50558.5,12.3641
50578.4,12.3508
50598.3,12.3374
50618.2,12.324
50638.1,12.3106
50658,12.2972
50677.9,12.2838
50697.8,12.2704
50717.7,12.2571
50737.6,12.2437
50757.6,12.2303
50777.5,12.2169
50797.4,12.2035
50817.3,12.1901
50837.2,12.1767
50857.1,12.1634
50877,12.1509
50896.9,12.1386
50916.8,12.1262
50936.7,12.1139
50956.6,12.1016
50976.5,12.0893
50996.4,12.077
51016.3,12.0646
51036.2,12.0523
51056.1,12.04
51076,12.0277
51095.9,12.0153
51115.8,12.003
51135.7,11.9907
51155.6,11.9784
51175.5,11.9661
51195.4,11.9537
51215.3,11.9414
51235.3,11.9291
51255.2,11.9168
51275.1,11.9044
51295,11.8921
51314.9,11.8798
51334.8,11.8675
51354.7,11.8552
51374.6,11.8428
51394.5,11.8305
51414.4,11.8182
51434.3,11.8059
51454.2,11.7935
51474.1,11.7812
51494,11.7689
51513.9,11.7566
51533.8,11.7443
51553.7,11.7319
51573.6,11.7196
51593.5,11.7073
51613.4,11.695
51633.3,11.6826
51653.2,11.6703
51673.1,11.658
51693,11.6457
51712.9,11.6334
51732.8,11.621
51752.8,11.6087
51772.7,11.5964
51792.6,11.5841
51812.5,11.5718
51832.4,11.5594
51852.3,11.5471
51872.2,11.5354
51892.1,11.524
51912,11.5126
51931.9,11.5012
51951.8,11.4898
51971.7,11.4784
51991.6,11.467
52011.5,11.4556
52031.4,11.4442
52051.3,11.4328
52071.2,11.4214
52091.1,11.41
52111,11.3986
52130.9,11.3872
52150.8,11.3758
52170.7,11.3644
52190.6,11.353
52210.5,11.3416
52230.4,11.3302
52250.3,11.3188
52270.3,11.3074
52290.2,11.296
52310.1,11.2846
52330,11.2732
52349.9,11.2618
52369.8,11.2504
52389.7,11.239
52409.6,11.2276
52429.5,11.2162
52449.4,11.2048
52469.3,11.1934
52489.2,11.182
52509.1,11.1706
52529,11.1592
52548.9,11.1478
52568.8,11.1364
52588.7,11.1251
52608.6,11.1137
52628.5,11.1023
52648.4,11.0909
52668.3,11.0795
52688.2,11.0681
52708.1,11.0567
52728,11.0453
52747.9,11.0339
52767.9,11.0225
52787.8,11.0111
52807.7,10.9997
52827.6,10.9883
52847.5,10.9769
52867.4,10.9655
52887.3,10.9548
52907.2,10.9442
52927.1,10.9336
52947,10.923
52966.9,10.9124
52986.8,10.9018
53006.7,10.8912
53026.6,10.8806
53046.5,10.87
53066.4,10.8594
53086.3,10.8488
53106.2,10.8382
53126.1,10.8276
53146,10.817
53165.9,10.8064
53185.8,10.7958
53205.7,10.7852
53225.6,10.7746
53245.5,10.764
53265.4,10.7534
53285.4,10.7428
53305.3,10.7322
53325.2,10.7216
53345.1,10.711
53365,10.7004
53384.9,10.6898
53404.8,10.6792
53424.7,10.6686
53444.6,10.658
53464.5,10.6474
53484.4,10.6368
53504.3,10.6262
53524.2,10.6156
53544.1,10.605
53564,10.5944
53583.9,10.5838
53603.8,10.5732
53623.7,10.5626
53643.6,10.552
53663.5,10.5414
53683.4,10.5308
53703.3,10.5202
53723.2,10.5096
53743.1,10.499
53763.1,10.4883
53783,10.4778
53802.9,10.4671
53822.8,10.4565
53842.7,10.4459
53862.6,10.4353
53882.5,10.4247
53902.4,10.4141
53922.3,10.4041
53942.2,10.3944
53962.1,10.3846
53982,10.3749
54001.9,10.3652
54021.8,10.3554
54041.7,10.3457
54061.6,10.336
54081.5,10.3263
54101.4,10.3165
54121.3,10.3068
54141.2,10.2971
54161.1,10.2873
54181,10.2776
54200.9,10.2679
54220.8,10.2582
54240.8,10.2484
54260.7,10.2387
54280.6,10.229
54300.5,10.2193
54320.4,10.2095
54340.3,10.1998
54360.2,10.1901
54380.1,10.1803
54400,10.1706
54419.9,10.1609
54439.8,10.1512
54459.7,10.1414
54479.6,10.1317
54499.5,10.122
54519.4,10.1122
54539.3,10.1025
54559.2,10.0928
54579.1,10.0831
54599,10.0733
54618.9,10.0636
54638.8,10.0539
54658.7,10.0442
54678.6,10.0344
54698.5,10.0247
54718.4,10.015
54738.3,10.0052
54758.3,9.99551
54778.2,9.98579
54798.1,9.97606
54818,9.96633
54837.9,9.9566
54857.8,9.94688
54877.7,9.93715
54897.6,9.92742
54917.5,9.91769
54937.4,9.90796
54957.3,9.89824
54977.2,9.88893
54997.1,9.87968
55017,9.87044
55036.9,9.8612
55056.8,9.85196
55076.7,9.84271
55096.6,9.83347
55116.5,9.82423
55136.4,9.81498
55156.3,9.80574
55176.2,9.7965
55196.1,9.78726
55216,9.77801
55235.9,9.76877
55255.9,9.75953
55275.8,9.75028
55295.7,9.74104
55315.6,9.7318
55335.5,9.72256
55355.4,9.71331
55375.3,9.70407
55395.2,9.69483
55415.1,9.68558
55435,9.67634
55454.9,9.6671
55474.8,9.65786
55494.7,9.64861
55514.6,9.63937
55534.5,9.63013
55554.4,9.62088
55574.3,9.61164
55594.2,9.6024
55614.1,9.59315
55634,9.58391
55653.9,9.57467
55673.8,9.56543
55693.7,9.55618
55713.6,9.54694
55733.6,9.53769
55753.5,9.52845
55773.4,9.51921
55793.3,9.50997
55813.2,9.50072
55833.1,9.49148
55853,9.48224
55872.9,9.473
55892.8,9.46375
55912.7,9.45451
55932.6,9.44526
55952.5,9.43602
55972.4,9.42678
55992.3,9.41754
56012.2,9.40829
56032.1,9.39914
56052,9.39074
56071.9,9.38234
56091.8,9.37394
56111.7,9.36554
56131.6,9.35713
56151.5,9.34873
56171.4,9.34033
56191.3,9.33193
56211.2,9.32353
56231.1,9.31513
56251,9.30673
56271,9.29832
56290.9,9.28992
56310.8,9.28152
56330.7,9.27312
56350.6,9.26472
56370.5,9.25632
56390.4,9.24792
56410.3,9.23952
56430.2,9.23112
56450.1,9.22271
56470,9.21431
56489.9,9.20591
56509.8,9.19751
56529.7,9.18911
56549.6,9.18071
56569.5,9.17231
56589.4,9.16391
56609.3,9.1555
56629.2,9.1471
56649.1,9.1387
56669,9.1303
56688.9,9.1219
56708.8,9.1135
56728.7,9.1051
56748.6,9.0967
56768.6,9.08829
56788.5,9.07989
56808.4,9.07149
56828.3,9.06309
56848.2,9.05469
56868.1,9.04629
56888,9.03789
56907.9,9.02949
56927.8,9.02108
56947.7,9.01268
56967.6,9.00428
56987.5,8.99588
57007.4,8.98748
57027.3,8.97908
57047.2,8.97068
57067.1,8.96227
57087,8.95387
57106.9,8.94547
57126.8,8.93707
57146.7,8.92928
57166.6,8.92161
57186.5,8.91394
57206.4,8.90627
57226.3,8.89859
57246.2,8.89092
57266.2,8.88325
57286.1,8.87558
57306,8.8679
57325.9,8.86023
57345.8,8.85256
57365.7,8.84489
57385.6,8.83722
57405.5,8.82954
57425.4,8.82187
57445.3,8.8142
57465.2,8.80653
57485.1,8.79885
57505,8.79118
57524.9,8.78351
57544.8,8.77584
57564.7,8.76817
57584.6,8.76049
57604.5,8.75282
57624.4,8.74515
57644.3,8.73748
57664.2,8.7298
57684.1,8.72213
57704,8.71446
57723.9,8.70679
57743.8,8.69912
57763.8,8.69144
57783.7,8.68377
57803.6,8.6761
57823.5,8.66842
57843.4,8.66075
57863.3,8.65308
57883.2,8.64541
57903.1,8.63774
57923,8.63007
57942.9,8.62239
57962.8,8.61472
57982.7,8.60705
58002.6,8.59938
58022.5,8.5917
58042.4,8.58403
58062.3,8.57636
58082.2,8.56869
58102.1,8.56102
58122,8.55334
58141.9,8.54567
58161.8,8.538
58181.7,8.53033
58201.6,8.52265
58221.5,8.51498
58241.4,8.50731
58261.4,8.49984
58281.3,8.49254
58301.2,8.48522
58321.1,8.47791
58341,8.4706
58360.9,8.46329
58380.8,8.45598
58400.7,8.44867
58420.6,8.44136
58440.5,8.43405
58460.4,8.42674
58480.3,8.41943
58500.2,8.41212
58520.1,8.40481
58540,8.3975
58559.9,8.39019
58579.8,8.38288
58599.7,8.37557
58619.6,8.36826
58639.5,8.36095
58659.4,8.35364
58679.3,8.34633
58699.2,8.33902
58719.1,8.33171
58739.1,8.3244
58759,8.31709
58778.9,8.30978
58798.8,8.30247
58818.7,8.29516
58838.6,8.28785
58858.5,8.28054
58878.4,8.27323
58898.3,8.26592
58918.2,8.25861
58938.1,8.2513
58958,8.24399
58977.9,8.23668
58997.8,8.22937
59017.7,8.22206
59037.6,8.21475
59057.5,8.20744
59077.4,8.20013
59097.3,8.19282
59117.2,8.18551
59137.1,8.1782
59157,8.17089
59176.9,8.16358
59196.8,8.15627
59216.7,8.14896
59236.6,8.14165
59256.6,8.13434
59276.5,8.12703
59296.4,8.11972
59316.3,8.11241
59336.2,8.1051
59356.1,8.09779
59376,8.09048
59395.9,8.08329
59415.8,8.07641
59435.7,8.06953
59455.6,8.06264
59475.5,8.05576
59495.4,8.04888
59515.3,8.04199
59535.2,8.03511
59555.1,8.02822
59575,8.02134
59594.9,8.01446
59614.8,8.00757
59634.7,8.00069
59654.6,7.99381
59674.5,7.98692
59694.4,7.98004
59714.3,7.97315
59734.3,7.96627
59754.2,7.95939
59774.1,7.9525
59794,7.94562
59813.9,7.93873
59833.8,7.93185
59853.7,7.92497
59873.6,7.91808
59893.5,7.9112
59913.4,7.90431
59933.3,7.89743
59953.2,7.89055
59973.1,7.88366
59993,7.87678
60012.9,7.87014
60032.8,7.86362
60052.7,7.85711
60072.6,7.85059
60092.5,7.84408
60112.4,7.83756
60132.3,7.83105
60152.2,7.82453
60172.1,7.81802
60192,7.8115
60211.9,7.80499
60231.8,7.79847
60251.7,7.79196
60271.7,7.78544
60291.6,7.77893
60311.5,7.77241
60331.4,7.7659
60351.3,7.75939
60371.2,7.75287
60391.1,7.74636
60411,7.73984
60430.9,7.73333
60450.8,7.72681
60470.7,7.7203
60490.6,7.71378
60510.5,7.70727
60530.4,7.70075
60550.3,7.69424
60570.2,7.68799
60590.1,7.68174
60610,7.67549
60629.9,7.66924
60649.8,7.66298
60669.7,7.65673
60689.6,7.65048
60709.5,7.64423
60729.4,7.63798
60749.3,7.63173
60769.3,7.62548
60789.2,7.61922
60809.1,7.61297
60829,7.60672
60848.9,7.60047
60868.8,7.59422
60888.7,7.58797
60908.6,7.58171
60928.5,7.57546
60948.4,7.56921
60968.3,7.56296
60988.2,7.55671
61008.1,7.55046
61028,7.5442
61047.9,7.53795
61067.8,7.5317
61087.7,7.52545
61107.6,7.5192
61127.5,7.51295
61147.4,7.50669
61167.3,7.50044
61187.2,7.49419
61207.1,7.48794
61227,7.48169
61246.9,7.47544
61266.9,7.46918
61286.8,7.46293
61306.7,7.45668
61326.6,7.45043
61346.5,7.44418
61366.4,7.43793
61386.3,7.43167
61406.2,7.42542
61426.1,7.41917
61446,7.41292
61465.9,7.40667
61485.8,7.40042
61505.7,7.39416
61525.6,7.38791
61545.5,7.38166
61565.4,7.37541
61585.3,7.36916
61605.2,7.36291
61625.1,7.35666
61645,7.3504
61664.9,7.34415
61684.8,7.3379
61704.7,7.33165
61724.6,7.3254
61744.5,7.31951
61764.5,7.31377
61784.4,7.30802
61804.3,7.30227
61824.2,7.29652
61844.1,7.29077
61864,7.28502
61883.9,7.27927
61903.8,7.27353
61923.7,7.26778
61943.6,7.26203
61963.5,7.25628
61983.4,7.25054
62003.3,7.24478
62023.2,7.23904
62043.1,7.23329
62063,7.22754
62082.9,7.22179
62102.8,7.21604
62122.7,7.2103
62142.6,7.20455
62162.5,7.1988
62182.4,7.19305
62202.3,7.1873
62222.2,7.18156
62242.1,7.17581
62262.1,7.17006
62282,7.16431
62301.9,7.15856
62321.8,7.15281
62341.7,7.14707
62361.6,7.14132
62381.5,7.13557
62401.4,7.12982
62421.3,7.12407
62441.2,7.11833
62461.1,7.11258
62481,7.10683
62500.9,7.10108
62520.8,7.09533
62540.7,7.08958
62560.6,7.08383
62580.5,7.07809
62600.4,7.07234
62620.3,7.06659
62640.2,7.06084
62660.1,7.05509
62680,7.04935
62699.9,7.0436
62719.8,7.03785
62739.8,7.0321
62759.7,7.02635
62779.6,7.02061
62799.5,7.01486
62819.4,7.00911
62839.3,7.00336
62859.2,6.99761
62879.1,6.99186
62899,6.98611
62918.9,6.98037
62938.8,6.97462
62958.7,6.96924
62978.6,6.96389
62998.5,6.95854
63018.4,6.95319
63038.3,6.94784
63058.2,6.94248
63078.1,6.93713
63098,6.93178
63117.9,6.92643
63137.8,6.92108
63157.7,6.91573
63177.6,6.91038
63197.5,6.90503
63217.4,6.89967
63237.3,6.89432
63257.3,6.88897
63277.2,6.88362
63297.1,6.87827
63317,6.87291
63336.9,6.86756
63356.8,6.86221
63376.7,6.85686
63396.6,6.85151
63416.5,6.84616
63436.4,6.8408
63456.3,6.83545
63476.2,6.8301
63496.1,6.82475
63516,6.8194
63535.9,6.81405
63555.8,6.8087
63575.7,6.80334
63595.6,6.79799
63615.5,6.79264
63635.4,6.78729
63655.3,6.78194
63675.2,6.77659
63695.1,6.77123
63715,6.76588
63734.9,6.76053
63754.9,6.75518
63774.8,6.74983
63794.7,6.74447
63814.6,6.73912
63834.5,6.73377
63854.4,6.72842
63874.3,6.72307
63894.2,6.71772
63914.1,6.71236
63934,6.70701
63953.9,6.70166
63973.8,6.69631
63993.7,6.69096
64013.6,6.68561
64033.5,6.68026
64053.4,6.6749
64073.3,6.66955
64093.2,6.6642
64113.1,6.65885
64133,6.6535
64152.9,6.64815
64172.8,6.64285
64192.7,6.63787
64212.6,6.63289
64232.5,6.62791
64252.4,6.62293
64272.4,6.61794
64292.3,6.61296
64312.2,6.60798
64332.1,6.603
64352,6.59802
64371.9,6.59304
64391.8,6.58806
64411.7,6.58308
64431.6,6.5781
64451.5,6.57312
64471.4,6.56814
64491.3,6.56316
64511.2,6.55818
64531.1,6.5532
64551,6.54822
64570.9,6.54323
64590.8,6.53825
64610.7,6.53327
64630.6,6.52829
64650.5,6.52331
64670.4,6.51833
64690.3,6.51335
64710.2,6.50837
64730.1,6.50339
64750,6.49841
64770,6.49343
64789.9,6.48845
64809.8,6.48347
64829.7,6.47849
64849.6,6.47351
64869.5,6.46853
64889.4,6.46355
64909.3,6.45856
64929.2,6.45358
64949.1,6.4486
64969,6.44362
64988.9,6.43864
65008.8,6.43366
65028.7,6.42868
65048.6,6.4237
65068.5,6.41872
65088.4,6.41374
65108.3,6.40876
65128.2,6.40378
65148.1,6.3988
65168,6.39382
65187.9,6.38884
65207.8,6.38386
65227.7,6.37887
65247.6,6.37389
65267.6,6.36891
65287.5,6.36393
65307.4,6.35895
65327.3,6.35397
65347.2,6.34899
65367.1,6.34401
65387,6.33903
65406.9,6.33405
65426.8,6.3292
65446.7,6.32462
65466.6,6.32003
65486.5,6.31545
65506.4,6.31086
65526.3,6.30628
65546.2,6.30169
65566.1,6.29711
65586,6.29252
65605.9,6.28794
65625.8,6.28335
65645.7,6.27876
65665.6,6.27418
65685.5,6.26959
65705.4,6.26501
65725.3,6.26042
65745.3,6.25584
65765.2,6.25125
65785.1,6.24667
65805,6.24208
65824.9,6.2375
65844.8,6.23291
65864.7,6.22833
65884.6,6.22374
65904.5,6.21916
65924.4,6.21457
65944.3,6.20999
65964.2,6.2054
65984.1,6.20082
66004,6.19623
66023.9,6.19165
66043.8,6.18706
66063.7,6.18248
66083.6,6.17789
66103.5,6.1733
66123.4,6.16872
66143.3,6.16413
66163.2,6.15955
66183.1,6.15496
66203,6.15038
66222.9,6.14579
66242.9,6.14121
66262.8,6.13662
66282.7,6.13204
66302.6,6.12745
66322.5,6.12287
66342.4,6.11828
66362.3,6.1137
66382.2,6.10911
66402.1,6.10453
66422,6.09994
66441.9,6.09535
66461.8,6.09077
66481.7,6.08618
66501.6,6.0816
66521.5,6.07701
66541.4,6.07243
66561.3,6.06784
66581.2,6.06326
66601.1,6.05867
66621,6.05409
66640.9,6.0495
66660.8,6.04492
66680.7,6.04033
66700.6,6.03576
66720.5,6.03151
66740.5,6.02727
66760.4,6.02302
66780.3,6.01878
66800.2,6.01453
66820.1,6.01029
66840,6.00604
66859.9,6.0018
66879.8,5.99755
66899.7,5.99331
66919.6,5.98906
66939.5,5.98482
66959.4,5.98057
66979.3,5.97633
66999.2,5.97208
67019.1,5.96784
67039,5.96359
67058.9,5.95935
67078.8,5.9551
67098.7,5.95086
67118.6,5.94661
67138.5,5.94237
67158.4,5.93812
67178.3,5.93388
67198.2,5.92963
67218.1,5.92538
67238,5.92114
67258,5.9169
67277.9,5.91265
67297.8,5.90841
67317.7,5.90416
67337.6,5.89992
67357.5,5.89567
67377.4,5.89143
67397.3,5.88718
67417.2,5.88293
67437.1,5.87869
67457,5.87444
67476.9,5.8702
67496.8,5.86596
67516.7,5.86171
67536.6,5.85747
67556.5,5.85322
67576.4,5.84897
67596.3,5.84473
67616.2,5.84048
67636.1,5.83624
67656,5.83199
67675.9,5.82775
67695.8,5.8235
67715.7,5.81926
67735.6,5.81501
67755.6,5.81077
67775.5,5.80652
67795.4,5.80228
67815.3,5.79803
67835.2,5.79379
67855.1,5.78954
67875,5.7853
67894.9,5.78105
67914.8,5.77681
67934.7,5.77256
67954.6,5.76832
67974.5,5.76407
67994.4,5.75983
68014.3,5.75565
68034.2,5.7517
68054.1,5.74775
68074,5.7438
68093.9,5.73985
68113.8,5.7359
68133.7,5.73195
68153.6,5.728
68173.5,5.72405
68193.4,5.7201
68213.3,5.71615
68233.2,5.7122
68253.1,5.70825
68273.1,5.7043
68293,5.70035
68312.9,5.6964
68332.8,5.69245
68352.7,5.6885
68372.6,5.68455
68392.5,5.6806
68412.4,5.67665
68432.3,5.6727
68452.2,5.66875
68472.1,5.6648
68492,5.66085
68511.9,5.65691
68531.8,5.65296
68551.7,5.64901
68571.6,5.64506
68591.5,5.64111
68611.4,5.63716
68631.3,5.63321
68651.2,5.62926
68671.1,5.62531
68691,5.62136
68710.9,5.61741
68730.8,5.61346
68750.8,5.60951
68770.6,5.60556
68790.6,5.60161
68810.5,5.59766
68830.4,5.59371
68850.3,5.58976
68870.2,5.58581
68890.1,5.58186
68910,5.57791
68929.9,5.57396
68949.8,5.57001
68969.7,5.56606
68989.6,5.56211
69009.5,5.55817
69029.4,5.55422
69049.3,5.55026
69069.2,5.54632
69089.1,5.54237
69109,5.53842
69128.9,5.53447
69148.8,5.53052
69168.7,5.52657
69188.6,5.52262
69208.5,5.51867
69228.4,5.51472
69248.4,5.51077
69268.3,5.50682
69288.2,5.50287
69308.1,5.49892
69328,5.49497
69347.9,5.49113
69367.8,5.48745
69387.7,5.48378
69407.6,5.48011
69427.5,5.47643
69447.4,5.47275
69467.3,5.46908
69487.2,5.4654
69507.1,5.46173
69527,5.45806
69546.9,5.45438
69566.8,5.45071
69586.7,5.44703
69606.6,5.44336
69626.5,5.43968
69646.4,5.43601
69666.3,5.43233
69686.2,5.42866
69706.1,5.42498
69726,5.42131
69745.9,5.41763
69765.9,5.41396
69785.8,5.41028
69805.7,5.40661
69825.6,5.40293
69845.5,5.39926
69865.4,5.39558
69885.3,5.39191
69905.2,5.38823
69925.1,5.38456
69945,5.38088
69964.9,5.37721
69984.8,5.37353
70004.7,5.36986
70024.6,5.36618
70044.5,5.36251
70064.4,5.35883
70084.3,5.35516
70104.2,5.35148
70124.1,5.34781
70144,5.34413
70163.9,5.34046
70183.8,5.33678
70203.7,5.33311
70223.6,5.32943
70243.5,5.32576
70263.5,5.32208
70283.4,5.31841
70303.3,5.31473
70323.2,5.31106
70343.1,5.30738
70363,5.30371
70382.9,5.30003
70402.8,5.29636
70422.7,5.29268
70442.6,5.28901
70462.5,5.28533
70482.4,5.28166
70502.3,5.27798
70522.2,5.27431
70542.1,5.27063
70562,5.26696
70581.9,5.26328
70601.8,5.25961
70621.7,5.25593
70641.6,5.25226
70661.5,5.24858
70681.4,5.24491
70701.3,5.24139
70721.3,5.238
70741.1,5.2346
70761.1,5.23121
70781,5.22781
70800.9,5.22442
70820.8,5.22102
70840.7,5.21763
70860.6,5.21423
70880.5,5.21083
70900.4,5.20744
70920.3,5.20404
70940.2,5.20065
70960.1,5.19725
70980,5.19386
70999.9,5.19046
71019.8,5.18707
71039.7,5.18367
71059.6,5.18028
71079.5,5.17688
71099.4,5.17349
71119.3,5.17009
71139.2,5.1667
71159.1,5.1633
71179,5.15991
71198.9,5.15651
71218.8,5.15311
71238.8,5.14972
71258.7,5.14632
71278.6,5.14293
71298.5,5.13953
71318.4,5.13614
71338.3,5.13274
71358.2,5.12935
71378.1,5.12595
71398,5.12256
71417.9,5.11916
71437.8,5.11577
71457.7,5.11237
71477.6,5.10897
71497.5,5.10558
71517.4,5.10218
71537.3,5.09879
71557.2,5.09539
71577.1,5.092
71597,5.0886
71616.9,5.08521
71636.8,5.08181
71656.7,5.07842
71676.6,5.07502
71696.5,5.07163
71716.4,5.06823
71736.4,5.06483
71756.3,5.06144
71776.2,5.05804
71796.1,5.05465
71816,5.05125
71835.9,5.04786
71855.8,5.04446
71875.7,5.04107
71895.6,5.03767
71915.5,5.03428
71935.4,5.03088
71955.3,5.02749
71975.2,5.02409
71995.1,5.0207
72015,5.0173
72034.9,5.01391
72054.8,5.01051
72074.7,5.00718
72094.6,5.00404
72114.5,5.0009
72134.4,4.99776
72154.3,4.99462
72174.2,4.99148
72194.1,4.98834
72214,4.9852
72233.9,4.98206
72253.9,4.97892
72273.8,4.97578
72293.7,4.97264
72313.6,4.96951
72333.5,4.96637
72353.4,4.96323
72373.3,4.96009
72393.2,4.95695
72413.1,4.95381
72433,4.95067
72452.9,4.94753
72472.8,4.94439
72492.7,4.94125
72512.6,4.93812
72532.5,4.93498
72552.4,4.93184
72572.3,4.9287
72592.2,4.92556
72612.1,4.92242
72632,4.91928
72651.9,4.91614
72671.8,4.913
72691.7,4.90986
72711.6,4.90672
72731.5,4.90358
72751.4,4.90045
72771.4,4.89731
72791.3,4.89417
72811.2,4.89103
72831.1,4.88789
72851,4.88475
72870.9,4.88161
72890.8,4.87847
72910.7,4.87533
72930.6,4.87219
72950.5,4.86906
72970.4,4.86591
72990.3,4.86278
73010.2,4.85964
73030.1,4.8565
73050,4.85336
73069.9,4.85022
73089.8,4.84708
73109.7,4.84394
73129.6,4.8408
73149.5,4.83766
73169.4,4.83452
73189.3,4.83139
73209.2,4.82825
73229.1,4.82511
73249,4.82197
73269,4.81883
73288.9,4.81569
73308.8,4.81255
73328.7,4.80941
73348.6,4.80627
73368.5,4.80313
73388.4,4.79999
73408.3,4.79685
73428.2,4.79372
73448.1,4.79058
73468,4.78744
73487.9,4.78439
73507.8,4.78147
73527.7,4.77855
73547.6,4.77564
73567.5,4.77272
73587.4,4.76981
73607.3,4.76689
73627.2,4.76397
73647.1,4.76106
73667,4.75814
73686.9,4.75523
73706.8,4.75231
73726.7,4.74939
73746.6,4.74648
73766.6,4.74356
73786.5,4.74065
73806.4,4.73773
73826.3,4.73481
73846.2,4.7319
73866.1,4.72898
73886,4.72607
73905.9,4.72315
73925.8,4.72023
73945.7,4.71732
73965.6,4.7144
73985.5,4.71149
74005.4,4.70857
74025.3,4.70565
74045.2,4.70274
74065.1,4.69982
74085,4.6969
74104.9,4.69399
74124.8,4.69107
74144.7,4.68816
74164.6,4.68524
74184.5,4.68232
74204.4,4.67941
74224.3,4.67649
74244.3,4.67358
74264.2,4.67066
74284.1,4.66774
74304,4.66483
74323.9,4.66191
74343.8,4.65899
74363.7,4.65608
74383.6,4.65316
74403.5,4.65025
74423.4,4.64733
74443.3,4.64441
74463.2,4.6415
74483.1,4.63858
74503,4.63567
74522.9,4.63275
74542.8,4.62983
74562.7,4.62692
74582.6,4.624
74602.5,4.62109
74622.4,4.61817
74642.3,4.61525
74662.2,4.61234
74682.1,4.60942
74702,4.60651
74721.9,4.60359
74741.9,4.60067
74761.8,4.59776
74781.7,4.59484
74801.6,4.59192
74821.5,4.58901
74841.4,4.58609
74861.3,4.58318
74881.2,4.58026
74901.1,4.57734
74921,4.57444
74940.9,4.57173
74960.8,4.56902
74980.7,4.56631
75000.6,4.5636
75020.5,4.56089
75040.4,4.55818
75060.3,4.55547
75080.2,4.55276
75100.1,4.55005
75120,4.54734
75139.9,4.54463
75159.8,4.54192
75179.7,4.53921
75199.6,4.5365
75219.5,4.53379
75239.5,4.53109
75259.4,4.52838
75279.3,4.52567
75299.2,4.52296
75319.1,4.52025
75339,4.51754
75358.9,4.51483
75378.8,4.51212
75398.7,4.50941
75418.6,4.5067
75438.5,4.50399
75458.4,4.50128
75478.3,4.49857
75498.2,4.49586
75518.1,4.49315
75538,4.49044
75557.9,4.48773
75577.8,4.48502
75597.7,4.48231
75617.6,4.4796
75637.5,4.47689
75657.4,4.47418
75677.3,4.47148
75697.2,4.46877
75717.1,4.46606
75737,4.46335
75757,4.46064
75776.9,4.45793
75796.8,4.45522
75816.7,4.45251
75836.6,4.4498
75856.5,4.44709
75876.4,4.44438
75896.3,4.44167
75916.2,4.43896
75936.1,4.43625
75956,4.43354
75975.9,4.43083
75995.8,4.42812
76015.7,4.42541
76035.6,4.4227
76055.5,4.41999
76075.4,4.41728
76095.3,4.41457
76115.2,4.41186
76135.1,4.40916
76155,4.40645
76174.9,4.40374
76194.8,4.40103
76214.7,4.39832
76234.6,4.39561
76254.5,4.3929
76274.5,4.39019
76294.4,4.38748
76314.3,4.38477
76334.2,4.38206
76354.1,4.37935
76374,4.37664
76393.9,4.37407
76413.8,4.37156
76433.7,4.36906
76453.6,4.36655
76473.5,4.36404
76493.4,4.36153
76513.3,4.35903
76533.2,4.35652
76553.1,4.35401
76573,4.3515
76592.9,4.349
76612.8,4.34649
76632.7,4.34398
76652.6,4.34147
76672.5,4.33897
76692.4,4.33646
76712.3,4.33395
76732.2,4.33144
76752.1,4.32893
76772.1,4.32643
76792,4.32392
76811.9,4.32141
76831.8,4.3189
76851.7,4.3164
76871.6,4.31389
76891.5,4.31138
76911.4,4.30887
76931.3,4.30637
76951.2,4.30386
76971.1,4.30135
76991,4.29884
77010.9,4.29633
77030.8,4.29383
77050.7,4.29132
77070.6,4.28881
77090.5,4.28631
77110.4,4.2838
77130.3,4.28129
77150.2,4.27878
77170.1,4.27627
77190,4.27377
77209.9,4.27126
77229.8,4.26875
77249.8,4.26624
77269.6,4.26374
77289.6,4.26123
77309.5,4.25872
77329.4,4.25621
77349.3,4.25371
77369.2,4.2512
77389.1,4.24869
77409,4.24618
77428.9,4.24368
77448.8,4.24117
77468.7,4.23866
77488.6,4.23615
77508.5,4.23365
77528.4,4.23114
77548.3,4.22863
77568.2,4.22612
77588.1,4.22361
77608,4.22111
77627.9,4.2186
77647.8,4.21609
77667.7,4.21358
77687.6,4.21108
77707.5,4.20857
77727.4,4.20606
77747.4,4.20355
77767.3,4.20105
77787.2,4.19854
77807.1,4.19603
77827,4.19352
77846.9,4.19102
77866.8,4.18851
77886.7,4.18606
77906.6,4.18374
77926.5,4.18141
77946.4,4.17909
77966.3,4.17676
77986.2,4.17444
78006.1,4.17211
78026,4.16978
78045.9,4.16746
78065.8,4.16513
78085.7,4.16281
78105.6,4.16048
78125.5,4.15816
78145.4,4.15583
78165.3,4.15351
78185.2,4.15118
78205.1,4.14886
78225,4.14653
78245,4.14421
78264.9,4.14188
78284.8,4.13956
78304.7,4.13723
78324.6,4.13491
78344.5,4.13258
78364.4,4.13025
78384.3,4.12793
78404.2,4.1256
78424.1,4.12328
78444,4.12095
78463.9,4.11863
78483.8,4.1163
78503.7,4.11398
78523.6,4.11165
78543.5,4.10933
78563.4,4.107
78583.3,4.10468
78603.2,4.10235
78623.1,4.10003
78643,4.0977
78662.9,4.09538
78682.8,4.09305
78702.7,4.09072
78722.6,4.0884
78742.5,4.08607
78762.5,4.08375
78782.4,4.08142
78802.3,4.0791
78822.2,4.07677
78842.1,4.07445
78862,4.07212
78881.9,4.0698
78901.8,4.06747
78921.7,4.06515
78941.6,4.06282
78961.5,4.0605
78981.4,4.05817
79001.3,4.05585
79021.2,4.05352
79041.1,4.0512
79061,4.04887
79080.9,4.04655
79100.8,4.04422
79120.7,4.04189
79140.6,4.03957
79160.5,4.03724
79180.4,4.03492
79200.3,4.03259
79220.3,4.03027
79240.1,4.02794
79260.1,4.02562
79280,4.02329
79299.9,4.02097
79319.8,4.01864
79339.7,4.01632
79359.6,4.01399
79379.5,4.01167
79399.4,4.00934
79419.3,4.00712
79439.2,4.00491
79459.1,4.00269
79479,4.00047
79498.9,3.99826
79518.8,3.99604
79538.7,3.99383
79558.6,3.99161
79578.5,3.98939
79598.4,3.98718
79618.3,3.98496
79638.2,3.98275
79658.1,3.98053
79678,3.97832
79697.9,3.9761
79717.8,3.97388
79737.8,3.97167
79757.7,3.96945
79777.6,3.96724
79797.5,3.96502
79817.4,3.9628
79837.3,3.96059
79857.2,3.95837
79877.1,3.95616
79897,3.95394
79916.9,3.95173
79936.8,3.94951
79956.7,3.94729
79976.6,3.94508
79996.5,3.94286
80016.4,3.94072
80036.3,3.93858
80056.2,3.93645
80076.1,3.93432
80096,3.93218
80115.9,3.93005
80135.8,3.92792
80155.7,3.92578
80175.6,3.92365
80195.5,3.92152
80215.4,3.91938
80235.3,3.91725
80255.3,3.91512
80275.2,3.91298
80295.1,3.91085
80315,3.90872
80334.9,3.90658
80354.8,3.90445
80374.7,3.90232
80394.6,3.90018
80414.5,3.89805
80434.4,3.89592
80454.3,3.89378
80474.2,3.89165
80494.1,3.88952
80514,3.88738
80533.9,3.88525
80553.8,3.88312
80573.7,3.88098
80593.6,3.87885
80613.5,3.87672
80633.4,3.87458
80653.3,3.87245
80673.2,3.87032
80693.1,3.86818
80713,3.86605
80732.9,3.86392
80752.9,3.86178
80772.8,3.85965
80792.7,3.85752
80812.6,3.85538
80832.5,3.85325
80852.4,3.85112
80872.3,3.84898
80892.2,3.84685
80912.1,3.84472
80932,3.84258
80951.9,3.84046
80971.8,3.83848
80991.7,3.83649
81011.6,3.8345
81031.5,3.83251
81051.4,3.83052
81071.3,3.82853
81091.2,3.82655
81111.1,3.82456
81131,3.82257
81150.9,3.82058
81170.8,3.81859
81190.7,3.8166
81210.6,3.81462
81230.5,3.81263
81250.4,3.81064
81270.4,3.80865
81290.3,3.80666
81310.2,3.80467
81330.1,3.80269
81350,3.8007
81369.9,3.79871
81389.8,3.79672
81409.7,3.79473
81429.6,3.79274
81449.5,3.79076
81469.4,3.78877
81489.3,3.78678
81509.2,3.78479
81529.1,3.7828
81549,3.78081
81568.9,3.77882
81588.8,3.77684
81608.7,3.77485
81628.6,3.77286
81648.5,3.77087
81668.4,3.76888
81688.3,3.76689
81708.2,3.76491
81728.1,3.76292
81748,3.76093
81768,3.75894
81787.9,3.75695
81807.8,3.75496
81827.7,3.75297
81847.6,3.75099
81867.5,3.749
81887.4,3.74701
81907.3,3.74502
81927.2,3.74303
81947.1,3.74105
81967,3.73906
81986.9,3.73707
82006.8,3.73508
82026.7,3.73309
82046.6,3.7311
82066.5,3.72912
82086.4,3.72713
82106.3,3.72514
82126.2,3.72315
82146.1,3.72116
82166,3.71917
82185.9,3.71718
82205.8,3.7152
82225.8,3.71321
82245.6,3.71122
82265.6,3.70923
82285.5,3.70724
82305.4,3.70525
82325.3,3.70327
82345.2,3.70128
82365.1,3.69929
82385,3.6973
82404.9,3.69531
82424.8,3.69332
82444.7,3.69134
82464.6,3.68935
82484.5,3.68736
82504.4,3.68537
82524.3,3.68338
82544.2,3.68142
82564.1,3.67956
82584,3.67769
82603.9,3.67583
82623.8,3.67397
82643.7,3.67211
82663.6,3.67024
82683.5,3.66838
82703.4,3.66652
82723.3,3.66465
82743.3,3.66279
82763.2,3.66093
82783.1,3.65906
82803,3.6572
82822.9,3.65534
82842.8,3.65348
82862.7,3.65161
82882.6,3.64975
82902.5,3.64789
82922.4,3.64602
82942.3,3.64416
82962.2,3.6423
82982.1,3.64043
83002,3.63857
83021.9,3.63671
83041.8,3.63485
83061.7,3.63298
83081.6,3.63112
83101.5,3.62926
83121.4,3.62739
83141.3,3.62553
83161.2,3.62367
83181.1,3.62181
83201,3.61994
83220.9,3.61808
83240.9,3.61622
83260.8,3.61435
83280.7,3.61249
83300.6,3.61063
83320.5,3.60876
83340.4,3.6069
83360.3,3.60504
83380.2,3.60318
83400.1,3.60131
83420,3.59945
83439.9,3.59759
83459.8,3.59572
83479.7,3.59386
83499.6,3.592
83519.5,3.59013
83539.4,3.58827
83559.3,3.58641
83579.2,3.58454
83599.1,3.58268
83619,3.58082
83638.9,3.57896
83658.8,3.57709
83678.7,3.57523
83698.6,3.57337
83718.5,3.5715
83738.5,3.56964
83758.4,3.56778
83778.3,3.56592
83798.2,3.56405
83818.1,3.56219
83838,3.56033
83857.9,3.55846
83877.8,3.5566
83897.7,3.55474
83917.6,3.55287
83937.5,3.55101
83957.4,3.54915
83977.3,3.54729
83997.2,3.54542
84017.1,3.54356
84037,3.5417
84056.9,3.53983
84076.8,3.53797
84096.7,3.53611
84116.6,3.53424
84136.5,3.53238
84156.4,3.53057
84176.3,3.52885
84196.2,3.52713
84216.1,3.52541
84236,3.52369
84255.9,3.52197
84275.9,3.52025
84295.8,3.51853
84315.7,3.51681
84335.6,3.51509
84355.5,3.51337
84375.4,3.51165
84395.3,3.50993
84415.2,3.50821
84435.1,3.50649
84455,3.50477
84474.9,3.50305
84494.8,3.50133
84514.7,3.49961
84534.6,3.49789
84554.5,3.49617
84574.4,3.49445
84594.3,3.49274
84614.2,3.49101
84634.1,3.4893
84654,3.48758
84673.9,3.48586
84693.8,3.48414
84713.7,3.48242
84733.6,3.4807
84753.5,3.47898
84773.5,3.47726
84793.4,3.47554
84813.3,3.47382
84833.2,3.4721
84853.1,3.47038
84873,3.46866
84892.9,3.46694
84912.8,3.46522
84932.7,3.4635
84952.6,3.46178
84972.5,3.46006
84992.4,3.45834
85012.3,3.45662
85032.2,3.4549
85052.1,3.45318
85072,3.45147
85091.9,3.44975
85111.8,3.44803
85131.7,3.44631
85151.6,3.44459
85171.5,3.44287
85191.4,3.44115
85211.3,3.43943
85231.2,3.43771
85251.1,3.43599
85271.1,3.43427
85291,3.43255
85310.9,3.43083
85330.8,3.42911
85350.7,3.42739
85370.6,3.42567
85390.5,3.42395
85410.4,3.42223
85430.3,3.42051
85450.2,3.41879
85470.1,3.41707
85490,3.41535
85509.9,3.41363
85529.8,3.41192
85549.7,3.4102
85569.6,3.40848
85589.5,3.40676
85609.4,3.40504
85629.3,3.40332
85649.2,3.4016
85669.1,3.39988
85689,3.39816
85708.9,3.39644
85728.8,3.39472
85748.8,3.393
85768.7,3.39128
85788.6,3.38956
85808.5,3.38789
85828.4,3.38629
85848.3,3.38469
85868.2,3.38309
85888.1,3.38148
85908,3.37988
85927.9,3.37828
85947.8,3.37668
85967.7,3.37508
85987.6,3.37347
86007.5,3.37187
86027.4,3.37027
86047.3,3.36867
86067.2,3.36707
86087.1,3.36547
86107,3.36386
86126.9,3.36226
86146.8,3.36066
86166.7,3.35906
86186.6,3.35746
86206.5,3.35585
86226.4,3.35425
86246.4,3.35265
86266.3,3.35105
86286.2,3.34945
86306.1,3.34784
86326,3.34624
86345.9,3.34464
86365.8,3.34304
86385.7,3.34144
86405.6,3.33984
86425.5,3.33823
86445.4,3.33663
86465.3,3.33503
86485.2,3.33343
86505.1,3.33183
86525,3.33022
86544.9,3.32862
86564.8,3.32702
86584.7,3.32542
86604.6,3.32382
86624.5,3.32221
86644.4,3.32061
86664.3,3.31901
86684.2,3.31741
86704.1,3.31581
86724,3.3142
86744,3.3126
86763.9,3.311
86783.8,3.3094
86803.7,3.3078
86823.6,3.3062
86843.5,3.30459
86863.4,3.30299
86883.3,3.30139
86903.2,3.29979
86923.1,3.29819
86943,3.29658
86962.9,3.29498
86982.8,3.29338
87002.7,3.29178
87022.6,3.29018
87042.5,3.28857
87062.4,3.28697
87082.3,3.28537
87102.2,3.28377
87122.1,3.28217
87142,3.28057
87161.9,3.27896
87181.8,3.27736
87201.7,3.27576
87221.6,3.27416
87241.5,3.27256
87261.5,3.27095
87281.4,3.26935
87301.3,3.26775
87321.2,3.26615
87341.1,3.26455
87361,3.26294
87380.9,3.26134
87400.8,3.25974
87420.7,3.25814
87440.6,3.25654
87460.5,3.25494
87480.4,3.2534
87500.3,3.25192
87520.2,3.25044
87540.1,3.24896
87560,3.24748
87579.9,3.246
87599.8,3.24452
87619.7,3.24304
87639.6,3.24156
87659.5,3.24009
87679.4,3.23861
87699.3,3.23713
87719.2,3.23565
87739.1,3.23417
87759.1,3.23269
87779,3.23121
87798.9,3.22973
87818.8,3.22825
87838.7,3.22677
87858.6,3.2253
87878.5,3.22382
87898.4,3.22234
87918.3,3.22086
87938.2,3.21938
87958.1,3.2179
87978,3.21642
87997.9,3.21494
88017.8,3.21346
88037.7,3.21198
88057.6,3.2105
88077.5,3.20902
88097.4,3.20755
88117.3,3.20607
88137.2,3.20459
88157.1,3.20311
88177,3.20163
88196.9,3.20015
88216.8,3.19867
88236.7,3.19719
88256.6,3.19571
88276.6,3.19423
88296.5,3.19275
88316.4,3.19128
88336.3,3.1898
88356.2,3.18832
88376.1,3.18684
88396,3.18536
88415.9,3.18388
88435.8,3.1824
88455.7,3.18092
88475.6,3.17944
88495.5,3.17796
88515.4,3.17648
88535.3,3.17501
88555.2,3.17353
88575.1,3.17205
88595,3.17057
88614.9,3.16909
88634.8,3.16761
88654.7,3.16613
88674.6,3.16465
88694.5,3.16317
88714.4,3.16169
88734.3,3.16022
88754.3,3.15874
88774.1,3.15726
88794.1,3.15578
88814,3.1543
88833.9,3.15282
88853.8,3.15134
88873.7,3.14986
88893.6,3.14838
88913.5,3.1469
88933.4,3.14542
88953.3,3.14395
88973.2,3.14247
88993.1,3.14099
89013,3.13951
89032.9,3.13803
89052.8,3.13655
89072.7,3.13507
89092.6,3.13359
89112.5,3.13211
89132.4,3.13063
89152.3,3.12915
89172.2,3.12768
89192.1,3.12626
89212,3.12489
89231.9,3.12352
89251.9,3.12215
89271.8,3.12078
89291.7,3.11941
89311.6,3.11804
89331.5,3.11666
89351.4,3.11529
89371.3,3.11392
89391.2,3.11255
89411.1,3.11118
89431,3.10981
89450.9,3.10844
89470.8,3.10707
89490.7,3.10569
89510.6,3.10432
89530.5,3.10295
89550.4,3.10158
89570.3,3.10021
89590.2,3.09884
89610.1,3.09747
89630,3.0961
89649.9,3.09473
89669.8,3.09335
89689.7,3.09198
89709.6,3.09061
89729.5,3.08924
89749.5,3.08787
89769.4,3.0865
89789.3,3.08513
89809.2,3.08376
89829.1,3.08239
89849,3.08101
89868.9,3.07964
89888.8,3.07827
89908.7,3.0769
89928.6,3.07553
89948.5,3.07416
89968.4,3.07279
89988.3,3.07142
90008.2,3.07004
90028.1,3.06867
90048,3.0673
90067.9,3.06593
90087.8,3.06456
90107.7,3.06319
90127.6,3.06182
90147.5,3.06045
90167.4,3.05908
90187.3,3.0577
90207.2,3.05633
90227.1,3.05496
90247,3.05359
90267,3.05222
90286.9,3.05085
90306.8,3.04948
90326.7,3.04811
90346.6,3.04674
90366.5,3.04536
90386.4,3.04399
90406.3,3.04262
90426.2,3.04125
90446.1,3.03988
90466,3.03851
90485.9,3.03714
90505.8,3.03577
90525.7,3.03439
90545.6,3.03302
90565.5,3.03165
90585.4,3.03028
90605.3,3.02891
90625.2,3.02754
90645.1,3.02617
90665,3.0248
90684.9,3.02343
90704.8,3.02205
90724.8,3.02068
90744.6,3.01931
90764.6,3.01794
90784.5,3.01657
90804.4,3.0152
90824.3,3.01383
90844.2,3.01246
90864.1,3.01109
90884,3.00971
90903.9,3.00834
90923.8,3.00697
90943.7,3.00567
90963.6,3.00439
90983.5,3.00312
91003.4,3.00184
91023.3,3.00057
91043.2,2.99929
91063.1,2.99802
91083,2.99674
91102.9,2.99547
91122.8,2.99419
91142.7,2.99291
91162.6,2.99164
91182.5,2.99036
91202.4,2.98909
91222.3,2.98781
91242.3,2.98654
91262.2,2.98526
91282.1,2.98399
91302,2.98271
91321.9,2.98144
91341.8,2.98016
91361.7,2.97889
91381.6,2.97761
91401.5,2.97634
91421.4,2.97506
91441.3,2.97379
91461.2,2.97251
91481.1,2.97124
91501,2.96996
91520.9,2.96869
91540.8,2.96741
91560.7,2.96614
91580.6,2.96486
91600.5,2.96359
91620.4,2.96231
91640.3,2.96104
91660.2,2.95976
91680.1,2.95848
91700,2.95721
91719.9,2.95593
91739.9,2.95466
91759.8,2.95338
91779.7,2.95211
91799.6,2.95083
91819.5,2.94956
91839.4,2.94828
91859.3,2.94701
91879.2,2.94573
91899.1,2.94446
91919,2.94318
91938.9,2.94191
91958.8,2.94063
91978.7,2.93936
91998.6,2.93808
92018.5,2.93681
92038.4,2.93553
92058.3,2.93426
92078.2,2.93298
92098.1,2.93171
92118,2.93043
92137.9,2.92916
92157.8,2.92788
92177.7,2.92661
92197.6,2.92533
92217.5,2.92406
92237.4,2.92278
92257.4,2.9215
92277.3,2.92023
92297.2,2.91895
92317.1,2.91768
92337,2.9164
92356.9,2.91513
92376.8,2.91385
92396.7,2.91258
92416.6,2.9113
92436.5,2.91003
92456.4,2.90875
92476.3,2.90748
92496.2,2.9062
92516.1,2.90493
92536,2.90365
92555.9,2.90238
92575.8,2.9011
92595.7,2.89983
92615.6,2.89855
92635.5,2.89728
92655.4,2.896
92675.3,2.89473
92695.2,2.89345
92715.1,2.8922
92735,2.89101
92754.9,2.88981
92774.9,2.88862
92794.8,2.88743
92814.7,2.88624
92834.6,2.88505
92854.5,2.88386
92874.4,2.88267
92894.3,2.88147
92914.2,2.88028
92934.1,2.87909
92954,2.8779
92973.9,2.87671
92993.8,2.87552
93013.7,2.87433
93033.6,2.87314
93053.5,2.87194
93073.4,2.87075
93093.3,2.86956
93113.2,2.86837
93133.1,2.86718
93153,2.86599
93172.9,2.8648
93192.8,2.86361
93212.7,2.86241
93232.6,2.86122
93252.5,2.86003
93272.5,2.85884
93292.4,2.85765
93312.3,2.85646
93332.2,2.85527
93352.1,2.85407
93372,2.85288
93391.9,2.85169
93411.8,2.8505
93431.7,2.84931
93451.6,2.84812
93471.5,2.84693
93491.4,2.84573
93511.3,2.84454
93531.2,2.84335
93551.1,2.84216
93571,2.84097
93590.9,2.83978
93610.8,2.83859
93630.7,2.8374
93650.6,2.8362
93670.5,2.83501
93690.4,2.83382
93710.3,2.83263
93730.3,2.83144
93750.1,2.83025
93770.1,2.82906
93790,2.82786
93809.9,2.82667
93829.8,2.82548
93849.7,2.82429
93869.6,2.8231
93889.5,2.82191
93909.4,2.82072
93929.3,2.81953
93949.2,2.81833
93969.1,2.81714
93989,2.81595
94008.9,2.81476
94028.8,2.81357
94048.7,2.81238
94068.6,2.81119
94088.5,2.80999
94108.4,2.8088
94128.3,2.80761
94148.2,2.80642
94168.1,2.80523
94188,2.80404
94207.9,2.80285
94227.8,2.80166
94247.8,2.80046
94267.7,2.79927
94287.6,2.79808
94307.5,2.79689
94327.4,2.7957
94347.3,2.79451
94367.2,2.79332
94387.1,2.79212
94407,2.79093
94426.9,2.78974
94446.8,2.78855
94466.7,2.78736
94486.6,2.78617
94506.5,2.78498
94526.4,2.78382
94546.3,2.78272
94566.2,2.78163
94586.1,2.78053
94606,2.77943
94625.9,2.77834
94645.8,2.77724
94665.7,2.77615
94685.6,2.77505
94705.5,2.77396
94725.4,2.77286
94745.4,2.77177
94765.3,2.77067
94785.2,2.76957
94805.1,2.76848
94825,2.76738
94844.9,2.76629
94864.8,2.76519
94884.7,2.7641
94904.6,2.763
94924.5,2.76191
94944.4,2.76081
94964.3,2.75972
94984.2,2.75862
95004.1,2.75752
95024,2.75643
95043.9,2.75533
95063.8,2.75424
95083.7,2.75314
95103.6,2.75205
95123.5,2.75095
95143.4,2.74986
95163.3,2.74876
95183.2,2.74767
95203.1,2.74657
95223,2.74547
95243,2.74438
95262.9,2.74328
95282.8,2.74219
95302.7,2.74109
95322.6,2.74
95342.5,2.7389
95362.4,2.73781
95382.3,2.73671
95402.2,2.73562
95422.1,2.73452
95442,2.73342
95461.9,2.73233
95481.8,2.73123
95501.7,2.73014
95521.6,2.72904
95541.5,2.72795
95561.4,2.72685
95581.3,2.72576
95601.2,2.72466
95621.1,2.72356
95641,2.72247
95660.9,2.72137
95680.8,2.72028
95700.7,2.71918
95720.6,2.71809
95740.6,2.71699
95760.5,2.7159
95780.4,2.7148
95800.3,2.71371
95820.2,2.71261
95840.1,2.71151
95860,2.71042
95879.9,2.70932
95899.8,2.70823
95919.7,2.70713
95939.6,2.70604
95959.5,2.70494
95979.4,2.70385
95999.3,2.70275
96019.2,2.70166
96039.1,2.70056
96059,2.69946
96078.9,2.69837
96098.8,2.69727
96118.7,2.69618
96138.6,2.69508
96158.5,2.69399
96178.4,2.69289
96198.3,2.6918
96218.2,2.6907
96238.1,2.68961
96258,2.68851
96278,2.68741
96297.9,2.68632
96317.8,2.68522
96337.7,2.68413
96357.6,2.68303
96377.5,2.68196
96397.4,2.68094
96417.3,2.67991
96437.2,2.67888
96457.1,2.67786
96477,2.67683
96496.9,2.67581
96516.8,2.67478
96536.7,2.67375
96556.6,2.67273
96576.5,2.6717
96596.4,2.67067
96616.3,2.66965
96636.2,2.66862
96656.1,2.6676
96676,2.66657
96695.9,2.66554
96715.8,2.66452
96735.7,2.66349
96755.6,2.66246
96775.6,2.66144
96795.5,2.66041
96815.4,2.65938
96835.3,2.65836
96855.2,2.65733
96875.1,2.65631
96895,2.65528
96914.9,2.65425
96934.8,2.65323
96954.7,2.6522
96974.6,2.65118
96994.5,2.65015
97014.4,2.64912
97034.3,2.6481
97054.2,2.64707
97074.1,2.64604
97094,2.64502
97113.9,2.64399
97133.8,2.64297
97153.7,2.64194
97173.6,2.64091
97193.5,2.63989
97213.4,2.63886
97233.3,2.63783
97253.3,2.63681
97273.2,2.63578
97293.1,2.63476
97313,2.63373
97332.9,2.6327
97352.8,2.63168
97372.7,2.63065
97392.6,2.62962
97412.5,2.6286
97432.4,2.62757
97452.3,2.62655
97472.2,2.62552
97492.1,2.62449
97512,2.62347
97531.9,2.62244
97551.8,2.62141
97571.7,2.62039
97591.6,2.61936
97611.5,2.61834
97631.4,2.61731
97651.3,2.61628
97671.2,2.61526
97691.1,2.61423
97711,2.6132
97730.9,2.61218
97750.9,2.61115
97770.8,2.61013
97790.7,2.6091
97810.6,2.60807
97830.5,2.60705
97850.4,2.60602
97870.3,2.60499
97890.2,2.60397
97910.1,2.60294
97930,2.60192
97949.9,2.60089
97969.8,2.59986
97989.7,2.59884
98009.6,2.59781
98029.5,2.59678
98049.4,2.59576
98069.3,2.59473
98089.2,2.59371
98109.1,2.59268
98129,2.59165
98148.9,2.59063
98168.8,2.5896
98188.7,2.58857
98208.6,2.58755
98228.5,2.58652
98248.5,2.5855
98268.4,2.58454
98288.3,2.58358
98308.2,2.58263
98328.1,2.58167
98348,2.58072
98367.9,2.57976
98387.8,2.57881
98407.7,2.57786
98427.6,2.5769
98447.5,2.57595
98467.4,2.57499
98487.3,2.57404
98507.2,2.57309
98527.1,2.57213
98547,2.57118
98566.9,2.57022
98586.8,2.56927
98606.7,2.56831
98626.6,2.56736
98646.5,2.5664
98666.4,2.56545
98686.3,2.5645
98706.2,2.56354
98726.1,2.56259
98746,2.56163
98766,2.56068
98785.9,2.55973
98805.8,2.55877
98825.7,2.55782
98845.6,2.55686
98865.5,2.55591
98885.4,2.55495
98905.3,2.554
98925.2,2.55305
98945.1,2.55209
98965,2.55114
98984.9,2.55018
99004.8,2.54923
99024.7,2.54827
99044.6,2.54732
99064.5,2.54637
99084.4,2.54541
99104.3,2.54446
99124.2,2.5435
99144.1,2.54255
99164,2.54159
99183.9,2.54064
99203.8,2.53969
99223.8,2.53873
99243.6,2.53778
99263.6,2.53682
99283.5,2.53587
99303.4,2.53491
99323.3,2.53396
99343.2,2.53301
99363.1,2.53205
99383,2.5311
99402.9,2.53014
99422.8,2.52919
99442.7,2.52823
99462.6,2.52728
99482.5,2.52633
99502.4,2.52537
99522.3,2.52442
99542.2,2.52346
99562.1,2.52251
99582,2.52156
99601.9,2.5206
99621.8,2.51965
99641.7,2.51869
99661.6,2.51774
99681.5,2.51678
99701.4,2.51583
99721.3,2.51488
99741.3,2.51392
99761.2,2.51297
99781.1,2.51201
99801,2.51106
99820.9,2.5101
99840.8,2.50915
99860.7,2.5082
99880.6,2.50724
99900.5,2.50629
99920.4,2.50533
99940.3,2.50438
99960.2,2.50342
99980.1,2.50247
100000,2.50152