500,201868
519.904,197324
539.808,192780
559.712,188235
579.616,183691
599.52,179147
619.424,174603
639.328,170059
659.232,165514
679.136,160970
699.04,156426
718.944,151882
738.848,147338
758.752,142793
778.656,138249
798.56,133705
818.464,129161
838.368,124617
858.272,120072
878.176,115528
898.08,110984
917.984,106440
937.888,101896
957.792,97351.5
977.696,92807.3
997.599,88263.1
1017.5,95735.4
1037.41,91405.2
1057.31,87273.3
1077.22,83512.4
1097.12,79914.2
1117.02,76471.4
1136.93,73295.8
1156.83,70368.5
1176.74,67525
1196.64,64838.2
1216.54,62356.4
1236.45,59898
1256.35,57633.5
1276.26,55535.7
1296.16,53521.3
1316.06,51600.5
1335.97,49786.9
1355.87,48053.1
1375.78,46376.4
1395.68,44802.2
1415.58,43335.5
1435.49,41881.4
1455.39,40510.2
1475.3,39204.9
1495.2,37970.2
1515.1,36775.6
1535.01,35579.7
1554.91,34401.3
1574.81,33331.8
1594.72,32297.4
1614.62,31300.6
1634.53,30359.7
1654.43,29445.1
1674.33,28570.3
1694.24,27729
1714.14,26919.3
1734.05,26142.7
1753.95,25386.4
1773.85,24690.5
1793.76,24010.6
1813.66,23351.1
1833.57,22716.3
1853.47,22093.1
1873.37,21504.5
1893.28,20924.6
1913.18,20389.1
1933.09,19862.1
1952.99,19359.8
1972.89,18868.6
1992.8,18398.1
2012.7,17932.8
2032.61,17487.4
2052.51,17049.9
2072.41,16622.7
2092.32,16207
2112.22,15807.1
2132.13,15420.3
2152.03,15052.4
2171.93,14691
2191.84,14344.8
2211.74,14003.2
2231.65,13682
2251.55,13361.4
2271.45,13063.9
2291.36,12766.5
2311.26,12484.3
2331.17,12205.6
2351.07,11939.1
2370.97,11682.2
2390.88,11429.6
2410.78,11189.8
2430.69,10950
2450.59,10720.5
2470.49,10492.3
2490.4,10274.8
2510.3,10067.1
2530.21,9859.8
2550.11,9659.49
2570.01,9459.17
2589.92,9271.03
2609.82,9091.04
2629.73,8911.36
2649.63,8739.57
2669.53,8567.78
2689.44,8401.54
2709.34,8241.44
2729.25,8081.35
2749.15,7933.03
2769.05,7786.61
2788.96,7641.23
2808.86,7501.88
2828.77,7362.52
2848.67,7228.3
2868.57,7100.74
2888.48,6973.18
2908.38,6850.78
2928.29,6731.51
2948.19,6612.25
2968.09,6497.2
2988,6383.5
3007.9,6269.48
3027.81,6161.77
3047.71,6054.87
3067.61,5947.96
3087.52,5847.51
3107.42,5747.53
3127.33,5647.56
3147.23,5554
3167.13,5461.03
3187.04,5368.06
3206.94,5281.29
3226.85,5195.6
3246.75,5109.91
3266.65,5027.19
3286.56,4945.82
3306.46,4864.46
3326.37,4786.59
3346.27,4711.92
3366.17,4637.26
3386.08,4563.8
3405.98,4493.84
3425.89,4423.89
3445.79,4353.94
3465.69,4289.18
3485.6,4224.76
3505.5,4160.34
3525.41,4097.73
3545.31,4036.79
3565.21,3975.84
3585.12,3915.39
3605.02,3859.04
3624.92,3802.69
3644.83,3746.34
3664.73,3692.55
3684.64,3640.55
3704.54,3588.54
3724.45,3536.54
3744.35,3487.64
3764.25,3438.84
3784.16,3390.04
3804.06,3342.18
3823.96,3296.49
3843.87,3250.81
3863.77,3205.12
3883.68,3161.54
3903.58,3119.45
3923.48,3077.35
3943.39,3035.26
3963.29,2994.62
3983.2,2954.42
4003.1,2914.48
4023,2875.95
4042.91,2838.76
4062.81,2801.71
4082.72,2764.67
4102.62,2727.63
4122.52,2692.7
4142.43,2657.94
4162.33,2623.18
4182.24,2588.41
4202.14,2556.04
4222.04,2523.9
4241.95,2491.76
4261.85,2459.61
4281.76,2429.17
4301.66,2399.16
4321.56,2369.16
4341.47,2339.16
4361.37,2310.53
4381.28,2282.73
4401.18,2254.93
4421.08,2227.13
4440.99,2199.99
4460.89,2174.08
4480.8,2148.18
4500.7,2122.27
4520.6,2096.36
4540.51,2072.16
4560.41,2047.99
4580.32,2023.83
4600.22,1999.66
4620.12,1976.36
4640.03,1953.74
4659.93,1931.12
4679.84,1908.5
4699.74,1885.95
4719.64,1865.2
4739.55,1844.46
4759.45,1823.71
4779.36,1802.97
4799.26,1782.81
4819.16,1763.47
4839.07,1744.13
4858.97,1724.79
4878.88,1705.46
4898.78,1686.92
4918.68,1668.75
4938.59,1650.57
4958.49,1632.39
4978.4,1614.22
4998.3,1596.88
5018.2,1580.06
5038.11,1563.28
5058.01,1546.5
5077.92,1529.72
5097.82,1513.93
5117.72,1498.14
5137.63,1482.35
5157.53,1466.56
5177.44,1450.79
5197.34,1436.03
5217.24,1421.27
5237.15,1406.52
5257.05,1391.76
5276.96,1377
5296.86,1363.18
5316.76,1349.42
5336.67,1335.65
5356.57,1321.89
5376.48,1308.12
5396.38,1295.19
5416.28,1282.5
5436.19,1269.81
5456.09,1257.12
5476,1244.43
5495.9,1232.18
5515.8,1220.45
5535.71,1208.73
5555.61,1197.01
5575.52,1185.29
5595.42,1173.62
5615.32,1162.61
5635.23,1151.61
5655.13,1140.6
5675.04,1129.6
5694.94,1118.59
5714.84,1108.05
5734.75,1097.82
5754.65,1087.6
5774.55,1077.38
5794.46,1067.15
5814.36,1056.93
5834.27,1047.26
5854.17,1037.61
5874.07,1027.95
5893.98,1018.3
5913.88,1008.65
5933.79,999.237
5953.69,990.401
5973.59,981.565
5993.5,972.729
6013.4,964.001
6033.31,955.326
6053.21,946.834
6073.11,938.555
6093.02,930.276
6112.92,921.998
6132.83,913.719
6152.73,905.44
6172.63,897.414
6192.54,889.659
6212.44,881.904
6232.35,874.148
6252.25,866.393
6272.15,858.637
6292.06,851.15
6311.96,843.982
6331.87,836.815
6351.77,829.648
6371.67,822.481
6391.58,815.313
6411.48,808.278
6431.39,801.589
6451.29,794.9
6471.19,788.211
6491.1,781.522
6511,774.832
6530.91,768.143
6550.81,761.964
6570.71,755.787
6590.62,749.609
6610.52,743.432
6630.43,737.255
6650.33,731.077
6670.23,725.127
6690.14,719.353
6710.04,713.578
6729.95,707.803
6749.85,702.029
6769.75,696.254
6789.66,690.494
6809.56,685.15
6829.47,679.807
6849.37,674.463
6869.27,669.119
6889.18,663.775
6909.08,658.432
6928.99,653.21
6948.89,648.215
6968.79,643.22
6988.7,638.225
7008.6,633.229
7028.51,628.234
7048.41,623.239
7068.31,618.455
7088.22,613.832
7108.12,609.209
7128.03,604.585
7147.93,599.962
7167.83,595.339
7187.74,590.716
7207.64,586.302
7227.55,582.01
7247.45,577.717
7267.35,573.424
7287.26,569.131
7307.16,564.838
7327.07,560.545
7346.97,556.405
7366.87,552.388
7386.78,548.371
7406.68,544.355
7426.59,540.338
7446.49,536.322
7466.39,532.305
7486.3,528.396
7506.2,524.673
7526.1,520.951
7546.01,517.228
7565.91,513.506
7585.82,509.783
7605.72,506.061
7625.63,502.347
7645.53,498.906
7665.43,495.464
7685.34,492.023
7705.24,488.581
7725.15,485.14
7745.05,481.698
7764.95,478.257
7784.86,474.927
7804.76,471.71
7824.67,468.493
7844.57,465.276
7864.47,462.059
7884.38,458.843
7904.28,455.626
7924.18,452.409
7944.09,449.325
7963.99,446.262
7983.9,443.199
8003.8,440.163
8023.7,437.237
8043.61,434.311
8063.51,431.385
8083.42,428.468
8103.32,425.672
8123.23,422.877
8143.13,420.081
8163.03,417.286
8182.94,414.49
8202.84,411.695
8222.74,408.899
8242.65,406.122
8262.55,403.464
8282.46,400.806
8302.36,398.147
8322.26,395.489
8342.17,2924.32
8362.07,2906.96
8381.98,2889.59
8401.88,2872.28
8421.78,2855.99
8441.69,2839.69
8461.59,2823.4
8481.5,2807.11
8501.4,2790.82
8521.3,2774.52
8541.21,2758.23
8561.11,2741.94
8581.02,2726.49
8600.92,2711.26
8620.82,2696.02
8640.73,2680.78
8660.63,2665.54
8680.54,2650.3
8700.44,2635.07
8720.34,2619.83
8740.25,2605
8760.15,2590.76
8780.06,2576.51
8799.96,2562.27
8819.86,2548.03
8839.77,2533.78
8859.67,2519.54
8879.58,2505.3
8899.48,2491.05
8919.38,2477.53
8939.29,2464.15
8959.19,2450.78
8979.1,2437.41
8999,2424.04
9018.9,2410.67
9038.81,2397.3
9058.71,2383.93
9078.62,2370.63
9098.52,2358.17
9118.42,2345.71
9138.33,2333.25
9158.23,2320.8
9178.14,2308.34
9198.04,2295.88
9217.94,2283.42
9237.85,2270.96
9257.75,2258.6
9277.66,2246.85
9297.56,2235.1
9317.46,2223.35
9337.37,2211.6
9357.27,2199.85
9377.17,2188.11
9397.08,2176.36
9416.98,2164.61
9436.89,2152.89
9456.79,2141.82
9476.7,2130.76
9496.6,2119.69
9516.5,2108.63
9536.41,2097.57
9556.31,2086.5
9576.21,2075.44
9596.12,2064.37
9616.02,2053.31
9635.93,2042.82
9655.83,2032.48
9675.74,2022.13
9695.64,2011.78
9715.54,2001.44
9735.45,1991.09
9755.35,1980.75
9775.25,1970.4
9795.16,1960.06
9815.06,1949.96
9834.97,1940.3
9854.87,1930.64
9874.77,1920.99
9894.68,1911.33
9914.58,1901.68
9934.49,1892.02
9954.39,1882.36
9974.29,1872.71
9994.2,1863.05
10014.1,1853.86
10034,1844.86
10053.9,1835.87
10073.8,1826.87
10093.7,1817.87
10113.6,1808.87
10133.5,1799.88
10153.4,1790.88
10173.3,1781.88
10193.2,1772.88
10213.1,1763.89
10233,1754.9
10253,1745.9
10272.9,1736.91
10292.8,1727.92
10312.7,1718.92
10332.6,1709.93
10352.5,1700.94
10372.4,1691.95
10392.3,1683.09
10412.2,1675.3
10432.1,1667.51
10452,1659.72
10471.9,1651.93
10491.8,1644.14
10511.7,1636.35
10531.6,1628.56
10551.5,1620.77
10571.4,1612.98
10591.3,1605.19
10611.2,1597.55
10631.1,1590.02
10651,1582.49
10670.9,1574.96
10690.8,1567.43
10710.7,1559.9
10730.6,1552.36
10750.5,1544.83
10770.5,1537.3
10790.4,1529.77
10810.3,1522.25
10830.2,1515.15
10850.1,1508.05
10870,1500.96
10889.9,1493.86
10909.8,1486.76
10929.7,1479.66
10949.6,1472.57
10969.5,1465.47
10989.4,1458.37
11009.3,1451.27
11029.2,1444.3
11049.1,1437.46
11069,1430.62
11088.9,1423.78
11108.8,1416.94
11128.7,1410.11
11148.6,1403.27
11168.5,1396.43
11188.4,1389.59
11208.3,1382.75
11228.2,1375.92
11248.1,1369.66
11268.1,1363.47
11288,1357.27
11307.9,1351.07
11327.8,1344.88
11347.7,1338.68
11367.6,1332.48
11387.5,1326.29
11407.4,1320.09
11427.3,1313.89
11447.2,1307.7
11467.1,1301.94
11487,1296.25
11506.9,1290.56
11526.8,1284.86
11546.7,1279.18
11566.6,1273.48
11586.5,1267.79
11606.4,1262.1
11626.3,1256.41
11646.2,1250.72
11666.1,1245.03
11686,1239.37
11705.9,1233.75
11725.8,1228.13
11745.7,1222.51
11765.7,1216.89
11785.6,1211.27
11805.5,1205.66
11825.4,1200.04
11845.3,1194.42
11865.2,1188.8
11885.1,1183.18
11905,1177.74
11924.9,1172.82
11944.8,1167.89
11964.7,1162.97
11984.6,1158.05
12004.5,1153.12
12024.4,1148.2
12044.3,1143.28
12064.2,1138.36
12084.1,1133.43
12104,1128.51
12123.9,1123.59
12143.8,1118.67
12163.7,1113.77
12183.6,1108.87
12203.5,1103.97
12223.4,1099.07
12243.3,1094.17
12263.3,1089.27
12283.2,1084.37
12303.1,1079.47
12323,1074.57
12342.9,1069.67
12362.8,1064.77
12382.7,1060.26
12402.6,1055.97
12422.5,1051.68
12442.4,1047.39
12462.3,1043.1
12482.2,1038.81
12502.1,1034.52
12522,1030.23
12541.9,1025.94
12561.8,1021.65
12581.7,1017.36
12601.6,1013.07
12621.5,1008.78
12641.4,1004.46
12661.3,1000.15
12681.2,995.83
12701.1,991.513
12721,987.196
12740.9,982.879
12760.9,978.562
12780.8,974.245
12800.7,969.928
12820.6,965.611
12840.5,961.294
12860.4,956.985
12880.3,953.117
12900.2,949.249
12920.1,945.381
12940,941.513
12959.9,937.645
12979.8,933.777
12999.7,929.909
13019.6,926.041
13039.5,922.173
13059.4,918.305
13079.3,914.437
13099.2,910.569
13119.1,906.843
13139,903.285
13158.9,899.726
13178.8,896.167
13198.7,892.609
13218.6,889.051
13238.5,885.492
13258.5,881.934
13278.4,878.376
13298.3,874.817
13318.2,871.258
13338.1,867.7
13358,864.142
13377.9,860.655
13397.8,857.278
13417.7,853.902
13437.6,850.525
13457.5,847.148
13477.4,843.772
13497.3,840.395
13517.2,837.018
13537.1,833.642
13557,830.265
13576.9,826.888
13596.8,823.512
13616.7,820.135
13636.6,816.852
13656.5,813.754
13676.4,810.658
13696.3,807.561
13716.2,804.464
13736.1,801.368
13756.1,798.271
13776,795.174
13795.9,792.077
13815.8,788.98
13835.7,785.883
13855.6,782.787
13875.5,779.69
13895.4,776.593
13915.3,773.621
13935.2,770.685
13955.1,767.75
13975,764.815
13994.9,761.88
14014.8,758.944
14034.7,756.009
14054.6,753.074
14074.5,750.139
14094.4,747.203
14114.3,744.268
14134.2,741.333
14154.1,738.398
14174,735.512
14193.9,732.818
14213.8,730.124
14233.7,727.429
14253.7,724.735
14273.6,722.041
14293.5,719.347
14313.4,716.653
14333.3,713.959
14353.2,711.265
14373.1,708.571
14393,705.877
14412.9,703.183
14432.8,700.489
14452.7,697.814
14472.6,695.263
14492.5,692.712
14512.4,690.16
14532.3,687.609
14552.2,685.058
14572.1,682.507
14592,679.955
14611.9,677.404
14631.8,674.853
14651.7,672.302
14671.6,669.75
14691.5,667.199
14711.4,664.648
14731.3,662.11
14751.3,659.746
14771.2,657.384
14791.1,655.021
14811,652.658
14830.9,650.294
14850.8,647.932
14870.7,645.569
14890.6,643.206
14910.5,640.843
14930.4,638.48
14950.3,636.117
14970.2,633.754
14990.1,631.391
15010,629.21
15029.9,627.102
15049.8,624.883
15069.7,622.664
15089.6,620.445
15109.5,618.227
15129.4,616.008
15149.3,613.789
15169.2,611.57
15189.1,609.351
15209,607.133
15228.9,604.914
15248.8,602.695
15268.8,600.476
15288.7,598.257
15308.6,596.038
15328.5,593.989
15348.4,591.954
15368.3,589.918
15388.2,587.882
15408.1,585.846
15428,583.81
15447.9,581.775
15467.8,579.739
15487.7,577.703
15507.6,575.667
15527.5,573.631
15547.4,571.596
15567.3,569.56
15587.2,567.524
15607.1,565.488
15627,563.599
15646.9,561.734
15666.8,559.87
15686.7,558.005
15706.6,556.14
15726.5,554.276
15746.5,552.411
15766.4,550.547
15786.3,548.682
15806.2,546.818
15826.1,544.953
15846,543.088
15865.9,541.224
15885.8,539.359
15905.7,537.495
15925.6,535.656
15945.5,533.886
15965.4,532.115
15985.3,530.344
16005.2,528.573
16025.1,526.802
16045,525.032
16064.9,523.261
16084.8,521.49
16104.7,519.719
16124.6,517.949
16144.5,516.178
16164.4,514.407
16184.3,512.636
16204.2,510.866
16224.1,509.095
16244,507.386
16264,505.703
16283.9,504.02
16303.8,502.338
16323.7,500.655
16343.6,498.972
16363.5,497.289
16383.4,495.606
16403.3,493.924
16423.2,492.241
16443.1,490.558
16463,488.875
16482.9,487.192
16502.8,485.509
16522.7,483.827
16542.6,482.168
16562.5,480.67
16582.4,479.172
16602.3,477.673
16622.2,476.175
16642.1,474.677
16662,473.179
16681.9,471.681
16701.8,470.182
16721.7,468.684
16741.6,467.186
16761.6,465.688
16781.5,464.19
16801.4,462.691
16821.3,461.193
16841.2,459.695
16861.1,458.197
16881,456.738
16900.9,455.311
16920.8,453.885
16940.7,452.458
16960.6,451.031
16980.5,449.605
17000.4,448.178
17020.3,446.752
17040.2,445.325
17060.1,443.899
17080,442.472
17099.9,441.045
17119.8,439.619
17139.7,438.192
17159.6,436.766
17179.5,435.339
17199.4,433.912
17219.3,432.561
17239.2,431.211
17259.2,429.862
17279.1,428.512
17299,427.163
17318.9,425.813
17338.8,424.464
17358.7,423.114
17378.6,421.765
17398.5,420.415
17418.4,419.066
17438.3,417.716
17458.2,416.367
17478.1,415.017
17498,413.668
17517.9,412.318
17537.8,411.024
17557.7,409.814
17577.6,408.604
17597.5,407.393
17617.4,406.183
17637.3,404.973
17657.2,403.763
17677.1,402.553
17697,401.343
17716.9,400.133
17736.8,398.923
17756.8,397.713
17776.7,396.503
17796.6,395.293
17816.5,394.083
17836.4,392.873
17856.3,391.663
17876.2,390.453
17896.1,389.293
17916,388.145
17935.9,386.998
17955.8,385.85
17975.7,384.702
17995.6,383.554
18015.5,382.407
18035.4,381.259
18055.3,380.111
18075.2,378.963
18095.1,377.816
18115,376.668
18134.9,375.52
18154.8,374.373
18174.7,373.225
18194.6,372.077
18214.5,370.929
18234.4,369.795
18254.3,368.71
18274.3,367.625
18294.2,366.539
18314.1,365.454
18334,364.368
18353.9,363.283
18373.8,362.198
18393.7,361.112
18413.6,360.027
18433.5,358.941
18453.4,357.856
18473.3,356.771
18493.2,355.685
18513.1,354.6
18533,353.514
18552.9,352.429
18572.8,351.343
18592.7,350.327
18612.6,349.349
18632.5,348.372
18652.4,347.394
18672.3,346.416
18692.2,345.439
18712.1,344.461
18732,343.484
18752,342.506
18771.9,341.528
18791.8,340.551
18811.7,339.573
18831.6,338.596
18851.5,337.618
18871.4,336.64
18891.3,335.663
18911.2,334.685
18931.1,333.707
18951,332.732
18970.9,331.799
18990.8,330.865
19010.7,329.932
19030.6,328.998
19050.5,328.065
19070.4,327.132
19090.3,326.198
19110.2,325.265
19130.1,324.331
19150,323.398
19169.9,322.465
19189.8,321.531
19209.7,320.598
19229.6,319.664
19249.5,318.731
19269.5,317.798
19289.4,316.864
19309.3,315.931
19329.2,315.022
19349.1,314.143
19369,313.264
19388.9,312.384
19408.8,311.505
19428.7,310.625
19448.6,309.746
19468.5,308.867
19488.4,307.987
19508.3,307.108
19528.2,306.229
19548.1,305.349
19568,304.47
19587.9,303.591
19607.8,302.711
19627.7,301.832
19647.6,300.953
19667.5,300.073
19687.4,299.194
19707.3,298.381
19727.2,297.577
19747.2,296.774
19767.1,295.971
19787,295.167
19806.9,294.364
19826.8,293.561
19846.7,292.758
19866.6,291.954
19886.5,291.151
19906.4,290.348
19926.3,289.544
19946.2,288.741
19966.1,287.938
19986,287.134
20005.9,286.34
20025.8,285.568
20045.7,284.795
20065.6,284.023
20085.5,283.255
20105.4,282.5
20125.3,281.745
20145.2,280.99
20165.1,280.235
20185,279.48
20204.9,278.725
20224.8,277.97
20244.7,277.215
20264.7,276.46
20284.6,275.705
20304.5,274.95
20324.4,274.195
20344.3,273.44
20364.2,272.685
20384.1,271.93
20404,271.175
20423.9,270.42
20443.8,269.664
20463.7,268.909
20483.6,268.195
20503.5,267.5
20523.4,266.805
20543.3,266.109
20563.2,265.414
20583.1,264.719
20603,264.024
20622.9,263.328
20642.8,262.633
20662.7,261.938
20682.6,261.243
20702.5,260.547
20722.4,259.852
20742.3,259.157
20762.3,258.462
20782.2,257.766
20802.1,257.071
20822,256.376
20841.9,255.681
20861.8,254.985
20881.7,254.318
20901.6,253.671
20921.5,253.024
20941.4,252.376
20961.3,251.729
20981.2,251.082
21001.1,250.435
21021,249.787
21040.9,249.14
21060.8,248.493
21080.7,247.846
21100.6,247.198
21120.5,246.551
21140.4,245.904
21160.3,245.256
21180.2,244.609
21200.1,243.962
21220,243.315
21239.9,242.667
21259.9,242.02
21279.8,241.373
21299.7,240.771
21319.6,240.169
21339.5,239.568
21359.4,238.966
21379.3,238.364
21399.2,237.763
21419.1,237.161
21439,236.56
21458.9,235.958
21478.8,235.357
21498.7,234.755
21518.6,234.153
21538.5,233.552
21558.4,232.95
21578.3,232.349
21598.2,231.747
21618.1,231.146
21638,230.544
21657.9,229.942
21677.8,229.341
21697.7,228.739
21717.6,228.168
21737.5,227.602
21757.5,227.035
21777.4,226.468
21797.3,225.901
21817.2,225.334
21837.1,224.767
21857,224.2
21876.9,223.633
21896.8,223.066
21916.7,222.499
21936.6,221.932
21956.5,221.365
21976.4,220.798
21996.3,220.231
22016.2,219.664
22036.1,219.097
22056,218.53
22075.9,217.964
22095.8,217.397
22115.7,216.83
22135.6,216.293
22155.5,215.765
22175.4,215.236
22195.3,214.708
22215.2,214.179
22235.1,213.651
22255.1,213.123
22275,212.594
22294.9,212.066
22314.8,211.537
22334.7,211.009
22354.6,210.481
22374.5,209.952
22394.4,209.424
22414.3,208.895
22434.2,208.367
22454.1,207.839
22474,207.31
22493.9,206.782
22513.8,206.253
22533.7,205.725
22553.6,205.204
22573.5,204.717
22593.4,204.229
22613.3,203.742
22633.2,203.254
22653.1,202.767
22673,202.279
22692.9,201.792
22712.8,201.304
22732.7,200.817
22752.7,200.329
22772.6,199.842
22792.5,199.354
22812.4,198.867
22832.3,198.38
22852.2,197.892
22872.1,197.405
22892,196.917
22911.9,196.43
22931.8,195.942
22951.7,195.455
22971.6,194.967
22991.5,194.482
23011.4,194.026
23031.3,193.569
23051.2,193.113
23071.1,192.656
23091,192.2
23110.9,191.744
23130.8,191.287
23150.7,190.831
23170.6,190.374
23190.5,189.918
23210.4,189.461
23230.3,189.005
23250.3,188.548
23270.2,188.092
23290.1,187.636
23310,187.179
23329.9,186.723
23349.8,186.266
23369.7,185.81
23389.6,185.353
23409.5,184.897
23429.4,184.441
23449.3,184.002
23469.2,183.583
23489.1,183.164
23509,182.745
23528.9,182.326
23548.8,181.907
23568.7,181.488
23588.6,181.07
23608.5,180.651
23628.4,180.232
23648.3,179.813
23668.2,179.394
23688.1,178.975
23708,178.556
23727.9,178.138
23747.8,177.719
23767.8,177.3
23787.7,176.881
23807.6,176.462
23827.5,176.043
23847.4,175.624
23867.3,175.206
23887.2,174.787
23907.1,174.378
23927,173.987
23946.9,173.597
23966.8,173.206
23986.7,172.816
24006.6,172.425
24026.5,172.034
24046.4,171.644
24066.3,171.253
24086.2,170.862
24106.1,170.472
24126,170.081
24145.9,169.691
24165.8,169.3
24185.7,168.909
24205.6,168.519
24225.5,168.128
24245.4,167.738
24265.4,167.347
24285.3,166.956
24305.2,166.566
24325.1,166.175
24345,165.785
24364.9,165.394
24384.8,165.023
24404.7,164.66
24424.6,164.296
24444.5,163.933
24464.4,163.569
24484.3,163.206
24504.2,162.842
24524.1,162.479
24544,162.115
24563.9,161.752
24583.8,161.388
24603.7,161.025
24623.6,160.661
24643.5,160.298
24663.4,159.934
24683.3,159.57
24703.2,159.207
24723.1,158.843
24743,158.48
24763,158.116
24782.9,157.753
24802.8,157.389
24822.7,157.026
24842.6,156.662
24862.5,156.31
24882.4,155.966
24902.3,155.621
24922.2,155.277
24942.1,154.932
24962,154.587
24981.9,154.243
25001.8,153.898
25021.7,153.554
25041.6,153.209
25061.5,152.864
25081.4,152.52
25101.3,152.175
25121.2,151.831
25141.1,151.486
25161,151.141
25180.9,150.797
25200.8,150.452
25220.7,150.108
25240.6,149.763
25260.6,149.418
25280.5,149.074
25300.4,148.729
25320.3,148.385
25340.2,148.056
25360.1,147.744
25380,147.431
25399.9,147.118
25419.8,146.806
25439.7,146.493
25459.6,146.181
25479.5,145.868
25499.4,145.555
25519.3,145.243
25539.2,144.93
25559.1,144.617
25579,144.305
25598.9,143.992
25618.8,143.679
25638.7,143.367
25658.6,143.054
25678.5,142.742
25698.4,142.429
25718.3,142.116
25738.2,141.804
25758.2,141.491
25778.1,141.178
25798,140.866
25817.9,140.553
25837.8,140.247
25857.7,139.953
25877.6,139.659
25897.5,139.364
25917.4,139.07
25937.3,138.775
25957.2,138.481
25977.1,138.186
25997,137.892
26016.9,137.597
26036.8,137.303
26056.7,137.008
26076.6,136.714
26096.5,136.419
26116.4,136.125
26136.3,135.83
26156.2,135.536
26176.1,135.242
26196,134.947
26215.9,134.653
26235.8,134.358
26255.8,134.064
26275.7,133.769
26295.6,133.475
26315.5,133.18
26335.4,132.893
26355.3,132.624
26375.2,132.354
26395.1,132.085
26415,131.816
26434.9,131.547
26454.8,131.278
26474.7,131.009
26494.6,130.739
26514.5,130.47
26534.4,130.201
26554.3,129.932
26574.2,129.663
26594.1,129.394
26614,129.125
26633.9,128.855
26653.8,128.586
26673.7,128.317
26693.6,128.048
26713.5,127.779
26733.4,127.51
26753.4,127.24
26773.3,126.971
26793.2,126.702
26813.1,126.433
26833,126.164
26852.9,125.897
26872.8,125.641
26892.7,125.386
26912.6,125.131
26932.5,124.876
26952.4,124.621
26972.3,124.366
26992.2,124.11
27012.1,123.855
27032,123.6
27051.9,123.345
27071.8,123.09
27091.7,122.835
27111.6,122.579
27131.5,122.324
27151.4,122.069
27171.3,121.814
27191.2,121.559
27211.1,121.304
27231,121.048
27251,120.793
27270.9,120.538
27290.8,120.283
27310.7,120.028
27330.6,119.772
27350.5,119.517
27370.4,119.262
27390.3,119.027
27410.2,118.791
27430.1,118.556
27450,118.32
27469.9,118.084
27489.8,117.849
27509.7,117.613
27529.6,117.377
27549.5,117.142
27569.4,116.906
27589.3,116.671
27609.2,116.435
27629.1,116.199
27649,115.964
27668.9,115.728
27688.8,115.492
27708.7,115.257
27728.6,115.021
27748.5,114.786
27768.5,114.55
27788.4,114.314
27808.3,114.079
27828.2,113.843
27848.1,113.608
27868,113.372
27887.9,113.136
27907.8,112.901
27927.7,112.68
27947.6,112.461
27967.5,112.242
27987.4,112.024
28007.3,111.805
28027.2,111.586
28047.1,111.367
28067,111.148
28086.9,110.93
28106.8,110.711
28126.7,110.492
28146.6,110.273
28166.5,110.054
28186.4,109.836
28206.3,109.617
28226.2,109.398
28246.1,109.179
28266.1,108.96
28286,108.742
28305.9,108.523
28325.8,108.304
28345.7,108.085
28365.6,107.866
28385.5,107.648
28405.4,107.429
28425.3,107.21
28445.2,106.991
28465.1,106.783
28485,106.579
28504.9,106.374
28524.8,106.17
28544.7,105.965
28564.6,105.761
28584.5,105.556
28604.4,105.352
28624.3,105.147
28644.2,104.943
28664.1,104.738
28684,104.534
28703.9,104.329
28723.8,104.125
28743.8,103.921
28763.7,103.716
28783.6,103.512
28803.5,103.307
28823.4,103.103
28843.3,102.898
28863.2,102.694
28883.1,102.489
28903,102.285
28922.9,102.08
28942.8,101.876
28962.7,101.671
28982.6,101.467
29002.5,101.262
29022.4,101.068
29042.3,100.88
29062.2,100.692
29082.1,100.503
29102,100.315
29121.9,100.127
29141.8,99.939
29161.7,99.7508
29181.6,99.5627
29201.5,99.3745
29221.4,99.1864
29241.3,98.9983
29261.3,98.8101
29281.2,98.622
29301.1,98.4338
29321,98.2457
29340.9,98.0575
29360.8,97.8694
29380.7,97.6812
29400.6,97.4931
29420.5,97.3049
29440.4,97.1168
29460.3,96.9286
29480.2,96.7405
29500.1,96.5524
29520,96.3642
29539.9,96.1761
29559.8,95.9879
29579.7,95.7998
29599.6,95.6222
29619.5,95.4447
29639.4,95.2673
29659.3,95.0899
29679.2,94.9124
29699.1,94.735
29719,94.5575
29738.9,94.3801
29758.8,94.2027
29778.8,94.0252
29798.7,93.8478
29818.6,93.6704
29838.5,93.4929
29858.4,93.3155
29878.3,93.138
29898.2,92.9606
29918.1,92.7832
29938,92.6057
29957.9,92.4283
29977.8,92.2508
29997.7,92.0734
30017.6,91.8986
30037.5,91.7241
30057.4,91.5496
30077.3,91.3751
30097.2,91.2006
30117.1,91.026
30137,90.8516
30156.9,90.6811
30176.8,90.5181
30196.7,90.3551
30216.6,90.1921
30236.5,90.0292
30256.5,89.8662
30276.4,89.7032
30296.3,89.5403
30316.2,89.3773
30336.1,89.2143
30356,89.0513
30375.9,88.8884
30395.8,88.7254
30415.7,88.5624
30435.6,88.3994
30455.5,88.2365
30475.4,88.0735
30495.3,87.9105
30515.2,87.7475
30535.1,87.5846
30555,87.4216
30574.9,87.2586
30594.8,87.0956
30614.7,86.9327
30634.6,86.7697
30654.5,86.6067
30674.4,86.4437
30694.3,86.2808
30714.2,86.1178
30734.1,85.9548
30754.1,85.8
30774,85.6485
30793.9,85.497
30813.8,85.3455
30833.7,85.1941
30853.6,85.0426
30873.5,84.8911
30893.4,84.7397
30913.3,84.5882
30933.2,84.4367
30953.1,84.2852
30973,84.1338
30992.9,83.9823
31012.8,83.8308
31032.7,83.6793
31052.6,83.5279
31072.5,83.3764
31092.4,83.2249
31112.3,83.0734
31132.2,82.922
31152.1,82.7705
31172,82.619
31191.9,82.4675
31211.8,82.3161
31231.7,82.1646
31251.7,82.0131
31271.6,81.8617
31291.5,81.7102
31311.4,81.5587
31331.3,81.4072
31351.2,81.2629
31371.1,81.1243
31391,80.9856
31410.9,80.8469
31430.8,80.7083
31450.7,80.5696
31470.6,80.4309
31490.5,80.2923
31510.4,80.1536
31530.3,80.0149
31550.2,79.8762
31570.1,79.7376
31590,79.5989
31609.9,79.4602
31629.8,79.3215
31649.7,79.1829
31669.6,79.0442
31689.5,78.9055
31709.4,78.7669
31729.3,78.6282
31749.2,78.4895
31769.2,78.3509
31789.1,78.2122
31809,78.0735
31828.9,77.9348
31848.8,77.7962
31868.7,77.6575
31888.6,77.5188
31908.5,77.3802
31928.4,77.2415
31948.3,77.1028
31968.2,76.967
31988.1,76.8354
32008,76.7038
32027.9,76.5721
32047.8,76.4405
32067.7,76.3089
32087.6,76.1772
32107.5,76.0456
32127.4,75.914
32147.3,75.7823
32167.2,75.6507
32187.1,75.5191
32207,75.3874
32226.9,75.2558
32246.8,75.1241
32266.8,74.9925
32286.7,74.8609
32306.6,74.7292
32326.5,74.5976
32346.4,74.466
32366.3,74.3344
32386.2,74.2027
32406.1,74.0711
32426,73.9394
32445.9,73.8078
32465.8,73.6761
32485.7,73.5445
32505.6,73.4129
32525.5,73.2813
32545.4,73.1496
32565.3,73.018
32585.2,72.8893
32605.1,72.7689
32625,72.6485
32644.9,72.528
32664.8,72.4076
32684.7,72.2872
32704.6,72.1668
32724.5,72.0463
32744.4,71.9259
32764.4,71.8055
32784.3,71.6851
32804.2,71.5647
32824.1,71.4442
32844,71.3238
32863.9,71.2034
32883.8,71.083
32903.7,70.9626
32923.6,70.8421
32943.5,70.7217
32963.4,70.6013
32983.3,70.4809
33003.2,70.3604
33023.1,70.24
33043,70.1196
33062.9,69.9992
33082.8,69.8787
33102.7,69.7584
33122.6,69.6379
33142.5,69.5175
33162.4,69.3971
33182.3,69.2767
33202.2,69.1562
33222.1,69.0367
33242,68.9243
33262,68.8118
33281.9,68.6994
33301.8,68.587
33321.7,68.4746
33341.6,68.3622
33361.5,68.2498
33381.4,68.1374
33401.3,68.0249
33421.2,67.9125
33441.1,67.8001
33461,67.6877
33480.9,67.5753
33500.8,67.4629
33520.7,67.3504
33540.6,67.238
33560.5,67.1256
33580.4,67.0132
33600.3,66.9008
33620.2,66.7883
33640.1,66.6759
33660,66.5635
33679.9,66.4511
33699.8,66.3387
33719.7,66.2263
33739.6,66.1139
33759.6,66.0014
33779.5,65.889
33799.4,65.7766
33819.3,65.6642
33839.2,65.5518
33859.1,65.4393
33879,65.3303
33898.9,65.2254
33918.8,65.1205
33938.7,65.0155
33958.6,64.9106
33978.5,64.8057
33998.4,64.7007
34018.3,64.5958
34038.2,64.4909
34058.1,64.3859
34078,64.281
34097.9,64.1761
34117.8,64.0712
34137.7,63.9662
34157.6,63.8613
34177.5,63.7564
34197.4,63.6515
34217.3,63.5465
34237.2,63.4416
34257.2,63.3367
34277.1,63.2317
34297,63.1268
34316.9,63.0219
34336.8,62.9169
34356.7,62.812
34376.6,62.7071
34396.5,62.6021
34416.4,62.4972
34436.3,62.3923
34456.2,62.2874
34476.1,62.1824
34496,62.0775
34515.9,61.9726
34535.8,61.8702
34555.7,61.774
34575.6,61.6777
34595.5,61.5815
34615.4,61.4853
34635.3,61.389
34655.2,61.2928
34675.1,61.1966
34695,61.1003
34714.9,61.0041
34734.8,60.9079
34754.8,60.8117
34774.7,60.7154
34794.6,60.6192
34814.5,60.523
34834.4,60.4267
34854.3,60.3305
34874.2,60.2343
34894.1,60.138
34914,60.0418
34933.9,59.9456
34953.8,59.8494
34973.7,59.7531
34993.6,59.6569
35013.5,59.5607
35033.4,59.4644
35053.3,59.3682
35073.2,59.272
35093.1,59.1757
35113,59.0795
35132.9,58.9833
35152.8,58.8871
35172.7,58.7908
35192.6,58.6946
35212.5,58.599
35232.4,58.5082
35252.4,58.4173
35272.3,58.3264
35292.2,58.2355
35312.1,58.1446
35332,58.0537
35351.9,57.9629
35371.8,57.872
35391.7,57.7811
35411.6,57.6902
35431.5,57.5993
35451.4,57.5084
35471.3,57.4176
35491.2,57.3267
35511.1,57.2358
35531,57.1449
35550.9,57.054
35570.8,56.9631
35590.7,56.8723
35610.6,56.7814
35630.5,56.6905
35650.4,56.5996
35670.3,56.5087
35690.2,56.4178
35710.1,56.327
35730,56.2361
35749.9,56.1452
35769.9,56.0543
35789.8,55.9634
35809.7,55.8725
35829.6,55.7816
35849.5,55.6908
35869.4,55.5999
35889.3,55.509
35909.2,55.426
35929.1,55.3433
35949,55.2606
35968.9,55.1779
35988.8,55.0952
36008.7,55.0126
36028.6,54.9299
36048.5,54.8472
36068.4,54.7645
36088.3,54.6818
36108.2,54.5991
36128.1,54.5164
36148,54.4337
36167.9,54.351
36187.8,54.2683
36207.7,54.1856
36227.6,54.1029
36247.6,54.0202
36267.5,53.9376
36287.4,53.8549
36307.3,53.7722
36327.2,53.6895
36347.1,53.6068
36367,53.5241
36386.9,53.4414
36406.8,53.3587
36426.7,53.276
36446.6,53.1933
36466.5,53.1106
36486.4,53.0279
36506.3,52.9453
36526.2,52.8626
36546.1,52.7799
36566,52.6972
36585.9,52.6145
36605.8,52.5332
36625.7,52.4551
36645.6,52.377
36665.5,52.2989
36685.4,52.2208
36705.3,52.1427
36725.2,52.0647
36745.1,51.9866
36765.1,51.9085
36785,51.8304
36804.9,51.7523
36824.8,51.6742
36844.7,51.5962
36864.6,51.5181
36884.5,51.44
36904.4,51.3619
36924.3,51.2838
36944.2,51.2057
36964.1,51.1276
36984,51.0496
37003.9,50.9715
37023.8,50.8934
37043.7,50.8153
37063.6,50.7372
37083.5,50.6591
37103.4,50.5811
37123.3,50.503
37143.2,50.4249
37163.1,50.3468
37183,50.2687
37202.9,50.1906
37222.8,50.1126
37242.7,50.0345
37262.7,49.9564
37282.6,49.8783
37302.5,49.8002
37322.4,49.726
37342.3,49.654
37362.2,49.582
37382.1,49.5101
37402,49.4381
37421.9,49.3661
37441.8,49.2942
37461.7,49.2222
37481.6,49.1503
37501.5,49.0783
37521.4,49.0063
37541.3,48.9344
37561.2,48.8624
37581.1,48.7905
37601,48.7185
37620.9,48.6465
37640.8,48.5746
37660.7,48.5026
37680.6,48.4307
37700.5,48.3587
37720.4,48.2867
37740.3,48.2148
37760.3,48.1428
37780.2,48.0709
37800.1,47.9989
37820,47.9269
37839.9,47.855
37859.8,47.783
37879.7,47.7111
37899.6,47.6391
37919.5,47.5671
37939.4,47.4952
37959.3,47.4232
37979.2,47.3513
37999.1,47.2793
38019,47.2073
38038.9,47.1354
38058.8,47.0689
38078.7,47.0027
38098.6,46.9366
38118.5,46.8704
38138.4,46.8042
38158.3,46.7381
38178.2,46.6719
38198.1,46.6058
38218,46.5396
38237.9,46.4734
38257.9,46.4073
38277.8,46.3411
38297.7,46.2749
38317.6,46.2088
38337.5,46.1426
38357.4,46.0765
38377.3,46.0103
38397.2,45.9441
38417.1,45.878
38437,45.8118
38456.9,45.7456
38476.8,45.6795
38496.7,45.6133
38516.6,45.5472
38536.5,45.481
38556.4,45.4148
38576.3,45.3487
38596.2,45.2825
38616.1,45.2163
38636,45.1502
38655.9,45.084
38675.8,45.0178
38695.7,44.9517
38715.6,44.8855
38735.5,44.8194
38755.5,44.7532
38775.4,44.687
38795.3,44.6218
38815.2,44.5593
38835.1,44.4968
38855,44.4342
38874.9,44.3717
38894.8,44.3092
38914.7,44.2467
38934.6,44.1841
38954.5,44.1216
38974.4,44.0591
38994.3,43.9965
39014.2,43.934
39034.1,43.8715
39054,43.809
39073.9,43.7464
39093.8,43.6839
39113.7,43.6214
39133.6,43.5588
39153.5,43.4963
39173.4,43.4338
39193.3,43.3713
39213.2,43.3087
39233.1,43.2462
39253.1,43.1837
39273,43.1211
39292.9,43.0586
39312.8,42.9961
39332.7,42.9336
39352.6,42.871
39372.5,42.8085
39392.4,42.746
39412.3,42.6835
39432.2,42.6209
39452.1,42.5584
39472,42.4959
39491.9,42.4333
39511.8,42.3708
39531.7,42.3083
39551.6,42.2483
39571.5,42.1903
39591.4,42.1322
39611.3,42.0741
39631.2,42.016
39651.1,41.9579
39671,41.8998
39690.9,41.8417
39710.8,41.7836
39730.7,41.7256
39750.6,41.6675
39770.6,41.6094
39790.5,41.5513
39810.4,41.4932
39830.3,41.4351
39850.2,41.377
39870.1,41.319
39890,41.2609
39909.9,41.2028
39929.8,41.1447
39949.7,41.0866
39969.6,41.0285
39989.5,40.9704
40009.4,40.9135
40029.3,40.8578
40049.2,40.8022
40069.1,40.7465
40089,40.6908
40108.9,40.6352
40128.8,40.5795
40148.7,40.5238
40168.6,40.4682
40188.5,40.4125
40208.4,40.3568
40228.3,40.3012
40248.3,40.2455
40268.2,40.1898
40288.1,40.1342
40308,40.0785
40327.9,40.0238
40347.8,39.9707
40367.7,39.9175
40387.6,39.8644
40407.5,39.8112
40427.4,39.7581
40447.3,39.7049
40467.2,39.6518
40487.1,39.5986
40507,39.5455
40526.9,39.4923
40546.8,39.4392
40566.7,39.386
40586.6,39.3329
40606.5,39.2797
40626.4,39.2266
40646.3,39.1734
40666.2,39.1203
40686.1,39.0671
40706,39.014
40725.9,38.9608
40745.9,38.9077
40765.8,38.8545
40785.7,38.8014
40805.6,38.7482
40825.5,38.6951
40845.4,38.6419
40865.3,38.5888
40885.2,38.5356
40905.1,38.4825
40925,38.4293
40944.9,38.3762
40964.8,38.323
40984.7,38.2699
41004.6,38.2167
41024.5,38.1636
41044.4,38.1104
41064.3,38.0573
41084.2,38.0041
41104.1,37.951
41124,37.9002
41143.9,37.8505
41163.8,37.8007
41183.7,37.7509
41203.6,37.7012
41223.5,37.6514
41243.4,37.6017
41263.4,37.5519
41283.3,37.5021
41303.2,37.4524
41323.1,37.4026
41343,37.3529
41362.9,37.3031
41382.8,37.2534
41402.7,37.2036
41422.6,37.1538
41442.5,37.1041
41462.4,37.0543
41482.3,37.0046
41502.2,36.9548
41522.1,36.905
41542,36.8553
41561.9,36.8055
41581.8,36.7558
41601.7,36.706
41621.6,36.6562
41641.5,36.6065
41661.4,36.5567
41681.3,36.507
41701.2,36.4572
41721.1,36.4075
41741,36.3577
41760.9,36.3079
41780.9,36.2582
41800.8,36.2084
41820.7,36.1587
41840.6,36.1089
41860.5,36.0591
41880.4,36.0094
41900.3,35.9596
41920.2,35.9117
41940.1,35.8656
41960,35.8195
41979.9,35.7734
41999.8,35.7273
42019.7,35.6812
42039.6,35.6351
42059.5,35.589
42079.4,35.5429
42099.3,35.4968
42119.2,35.4507
42139.1,35.4046
42159,35.3585
42178.9,35.3124
42198.8,35.2662
42218.7,35.2201
42238.6,35.174
42258.6,35.1279
42278.5,35.0818
42298.4,35.0357
42318.3,34.9896
42338.2,34.9435
42358.1,34.8974
42378,34.8513
42397.9,34.8052
42417.8,34.7591
42437.7,34.713
42457.6,34.6669
42477.5,34.6207
42497.4,34.5746
42517.3,34.5285
42537.2,34.4824
42557.1,34.4363
42577,34.3902
42596.9,34.3441
42616.8,34.298
42636.7,34.2519
42656.6,34.2058
42676.5,34.1597
42696.4,34.1136
42716.3,34.0675
42736.3,34.0224
42756.2,33.9797
42776.1,33.937
42796,33.8943
42815.9,33.8516
42835.8,33.8089
42855.7,33.7662
42875.6,33.7235
42895.5,33.6808
42915.4,33.6381
42935.3,33.5954
42955.2,33.5527
42975.1,33.51
42995,33.4673
43014.9,33.4246
43034.8,33.3818
43054.7,33.3391
43074.6,33.2964
43094.5,33.2537
43114.4,33.211
43134.3,33.1683
43154.2,33.1256
43174.1,33.0829
43194,33.0402
43213.9,32.9975
43233.8,32.9548
43253.8,32.9121
43273.7,32.8694
43293.6,32.8267
43313.5,32.784
43333.4,32.7413
43353.3,32.6986
43373.2,32.6559
43393.1,32.6132
43413,32.5705
43432.9,32.5278
43452.8,32.4851
43472.7,32.4424
43492.6,32.3997
43512.5,32.3569
43532.4,32.3142
43552.3,32.2715
43572.2,32.2309
43592.1,32.1916
43612,32.1523
43631.9,32.113
43651.8,32.0737
43671.7,32.0343
43691.6,31.995
43711.5,31.9557
43731.4,31.9164
43751.3,31.8771
43771.3,31.8378
43791.2,31.7985
43811.1,31.7592
43831,31.7199
43850.9,31.6805
43870.8,31.6412
43890.7,31.6019
43910.6,31.5626
43930.5,31.5233
43950.4,31.484
43970.3,31.4447
43990.2,31.4053
44010.1,31.366
44030,31.3267
44049.9,31.2874
44069.8,31.2481
44089.7,31.2088
44109.6,31.1695
44129.5,31.1302
44149.4,31.0908
44169.3,31.0515
44189.2,31.0122
44209.1,30.9729
44229,30.9336
44248.9,30.8943
44268.9,30.855
44288.8,30.8157
44308.7,30.7763
44328.6,30.737
44348.5,30.6977
44368.4,30.6584
44388.3,30.6191
44408.2,30.5798
44428.1,30.5414
44448,30.5044
44467.9,30.4674
44487.8,30.4305
44507.7,30.3935
44527.6,30.3565
44547.5,30.3195
44567.4,30.2825
44587.3,30.2455
44607.2,30.2085
44627.1,30.1715
44647,30.1345
44666.9,30.0976
44686.8,30.0606
44706.7,30.0236
44726.6,29.9866
44746.6,29.9496
44766.5,29.9126
44786.4,29.8756
44806.3,29.8386
44826.2,29.8017
44846.1,29.7647
44866,29.7277
44885.9,29.6907
44905.8,29.6537
44925.7,29.6167
44945.6,29.5797
44965.5,29.5428
44985.4,29.5058
45005.3,29.4688
45025.2,29.4318
45045.1,29.3948
45065,29.3578
45084.9,29.3208
45104.8,29.2838
45124.7,29.2468
45144.6,29.2099
45164.5,29.1729
45184.4,29.1359
45204.3,29.0989
45224.2,29.0619
45244.1,29.0249
45264.1,28.9879
45284,28.9516
45303.9,28.9177
45323.8,28.8838
45343.7,28.8498
45363.6,28.8159
45383.5,28.782
45403.4,28.7481
45423.3,28.7142
45443.2,28.6803
45463.1,28.6464
45483,28.6125
45502.9,28.5786
45522.8,28.5447
45542.7,28.5108
45562.6,28.4769
45582.5,28.443
45602.4,28.4091
45622.3,28.3752
45642.2,28.3413
45662.1,28.3074
45682,28.2735
45701.9,28.2396
45721.8,28.2057
45741.7,28.1718
45761.7,28.1379
45781.6,28.104
45801.5,28.0701
45821.4,28.0362
45841.3,28.0023
45861.2,27.9684
45881.1,27.9345
45901,27.9006
45920.9,27.8667
45940.8,27.8328
45960.7,27.7989
45980.6,27.765
46000.5,27.7311
46020.4,27.6972
46040.3,27.6633
46060.2,27.6294
46080.1,27.5954
46100,27.5616
46119.9,27.5276
46139.8,27.4937
46159.7,27.4598
46179.6,27.427
46199.5,27.3953
46219.4,27.3636
46239.3,27.3319
46259.3,27.3002
46279.2,27.2685
46299.1,27.2367
46319,27.205
46338.9,27.1733
46358.8,27.1416
46378.7,27.1099
46398.6,27.0782
46418.5,27.0465
46438.4,27.0148
46458.3,26.9831
46478.2,26.9514
46498.1,26.9197
46518,26.888
46537.9,26.8563
46557.8,26.8245
46577.7,26.7928
46597.6,26.7611
46617.5,26.7294
46637.4,26.6977
46657.3,26.666
46677.2,26.6343
46697.1,26.6026
46717,26.5709
46736.9,26.5392
46756.9,26.5075
46776.8,26.4758
46796.7,26.444
46816.6,26.4123
46836.5,26.3806
46856.4,26.3489
46876.3,26.3172
46896.2,26.2855
46916.1,26.2538
46936,26.2221
46955.9,26.1904
46975.8,26.1587
46995.7,26.127
47015.6,26.0952
47035.5,26.0635
47055.4,26.0318
47075.3,26.0008
47095.2,25.9715
47115.1,25.9423
47135,25.9131
47154.9,25.8838
47174.8,25.8546
47194.7,25.8253
47214.6,25.7961
47234.5,25.7669
47254.5,25.7376
47274.4,25.7084
47294.3,25.6791
47314.2,25.6499
47334.1,25.6207
47354,25.5914
47373.9,25.5622
47393.8,25.5329
47413.7,25.5037
47433.6,25.4744
47453.5,25.4452
47473.4,25.416
47493.3,25.3867
47513.2,25.3575
47533.1,25.3282
47553,25.299
47572.9,25.2698
47592.8,25.2405
47612.7,25.2113
47632.6,25.182
47652.5,25.1528
47672.4,25.1236
47692.3,25.0943
47712.2,25.0651
47732.1,25.0358
47752.1,25.0066
47772,24.9773
47791.9,24.9481
47811.8,24.9189
47831.7,24.8896
47851.6,24.8604
47871.5,24.8311
47891.4,24.8019
47911.3,24.7727
47931.2,24.7434
47951.1,24.7142
47971,24.6849
47990.9,24.6558
48010.8,24.6285
48030.7,24.6013
48050.6,24.574
48070.5,24.5467
48090.4,24.5195
48110.3,24.4922
48130.2,24.4649
48150.1,24.4377
48170,24.4104
48189.9,24.3831
48209.8,24.3559
48229.7,24.3286
48249.6,24.3013
48269.6,24.2741
48289.5,24.2468
48309.4,24.2195
48329.3,24.1923
48349.2,24.165
48369.1,24.1378
48389,24.1105
48408.9,24.0832
48428.8,24.056
48448.7,24.0287
48468.6,24.0014
48488.5,23.9742
48508.4,23.9469
48528.3,23.9196
48548.2,23.8924
48568.1,23.8651
48588,23.8378
48607.9,23.8106
48627.8,23.7833
48647.7,23.756
48667.6,23.7288
48687.5,23.7015
48707.4,23.6742
48727.3,23.647
48747.3,23.6197
48767.2,23.5925
48787.1,23.5652
48807,23.5379
48826.9,23.5107
48846.8,23.4834
48866.7,23.4561
48886.6,23.4289
48906.5,23.4016
48926.4,23.3743
48946.3,23.3488
48966.2,23.3236
48986.1,23.2984
49006,23.2732
49025.9,23.248
49045.8,23.2229
49065.7,23.1977
49085.6,23.1725
49105.5,23.1473
49125.4,23.1221
49145.3,23.0969
49165.2,23.0718
49185.1,23.0466
49205,23.0214
49224.9,22.9962
49244.8,22.971
49264.8,22.9458
49284.7,22.9207
49304.6,22.8955
49324.5,22.8703
49344.4,22.8451
49364.3,22.8199
49384.2,22.7948
49404.1,22.7696
49424,22.7444
49443.9,22.7192
49463.8,22.694
49483.7,22.6688
49503.6,22.6437
49523.5,22.6185
49543.4,22.5933
49563.3,22.5681
49583.2,22.5429
49603.1,22.5177
49623,22.4926
49642.9,22.4674
49662.8,22.4422
49682.7,22.417
49702.6,22.3918
49722.5,22.3667
49742.4,22.3415
49762.4,22.3163
49782.3,22.2911
49802.2,22.2659
49822.1,22.2407
49842,22.2156
49861.9,22.1904
49881.8,22.1652
49901.7,22.1402
49921.6,22.1155
49941.5,22.0907
49961.4,22.0659
49981.3,22.0411
50001.2,22.0164
50021.1,21.9932
50041,21.9699
50060.9,21.9467
50080.8,21.9234
50100.7,21.9002
50120.6,21.8769
50140.5,21.8537
50160.4,21.8304
50180.3,21.8072
50200.2,21.7839
50220.1,21.7607
50240,21.7374
50260,21.7142
50279.9,21.6909
50299.8,21.6677
50319.7,21.6444
50339.6,21.6212
50359.5,21.5979
50379.4,21.5747
50399.3,21.5514
50419.2,21.5282
50439.1,21.5049
50459,21.4817
50478.9,21.4584
50498.8,21.4352
50518.7,21.4119
50538.6,21.3887
50558.5,21.3654
50578.4,21.3422
50598.3,21.3189
50618.2,21.2957
50638.1,21.2724
50658,21.2492
50677.9,21.2259
50697.8,21.2027
50717.7,21.1794
50737.6,21.1562
50757.6,21.1329
50777.5,21.1097
50797.4,21.0864
50817.3,21.0632
50837.2,21.0399
50857.1,21.0167
50877,20.9948
50896.9,20.9732
50916.8,20.9516
50936.7,20.9299
50956.6,20.9083
50976.5,20.8867
50996.4,20.865
51016.3,20.8434
51036.2,20.8218
51056.1,20.8001
51076,20.7785
51095.9,20.7569
51115.8,20.7352
51135.7,20.7136
51155.6,20.692
51175.5,20.6704
51195.4,20.6487
51215.3,20.6271
51235.3,20.6055
51255.2,20.5838
51275.1,20.5622
51295,20.5406
51314.9,20.5189
51334.8,20.4973
51354.7,20.4757
51374.6,20.4541
51394.5,20.4324
51414.4,20.4108
51434.3,20.3892
51454.2,20.3675
51474.1,20.3459
51494,20.3243
51513.9,20.3026
51533.8,20.281
51553.7,20.2594
51573.6,20.2377
51593.5,20.2161
51613.4,20.1945
51633.3,20.1729
51653.2,20.1512
51673.1,20.1296
51693,20.108
51712.9,20.0863
51732.8,20.0647
51752.8,20.0431
51772.7,20.0214
51792.6,19.9998
51812.5,19.9782
51832.4,19.9566
51852.3,19.9349
51872.2,19.9142
51892.1,19.894
51912,19.8739
51931.9,19.8537
51951.8,19.8336
51971.7,19.8134
51991.6,19.7933
52011.5,19.7731
52031.4,19.7529
52051.3,19.7328
52071.2,19.7126
52091.1,19.6925
52111,19.6723
52130.9,19.6522
52150.8,19.632
52170.7,19.6119
52190.6,19.5917
52210.5,19.5715
52230.4,19.5514
52250.3,19.5312
52270.3,19.5111
52290.2,19.4909
52310.1,19.4708
52330,19.4506
52349.9,19.4304
52369.8,19.4103
52389.7,19.3901
52409.6,19.37
52429.5,19.3498
52449.4,19.3297
52469.3,19.3095
52489.2,19.2893
52509.1,19.2692
52529,19.249
52548.9,19.2289
52568.8,19.2087
52588.7,19.1886
52608.6,19.1684
52628.5,19.1483
52648.4,19.1281
52668.3,19.1079
52688.2,19.0878
52708.1,19.0676
52728,19.0475
52747.9,19.0273
52767.9,19.0072
52787.8,18.987
52807.7,18.9668
52827.6,18.9467
52847.5,18.9265
52867.4,18.9064
52887.3,18.8875
52907.2,18.8688
52927.1,18.8501
52947,18.8314
52966.9,18.8127
52986.8,18.794
53006.7,18.7753
53026.6,18.7566
53046.5,18.7379
53066.4,18.7192
53086.3,18.7005
53106.2,18.6818
53126.1,18.6631
53146,18.6444
53165.9,18.6257
53185.8,18.607
53205.7,18.5883
53225.6,18.5696
53245.5,18.5509
53265.4,18.5322
53285.4,18.5135
53305.3,18.4948
53325.2,18.4761
53345.1,18.4574
53365,18.4387
53384.9,18.42
53404.8,18.4013
53424.7,18.3826
53444.6,18.3639
53464.5,18.3452
53484.4,18.3264
53504.3,18.3077
53524.2,18.289
53544.1,18.2703
53564,18.2516
53583.9,18.2329
53603.8,18.2142
53623.7,18.1955
53643.6,18.1768
53663.5,18.1581
53683.4,18.1394
53703.3,18.1207
53723.2,18.102
53743.1,18.0833
53763.1,18.0646
53783,18.0459
53802.9,18.0272
53822.8,18.0085
53842.7,17.9898
53862.6,17.9711
53882.5,17.9524
53902.4,17.9337
53922.3,17.9159
53942.2,17.8986
53962.1,17.8813
53982,17.864
54001.9,17.8466
54021.8,17.8293
54041.7,17.812
54061.6,17.7947
54081.5,17.7774
54101.4,17.7601
54121.3,17.7428
54141.2,17.7255
54161.1,17.7082
54181,17.6908
54200.9,17.6735
54220.8,17.6562
54240.8,17.6389
54260.7,17.6216
54280.6,17.6043
54300.5,17.587
54320.4,17.5697
54340.3,17.5523
54360.2,17.535
54380.1,17.5177
54400,17.5004
54419.9,17.4831
54439.8,17.4658
54459.7,17.4485
54479.6,17.4312
54499.5,17.4139
54519.4,17.3965
54539.3,17.3792
54559.2,17.3619
54579.1,17.3446
54599,17.3273
54618.9,17.31
54638.8,17.2927
54658.7,17.2754
54678.6,17.2581
54698.5,17.2407
54718.4,17.2234
54738.3,17.2061
54758.3,17.1888
54778.2,17.1715
54798.1,17.1542
54818,17.1369
54837.9,17.1196
54857.8,17.1023
54877.7,17.0849
54897.6,17.0676
54917.5,17.0503
54937.4,17.033
54957.3,17.0157
54977.2,16.9994
54997.1,16.9833
55017,16.9671
55036.9,16.951
55056.8,16.9348
55076.7,16.9187
55096.6,16.9026
55116.5,16.8864
55136.4,16.8703
55156.3,16.8542
55176.2,16.838
55196.1,16.8219
55216,16.8057
55235.9,16.7896
55255.9,16.7735
55275.8,16.7573
55295.7,16.7412
55315.6,16.7251
55335.5,16.7089
55355.4,16.6928
55375.3,16.6766
55395.2,16.6605
55415.1,16.6444
55435,16.6282
55454.9,16.6121
55474.8,16.5959
55494.7,16.5798
55514.6,16.5637
55534.5,16.5475
55554.4,16.5314
55574.3,16.5153
55594.2,16.4991
55614.1,16.483
55634,16.4668
55653.9,16.4507
55673.8,16.4346
55693.7,16.4184
55713.6,16.4023
55733.6,16.3861
55753.5,16.37
55773.4,16.3539
55793.3,16.3377
55813.2,16.3216
55833.1,16.3055
55853,16.2893
55872.9,16.2732
55892.8,16.257
55912.7,16.2409
55932.6,16.2248
55952.5,16.2086
55972.4,16.1925
55992.3,16.1764
56012.2,16.1602
56032.1,16.1442
56052,16.1293
56071.9,16.1145
56091.8,16.0996
56111.7,16.0847
56131.6,16.0698
56151.5,16.055
56171.4,16.0401
56191.3,16.0252
56211.2,16.0104
56231.1,15.9955
56251,15.9806
56271,15.9657
56290.9,15.9509
56310.8,15.936
56330.7,15.9211
56350.6,15.9063
56370.5,15.8914
56390.4,15.8765
56410.3,15.8616
56430.2,15.8468
56450.1,15.8319
56470,15.817
56489.9,15.8022
56509.8,15.7873
56529.7,15.7724
56549.6,15.7575
56569.5,15.7427
56589.4,15.7278
56609.3,15.7129
56629.2,15.6981
56649.1,15.6832
56669,15.6683
56688.9,15.6534
56708.8,15.6386
56728.7,15.6237
56748.6,15.6088
56768.6,15.594
56788.5,15.5791
56808.4,15.5642
56828.3,15.5493
56848.2,15.5345
56868.1,15.5196
56888,15.5047
56907.9,15.4898
56927.8,15.475
56947.7,15.4601
56967.6,15.4452
56987.5,15.4304
57007.4,15.4155
57027.3,15.4006
57047.2,15.3857
57067.1,15.3709
57087,15.356
57106.9,15.3411
57126.8,15.3263
57146.7,15.3124
57166.6,15.2988
57186.5,15.2852
57206.4,15.2715
57226.3,15.2579
57246.2,15.2443
57266.2,15.2306
57286.1,15.217
57306,15.2034
57325.9,15.1897
57345.8,15.1761
57365.7,15.1625
57385.6,15.1488
57405.5,15.1352
57425.4,15.1216
57445.3,15.1079
57465.2,15.0943
57485.1,15.0807
57505,15.067
57524.9,15.0534
57544.8,15.0398
57564.7,15.0261
57584.6,15.0125
57604.5,14.9989
57624.4,14.9852
57644.3,14.9716
57664.2,14.958
57684.1,14.9443
57704,14.9307
57723.9,14.9171
57743.8,14.9034
57763.8,14.8898
57783.7,14.8762
57803.6,14.8625
57823.5,14.8489
57843.4,14.8353
57863.3,14.8217
57883.2,14.808
57903.1,14.7944
57923,14.7808
57942.9,14.7671
57962.8,14.7535
57982.7,14.7399
58002.6,14.7262
58022.5,14.7126
58042.4,14.699
58062.3,14.6853
58082.2,14.6717
58102.1,14.6581
58122,14.6444
58141.9,14.6308
58161.8,14.6172
58181.7,14.6035
58201.6,14.5899
58221.5,14.5763
58241.4,14.5626
58261.4,14.5494
58281.3,14.5365
58301.2,14.5236
58321.1,14.5107
58341,14.4977
58360.9,14.4848
58380.8,14.4719
58400.7,14.459
58420.6,14.4461
58440.5,14.4332
58460.4,14.4203
58480.3,14.4073
58500.2,14.3944
58520.1,14.3815
58540,14.3686
58559.9,14.3557
58579.8,14.3428
58599.7,14.3299
58619.6,14.3169
58639.5,14.304
58659.4,14.2911
58679.3,14.2782
58699.2,14.2653
58719.1,14.2524
58739.1,14.2394
58759,14.2265
58778.9,14.2136
58798.8,14.2007
58818.7,14.1878
58838.6,14.1749
58858.5,14.162
58878.4,14.149
58898.3,14.1361
58918.2,14.1232
58938.1,14.1103
58958,14.0974
58977.9,14.0845
58997.8,14.0716
59017.7,14.0586
59037.6,14.0457
59057.5,14.0328
59077.4,14.0199
59097.3,14.007
59117.2,13.9941
59137.1,13.9811
59157,13.9682
59176.9,13.9553
59196.8,13.9424
59216.7,13.9295
59236.6,13.9166
59256.6,13.9037
59276.5,13.8907
59296.4,13.8778
59316.3,13.8649
59336.2,13.852
59356.1,13.8391
59376,13.8262
59395.9,13.8135
59415.8,13.8016
59435.7,13.7897
59455.6,13.7778
59475.5,13.7659
59495.4,13.7539
59515.3,13.742
59535.2,13.7301
59555.1,13.7182
59575,13.7063
59594.9,13.6944
59614.8,13.6824
59634.7,13.6705
59654.6,13.6586
59674.5,13.6467
59694.4,13.6348
59714.3,13.6228
59734.3,13.6109
59754.2,13.599
59774.1,13.5871
59794,13.5752
59813.9,13.5632
59833.8,13.5513
59853.7,13.5394
59873.6,13.5275
59893.5,13.5156
59913.4,13.5036
59933.3,13.4917
59953.2,13.4798
59973.1,13.4679
59993,13.456
60012.9,13.4443
60032.8,13.4327
60052.7,13.4211
60072.6,13.4096
60092.5,13.398
60112.4,13.3864
60132.3,13.3749
60152.2,13.3633
60172.1,13.3517
60192,13.3402
60211.9,13.3286
60231.8,13.317
60251.7,13.3055
60271.7,13.2939
60291.6,13.2823
60311.5,13.2708
60331.4,13.2592
60351.3,13.2476
60371.2,13.2361
60391.1,13.2245
60411,13.2129
60430.9,13.2014
60450.8,13.1898
60470.7,13.1782
60490.6,13.1667
60510.5,13.1551
60530.4,13.1435
60550.3,13.132
60570.2,13.1209
60590.1,13.1098
60610,13.0987
60629.9,13.0876
60649.8,13.0765
60669.7,13.0654
60689.6,13.0543
60709.5,13.0432
60729.4,13.0322
60749.3,13.0211
60769.3,13.01
60789.2,12.9989
60809.1,12.9878
60829,12.9767
60848.9,12.9656
60868.8,12.9545
60888.7,12.9434
60908.6,12.9323
60928.5,12.9212
60948.4,12.9102
60968.3,12.8991
60988.2,12.888
61008.1,12.8769
61028,12.8658
61047.9,12.8547
61067.8,12.8436
61087.7,12.8325
61107.6,12.8214
61127.5,12.8103
61147.4,12.7992
61167.3,12.7882
61187.2,12.7771
61207.1,12.766
61227,12.7549
61246.9,12.7438
61266.9,12.7327
61286.8,12.7216
61306.7,12.7105
61326.6,12.6994
61346.5,12.6883
61366.4,12.6772
61386.3,12.6662
61406.2,12.6551
61426.1,12.644
61446,12.6329
61465.9,12.6218
61485.8,12.6107
61505.7,12.5996
61525.6,12.5885
61545.5,12.5774
61565.4,12.5663
61585.3,12.5552
61605.2,12.5442
61625.1,12.5331
61645,12.522
61664.9,12.5109
61684.8,12.4998
61704.7,12.4887
61724.6,12.4776
61744.5,12.4673
61764.5,12.4572
61784.4,12.4471
61804.3,12.4371
61824.2,12.427
61844.1,12.4169
61864,12.4069
61883.9,12.3968
61903.8,12.3868
61923.7,12.3767
61943.6,12.3666
61963.5,12.3566
61983.4,12.3465
62003.3,12.3364
62023.2,12.3264
62043.1,12.3163
62063,12.3062
62082.9,12.2962
62102.8,12.2861
62122.7,12.276
62142.6,12.266
62162.5,12.2559
62182.4,12.2458
62202.3,12.2358
62222.2,12.2257
62242.1,12.2156
62262.1,12.2056
62282,12.1955
62301.9,12.1855
62321.8,12.1754
62341.7,12.1653
62361.6,12.1553
62381.5,12.1452
62401.4,12.1351
62421.3,12.1251
62441.2,12.115
62461.1,12.1049
62481,12.0949
62500.9,12.0848
62520.8,12.0747
62540.7,12.0647
62560.6,12.0546
62580.5,12.0445
62600.4,12.0345
62620.3,12.0244
62640.2,12.0144
62660.1,12.0043
62680,11.9942
62699.9,11.9842
62719.8,11.9741
62739.8,11.964
62759.7,11.954
62779.6,11.9439
62799.5,11.9338
62819.4,11.9238
62839.3,11.9137
62859.2,11.9036
62879.1,11.8936
62899,11.8835
62918.9,11.8734
62938.8,11.8634
62958.7,11.8539
62978.6,11.8444
62998.5,11.835
63018.4,11.8255
63038.3,11.8161
63058.2,11.8066
63078.1,11.7971
63098,11.7877
63117.9,11.7782
63137.8,11.7688
63157.7,11.7593
63177.6,11.7499
63197.5,11.7404
63217.4,11.7309
63237.3,11.7215
63257.3,11.712
63277.2,11.7026
63297.1,11.6931
63317,11.6836
63336.9,11.6742
63356.8,11.6647
63376.7,11.6553
63396.6,11.6458
63416.5,11.6364
63436.4,11.6269
63456.3,11.6174
63476.2,11.608
63496.1,11.5985
63516,11.5891
63535.9,11.5796
63555.8,11.5702
63575.7,11.5607
63595.6,11.5512
63615.5,11.5418
63635.4,11.5323
63655.3,11.5229
63675.2,11.5134
63695.1,11.5039
63715,11.4945
63734.9,11.485
63754.9,11.4756
63774.8,11.4661
63794.7,11.4567
63814.6,11.4472
63834.5,11.4377
63854.4,11.4283
63874.3,11.4188
63894.2,11.4094
63914.1,11.3999
63934,11.3905
63953.9,11.381
63973.8,11.3715
63993.7,11.3621
64013.6,11.3526
64033.5,11.3432
64053.4,11.3337
64073.3,11.3242
64093.2,11.3148
64113.1,11.3053
64133,11.2959
64152.9,11.2864
64172.8,11.277
64192.7,11.2682
64212.6,11.2593
64232.5,11.2504
64252.4,11.2416
64272.4,11.2327
64292.3,11.2238
64312.2,11.2149
64332.1,11.2061
64352,11.1972
64371.9,11.1883
64391.8,11.1795
64411.7,11.1706
64431.6,11.1617
64451.5,11.1529
64471.4,11.144
64491.3,11.1351
64511.2,11.1262
64531.1,11.1174
64551,11.1085
64570.9,11.0996
64590.8,11.0908
64610.7,11.0819
64630.6,11.073
64650.5,11.0642
64670.4,11.0553
64690.3,11.0464
64710.2,11.0375
64730.1,11.0287
64750,11.0198
64770,11.0109
64789.9,11.0021
64809.8,10.9932
64829.7,10.9843
64849.6,10.9755
64869.5,10.9666
64889.4,10.9577
64909.3,10.9488
64929.2,10.94
64949.1,10.9311
64969,10.9222
64988.9,10.9134
65008.8,10.9045
65028.7,10.8956
65048.6,10.8867
65068.5,10.8779
65088.4,10.869
65108.3,10.8601
65128.2,10.8513
65148.1,10.8424
65168,10.8335
65187.9,10.8247
65207.8,10.8158
65227.7,10.8069
65247.6,10.798
65267.6,10.7892
65287.5,10.7803
65307.4,10.7714
65327.3,10.7626
65347.2,10.7537
65367.1,10.7448
65387,10.736
65406.9,10.7271
65426.8,10.7185
65446.7,10.7104
65466.6,10.7023
65486.5,10.6942
65506.4,10.6861
65526.3,10.678
65546.2,10.6699
65566.1,10.6618
65586,10.6537
65605.9,10.6456
65625.8,10.6375
65645.7,10.6294
65665.6,10.6213
65685.5,10.6133
65705.4,10.6052
65725.3,10.5971
65745.3,10.589
65765.2,10.5809
65785.1,10.5728
65805,10.5647
65824.9,10.5566
65844.8,10.5485
65864.7,10.5404
65884.6,10.5323
65904.5,10.5242
65924.4,10.5161
65944.3,10.508
65964.2,10.4999
65984.1,10.4918
66004,10.4837
66023.9,10.4756
66043.8,10.4676
66063.7,10.4595
66083.6,10.4514
66103.5,10.4433
66123.4,10.4352
66143.3,10.4271
66163.2,10.419
66183.1,10.4109
66203,10.4028
66222.9,10.3947
66242.9,10.3866
66262.8,10.3785
66282.7,10.3704
66302.6,10.3623
66322.5,10.3542
66342.4,10.3461
66362.3,10.338
66382.2,10.3299
66402.1,10.3219
66422,10.3138
66441.9,10.3057
66461.8,10.2976
66481.7,10.2895
66501.6,10.2814
66521.5,10.2733
66541.4,10.2652
66561.3,10.2571
66581.2,10.249
66601.1,10.2409
66621,10.2328
66640.9,10.2247
66660.8,10.2166
66680.7,10.2085
66700.6,10.2005
66720.5,10.193
66740.5,10.1855
66760.4,10.178
66780.3,10.1705
66800.2,10.163
66820.1,10.1555
66840,10.148
66859.9,10.1405
66879.8,10.133
66899.7,10.1255
66919.6,10.118
66939.5,10.1105
66959.4,10.1031
66979.3,10.0956
66999.2,10.0881
67019.1,10.0806
67039,10.0731
67058.9,10.0656
67078.8,10.0581
67098.7,10.0506
67118.6,10.0431
67138.5,10.0356
67158.4,10.0281
67178.3,10.0206
67198.2,10.0131
67218.1,10.0056
67238,9.99816
67258,9.99066
67277.9,9.98317
67297.8,9.97568
67317.7,9.96819
67337.6,9.96069
67357.5,9.9532
67377.4,9.94571
67397.3,9.93821
67417.2,9.93072
67437.1,9.92323
67457,9.91574
67476.9,9.90824
67496.8,9.90075
67516.7,9.89326
67536.6,9.88577
67556.5,9.87827
67576.4,9.87078
67596.3,9.86329
67616.2,9.85579
67636.1,9.8483
67656,9.84081
67675.9,9.83332
67695.8,9.82582
67715.7,9.81833
67735.6,9.81084
67755.6,9.80334
67775.5,9.79585
67795.4,9.78836
67815.3,9.78087
67835.2,9.77338
67855.1,9.76588
67875,9.75839
67894.9,9.7509
67914.8,9.7434
67934.7,9.73591
67954.6,9.72842
67974.5,9.72093
67994.4,9.71343
68014.3,9.70605
68034.2,9.69909
68054.1,9.69211
68074,9.68514
68093.9,9.67817
68113.8,9.6712
68133.7,9.66423
68153.6,9.65726
68173.5,9.6503
68193.4,9.64332
68213.3,9.63635
68233.2,9.62938
68253.1,9.62241
68273.1,9.61544
68293,9.60847
68312.9,9.6015
68332.8,9.59453
68352.7,9.58756
68372.6,9.58059
68392.5,9.57362
68412.4,9.56665
68432.3,9.55968
68452.2,9.55271
68472.1,9.54574
68492,9.53877
68511.9,9.5318
68531.8,9.52483
68551.7,9.51786
68571.6,9.51089
68591.5,9.50392
68611.4,9.49695
68631.3,9.48998
68651.2,9.48301
68671.1,9.47604
68691,9.46907
68710.9,9.4621
68730.8,9.45513
68750.8,9.44816
68770.6,9.44119
68790.6,9.43422
68810.5,9.42725
68830.4,9.42028
68850.3,9.41331
68870.2,9.40634
68890.1,9.39937
68910,9.3924
68929.9,9.38543
68949.8,9.37846
68969.7,9.37149
68989.6,9.36452
69009.5,9.35755
69029.4,9.35058
69049.3,9.34361
69069.2,9.33664
69089.1,9.32967
69109,9.3227
69128.9,9.31573
69148.8,9.30876
69168.7,9.30179
69188.6,9.29482
69208.5,9.28785
69228.4,9.28088
69248.4,9.27391
69268.3,9.26694
69288.2,9.25997
69308.1,9.253
69328,9.24603
69347.9,9.23925
69367.8,9.23276
69387.7,9.22627
69407.6,9.21978
69427.5,9.21329
69447.4,9.2068
69467.3,9.20031
69487.2,9.19382
69507.1,9.18733
69527,9.18084
69546.9,9.17435
69566.8,9.16786
69586.7,9.16137
69606.6,9.15489
69626.5,9.14839
69646.4,9.1419
69666.3,9.13541
69686.2,9.12892
69706.1,9.12244
69726,9.11594
69745.9,9.10946
69765.9,9.10297
69785.8,9.09648
69805.7,9.08999
69825.6,9.08349
69845.5,9.07701
69865.4,9.07052
69885.3,9.06403
69905.2,9.05754
69925.1,9.05105
69945,9.04456
69964.9,9.03807
69984.8,9.03158
70004.7,9.02509
70024.6,9.0186
70044.5,9.01211
70064.4,9.00562
70084.3,8.99913
70104.2,8.99264
70124.1,8.98615
70144,8.97966
70163.9,8.97317
70183.8,8.96668
70203.7,8.96019
70223.6,8.9537
70243.5,8.94721
70263.5,8.94072
70283.4,8.93423
70303.3,8.92774
70323.2,8.92125
70343.1,8.91476
70363,8.90827
70382.9,8.90178
70402.8,8.89529
70422.7,8.8888
70442.6,8.88231
70462.5,8.87582
70482.4,8.86933
70502.3,8.86284
70522.2,8.85635
70542.1,8.84986
70562,8.84337
70581.9,8.83689
70601.8,8.83039
70621.7,8.8239
70641.6,8.81742
70661.5,8.81093
70681.4,8.80444
70701.3,8.79822
70721.3,8.79221
70741.1,8.78621
70761.1,8.7802
70781,8.7742
70800.9,8.76819
70820.8,8.76218
70840.7,8.75618
70860.6,8.75017
70880.5,8.74417
70900.4,8.73816
70920.3,8.73215
70940.2,8.72615
70960.1,8.72014
70980,8.71414
70999.9,8.70813
71019.8,8.70212
71039.7,8.69611
71059.6,8.69011
71079.5,8.6841
71099.4,8.6781
71119.3,8.67209
71139.2,8.66608
71159.1,8.66008
71179,8.65407
71198.9,8.64807
71218.8,8.64206
71238.8,8.63605
71258.7,8.63004
71278.6,8.62404
71298.5,8.61803
71318.4,8.61203
71338.3,8.60602
71358.2,8.60002
71378.1,8.59401
71398,8.588
71417.9,8.582
71437.8,8.57599
71457.7,8.56998
71477.6,8.56398
71497.5,8.55797
71517.4,8.55197
71537.3,8.54596
71557.2,8.53995
71577.1,8.53395
71597,8.52794
71616.9,8.52194
71636.8,8.51593
71656.7,8.50992
71676.6,8.50392
71696.5,8.49791
71716.4,8.49191
71736.4,8.4859
71756.3,8.47989
71776.2,8.47388
71796.1,8.46788
71816,8.46187
71835.9,8.45587
71855.8,8.44986
71875.7,8.44385
71895.6,8.43785
71915.5,8.43184
71935.4,8.42583
71955.3,8.41983
71975.2,8.41382
71995.1,8.40781
72015,8.40181
72034.9,8.3958
72054.8,8.3898
72074.7,8.3839
72094.6,8.37834
72114.5,8.37279
72134.4,8.36723
72154.3,8.36167
72174.2,8.35612
72194.1,8.35056
72214,8.34501
72233.9,8.33945
72253.9,8.33389
72273.8,8.32833
72293.7,8.32278
72313.6,8.31722
72333.5,8.31167
72353.4,8.30611
72373.3,8.30056
72393.2,8.295
72413.1,8.28944
72433,8.28389
72452.9,8.27833
72472.8,8.27277
72492.7,8.26722
72512.6,8.26166
72532.5,8.25611
72552.4,8.25055
72572.3,8.24499
72592.2,8.23944
72612.1,8.23388
72632,8.22832
72651.9,8.22277
72671.8,8.21721
72691.7,8.21166
72711.6,8.2061
72731.5,8.20054
72751.4,8.19499
72771.4,8.18943
72791.3,8.18388
72811.2,8.17832
72831.1,8.17276
72851,8.16721
72870.9,8.16165
72890.8,8.1561
72910.7,8.15054
72930.6,8.14498
72950.5,8.13943
72970.4,8.13387
72990.3,8.12831
73010.2,8.12276
73030.1,8.1172
73050,8.11165
73069.9,8.10609
73089.8,8.10053
73109.7,8.09498
73129.6,8.08942
73149.5,8.08386
73169.4,8.07831
73189.3,8.07275
73209.2,8.0672
73229.1,8.06164
73249,8.05608
73269,8.05053
73288.9,8.04497
73308.8,8.03941
73328.7,8.03386
73348.6,8.0283
73368.5,8.02275
73388.4,8.01719
73408.3,8.01163
73428.2,8.00608
73448.1,8.00052
73468,7.99497
73487.9,7.98958
73507.8,7.98444
73527.7,7.9793
73547.6,7.97416
73567.5,7.96903
73587.4,7.96389
73607.3,7.95875
73627.2,7.95361
73647.1,7.94848
73667,7.94334
73686.9,7.9382
73706.8,7.93306
73726.7,7.92793
73746.6,7.92279
73766.6,7.91765
73786.5,7.91252
73806.4,7.90738
73826.3,7.90224
73846.2,7.8971
73866.1,7.89196
73886,7.88683
73905.9,7.88169
73925.8,7.87655
73945.7,7.87142
73965.6,7.86628
73985.5,7.86114
74005.4,7.856
74025.3,7.85086
74045.2,7.84573
74065.1,7.84059
74085,7.83545
74104.9,7.83031
74124.8,7.82518
74144.7,7.82004
74164.6,7.8149
74184.5,7.80976
74204.4,7.80463
74224.3,7.79949
74244.3,7.79435
74264.2,7.78921
74284.1,7.78408
74304,7.77894
74323.9,7.7738
74343.8,7.76866
74363.7,7.76353
74383.6,7.75839
74403.5,7.75325
74423.4,7.74812
74443.3,7.74298
74463.2,7.73784
74483.1,7.7327
74503,7.72757
74522.9,7.72243
74542.8,7.71729
74562.7,7.71215
74582.6,7.70702
74602.5,7.70188
74622.4,7.69674
74642.3,7.6916
74662.2,7.68647
74682.1,7.68133
74702,7.67619
74721.9,7.67105
74741.9,7.66592
74761.8,7.66078
74781.7,7.65564
74801.6,7.6505
74821.5,7.64537
74841.4,7.64023
74861.3,7.63509
74881.2,7.62995
74901.1,7.62482
74921,7.6197
74940.9,7.61489
74960.8,7.61008
74980.7,7.60528
75000.6,7.60047
75020.5,7.59567
75040.4,7.59086
75060.3,7.58606
75080.2,7.58125
75100.1,7.57645
75120,7.57164
75139.9,7.56683
75159.8,7.56203
75179.7,7.55722
75199.6,7.55242
75219.5,7.54761
75239.5,7.5428
75259.4,7.538
75279.3,7.53319
75299.2,7.52839
75319.1,7.52358
75339,7.51878
75358.9,7.51397
75378.8,7.50917
75398.7,7.50436
75418.6,7.49955
75438.5,7.49475
75458.4,7.48994
75478.3,7.48514
75498.2,7.48033
75518.1,7.47553
75538,7.47072
75557.9,7.46592
75577.8,7.46111
75597.7,7.4563
75617.6,7.4515
75637.5,7.44669
75657.4,7.44189
75677.3,7.43708
75697.2,7.43228
75717.1,7.42747
75737,7.42266
75757,7.41786
75776.9,7.41305
75796.8,7.40825
75816.7,7.40344
75836.6,7.39863
75856.5,7.39383
75876.4,7.38902
75896.3,7.38422
75916.2,7.37941
75936.1,7.37461
75956,7.3698
75975.9,7.365
75995.8,7.36019
76015.7,7.35539
76035.6,7.35058
76055.5,7.34577
76075.4,7.34097
76095.3,7.33616
76115.2,7.33136
76135.1,7.32655
76155,7.32175
76174.9,7.31694
76194.8,7.31213
76214.7,7.30733
76234.6,7.30252
76254.5,7.29772
76274.5,7.29291
76294.4,7.28811
76314.3,7.2833
76334.2,7.2785
76354.1,7.27369
76374,7.26888
76393.9,7.26435
76413.8,7.25992
76433.7,7.2555
76453.6,7.25108
76473.5,7.24665
76493.4,7.24223
76513.3,7.23781
76533.2,7.23338
76553.1,7.22896
76573,7.22454
76592.9,7.22012
76612.8,7.21569
76632.7,7.21127
76652.6,7.20685
76672.5,7.20242
76692.4,7.198
76712.3,7.19358
76732.2,7.18915
76752.1,7.18473
76772.1,7.18031
76792,7.17588
76811.9,7.17146
76831.8,7.16704
76851.7,7.16261
76871.6,7.15819
76891.5,7.15377
76911.4,7.14935
76931.3,7.14492
76951.2,7.1405
76971.1,7.13608
76991,7.13165
77010.9,7.12723
77030.8,7.12281
77050.7,7.11838
77070.6,7.11396
77090.5,7.10954
77110.4,7.10512
77130.3,7.10069
77150.2,7.09627
77170.1,7.09185
77190,7.08742
77209.9,7.083
77229.8,7.07858
77249.8,7.07415
77269.6,7.06973
77289.6,7.06531
77309.5,7.06089
77329.4,7.05646
77349.3,7.05204
77369.2,7.04762
77389.1,7.04319
77409,7.03877
77428.9,7.03435
77448.8,7.02992
77468.7,7.0255
77488.6,7.02108
77508.5,7.01666
77528.4,7.01223
77548.3,7.00781
77568.2,7.00339
77588.1,6.99896
77608,6.99454
77627.9,6.99012
77647.8,6.98569
77667.7,6.98127
77687.6,6.97685
77707.5,6.97243
77727.4,6.968
77747.4,6.96358
77767.3,6.95916
77787.2,6.95473
77807.1,6.95031
77827,6.94589
77846.9,6.94146
77866.8,6.93704
77886.7,6.93272
77906.6,6.92861
77926.5,6.9245
77946.4,6.92038
77966.3,6.91627
77986.2,6.91215
78006.1,6.90804
78026,6.90393
78045.9,6.89981
78065.8,6.8957
78085.7,6.89158
78105.6,6.88747
78125.5,6.88336
78145.4,6.87924
78165.3,6.87513
78185.2,6.87102
78205.1,6.8669
78225,6.86279
78245,6.85867
78264.9,6.85456
78284.8,6.85045
78304.7,6.84634
78324.6,6.84222
78344.5,6.83811
78364.4,6.83399
78384.3,6.82988
78404.2,6.82577
78424.1,6.82165
78444,6.81754
78463.9,6.81343
78483.8,6.80931
78503.7,6.8052
78523.6,6.80108
78543.5,6.79697
78563.4,6.79286
78583.3,6.78874
78603.2,6.78463
78623.1,6.78052
78643,6.7764
78662.9,6.77229
78682.8,6.76817
78702.7,6.76406
78722.6,6.75995
78742.5,6.75583
78762.5,6.75172
78782.4,6.74761
78802.3,6.74349
78822.2,6.73938
78842.1,6.73527
78862,6.73115
78881.9,6.72704
78901.8,6.72292
78921.7,6.71881
78941.6,6.7147
78961.5,6.71058
78981.4,6.70647
79001.3,6.70236
79021.2,6.69824
79041.1,6.69413
79061,6.69001
79080.9,6.6859
79100.8,6.68179
79120.7,6.67767
79140.6,6.67356
79160.5,6.66945
79180.4,6.66533
79200.3,6.66122
79220.3,6.6571
79240.1,6.65299
79260.1,6.64888
79280,6.64476
79299.9,6.64065
79319.8,6.63654
79339.7,6.63242
79359.6,6.62831
79379.5,6.6242
79399.4,6.62008
79419.3,6.61617
79439.2,6.61226
79459.1,6.60835
79479,6.60444
79498.9,6.60054
79518.8,6.59663
79538.7,6.59272
79558.6,6.58881
79578.5,6.5849
79598.4,6.58099
79618.3,6.57709
79638.2,6.57318
79658.1,6.56927
79678,6.56536
79697.9,6.56146
79717.8,6.55755
79737.8,6.55364
79757.7,6.54973
79777.6,6.54582
79797.5,6.54191
79817.4,6.53801
79837.3,6.5341
79857.2,6.53019
79877.1,6.52628
79897,6.52238
79916.9,6.51847
79936.8,6.51456
79956.7,6.51065
79976.6,6.50674
79996.5,6.50284
80016.4,6.49903
80036.3,6.49524
80056.2,6.49145
80076.1,6.48766
80096,6.48387
80115.9,6.48008
80135.8,6.4763
80155.7,6.47251
80175.6,6.46872
80195.5,6.46493
80215.4,6.46114
80235.3,6.45735
80255.3,6.45357
80275.2,6.44978
80295.1,6.44599
80315,6.4422
80334.9,6.43841
80354.8,6.43462
80374.7,6.43083
80394.6,6.42705
80414.5,6.42326
80434.4,6.41947
80454.3,6.41568
80474.2,6.41189
80494.1,6.4081
80514,6.40432
80533.9,6.40053
80553.8,6.39674
80573.7,6.39295
80593.6,6.38916
80613.5,6.38537
80633.4,6.38158
80653.3,6.3778
80673.2,6.37401
80693.1,6.37022
80713,6.36643
80732.9,6.36264
80752.9,6.35885
80772.8,6.35507
80792.7,6.35128
80812.6,6.34749
80832.5,6.3437
80852.4,6.33991
80872.3,6.33612
80892.2,6.33233
80912.1,6.32855
80932,6.32476
80951.9,6.321
80971.8,6.31747
80991.7,6.31395
81011.6,6.31043
81031.5,6.30691
81051.4,6.30339
81071.3,6.29987
81091.2,6.29635
81111.1,6.29283
81131,6.28931
81150.9,6.28579
81170.8,6.28226
81190.7,6.27874
81210.6,6.27522
81230.5,6.2717
81250.4,6.26818
81270.4,6.26466
81290.3,6.26114
81310.2,6.25762
81330.1,6.2541
81350,6.25058
81369.9,6.24705
81389.8,6.24353
81409.7,6.24001
81429.6,6.23649
81449.5,6.23297
81469.4,6.22945
81489.3,6.22593
81509.2,6.22241
81529.1,6.21888
81549,6.21536
81568.9,6.21184
81588.8,6.20832
81608.7,6.2048
81628.6,6.20128
81648.5,6.19776
81668.4,6.19424
81688.3,6.19072
81708.2,6.1872
81728.1,6.18367
81748,6.18015
81768,6.17663
81787.9,6.17311
81807.8,6.16959
81827.7,6.16607
81847.6,6.16255
81867.5,6.15903
81887.4,6.15551
81907.3,6.15199
81927.2,6.14846
81947.1,6.14494
81967,6.14142
81986.9,6.1379
82006.8,6.13438
82026.7,6.13086
82046.6,6.12734
82066.5,6.12382
82086.4,6.1203
82106.3,6.11678
82126.2,6.11325
82146.1,6.10973
82166,6.10621
82185.9,6.10269
82205.8,6.09917
82225.8,6.09565
82245.6,6.09213
82265.6,6.08861
82285.5,6.08509
82305.4,6.08156
82325.3,6.07804
82345.2,6.07452
82365.1,6.071
82385,6.06748
82404.9,6.06396
82424.8,6.06044
82444.7,6.05692
82464.6,6.0534
82484.5,6.04988
82504.4,6.04635
82524.3,6.04283
82544.2,6.03936
82564.1,6.03606
82584,6.03277
82603.9,6.02947
82623.8,6.02617
82643.7,6.02288
82663.6,6.01958
82683.5,6.01628
82703.4,6.01299
82723.3,6.00969
82743.3,6.00639
82763.2,6.0031
82783.1,5.9998
82803,5.9965
82822.9,5.99321
82842.8,5.98991
82862.7,5.98661
82882.6,5.98332
82902.5,5.98002
82922.4,5.97672
82942.3,5.97343
82962.2,5.97013
82982.1,5.96683
83002,5.96354
83021.9,5.96024
83041.8,5.95694
83061.7,5.95365
83081.6,5.95035
83101.5,5.94705
83121.4,5.94376
83141.3,5.94046
83161.2,5.93716
83181.1,5.93387
83201,5.93057
83220.9,5.92727
83240.9,5.92398
83260.8,5.92068
83280.7,5.91738
83300.6,5.91409
83320.5,5.91079
83340.4,5.90749
83360.3,5.9042
83380.2,5.9009
83400.1,5.8976
83420,5.89431
83439.9,5.89101
83459.8,5.88771
83479.7,5.88442
83499.6,5.88112
83519.5,5.87782
83539.4,5.87453
83559.3,5.87123
83579.2,5.86793
83599.1,5.86464
83619,5.86134
83638.9,5.85804
83658.8,5.85475
83678.7,5.85145
83698.6,5.84815
83718.5,5.84486
83738.5,5.84156
83758.4,5.83826
83778.3,5.83497
83798.2,5.83167
83818.1,5.82837
83838,5.82508
83857.9,5.82178
83877.8,5.81848
83897.7,5.81519
83917.6,5.81189
83937.5,5.80859
83957.4,5.8053
83977.3,5.802
83997.2,5.7987
84017.1,5.79541
84037,5.79211
84056.9,5.78881
84076.8,5.78552
84096.7,5.78222
84116.6,5.77892
84136.5,5.77563
84156.4,5.77241
84176.3,5.76937
84196.2,5.76633
84216.1,5.76329
84236,5.76025
84255.9,5.75721
84275.9,5.75417
84295.8,5.75113
84315.7,5.74809
84335.6,5.74505
84355.5,5.74201
84375.4,5.73897
84395.3,5.73593
84415.2,5.73289
84435.1,5.72985
84455,5.72681
84474.9,5.72377
84494.8,5.72073
84514.7,5.71768
84534.6,5.71464
84554.5,5.7116
84574.4,5.70856
84594.3,5.70552
84614.2,5.70248
84634.1,5.69944
84654,5.6964
84673.9,5.69336
84693.8,5.69032
84713.7,5.68728
84733.6,5.68424
84753.5,5.6812
84773.5,5.67816
84793.4,5.67512
84813.3,5.67208
84833.2,5.66904
84853.1,5.666
84873,5.66296
84892.9,5.65992
84912.8,5.65688
84932.7,5.65383
84952.6,5.65079
84972.5,5.64775
84992.4,5.64471
85012.3,5.64167
85032.2,5.63863
85052.1,5.63559
85072,5.63255
85091.9,5.62951
85111.8,5.62647
85131.7,5.62343
85151.6,5.62039
85171.5,5.61735
85191.4,5.61431
85211.3,5.61127
85231.2,5.60823
85251.1,5.60519
85271.1,5.60215
85291,5.59911
85310.9,5.59607
85330.8,5.59303
85350.7,5.58998
85370.6,5.58694
85390.5,5.5839
85410.4,5.58086
85430.3,5.57782
85450.2,5.57478
85470.1,5.57174
85490,5.5687
85509.9,5.56566
85529.8,5.56262
85549.7,5.55958
85569.6,5.55654
85589.5,5.5535
85609.4,5.55046
85629.3,5.54742
85649.2,5.54438
85669.1,5.54134
85689,5.5383
85708.9,5.53526
85728.8,5.53222
85748.8,5.52918
85768.7,5.52613
85788.6,5.52309
85808.5,5.52014
85828.4,5.5173
85848.3,5.51446
85868.2,5.51162
85888.1,5.50878
85908,5.50593
85927.9,5.50309
85947.8,5.50025
85967.7,5.49741
85987.6,5.49457
86007.5,5.49173
86027.4,5.48889
86047.3,5.48605
86067.2,5.48321
86087.1,5.48037
86107,5.47753
86126.9,5.47469
86146.8,5.47185
86166.7,5.469
86186.6,5.46616
86206.5,5.46332
86226.4,5.46048
86246.4,5.45764
86266.3,5.4548
86286.2,5.45196
86306.1,5.44912
86326,5.44628
86345.9,5.44344
86365.8,5.4406
86385.7,5.43776
86405.6,5.43492
86425.5,5.43207
86445.4,5.42923
86465.3,5.42639
86485.2,5.42355
86505.1,5.42071
86525,5.41787
86544.9,5.41503
86564.8,5.41219
86584.7,5.40935
86604.6,5.40651
86624.5,5.40367
86644.4,5.40083
86664.3,5.39798
86684.2,5.39514
86704.1,5.3923
86724,5.38946
86744,5.38662
86763.9,5.38378
86783.8,5.38094
86803.7,5.3781
86823.6,5.37526
86843.5,5.37242
86863.4,5.36958
86883.3,5.36673
86903.2,5.36389
86923.1,5.36105
86943,5.35821
86962.9,5.35537
86982.8,5.35253
87002.7,5.34969
87022.6,5.34685
87042.5,5.34401
87062.4,5.34117
87082.3,5.33833
87102.2,5.33549
87122.1,5.33265
87142,5.3298
87161.9,5.32696
87181.8,5.32412
87201.7,5.32128
87221.6,5.31844
87241.5,5.3156
87261.5,5.31276
87281.4,5.30992
87301.3,5.30708
87321.2,5.30424
87341.1,5.3014
87361,5.29856
87380.9,5.29572
87400.8,5.29287
87420.7,5.29003
87440.6,5.28719
87460.5,5.28435
87480.4,5.28162
87500.3,5.279
87520.2,5.27637
87540.1,5.27375
87560,5.27112
87579.9,5.2685
87599.8,5.26587
87619.7,5.26324
87639.6,5.26062
87659.5,5.25799
87679.4,5.25537
87699.3,5.25274
87719.2,5.25012
87739.1,5.24749
87759.1,5.24487
87779,5.24224
87798.9,5.23962
87818.8,5.23699
87838.7,5.23436
87858.6,5.23174
87878.5,5.22911
87898.4,5.22649
87918.3,5.22386
87938.2,5.22124
87958.1,5.21861
87978,5.21598
87997.9,5.21336
88017.8,5.21073
88037.7,5.20811
88057.6,5.20548
88077.5,5.20286
88097.4,5.20023
88117.3,5.19761
88137.2,5.19498
88157.1,5.19236
88177,5.18973
88196.9,5.1871
88216.8,5.18448
88236.7,5.18185
88256.6,5.17923
88276.6,5.1766
88296.5,5.17398
88316.4,5.17135
88336.3,5.16873
88356.2,5.1661
88376.1,5.16348
88396,5.16085
88415.9,5.15822
88435.8,5.1556
88455.7,5.15297
88475.6,5.15035
88495.5,5.14772
88515.4,5.1451
88535.3,5.14247
88555.2,5.13984
88575.1,5.13722
88595,5.13459
88614.9,5.13197
88634.8,5.12934
88654.7,5.12672
88674.6,5.12409
88694.5,5.12147
88714.4,5.11884
88734.3,5.11622
88754.3,5.11359
88774.1,5.11096
88794.1,5.10834
88814,5.10571
88833.9,5.10309
88853.8,5.10046
88873.7,5.09784
88893.6,5.09521
88913.5,5.09259
88933.4,5.08996
88953.3,5.08733
88973.2,5.08471
88993.1,5.08208
89013,5.07946
89032.9,5.07683
89052.8,5.07421
89072.7,5.07158
89092.6,5.06896
89112.5,5.06633
89132.4,5.0637
89152.3,5.06108
89172.2,5.05845
89192.1,5.05595
89212,5.05352
89231.9,5.05109
89251.9,5.04866
89271.8,5.04623
89291.7,5.04379
89311.6,5.04136
89331.5,5.03893
89351.4,5.0365
89371.3,5.03407
89391.2,5.03164
89411.1,5.02921
89431,5.02678
89450.9,5.02435
89470.8,5.02192
89490.7,5.01949
89510.6,5.01706
89530.5,5.01463
89550.4,5.0122
89570.3,5.00977
89590.2,5.00734
89610.1,5.00491
89630,5.00248
89649.9,5.00005
89669.8,4.99761
89689.7,4.99518
89709.6,4.99275
89729.5,4.99032
89749.5,4.98789
89769.4,4.98546
89789.3,4.98303
89809.2,4.9806
89829.1,4.97817
89849,4.97574
89868.9,4.97331
89888.8,4.97088
89908.7,4.96845
89928.6,4.96602
89948.5,4.96359
89968.4,4.96116
89988.3,4.95873
90008.2,4.9563
90028.1,4.95387
90048,4.95144
90067.9,4.94901
90087.8,4.94657
90107.7,4.94414
90127.6,4.94171
90147.5,4.93928
90167.4,4.93685
90187.3,4.93442
90207.2,4.93199
90227.1,4.92956
90247,4.92713
90267,4.9247
90286.9,4.92227
90306.8,4.91984
90326.7,4.91741
90346.6,4.91498
90366.5,4.91255
90386.4,4.91012
90406.3,4.90769
90426.2,4.90526
90446.1,4.90283
90466,4.9004
90485.9,4.89796
90505.8,4.89553
90525.7,4.8931
90545.6,4.89067
90565.5,4.88824
90585.4,4.88581
90605.3,4.88338
90625.2,4.88095
90645.1,4.87852
90665,4.87609
90684.9,4.87366
90704.8,4.87123
90724.8,4.8688
90744.6,4.86637
90764.6,4.86394
90784.5,4.86151
90804.4,4.85908
90824.3,4.85665
90844.2,4.85422
90864.1,4.85179
90884,4.84935
90903.9,4.84692
90923.8,4.84449
90943.7,4.84218
90963.6,4.83993
90983.5,4.83767
91003.4,4.83541
91023.3,4.83316
91043.2,4.8309
91063.1,4.82864
91083,4.82639
91102.9,4.82413
91122.8,4.82187
91142.7,4.81961
91162.6,4.81736
91182.5,4.8151
91202.4,4.81284
91222.3,4.81059
91242.3,4.80833
91262.2,4.80607
91282.1,4.80382
91302,4.80156
91321.9,4.7993
91341.8,4.79705
91361.7,4.79479
91381.6,4.79253
91401.5,4.79028
91421.4,4.78802
91441.3,4.78576
91461.2,4.78351
91481.1,4.78125
91501,4.77899
91520.9,4.77674
91540.8,4.77448
91560.7,4.77222
91580.6,4.76997
91600.5,4.76771
91620.4,4.76545
91640.3,4.7632
91660.2,4.76094
91680.1,4.75868
91700,4.75642
91719.9,4.75417
91739.9,4.75191
91759.8,4.74965
91779.7,4.7474
91799.6,4.74514
91819.5,4.74288
91839.4,4.74063
91859.3,4.73837
91879.2,4.73611
91899.1,4.73386
91919,4.7316
91938.9,4.72934
91958.8,4.72709
91978.7,4.72483
91998.6,4.72257
92018.5,4.72032
92038.4,4.71806
92058.3,4.7158
92078.2,4.71355
92098.1,4.71129
92118,4.70903
92137.9,4.70678
92157.8,4.70452
92177.7,4.70226
92197.6,4.70001
92217.5,4.69775
92237.4,4.69549
92257.4,4.69324
92277.3,4.69098
92297.2,4.68872
92317.1,4.68647
92337,4.68421
92356.9,4.68195
92376.8,4.67969
92396.7,4.67744
92416.6,4.67518
92436.5,4.67292
92456.4,4.67067
92476.3,4.66841
92496.2,4.66615
92516.1,4.6639
92536,4.66164
92555.9,4.65938
92575.8,4.65713
92595.7,4.65487
92615.6,4.65261
92635.5,4.65036
92655.4,4.6481
92675.3,4.64584
92695.2,4.64359
92715.1,4.64137
92735,4.63927
92754.9,4.63717
92774.9,4.63507
92794.8,4.63298
92814.7,4.63088
92834.6,4.62878
92854.5,4.62668
92874.4,4.62458
92894.3,4.62248
92914.2,4.62038
92934.1,4.61828
92954,4.61618
92973.9,4.61408
92993.8,4.61199
93013.7,4.60989
93033.6,4.60779
93053.5,4.60569
93073.4,4.60359
93093.3,4.60149
93113.2,4.59939
93133.1,4.59729
93153,4.59519
93172.9,4.5931
93192.8,4.591
93212.7,4.5889
93232.6,4.5868
93252.5,4.5847
93272.5,4.5826
93292.4,4.5805
93312.3,4.5784
93332.2,4.5763
93352.1,4.57421
93372,4.57211
93391.9,4.57001
93411.8,4.56791
93431.7,4.56581
93451.6,4.56371
93471.5,4.56161
93491.4,4.55951
93511.3,4.55742
93531.2,4.55532
93551.1,4.55322
93571,4.55112
93590.9,4.54902
93610.8,4.54692
93630.7,4.54482
93650.6,4.54272
93670.5,4.54062
93690.4,4.53853
93710.3,4.53643
93730.3,4.53433
93750.1,4.53223
93770.1,4.53013
93790,4.52803
93809.9,4.52593
93829.8,4.52383
93849.7,4.52173
93869.6,4.51964
93889.5,4.51754
93909.4,4.51544
93929.3,4.51334
93949.2,4.51124
93969.1,4.50914
93989,4.50704
94008.9,4.50494
94028.8,4.50285
94048.7,4.50075
94068.6,4.49865
94088.5,4.49655
94108.4,4.49445
94128.3,4.49235
94148.2,4.49025
94168.1,4.48815
94188,4.48605
94207.9,4.48395
94227.8,4.48186
94247.8,4.47976
94267.7,4.47766
94287.6,4.47556
94307.5,4.47346
94327.4,4.47136
94347.3,4.46926
94367.2,4.46716
94387.1,4.46507
94407,4.46297
94426.9,4.46087
94446.8,4.45877
94466.7,4.45667
94486.6,4.45457
94506.5,4.45247
94526.4,4.45042
94546.3,4.44848
94566.2,4.44653
94586.1,4.44459
94606,4.44264
94625.9,4.4407
94645.8,4.43875
94665.7,4.43681
94685.6,4.43486
94705.5,4.43291
94725.4,4.43097
94745.4,4.42902
94765.3,4.42708
94785.2,4.42513
94805.1,4.42319
94825,4.42124
94844.9,4.4193
94864.8,4.41735
94884.7,4.41541
94904.6,4.41346
94924.5,4.41151
94944.4,4.40957
94964.3,4.40762
94984.2,4.40568
95004.1,4.40373
95024,4.40179
95043.9,4.39984
95063.8,4.3979
95083.7,4.39595
95103.6,4.39401
95123.5,4.39206
95143.4,4.39012
95163.3,4.38817
95183.2,4.38622
95203.1,4.38428
95223,4.38233
95243,4.38039
95262.9,4.37844
95282.8,4.3765
95302.7,4.37455
95322.6,4.37261
95342.5,4.37066
95362.4,4.36872
95382.3,4.36677
95402.2,4.36483
95422.1,4.36288
95442,4.36093
95461.9,4.35899
95481.8,4.35704
95501.7,4.3551
95521.6,4.35315
95541.5,4.35121
95561.4,4.34926
95581.3,4.34732
95601.2,4.34537
95621.1,4.34343
95641,4.34148
95660.9,4.33954
95680.8,4.33759
95700.7,4.33564
95720.6,4.3337
95740.6,4.33175
95760.5,4.32981
95780.4,4.32786
95800.3,4.32592
95820.2,4.32397
95840.1,4.32203
95860,4.32008
95879.9,4.31814
95899.8,4.31619
95919.7,4.31424
95939.6,4.3123
95959.5,4.31035
95979.4,4.30841
95999.3,4.30646
96019.2,4.30452
96039.1,4.30257
96059,4.30063
96078.9,4.29868
96098.8,4.29674
96118.7,4.29479
96138.6,4.29285
96158.5,4.2909
96178.4,4.28895
96198.3,4.28701
96218.2,4.28506
96238.1,4.28312
96258,4.28117
96278,4.27923
96297.9,4.27728
96317.8,4.27534
96337.7,4.27339
96357.6,4.27145
96377.5,4.26955
96397.4,4.26774
96417.3,4.26594
96437.2,4.26413
96457.1,4.26232
96477,4.26051
96496.9,4.2587
96516.8,4.2569
96536.7,4.25509
96556.6,4.25328
96576.5,4.25147
96596.4,4.24966
96616.3,4.24786
96636.2,4.24605
96656.1,4.24424
96676,4.24243
96695.9,4.24062
96715.8,4.23882
96735.7,4.23701
96755.6,4.2352
96775.6,4.23339
96795.5,4.23158
96815.4,4.22977
96835.3,4.22797
96855.2,4.22616
96875.1,4.22435
96895,4.22254
96914.9,4.22074
96934.8,4.21893
96954.7,4.21712
96974.6,4.21531
96994.5,4.2135
97014.4,4.2117
97034.3,4.20989
97054.2,4.20808
97074.1,4.20627
97094,4.20446
97113.9,4.20266
97133.8,4.20085
97153.7,4.19904
97173.6,4.19723
97193.5,4.19542
97213.4,4.19361
97233.3,4.19181
97253.3,4.19
97273.2,4.18819
97293.1,4.18638
97313,4.18458
97332.9,4.18277
97352.8,4.18096
97372.7,4.17915
97392.6,4.17734
97412.5,4.17554
97432.4,4.17373
97452.3,4.17192
97472.2,4.17011
97492.1,4.1683
97512,4.16649
97531.9,4.16469
97551.8,4.16288
97571.7,4.16107
97591.6,4.15926
97611.5,4.15746
97631.4,4.15565
97651.3,4.15384
97671.2,4.15203
97691.1,4.15022
97711,4.14841
97730.9,4.14661
97750.9,4.1448
97770.8,4.14299
97790.7,4.14118
97810.6,4.13937
97830.5,4.13757
97850.4,4.13576
97870.3,4.13395
97890.2,4.13214
97910.1,4.13033
97930,4.12853
97949.9,4.12672
97969.8,4.12491
97989.7,4.1231
98009.6,4.12129
98029.5,4.11949
98049.4,4.11768
98069.3,4.11587
98089.2,4.11406
98109.1,4.11226
98129,4.11045
98148.9,4.10864
98168.8,4.10683
98188.7,4.10502
98208.6,4.10322
98228.5,4.10141
98248.5,4.0996
98268.4,4.09791
98288.3,4.09622
98308.2,4.09454
98328.1,4.09286
98348,4.09118
98367.9,4.08949
98387.8,4.08781
98407.7,4.08613
98427.6,4.08444
98447.5,4.08276
98467.4,4.08108
98487.3,4.0794
98507.2,4.07771
98527.1,4.07603
98547,4.07435
98566.9,4.07267
98586.8,4.07098
98606.7,4.0693
98626.6,4.06762
98646.5,4.06594
98666.4,4.06425
98686.3,4.06257
98706.2,4.06089
98726.1,4.05921
98746,4.05752
98766,4.05584
98785.9,4.05416
98805.8,4.05247
98825.7,4.05079
98845.6,4.04911
98865.5,4.04743
98885.4,4.04574
98905.3,4.04406
98925.2,4.04238
98945.1,4.0407
98965,4.03901
98984.9,4.03733
99004.8,4.03565
99024.7,4.03397
99044.6,4.03228
99064.5,4.0306
99084.4,4.02892
99104.3,4.02724
99124.2,4.02555
99144.1,4.02387
99164,4.02219
99183.9,4.0205
99203.8,4.01882
99223.8,4.01714
99243.6,4.01546
99263.6,4.01377
99283.5,4.01209
99303.4,4.01041
99323.3,4.00873
99343.2,4.00704
99363.1,4.00536
99383,4.00368
99402.9,4.002
99422.8,4.00031
99442.7,3.99863
99462.6,3.99695
99482.5,3.99526
99502.4,3.99358
99522.3,3.9919
99542.2,3.99022
99562.1,3.98853
99582,3.98685
99601.9,3.98517
99621.8,3.98349
99641.7,3.9818
99661.6,3.98012
99681.5,3.97844
99701.4,3.97676
99721.3,3.97507
99741.3,3.97339
99761.2,3.97171
99781.1,3.97003
99801,3.96834
99820.9,3.96666
99840.8,3.96498
99860.7,3.96329
99880.6,3.96161
99900.5,3.95993
99920.4,3.95825
99940.3,3.95656
99960.2,3.95488
99980.1,3.9532
100000,3.95152