500,184783
519.904,181203
539.808,177624
559.712,174045
579.616,170465
599.52,166886
619.424,163306
639.328,159727
659.232,156147
679.136,152568
699.04,148988
718.944,145409
738.848,141830
758.752,138250
778.656,134671
798.56,131091
818.464,127512
838.368,123932
858.272,120353
878.176,116773
898.08,113194
917.984,109615
937.888,106035
957.792,102456
977.696,98876.2
997.599,95296.8
1017.5,91717.3
1037.41,88230.5
1057.31,84937.4
1077.22,81922.1
1097.12,78973.7
1117.02,76137.9
1136.93,73518.4
1156.83,71105.5
1176.74,68736.3
1196.64,66472.5
1216.54,64371.6
1236.45,62274
1256.35,60329
1276.26,58510.8
1296.16,56753.8
1316.06,55068.5
1335.97,53468.6
1355.87,51931.2
1375.78,50431.3
1395.68,49015.3
1415.58,47691.2
1435.49,46371.4
1455.39,45114.9
1475.3,43911.4
1495.2,42768.8
1515.1,41643.9
1535.01,40505.4
1554.91,39376.4
1574.81,38344.8
1594.72,37344.5
1614.62,36377.4
1634.53,35456.3
1654.43,34556.9
1674.33,33689.9
1694.24,32854.8
1714.14,32049.9
1734.05,31272.4
1753.95,30513.3
1773.85,29810.8
1793.76,29121.5
1813.66,28449
1833.57,27797
1853.47,27154.6
1873.37,26548.9
1893.28,25950.9
1913.18,25389.5
1933.09,24837.9
1952.99,24315.4
1972.89,23801.1
1992.8,23302.2
2012.7,22803.9
2032.61,22333.8
2052.51,21870.8
2072.41,21417.1
2092.32,20975.2
2112.22,20549.6
2132.13,24951.3
2152.03,30549
2171.93,36922.6
2191.84,45122.4
2211.74,52384.3
2231.65,52228.3
2251.55,52072.4
2271.45,51917
2291.36,51761.6
2311.26,51611.4
2331.17,51462.4
2351.07,51316.8
2370.97,51173.9
2390.88,51031.7
2410.78,50891.8
2430.69,50751.9
2450.59,50612
2470.49,50472.1
2490.4,50335.2
2510.3,50201.1
2530.21,50067.1
2550.11,49935.6
2570.01,49804.1
2589.92,49675.7
2609.82,49549.3
2629.73,49423.1
2649.63,56757.2
2669.53,55724.6
2689.44,54724.8
2709.34,53761.4
2729.25,52798
2749.15,51903.1
2769.05,51019.2
2788.96,50141
2808.86,49296.1
2828.77,48451.2
2848.67,47635.7
2868.57,46858.5
2888.48,46081.3
2908.38,45334.1
2928.29,44605.2
2948.19,43876.2
2968.09,43171.8
2988,42475.2
3007.9,41778.4
3027.81,43653.1
3047.71,42983.1
3067.61,42313.2
3087.52,41685.4
3107.42,41060.8
3127.33,40436.3
3147.23,39846.7
3167.13,39260.4
3187.04,38674.1
3206.94,38126.7
3226.85,37586.2
3246.75,37045.6
3266.65,36517.1
3286.56,35994.2
3306.46,37002.5
3326.37,36468.2
3346.27,35964.5
3366.17,35460.8
3386.08,34964.1
3405.98,34487.9
3425.89,34011.8
3445.79,33535.6
3465.69,33092.6
3485.6,32651.7
3505.5,32210.9
3525.41,31780.1
3545.31,31358.5
3565.21,30937
3585.12,30518.7
3605.02,30128
3624.92,29737.3
3644.83,29346.6
3664.73,28973.1
3684.64,28611.5
3704.54,28249.9
3724.45,27888.3
3744.35,27547.2
3764.25,27206.8
3784.16,26866.4
3804.06,26531.7
3823.96,26210.1
3843.87,25888.4
3863.77,25566.8
3883.68,25258.3
3903.58,24959
3923.48,24659.7
3943.39,24360.4
3963.29,24071.5
3983.2,23785.7
4003.1,23500.3
4023,23216.2
4042.91,22946.7
4062.81,22678.7
4082.72,22410.7
4102.62,22142.8
4122.52,21888.6
4142.43,21635.5
4162.33,21382.4
4182.24,21129.3
4202.14,20892
4222.04,20656.3
4241.95,20420.6
4261.85,20184.8
4281.76,19960.1
4301.66,19738.3
4321.56,19516.6
4341.47,19294.8
4361.37,19083
4381.28,18877.2
4401.18,18671.5
4421.08,18465.7
4440.99,18264.8
4460.89,18072.9
4480.8,17880.9
4500.7,17689
4520.6,17497
4540.51,17314.6
4560.41,17132.3
4580.32,16950
4600.22,16767.7
4620.12,16592.6
4640.03,16423.1
4659.93,16253.6
4679.84,16084.1
4699.74,15915.1
4719.64,15757.9
4739.55,15600.7
4759.45,15443.5
4779.36,15286.2
4799.26,15132.7
4819.16,14984.5
4839.07,14836.2
4858.97,14687.9
4878.88,14539.6
4898.78,14398.2
4918.68,14259.8
4938.59,14121.4
4958.49,13983
4978.4,13844.5
4998.3,13712.5
5018.2,13581
5038.11,13449.5
5058.01,13318
5077.92,13186.5
5097.82,13063
5117.72,12939.5
5137.63,12815.9
5157.53,12692.4
5177.44,12569.1
5197.34,12453.2
5217.24,12337.3
5237.15,12221.5
5257.05,12105.6
5276.96,11989.7
5296.86,11880.8
5316.76,11772.3
5336.67,11663.8
5356.57,11555.3
5376.48,11446.8
5396.38,11344.5
5416.28,11244
5436.19,11143.5
5456.09,11043.1
5476,10942.6
5495.9,10844.7
5515.8,10750.1
5535.71,10655.5
5555.61,10560.8
5575.52,10466.2
5595.42,10372.1
5615.32,10284
5635.23,10195.9
5655.13,10107.9
5675.04,10019.8
5694.94,9931.76
5714.84,9847.19
5734.75,9765.02
5754.65,9682.83
5774.55,9600.65
5794.46,9518.47
5814.36,9436.29
5834.27,9359.32
5854.17,9282.52
5874.07,9205.72
5893.98,9128.92
5913.88,9052.12
5933.79,8976.41
5953.69,8903.36
5973.59,8830.31
5993.5,8757.26
6013.4,8685.11
6033.31,8613.38
6053.21,8543.15
6073.11,8474.64
6093.02,8406.14
6112.92,8337.63
6132.83,8269.12
6152.73,8200.62
6172.63,8134.5
6192.54,8070.95
6212.44,8007.4
6232.35,7943.85
6252.25,7880.29
6272.15,7816.74
6292.06,7754.86
6311.96,7695
6331.87,7635.13
6351.77,7575.27
6371.67,7515.4
6391.58,7455.54
6411.48,7396.8
6431.39,7341.05
6451.29,7285.3
6471.19,7229.55
6491.1,7173.8
6511,7118.05
6530.91,7062.29
6550.81,7009.89
6570.71,6957.5
6590.62,6905.11
6610.52,6852.72
6630.43,6800.33
6650.33,6747.94
6670.23,6697.66
6690.14,6649.01
6710.04,6600.35
6729.95,6551.7
6749.85,6503.05
6769.75,6454.4
6789.66,6405.86
6809.56,6360.48
6829.47,6315.1
6849.37,6269.72
6869.27,6224.34
6889.18,6178.96
6909.08,6133.58
6928.99,6089.19
6948.89,6046.63
6968.79,6004.07
6988.7,5961.5
7008.6,5918.94
7028.51,5876.38
7048.41,5833.81
7068.31,5792.91
7088.22,5753.27
7108.12,5713.64
7128.03,5674
7147.93,5634.36
7167.83,5594.72
7187.74,5555.09
7207.64,5517.17
7227.55,5480.24
7247.45,5443.31
7267.35,5406.38
7287.26,5369.45
7307.16,5332.52
7327.07,5295.59
7346.97,5259.91
7366.87,5225.25
7386.78,5190.58
7406.68,5155.92
7426.59,5121.25
7446.49,5086.59
7466.39,5051.92
7486.3,5018.11
7506.2,4985.78
7526.1,4953.45
7546.01,4921.11
7565.91,4888.78
7585.82,4856.45
7605.72,4824.12
7625.63,4791.86
7645.53,4761.88
7665.43,4731.9
7685.34,4701.92
7705.24,4671.94
7725.15,4641.96
7745.05,4611.98
7764.95,4582
7784.86,4552.9
7804.76,4524.7
7824.67,4496.5
7844.57,4468.3
7864.47,4440.1
7884.38,4411.9
7904.28,4383.7
7924.18,4355.5
7944.09,4328.31
7963.99,4301.29
7983.9,4274.27
8003.8,4247.42
8023.7,4221.29
8043.61,4195.15
8063.51,4169.01
8083.42,4142.96
8103.32,4117.99
8123.23,4093.02
8143.13,4068.06
8163.03,4043.09
8182.94,4018.12
8202.84,3993.16
8222.74,3968.19
8242.65,3943.45
8262.55,3920.17
8282.46,3896.9
8302.36,3873.62
8322.26,3850.34
8342.17,3827.07
8362.07,3803.79
8381.98,3780.52
8401.88,3757.31
8421.78,3735.58
8441.69,3713.85
8461.59,3692.13
8481.5,3670.4
8501.4,3648.67
8521.3,3626.94
8541.21,3605.21
8561.11,3583.49
8581.02,3562.83
8600.92,3542.44
8620.82,3522.05
8640.73,3501.65
8660.63,3481.26
8680.54,3460.87
8700.44,3440.48
8720.34,3420.08
8740.25,3400.3
8760.15,3381.39
8780.06,3362.47
8799.96,3343.55
8819.86,3324.64
8839.77,3305.72
8859.67,3286.81
8879.58,3267.89
8899.48,3248.97
8919.38,3231.07
8939.29,3213.39
8959.19,3195.71
8979.1,3178.02
8999,3160.34
9018.9,3142.66
9038.81,3124.97
9058.71,3107.29
9078.62,3089.71
9098.52,3073.31
9118.42,3056.91
9138.33,3040.51
9158.23,3024.11
9178.14,3007.72
9198.04,2991.32
9217.94,2974.92
9237.85,2958.52
9257.75,2942.26
9277.66,2926.85
9297.56,2911.45
9317.46,2896.05
9337.37,2880.65
9357.27,2865.25
9377.17,2849.85
9397.08,2834.45
9416.98,2819.05
9436.89,2803.69
9456.79,2789.25
9476.7,2774.82
9496.6,2760.38
9516.5,2745.95
9536.41,2731.51
9556.31,2717.08
9576.21,2702.64
9596.12,2688.21
9616.02,2673.77
9635.93,2660.14
9655.83,2646.71
9675.74,2633.28
9695.64,2619.86
9715.54,2606.43
9735.45,2593
9755.35,2579.57
9775.25,2566.14
9795.16,2552.71
9815.06,2539.6
9834.97,2527.07
9854.87,2514.54
9874.77,2502
9894.68,2489.47
9914.58,2476.94
9934.49,2464.41
9954.39,2451.87
9974.29,2439.34
9994.2,2426.81
10014.1,2415
10034,2403.5
10053.9,2391.99
10073.8,2380.49
10093.7,2368.98
10113.6,2357.48
10133.5,2345.97
10153.4,2334.47
10173.3,2322.96
10193.2,2311.46
10213.1,2299.92
10233,2288.36
10253,2276.8
10272.9,2265.24
10292.8,2253.69
10312.7,2242.13
10332.6,2230.57
10352.5,2219.01
10372.4,2207.46
10392.3,2196.08
10412.2,2186.13
10432.1,2176.17
10452,2166.22
10471.9,2156.26
10491.8,2146.31
10511.7,2136.35
10531.6,2126.39
10551.5,2116.44
10571.4,2106.48
10591.3,2096.53
10611.2,2086.85
10631.1,2077.4
10651,2067.94
10670.9,2058.49
10690.8,2049.03
10710.7,2039.58
10730.6,2030.13
10750.5,2020.67
10770.5,2011.22
10790.4,2001.76
10810.3,1992.31
10830.2,1983.3
10850.1,1974.28
10870,1965.26
10889.9,1956.25
10909.8,1947.23
10929.7,1938.21
10949.6,1929.2
10969.5,1920.18
10989.4,1911.16
11009.3,1902.15
11029.2,1893.33
11049.1,1884.76
11069,1876.18
11088.9,1867.6
11108.8,1859.02
11128.7,1850.44
11148.6,1841.87
11168.5,1833.29
11188.4,1824.71
11208.3,1816.13
11228.2,1807.55
11248.1,1799.71
11268.1,1791.94
11288,1784.17
11307.9,1776.4
11327.8,1768.63
11347.7,1760.86
11367.6,1753.09
11387.5,1745.32
11407.4,1737.55
11427.3,1729.78
11447.2,1722.01
11467.1,1714.35
11487,1706.7
11506.9,1699.05
11526.8,1691.4
11546.7,1683.74
11566.6,4160.26
11586.5,4142.69
11606.4,4125.12
11626.3,4107.55
11646.2,4089.98
11666.1,4072.41
11686,4054.57
11705.9,4036.1
11725.8,4017.64
11745.7,3999.17
11765.7,3980.7
11785.6,3962.23
11805.5,3943.76
11825.4,3925.29
11845.3,3906.82
11865.2,3888.36
11885.1,3869.89
11905,3852.02
11924.9,3835.97
11944.8,3819.92
11964.7,3803.87
11984.6,3787.81
12004.5,3771.76
12024.4,3755.71
12044.3,3739.66
12064.2,3723.6
12084.1,3707.55
12104,3691.5
12123.9,3675.44
12143.8,3659.42
12163.7,3643.53
12183.6,3627.64
12203.5,3611.74
12223.4,3595.85
12243.3,3579.96
12263.3,3564.06
12283.2,3548.17
12303.1,3532.28
12323,3516.38
12342.9,3500.49
12362.8,3484.6
12382.7,3469.98
12402.6,3456.1
12422.5,3442.21
12442.4,3428.33
12462.3,3414.44
12482.2,3400.56
12502.1,3386.67
12522,3372.79
12541.9,3358.9
12561.8,3345.02
12581.7,3331.13
12601.6,3317.24
12621.5,3303.37
12641.4,3289.62
12661.3,3275.87
12681.2,3262.11
12701.1,3248.36
12721,3234.61
12740.9,3220.86
12760.9,3207.11
12780.8,3193.36
12800.7,3179.61
12820.6,3165.85
12840.5,3152.1
12860.4,3138.37
12880.3,3125.86
12900.2,3113.34
12920.1,3100.82
12940,3088.3
12959.9,3075.78
12979.8,3063.27
12999.7,3050.75
13019.6,3038.23
13039.5,3025.71
13059.4,3013.2
13079.3,3000.68
13099.2,2988.16
13119.1,2976.03
13139,2964.36
13158.9,2952.69
13178.8,2941.02
13198.7,2929.35
13218.6,2917.68
13238.5,2906.01
13258.5,2894.34
13278.4,3961.92
13298.3,3948.11
13318.2,3934.29
13338.1,3920.48
13358,3906.67
13377.9,3893
13397.8,3879.55
13417.7,3866.09
13437.6,3852.64
13457.5,3839.19
13477.4,3825.74
13497.3,3812.28
13517.2,3798.83
13537.1,3785.38
13557,3771.93
13576.9,3758.47
13596.8,3745.02
13616.7,3731.57
13636.6,3718.43
13656.5,3705.91
13676.4,3693.39
13696.3,3680.87
13716.2,3668.36
13736.1,3655.84
13756.1,3643.32
13776,3630.8
13795.9,3618.29
13815.8,3605.77
13835.7,3593.25
13855.6,3580.73
13875.5,3568.21
13895.4,4099.88
13915.3,4085.4
13935.2,4070.94
13955.1,4056.47
13975,4042.01
13994.9,4027.55
14014.8,4013.08
14034.7,3998.62
14054.6,3984.15
14074.5,3969.69
14094.4,3955.23
14114.3,3940.76
14134.2,3926.3
14154.1,3911.83
14174,3897.61
14193.9,3884.32
14213.8,3871.03
14233.7,3857.74
14253.7,3844.45
14273.6,3831.16
14293.5,3817.87
14313.4,3804.58
14333.3,3791.29
14353.2,3778
14373.1,3764.71
14393,3751.42
14412.9,3738.13
14432.8,3724.84
14452.7,3711.64
14472.6,3699.01
14492.5,3686.37
14512.4,3673.74
14532.3,3661.11
14552.2,3648.48
14572.1,3635.84
14592,3623.21
14611.9,3610.58
14631.8,3597.95
14651.7,3585.32
14671.6,3572.68
14691.5,3560.05
14711.4,3547.42
14731.3,3534.85
14751.3,3523.11
14771.2,3511.37
14791.1,3499.64
14811,3487.9
14830.9,3476.16
14850.8,3464.43
14870.7,3452.69
14890.6,3440.95
14910.5,3429.22
14930.4,3417.48
14950.3,3405.74
14970.2,3394.01
14990.1,3382.27
15010,3371.14
15029.9,3360.31
15049.8,3349.16
15069.7,3338
15089.6,3326.85
15109.5,3315.69
15129.4,3304.54
15149.3,3293.39
15169.2,3282.23
15189.1,3271.08
15209,3259.92
15228.9,3248.77
15248.8,3237.62
15268.8,3226.46
15288.7,3215.31
15308.6,3204.15
15328.5,3193.83
15348.4,3183.58
15368.3,3173.32
15388.2,3163.07
15408.1,3152.81
15428,3142.55
15447.9,3132.3
15467.8,3122.04
15487.7,3111.78
15507.6,3101.53
15527.5,3091.27
15547.4,3081.02
15567.3,3070.76
15587.2,3060.5
15607.1,3050.25
15627,3040.67
15646.9,3031.21
15666.8,3021.75
15686.7,3012.3
15706.6,3002.84
15726.5,2993.38
15746.5,2983.92
15766.4,2974.46
15786.3,2965
15806.2,2955.54
15826.1,2946.08
15846,2936.63
15865.9,2927.17
15885.8,2917.71
15905.7,2908.25
15925.6,2898.92
15945.5,2889.93
15965.4,2880.94
15985.3,2871.95
16005.2,2862.95
16025.1,2853.96
16045,2844.97
16064.9,2835.98
16084.8,2826.98
16104.7,2817.99
16124.6,2809
16144.5,2800.01
16164.4,2791.02
16184.3,2782.02
16204.2,2773.03
16224.1,2764.04
16244,2755.38
16264,2746.85
16283.9,2738.32
16303.8,2729.8
16323.7,2721.27
16343.6,2712.75
16363.5,2704.22
16383.4,2695.7
16403.3,2687.17
16423.2,2678.65
16443.1,2670.12
16463,2661.59
16482.9,2653.07
16502.8,2644.54
16522.7,2636.02
16542.6,2627.61
16562.5,2619.96
16582.4,2612.3
16602.3,2604.66
16622.2,2597
16642.1,2589.35
16662,2581.7
16681.9,2574.05
16701.8,2566.4
16721.7,2558.75
16741.6,2551.1
16761.6,2543.45
16781.5,2535.8
16801.4,2528.15
16821.3,2520.5
16841.2,2512.85
16861.1,2505.2
16881,2497.75
16900.9,2490.46
16920.8,2483.16
16940.7,2475.87
16960.6,2468.58
16980.5,2461.29
17000.4,2454
17020.3,2446.71
17040.2,2439.42
17060.1,2432.12
17080,2424.83
17099.9,2417.54
17119.8,2410.25
17139.7,2402.96
17159.6,2395.67
17179.5,2388.37
17199.4,2381.08
17219.3,2374.18
17239.2,2367.28
17259.2,2360.39
17279.1,2353.5
17299,2346.6
17318.9,2339.71
17338.8,2332.82
17358.7,2325.92
17378.6,2319.03
17398.5,2312.14
17418.4,2305.24
17438.3,2298.35
17458.2,2291.46
17478.1,2284.56
17498,2277.67
17517.9,2270.78
17537.8,2264.14
17557.7,2257.91
17577.6,2251.67
17597.5,2245.43
17617.4,2239.2
17637.3,2232.96
17657.2,2226.72
17677.1,2220.49
17697,2214.25
17716.9,2208.02
17736.8,2201.78
17756.8,2195.54
17776.7,2189.31
17796.6,2183.07
17816.5,2176.83
17836.4,2170.6
17856.3,2164.36
17876.2,2158.12
17896.1,2152.16
17916,2146.26
17935.9,2140.36
17955.8,2134.47
17975.7,2128.57
17995.6,2122.67
18015.5,2116.77
18035.4,2110.87
18055.3,2104.97
18075.2,2099.08
18095.1,2093.18
18115,2087.28
18134.9,2081.38
18154.8,2075.48
18174.7,2069.59
18194.6,2063.69
18214.5,2057.79
18234.4,2051.95
18254.3,2046.31
18274.3,2040.68
18294.2,2035.04
18314.1,2029.41
18334,2023.77
18353.9,2018.14
18373.8,2012.5
18393.7,2006.87
18413.6,2001.23
18433.5,1995.6
18453.4,1989.96
18473.3,1984.33
18493.2,1978.69
18513.1,1973.06
18533,1967.42
18552.9,1961.78
18572.8,1956.15
18592.7,1950.89
18612.6,1945.84
18632.5,1940.8
18652.4,1935.75
18672.3,1930.71
18692.2,1925.66
18712.1,1920.61
18732,1915.57
18752,1910.52
18771.9,1905.47
18791.8,1900.43
18811.7,1895.38
18831.6,1890.33
18851.5,1885.29
18871.4,1880.24
18891.3,1875.19
18911.2,1870.15
18931.1,1865.1
18951,1860.07
18970.9,1855.23
18990.8,1850.4
19010.7,1845.57
19030.6,1840.73
19050.5,1835.9
19070.4,1831.07
19090.3,1826.23
19110.2,1821.4
19130.1,1816.57
19150,1811.74
19169.9,1806.9
19189.8,1802.07
19209.7,1797.24
19229.6,1792.4
19249.5,1787.57
19269.5,1782.74
19289.4,1777.9
19309.3,1773.07
19329.2,1768.35
19349.1,1763.77
19369,1759.18
19388.9,1754.6
19408.8,1750.01
19428.7,1745.43
19448.6,1740.85
19468.5,1736.26
19488.4,1731.68
19508.3,1727.09
19528.2,1722.51
19548.1,1717.92
19568,1713.34
19587.9,1708.75
19607.8,1704.17
19627.7,1699.59
19647.6,1695
19667.5,1690.42
19687.4,1685.83
19707.3,1681.62
19727.2,1677.46
19747.2,1673.31
19767.1,1669.15
19787,1664.99
19806.9,1660.84
19826.8,1656.68
19846.7,1652.52
19866.6,1648.37
19886.5,1644.21
19906.4,1640.05
19926.3,1635.9
19946.2,1631.74
19966.1,1627.58
19986,1623.43
20005.9,1619.28
20025.8,1615.17
20045.7,1611.07
20065.6,1606.96
20085.5,1602.87
20105.4,1598.82
20125.3,1594.77
20145.2,1590.73
20165.1,1586.68
20185,1582.64
20204.9,1578.59
20224.8,1574.54
20244.7,1570.5
20264.7,1566.45
20284.6,1562.41
20304.5,1558.36
20324.4,1554.31
20344.3,1550.27
20364.2,1546.22
20384.1,1542.18
20404,1538.13
20423.9,1534.09
20443.8,1530.04
20463.7,1525.99
20483.6,1522.17
20503.5,1518.46
20523.4,1514.75
20543.3,1511.03
20563.2,1507.32
20583.1,1503.6
20603,1499.89
20622.9,1496.17
20642.8,1492.46
20662.7,1488.74
20682.6,1485.03
20702.5,1481.31
20722.4,1477.6
20742.3,1473.88
20762.3,1470.17
20782.2,1466.46
20802.1,1462.74
20822,1459.03
20841.9,1455.31
20861.8,1451.6
20881.7,1448.03
20901.6,1444.57
20921.5,1441.1
20941.4,1437.64
20961.3,1434.18
20981.2,1430.71
21001.1,1427.25
21021,1423.78
21040.9,1420.32
21060.8,1416.86
21080.7,1413.39
21100.6,1409.93
21120.5,1406.47
21140.4,1403
21160.3,1399.54
21180.2,1396.08
21200.1,1392.61
21220,1389.15
21239.9,1385.68
21259.9,1382.22
21279.8,1378.76
21299.7,1375.53
21319.6,1372.3
21339.5,1369.08
21359.4,1365.86
21379.3,1362.63
21399.2,1359.41
21419.1,1356.18
21439,1352.96
21458.9,1349.73
21478.8,1346.51
21498.7,1343.28
21518.6,1340.06
21538.5,1336.83
21558.4,1333.61
21578.3,1330.38
21598.2,1327.16
21618.1,1323.94
21638,1320.71
21657.9,1317.49
21677.8,1314.26
21697.7,1311.04
21717.6,1307.95
21737.5,1304.88
21757.5,1301.82
21777.4,1298.75
21797.3,1295.68
21817.2,1292.61
21837.1,1289.54
21857,1286.47
21876.9,1283.41
21896.8,1280.34
21916.7,1277.27
21936.6,1274.2
21956.5,1271.13
21976.4,1268.07
21996.3,1265
22016.2,1261.93
22036.1,1258.86
22056,1255.79
22075.9,1252.73
22095.8,1249.66
22115.7,1246.59
22135.6,1243.7
22155.5,1240.85
22175.4,1238.01
22195.3,1235.17
22215.2,1232.32
22235.1,1229.48
22255.1,1226.63
22275,1223.79
22294.9,1220.95
22314.8,1218.1
22334.7,1215.26
22354.6,1212.41
22374.5,1209.57
22394.4,1206.73
22414.3,1203.88
22434.2,1201.04
22454.1,1198.2
22474,1195.35
22493.9,1192.51
22513.8,1189.66
22533.7,1186.82
22553.6,1184.02
22573.5,1181.39
22593.4,1178.76
22613.3,1176.13
22633.2,1173.5
22653.1,1170.87
22673,1168.24
22692.9,1165.61
22712.8,1162.98
22732.7,1160.35
22752.7,1157.72
22772.6,1155.09
22792.5,1152.46
22812.4,1149.83
22832.3,1147.2
22852.2,1144.57
22872.1,1141.94
22892,1139.31
22911.9,1136.68
22931.8,1134.05
22951.7,1131.42
22971.6,1128.79
22991.5,1126.17
23011.4,1123.72
23031.3,1121.26
23051.2,1118.81
23071.1,1116.36
23091,1113.9
23110.9,1111.45
23130.8,1108.99
23150.7,1106.54
23170.6,1104.08
23190.5,1101.63
23210.4,1099.17
23230.3,1096.72
23250.3,1094.26
23270.2,1091.81
23290.1,1089.36
23310,1086.9
23329.9,1084.45
23349.8,1081.99
23369.7,1079.54
23389.6,1077.08
23409.5,1074.63
23429.4,1072.17
23449.3,1069.81
23469.2,1067.55
23489.1,1065.3
23509,1063.04
23528.9,1060.78
23548.8,1058.52
23568.7,1056.26
23588.6,1054
23608.5,1051.75
23628.4,1049.49
23648.3,1047.23
23668.2,1044.97
23688.1,1042.71
23708,1040.45
23727.9,1038.2
23747.8,1035.94
23767.8,1033.68
23787.7,1031.42
23807.6,1029.16
23827.5,1026.91
23847.4,1024.65
23867.3,1022.39
23887.2,1020.13
23907.1,1017.92
23927,1015.79
23946.9,1013.67
23966.8,1011.54
23986.7,1009.42
24006.6,1007.29
24026.5,1005.16
24046.4,1003.04
24066.3,1000.91
24086.2,998.784
24106.1,996.658
24126,994.532
24145.9,992.406
24165.8,990.279
24185.7,988.153
24205.6,986.027
24225.5,983.901
24245.4,981.774
24265.4,979.648
24285.3,977.522
24305.2,975.396
24325.1,973.27
24345,971.143
24364.9,969.017
24384.8,967.005
24404.7,965.033
24424.6,963.061
24444.5,961.088
24464.4,959.116
24484.3,957.143
24504.2,955.171
24524.1,953.199
24544,951.226
24563.9,949.254
24583.8,947.282
24603.7,945.309
24623.6,943.337
24643.5,941.365
24663.4,939.392
24683.3,937.42
24703.2,935.448
24723.1,933.475
24743,931.503
24763,929.531
24782.9,927.558
24802.8,925.586
24822.7,923.614
24842.6,921.641
24862.5,919.737
24882.4,917.875
24902.3,916.012
24922.2,914.149
24942.1,912.286
24962,910.424
24981.9,908.561
25001.8,906.698
25021.7,904.835
25041.6,902.973
25061.5,901.11
25081.4,899.247
25101.3,897.384
25121.2,895.522
25141.1,893.659
25161,891.796
25180.9,889.933
25200.8,888.07
25220.7,886.208
25240.6,884.345
25260.6,882.482
25280.5,880.619
25300.4,878.757
25320.3,876.894
25340.2,875.109
25360.1,873.4
25380,871.691
25399.9,869.981
25419.8,868.272
25439.7,866.562
25459.6,864.853
25479.5,863.144
25499.4,861.435
25519.3,859.725
25539.2,858.016
25559.1,856.306
25579,854.597
25598.9,852.887
25618.8,851.178
25638.7,849.469
25658.6,847.76
25678.5,846.05
25698.4,844.341
25718.3,842.631
25738.2,840.922
25758.2,839.213
25778.1,837.503
25798,835.794
25817.9,834.085
25837.8,832.406
25857.7,830.775
25877.6,829.145
25897.5,827.515
25917.4,825.884
25937.3,824.254
25957.2,822.623
25977.1,820.993
25997,819.362
26016.9,817.732
26036.8,816.101
26056.7,814.471
26076.6,812.84
26096.5,811.21
26116.4,809.579
26136.3,807.949
26156.2,806.319
26176.1,804.688
26196,803.058
26215.9,801.427
26235.8,799.797
26255.8,798.166
26275.7,796.536
26295.6,794.905
26315.5,793.275
26335.4,791.682
26355.3,790.19
26375.2,788.698
26395.1,787.206
26415,785.714
26434.9,784.222
26454.8,782.73
26474.7,781.238
26494.6,779.746
26514.5,778.255
26534.4,776.763
26554.3,775.271
26574.2,773.779
26594.1,772.287
26614,770.795
26633.9,769.303
26653.8,767.811
26673.7,766.319
26693.6,764.827
26713.5,763.336
26733.4,761.843
26753.4,760.352
26773.3,758.86
26793.2,757.368
26813.1,755.876
26833,754.384
26852.9,752.907
26872.8,751.516
26892.7,750.125
26912.6,748.734
26932.5,747.344
26952.4,745.953
26972.3,744.562
26992.2,743.171
27012.1,741.781
27032,740.39
27051.9,738.999
27071.8,737.608
27091.7,736.218
27111.6,734.827
27131.5,733.436
27151.4,732.045
27171.3,730.654
27191.2,729.264
27211.1,727.873
27231,726.482
27251,725.091
27270.9,723.701
27290.8,722.31
27310.7,720.919
27330.6,719.529
27350.5,718.138
27370.4,716.749
27390.3,715.458
27410.2,714.168
27430.1,712.877
27450,711.587
27469.9,710.296
27489.8,709.006
27509.7,707.715
27529.6,706.424
27549.5,705.134
27569.4,703.843
27589.3,702.553
27609.2,701.262
27629.1,699.972
27649,698.681
27668.9,697.391
27688.8,696.1
27708.7,694.81
27728.6,693.519
27748.5,692.229
27768.5,690.938
27788.4,689.647
27808.3,688.357
27828.2,687.066
27848.1,685.776
27868,684.485
27887.9,683.195
27907.8,681.904
27927.7,680.661
27947.6,679.424
27967.5,678.187
27987.4,676.95
28007.3,675.713
28027.2,674.476
28047.1,673.239
28067,672.002
28086.9,670.765
28106.8,669.528
28126.7,668.291
28146.6,667.054
28166.5,665.817
28186.4,664.581
28206.3,663.343
28226.2,662.106
28246.1,660.87
28266.1,659.633
28286,658.396
28305.9,657.159
28325.8,655.922
28345.7,654.685
28365.6,653.448
28385.5,652.211
28405.4,650.974
28425.3,649.737
28445.2,648.5
28465.1,647.348
28485,646.223
28504.9,645.099
28524.8,643.974
28544.7,642.849
28564.6,641.724
28584.5,640.6
28604.4,639.475
28624.3,638.35
28644.2,637.225
28664.1,636.101
28684,634.976
28703.9,633.851
28723.8,632.727
28743.8,631.602
28763.7,630.477
28783.6,629.353
28803.5,628.228
28823.4,627.103
28843.3,625.978
28863.2,624.854
28883.1,623.729
28903,622.604
28922.9,621.48
28942.8,620.355
28962.7,619.23
28982.6,618.106
29002.5,616.981
29022.4,615.901
29042.3,614.85
29062.2,613.798
29082.1,612.746
29102,611.694
29121.9,610.642
29141.8,609.59
29161.7,608.538
29181.6,607.486
29201.5,606.434
29221.4,605.382
29241.3,604.33
29261.3,603.278
29281.2,602.227
29301.1,601.175
29321,600.123
29340.9,599.071
29360.8,598.019
29380.7,596.967
29400.6,595.915
29420.5,594.863
29440.4,593.811
29460.3,592.759
29480.2,591.707
29500.1,590.655
29520,589.603
29539.9,588.552
29559.8,587.5
29579.7,586.448
29599.6,585.445
29619.5,584.443
29639.4,583.442
29659.3,582.44
29679.2,581.438
29699.1,580.436
29719,579.434
29738.9,578.432
29758.8,577.431
29778.8,576.429
29798.7,575.427
29818.6,574.425
29838.5,573.423
29858.4,572.421
29878.3,571.42
29898.2,570.418
29918.1,569.416
29938,568.414
29957.9,567.412
29977.8,566.411
29997.7,565.409
30017.6,564.401
30037.5,563.393
30057.4,562.385
30077.3,561.377
30097.2,560.369
30117.1,559.361
30137,558.353
30156.9,557.371
30176.8,556.437
30196.7,555.503
30216.6,554.569
30236.5,553.635
30256.5,552.702
30276.4,551.768
30296.3,550.834
30316.2,549.9
30336.1,548.966
30356,548.033
30375.9,547.099
30395.8,546.165
30415.7,545.231
30435.6,544.297
30455.5,543.364
30475.4,542.43
30495.3,541.496
30515.2,540.562
30535.1,539.628
30555,538.695
30574.9,537.761
30594.8,536.827
30614.7,535.893
30634.6,534.959
30654.5,534.026
30674.4,533.092
30694.3,532.158
30714.2,531.224
30734.1,530.29
30754.1,529.4
30774,528.528
30793.9,527.656
30813.8,526.783
30833.7,525.911
30853.6,525.039
30873.5,524.167
30893.4,523.295
30913.3,522.422
30933.2,521.55
30953.1,520.678
30973,519.806
30992.9,518.933
31012.8,518.061
31032.7,517.189
31052.6,516.317
31072.5,515.445
31092.4,514.572
31112.3,513.7
31132.2,512.828
31152.1,511.956
31172,511.083
31191.9,510.211
31211.8,509.339
31231.7,508.467
31251.7,507.595
31271.6,506.722
31291.5,505.85
31311.4,504.978
31331.3,504.106
31351.2,503.273
31371.1,502.471
31391,501.67
31410.9,500.868
31430.8,500.066
31450.7,499.265
31470.6,498.463
31490.5,497.661
31510.4,496.86
31530.3,496.058
31550.2,495.257
31570.1,494.455
31590,493.653
31609.9,492.851
31629.8,492.05
31649.7,491.248
31669.6,490.447
31689.5,489.645
31709.4,488.843
31729.3,488.042
31749.2,487.24
31769.2,486.438
31789.1,485.637
31809,484.835
31828.9,484.033
31848.8,483.232
31868.7,482.43
31888.6,481.628
31908.5,480.827
31928.4,480.025
31948.3,479.223
31968.2,478.439
31988.1,477.68
32008,476.921
32027.9,476.161
32047.8,475.402
32067.7,474.643
32087.6,473.884
32107.5,473.124
32127.4,472.365
32147.3,471.606
32167.2,470.847
32187.1,470.087
32207,469.328
32226.9,468.569
32246.8,467.81
32266.8,467.05
32286.7,466.291
32306.6,465.532
32326.5,464.773
32346.4,464.013
32366.3,463.254
32386.2,462.495
32406.1,461.736
32426,460.976
32445.9,460.217
32465.8,459.458
32485.7,458.699
32505.6,457.939
32525.5,457.18
32545.4,456.421
32565.3,455.662
32585.2,454.918
32605.1,454.217
32625,453.517
32644.9,452.816
32664.8,452.115
32684.7,451.415
32704.6,450.714
32724.5,450.014
32744.4,449.313
32764.4,448.612
32784.3,447.912
32804.2,447.211
32824.1,446.511
32844,445.81
32863.9,445.109
32883.8,444.409
32903.7,443.708
32923.6,443.008
32943.5,442.307
32963.4,441.607
32983.3,440.906
33003.2,440.205
33023.1,439.505
33043,438.804
33062.9,438.103
33082.8,437.403
33102.7,436.702
33122.6,436.002
33142.5,435.301
33162.4,434.6
33182.3,433.9
33202.2,433.199
33222.1,432.504
33242,431.848
33262,431.193
33281.9,430.537
33301.8,429.882
33321.7,429.227
33341.6,428.571
33361.5,427.916
33381.4,427.26
33401.3,426.605
33421.2,425.949
33441.1,425.294
33461,424.638
33480.9,423.983
33500.8,423.328
33520.7,422.672
33540.6,422.017
33560.5,421.361
33580.4,420.706
33600.3,420.051
33620.2,419.395
33640.1,418.74
33660,418.084
33679.9,417.429
33699.8,416.773
33719.7,416.118
33739.6,415.463
33759.6,414.807
33779.5,414.152
33799.4,413.496
33819.3,412.841
33839.2,412.185
33859.1,411.53
33879,410.893
33898.9,410.28
33918.8,409.666
33938.7,409.053
33958.6,408.439
33978.5,407.825
33998.4,407.212
34018.3,406.598
34038.2,405.984
34058.1,405.371
34078,404.757
34097.9,404.144
34117.8,403.53
34137.7,402.916
34157.6,402.303
34177.5,401.689
34197.4,401.076
34217.3,400.462
34237.2,399.848
34257.2,399.235
34277.1,398.621
34297,398.007
34316.9,397.394
34336.8,396.78
34356.7,396.167
34376.6,395.553
34396.5,394.939
34416.4,394.326
34436.3,393.712
34456.2,393.098
34476.1,392.485
34496,391.871
34515.9,391.258
34535.8,390.658
34555.7,390.094
34575.6,389.529
34595.5,388.964
34615.4,388.4
34635.3,387.835
34655.2,387.271
34675.1,386.706
34695,386.141
34714.9,385.577
34734.8,385.012
34754.8,384.447
34774.7,383.883
34794.6,383.318
34814.5,382.753
34834.4,382.189
34854.3,381.624
34874.2,381.06
34894.1,380.495
34914,379.93
34933.9,379.366
34953.8,378.801
34973.7,378.236
34993.6,377.672
35013.5,377.107
35033.4,376.542
35053.3,375.978
35073.2,375.413
35093.1,374.848
35113,374.284
35132.9,373.719
35152.8,373.155
35172.7,372.59
35192.6,372.025
35212.5,371.464
35232.4,370.929
35252.4,370.393
35272.3,369.858
35292.2,369.322
35312.1,368.786
35332,368.251
35351.9,367.715
35371.8,367.18
35391.7,366.644
35411.6,366.108
35431.5,365.573
35451.4,365.037
35471.3,364.501
35491.2,363.966
35511.1,363.43
35531,362.894
35550.9,362.359
35570.8,361.823
35590.7,361.288
35610.6,360.752
35630.5,360.216
35650.4,359.681
35670.3,359.145
35690.2,358.609
35710.1,358.074
35730,357.538
35749.9,357.003
35769.9,356.467
35789.8,355.931
35809.7,355.396
35829.6,354.86
35849.5,354.324
35869.4,353.789
35889.3,353.253
35909.2,352.763
35929.1,352.274
35949,351.785
35968.9,351.296
35988.8,350.807
36008.7,350.318
36028.6,349.829
36048.5,349.34
36068.4,348.851
36088.3,348.362
36108.2,347.873
36128.1,347.384
36148,346.895
36167.9,346.407
36187.8,345.918
36207.7,345.429
36227.6,344.94
36247.6,344.451
36267.5,343.962
36287.4,343.473
36307.3,342.984
36327.2,342.495
36347.1,342.006
36367,341.517
36386.9,341.028
36406.8,340.54
36426.7,340.051
36446.6,339.562
36466.5,339.073
36486.4,338.584
36506.3,338.095
36526.2,337.606
36546.1,337.117
36566,336.628
36585.9,336.139
36605.8,335.658
36625.7,335.195
36645.6,334.732
36665.5,334.269
36685.4,333.806
36705.3,333.343
36725.2,332.88
36745.1,332.417
36765.1,331.954
36785,331.491
36804.9,331.028
36824.8,330.565
36844.7,330.102
36864.6,329.639
36884.5,329.176
36904.4,328.713
36924.3,328.25
36944.2,327.787
36964.1,327.324
36984,326.861
37003.9,326.398
37023.8,325.935
37043.7,325.472
37063.6,325.009
37083.5,324.546
37103.4,324.083
37123.3,323.62
37143.2,323.157
37163.1,322.694
37183,322.231
37202.9,321.768
37222.8,321.305
37242.7,320.842
37262.7,320.379
37282.6,319.916
37302.5,319.453
37322.4,319.012
37342.3,318.583
37362.2,318.154
37382.1,317.725
37402,317.297
37421.9,316.868
37441.8,316.439
37461.7,316.011
37481.6,315.582
37501.5,315.153
37521.4,314.725
37541.3,314.296
37561.2,313.867
37581.1,313.439
37601,313.01
37620.9,312.581
37640.8,312.152
37660.7,311.724
37680.6,311.295
37700.5,310.866
37720.4,310.438
37740.3,310.009
37760.3,309.58
37780.2,309.152
37800.1,308.723
37820,308.294
37839.9,307.866
37859.8,307.437
37879.7,307.008
37899.6,306.579
37919.5,306.151
37939.4,305.722
37959.3,305.293
37979.2,304.865
37999.1,304.436
38019,304.007
38038.9,303.579
38058.8,303.181
38078.7,302.784
38098.6,302.388
38118.5,301.992
38138.4,301.596
38158.3,301.199
38178.2,300.803
38198.1,300.407
38218,300.011
38237.9,299.615
38257.9,299.218
38277.8,298.822
38297.7,298.426
38317.6,298.03
38337.5,297.633
38357.4,297.237
38377.3,296.841
38397.2,296.445
38417.1,296.049
38437,295.652
38456.9,295.256
38476.8,294.86
38496.7,294.464
38516.6,294.068
38536.5,293.671
38556.4,293.275
38576.3,292.879
38596.2,292.483
38616.1,292.086
38636,291.69
38655.9,291.294
38675.8,290.898
38695.7,290.501
38715.6,290.105
38735.5,289.709
38755.5,289.313
38775.4,288.917
38795.3,288.525
38815.2,288.148
38835.1,287.772
38855,287.395
38874.9,287.018
38894.8,286.641
38914.7,286.264
38934.6,285.887
38954.5,285.51
38974.4,285.133
38994.3,284.756
39014.2,284.379
39034.1,284.002
39054,283.625
39073.9,283.248
39093.8,282.871
39113.7,282.494
39133.6,282.118
39153.5,281.741
39173.4,281.364
39193.3,280.987
39213.2,280.61
39233.1,280.233
39253.1,279.856
39273,279.479
39292.9,279.102
39312.8,278.725
39332.7,278.348
39352.6,277.971
39372.5,277.594
39392.4,277.217
39412.3,276.84
39432.2,276.463
39452.1,276.087
39472,275.71
39491.9,275.333
39511.8,274.956
39531.7,274.579
39551.6,274.218
39571.5,273.87
39591.4,273.521
39611.3,273.172
39631.2,272.823
39651.1,272.475
39671,272.126
39690.9,271.777
39710.8,271.428
39730.7,271.08
39750.6,270.731
39770.6,270.382
39790.5,270.034
39810.4,269.685
39830.3,269.336
39850.2,268.987
39870.1,268.639
39890,268.29
39909.9,267.941
39929.8,267.592
39949.7,267.244
39969.6,266.895
39989.5,266.546
40009.4,266.201
40029.3,265.86
40049.2,265.519
40069.1,265.178
40089,264.837
40108.9,264.496
40128.8,264.155
40148.7,263.814
40168.6,263.473
40188.5,263.132
40208.4,262.791
40228.3,262.449
40248.3,262.108
40268.2,261.767
40288.1,261.426
40308,261.085
40327.9,260.751
40347.8,260.426
40367.7,260.102
40387.6,259.777
40407.5,259.452
40427.4,259.128
40447.3,258.803
40467.2,258.479
40487.1,258.154
40507,257.83
40526.9,257.505
40546.8,257.181
40566.7,256.856
40586.6,256.531
40606.5,256.207
40626.4,255.882
40646.3,255.558
40666.2,255.233
40686.1,254.909
40706,254.584
40725.9,254.259
40745.9,253.935
40765.8,253.61
40785.7,253.286
40805.6,252.961
40825.5,252.637
40845.4,252.312
40865.3,251.988
40885.2,251.663
40905.1,251.338
40925,251.014
40944.9,250.689
40964.8,250.365
40984.7,250.04
41004.6,249.716
41024.5,249.391
41044.4,249.066
41064.3,248.742
41084.2,248.417
41104.1,248.093
41124,247.781
41143.9,247.476
41163.8,247.17
41183.7,246.864
41203.6,246.559
41223.5,246.253
41243.4,245.947
41263.4,245.641
41283.3,245.336
41303.2,245.03
41323.1,244.724
41343,244.419
41362.9,244.113
41382.8,243.807
41402.7,243.501
41422.6,243.196
41442.5,242.89
41462.4,242.584
41482.3,242.279
41502.2,241.973
41522.1,241.667
41542,241.361
41561.9,241.056
41581.8,240.75
41601.7,240.444
41621.6,240.139
41641.5,239.833
41661.4,239.527
41681.3,239.221
41701.2,238.916
41721.1,238.61
41741,238.304
41760.9,237.999
41780.9,237.693
41800.8,237.387
41820.7,237.081
41840.6,236.776
41860.5,236.47
41880.4,236.164
41900.3,235.859
41920.2,235.565
41940.1,235.283
41960,235.001
41979.9,234.718
41999.8,234.436
42019.7,234.154
42039.6,233.872
42059.5,233.589
42079.4,233.307
42099.3,233.025
42119.2,232.743
42139.1,232.46
42159,232.178
42178.9,231.896
42198.8,231.614
42218.7,231.332
42238.6,231.049
42258.6,230.767
42278.5,230.485
42298.4,230.203
42318.3,229.92
42338.2,229.638
42358.1,229.356
42378,229.074
42397.9,228.792
42417.8,228.509
42437.7,228.227
42457.6,227.945
42477.5,227.663
42497.4,227.381
42517.3,227.098
42537.2,226.816
42557.1,226.534
42577,226.252
42596.9,225.969
42616.8,225.687
42636.7,225.405
42656.6,225.123
42676.5,224.841
42696.4,224.558
42716.3,224.276
42736.3,223.999
42756.2,223.733
42776.1,223.467
42796,223.2
42815.9,222.934
42835.8,222.668
42855.7,222.402
42875.6,222.136
42895.5,221.87
42915.4,221.604
42935.3,221.337
42955.2,221.071
42975.1,220.805
42995,220.539
43014.9,220.273
43034.8,220.007
43054.7,219.741
43074.6,219.474
43094.5,219.208
43114.4,218.942
43134.3,218.676
43154.2,218.41
43174.1,218.144
43194,217.877
43213.9,217.611
43233.8,217.345
43253.8,217.079
43273.7,216.813
43293.6,216.547
43313.5,216.281
43333.4,216.014
43353.3,215.748
43373.2,215.482
43393.1,215.216
43413,214.95
43432.9,214.684
43452.8,214.418
43472.7,214.151
43492.6,213.885
43512.5,213.619
43532.4,213.353
43552.3,213.087
43572.2,212.835
43592.1,212.592
43612,212.349
43631.9,212.106
43651.8,211.862
43671.7,211.619
43691.6,211.376
43711.5,211.133
43731.4,210.89
43751.3,210.647
43771.3,210.404
43791.2,210.161
43811.1,209.918
43831,209.675
43850.9,209.431
43870.8,209.188
43890.7,208.945
43910.6,208.702
43930.5,208.459
43950.4,208.216
43970.3,207.973
43990.2,207.73
44010.1,207.487
44030,207.243
44049.9,207
44069.8,206.757
44089.7,206.514
44109.6,206.271
44129.5,206.028
44149.4,205.785
44169.3,205.542
44189.2,205.299
44209.1,205.055
44229,204.812
44248.9,204.569
44268.9,204.326
44288.8,204.083
44308.7,203.84
44328.6,203.597
44348.5,203.354
44368.4,203.111
44388.3,202.868
44408.2,202.624
44428.1,202.386
44448,202.156
44467.9,201.925
44487.8,201.694
44507.7,201.463
44527.6,201.232
44547.5,201.001
44567.4,200.77
44587.3,200.539
44607.2,200.309
44627.1,200.078
44647,199.847
44666.9,199.616
44686.8,199.385
44706.7,199.154
44726.6,198.923
44746.6,198.692
44766.5,198.462
44786.4,198.231
44806.3,198
44826.2,197.769
44846.1,197.538
44866,197.307
44885.9,197.076
44905.8,196.845
44925.7,196.615
44945.6,196.384
44965.5,196.153
44985.4,195.922
45005.3,195.691
45025.2,195.46
45045.1,195.229
45065,194.998
45084.9,194.768
45104.8,194.537
45124.7,194.306
45144.6,194.075
45164.5,193.844
45184.4,193.613
45204.3,193.382
45224.2,193.151
45244.1,192.921
45264.1,192.69
45284,192.463
45303.9,192.252
45323.8,192.04
45343.7,191.829
45363.6,191.618
45383.5,191.406
45403.4,191.195
45423.3,190.984
45443.2,190.773
45463.1,190.561
45483,190.35
45502.9,190.139
45522.8,189.928
45542.7,189.716
45562.6,189.505
45582.5,189.294
45602.4,189.082
45622.3,188.871
45642.2,188.66
45662.1,188.449
45682,188.237
45701.9,188.026
45721.8,187.815
45741.7,187.604
45761.7,187.392
45781.6,187.181
45801.5,186.97
45821.4,186.758
45841.3,186.547
45861.2,186.336
45881.1,186.125
45901,185.913
45920.9,185.702
45940.8,185.491
45960.7,185.28
45980.6,185.068
46000.5,184.857
46020.4,184.646
46040.3,184.435
46060.2,184.223
46080.1,184.012
46100,183.801
46119.9,183.589
46139.8,183.378
46159.7,183.167
46179.6,182.962
46199.5,182.763
46219.4,182.564
46239.3,182.366
46259.3,182.167
46279.2,181.968
46299.1,181.77
46319,181.571
46338.9,181.372
46358.8,181.173
46378.7,180.975
46398.6,180.776
46418.5,180.577
46438.4,180.379
46458.3,180.18
46478.2,179.981
46498.1,179.783
46518,179.584
46537.9,179.385
46557.8,179.186
46577.7,178.988
46597.6,178.789
46617.5,178.59
46637.4,178.392
46657.3,178.193
46677.2,177.994
46697.1,177.796
46717,177.597
46736.9,177.398
46756.9,177.2
46776.8,177.001
46796.7,176.802
46816.6,176.603
46836.5,176.405
46856.4,176.206
46876.3,176.007
46896.2,175.809
46916.1,175.61
46936,175.411
46955.9,175.213
46975.8,175.014
46995.7,174.815
47015.6,174.616
47035.5,174.418
47055.4,174.219
47075.3,174.024
47095.2,173.838
47115.1,173.652
47135,173.466
47154.9,173.281
47174.8,173.095
47194.7,172.909
47214.6,172.723
47234.5,172.537
47254.5,172.352
47274.4,172.166
47294.3,171.98
47314.2,171.794
47334.1,171.608
47354,171.423
47373.9,171.237
47393.8,171.051
47413.7,170.865
47433.6,170.679
47453.5,170.494
47473.4,170.308
47493.3,170.122
47513.2,169.936
47533.1,169.75
47553,169.565
47572.9,169.379
47592.8,169.193
47612.7,169.007
47632.6,168.821
47652.5,168.636
47672.4,168.45
47692.3,168.264
47712.2,168.078
47732.1,167.892
47752.1,167.707
47772,167.521
47791.9,167.335
47811.8,167.149
47831.7,166.963
47851.6,166.778
47871.5,166.592
47891.4,166.406
47911.3,166.22
47931.2,166.034
47951.1,165.849
47971,165.663
47990.9,165.478
48010.8,165.306
48030.7,165.134
48050.6,164.961
48070.5,164.789
48090.4,164.617
48110.3,164.445
48130.2,164.273
48150.1,164.101
48170,163.929
48189.9,163.757
48209.8,163.585
48229.7,163.413
48249.6,163.241
48269.6,163.069
48289.5,162.897
48309.4,162.725
48329.3,162.553
48349.2,162.381
48369.1,162.209
48389,162.036
48408.9,161.864
48428.8,161.692
48448.7,161.52
48468.6,161.348
48488.5,161.176
48508.4,161.004
48528.3,160.832
48548.2,160.66
48568.1,160.488
48588,160.316
48607.9,160.144
48627.8,159.972
48647.7,159.8
48667.6,159.628
48687.5,159.456
48707.4,159.284
48727.3,159.112
48747.3,158.94
48767.2,158.767
48787.1,158.595
48807,158.423
48826.9,158.251
48846.8,158.079
48866.7,157.907
48886.6,157.735
48906.5,157.563
48926.4,157.391
48946.3,157.23
48966.2,157.071
48986.1,156.912
49006,156.753
49025.9,156.594
49045.8,156.435
49065.7,156.276
49085.6,156.118
49105.5,155.959
49125.4,155.8
49145.3,155.641
49165.2,155.482
49185.1,155.323
49205,155.164
49224.9,155.005
49244.8,154.846
49264.8,154.688
49284.7,154.529
49304.6,154.37
49324.5,154.211
49344.4,154.052
49364.3,153.893
49384.2,153.734
49404.1,153.575
49424,153.417
49443.9,153.258
49463.8,153.099
49483.7,152.94
49503.6,152.781
49523.5,152.622
49543.4,152.463
49563.3,152.304
49583.2,152.145
49603.1,151.987
49623,151.828
49642.9,151.669
49662.8,151.51
49682.7,151.351
49702.6,151.192
49722.5,151.033
49742.4,150.874
49762.4,150.716
49782.3,150.557
49802.2,150.398
49822.1,150.239
49842,150.08
49861.9,149.921
49881.8,149.762
49901.7,149.605
49921.6,149.45
49941.5,149.295
49961.4,149.139
49981.3,148.984
50001.2,148.829
50021.1,148.677
50041,148.526
50060.9,148.375
50080.8,148.223
50100.7,148.072
50120.6,147.92
50140.5,147.769
50160.4,147.618
50180.3,147.466
50200.2,147.315
50220.1,147.164
50240,147.012
50260,146.861
50279.9,146.71
50299.8,146.558
50319.7,146.407
50339.6,146.255
50359.5,146.104
50379.4,145.953
50399.3,145.801
50419.2,145.65
50439.1,145.499
50459,145.347
50478.9,145.196
50498.8,145.045
50518.7,144.893
50538.6,144.742
50558.5,144.59
50578.4,144.439
50598.3,144.288
50618.2,144.136
50638.1,143.985
50658,143.834
50677.9,143.682
50697.8,143.531
50717.7,143.379
50737.6,143.228
50757.6,143.077
50777.5,142.925
50797.4,142.774
50817.3,142.623
50837.2,142.471
50857.1,142.32
50877,142.18
50896.9,142.042
50916.8,141.904
50936.7,141.766
50956.6,141.628
50976.5,141.49
50996.4,141.352
51016.3,141.213
51036.2,141.075
51056.1,140.937
51076,140.799
51095.9,140.661
51115.8,140.523
51135.7,140.385
51155.6,140.247
51175.5,140.109
51195.4,139.971
51215.3,139.833
51235.3,139.695
51255.2,139.557
51275.1,139.419
51295,139.281
51314.9,139.142
51334.8,139.004
51354.7,138.866
51374.6,138.728
51394.5,138.59
51414.4,138.452
51434.3,138.314
51454.2,138.176
51474.1,138.038
51494,137.9
51513.9,137.762
51533.8,137.624
51553.7,137.486
51573.6,137.348
51593.5,137.21
51613.4,137.072
51633.3,136.933
51653.2,136.795
51673.1,136.657
51693,136.519
51712.9,136.381
51732.8,136.243
51752.8,136.105
51772.7,135.967
51792.6,135.829
51812.5,135.691
51832.4,135.553
51852.3,135.415
51872.2,135.281
51892.1,135.149
51912,135.018
51931.9,134.886
51951.8,134.755
51971.7,134.623
51991.6,134.492
52011.5,134.36
52031.4,134.229
52051.3,134.097
52071.2,133.966
52091.1,133.834
52111,133.703
52130.9,133.571
52150.8,133.44
52170.7,133.308
52190.6,133.177
52210.5,133.045
52230.4,132.914
52250.3,132.782
52270.3,132.651
52290.2,132.519
52310.1,132.388
52330,132.256
52349.9,132.125
52369.8,131.993
52389.7,131.862
52409.6,131.73
52429.5,131.599
52449.4,131.467
52469.3,131.336
52489.2,131.204
52509.1,131.073
52529,130.942
52548.9,130.81
52568.8,130.679
52588.7,130.547
52608.6,130.416
52628.5,130.284
52648.4,130.153
52668.3,130.021
52688.2,129.89
52708.1,129.758
52728,129.627
52747.9,129.495
52767.9,129.364
52787.8,129.232
52807.7,129.101
52827.6,128.969
52847.5,128.838
52867.4,128.706
52887.3,128.585
52907.2,128.464
52927.1,128.344
52947,128.224
52966.9,128.104
52986.8,127.984
53006.7,127.864
53026.6,127.744
53046.5,127.624
53066.4,127.504
53086.3,127.383
53106.2,127.263
53126.1,127.143
53146,127.023
53165.9,126.903
53185.8,126.783
53205.7,126.663
53225.6,126.543
53245.5,126.423
53265.4,126.303
53285.4,126.182
53305.3,126.062
53325.2,125.942
53345.1,125.822
53365,125.702
53384.9,125.582
53404.8,125.462
53424.7,125.342
53444.6,125.222
53464.5,125.101
53484.4,124.981
53504.3,124.861
53524.2,124.741
53544.1,124.621
53564,124.501
53583.9,124.381
53603.8,124.261
53623.7,124.141
53643.6,124.02
53663.5,123.9
53683.4,123.78
53703.3,123.66
53723.2,123.54
53743.1,123.42
53763.1,123.3
53783,123.18
53802.9,123.06
53822.8,122.939
53842.7,122.819
53862.6,122.699
53882.5,122.579
53902.4,122.459
53922.3,122.343
53942.2,122.229
53962.1,122.115
53982,122.001
54001.9,121.887
54021.8,121.773
54041.7,121.659
54061.6,121.545
54081.5,121.431
54101.4,121.317
54121.3,121.203
54141.2,121.089
54161.1,120.975
54181,120.861
54200.9,120.747
54220.8,120.633
54240.8,120.519
54260.7,120.405
54280.6,120.291
54300.5,120.177
54320.4,120.063
54340.3,119.95
54360.2,119.836
54380.1,119.722
54400,119.608
54419.9,119.494
54439.8,119.38
54459.7,119.266
54479.6,119.152
54499.5,119.038
54519.4,118.924
54539.3,118.81
54559.2,118.696
54579.1,118.582
54599,118.468
54618.9,118.354
54638.8,118.24
54658.7,118.126
54678.6,118.012
54698.5,117.898
54718.4,117.784
54738.3,117.67
54758.3,117.556
54778.2,117.442
54798.1,117.328
54818,117.215
54837.9,117.101
54857.8,116.987
54877.7,116.873
54897.6,116.759
54917.5,116.645
54937.4,116.531
54957.3,116.417
54977.2,116.31
54997.1,116.204
55017,116.099
55036.9,115.993
55056.8,115.887
55076.7,115.782
55096.6,115.676
55116.5,115.57
55136.4,115.465
55156.3,115.359
55176.2,115.253
55196.1,115.148
55216,115.042
55235.9,114.936
55255.9,114.83
55275.8,114.725
55295.7,114.619
55315.6,114.513
55335.5,114.408
55355.4,114.302
55375.3,114.196
55395.2,114.091
55415.1,113.985
55435,113.879
55454.9,113.774
55474.8,113.668
55494.7,113.562
55514.6,113.457
55534.5,113.351
55554.4,113.245
55574.3,113.14
55594.2,113.034
55614.1,112.928
55634,112.822
55653.9,112.717
55673.8,112.611
55693.7,112.505
55713.6,112.4
55733.6,112.294
55753.5,112.188
55773.4,112.083
55793.3,111.977
55813.2,111.871
55833.1,111.766
55853,111.66
55872.9,111.554
55892.8,111.449
55912.7,111.343
55932.6,111.237
55952.5,111.132
55972.4,111.026
55992.3,110.92
56012.2,110.814
56032.1,110.71
56052,110.612
56071.9,110.514
56091.8,110.416
56111.7,110.318
56131.6,110.219
56151.5,110.121
56171.4,110.023
56191.3,109.925
56211.2,109.827
56231.1,109.729
56251,109.631
56271,109.533
56290.9,109.435
56310.8,109.337
56330.7,109.239
56350.6,109.141
56370.5,109.043
56390.4,108.945
56410.3,108.847
56430.2,108.749
56450.1,108.651
56470,108.553
56489.9,108.455
56509.8,108.357
56529.7,108.259
56549.6,108.161
56569.5,108.063
56589.4,107.965
56609.3,107.867
56629.2,107.769
56649.1,107.671
56669,107.573
56688.9,107.475
56708.8,107.377
56728.7,107.279
56748.6,107.181
56768.6,107.083
56788.5,106.985
56808.4,106.887
56828.3,106.789
56848.2,106.691
56868.1,106.593
56888,106.495
56907.9,106.397
56927.8,106.299
56947.7,106.201
56967.6,106.103
56987.5,106.005
57007.4,105.907
57027.3,105.809
57047.2,105.711
57067.1,105.613
57087,105.515
57106.9,105.417
57126.8,105.319
57146.7,105.227
57166.6,105.137
57186.5,105.046
57206.4,104.956
57226.3,104.865
57246.2,104.775
57266.2,104.685
57286.1,104.594
57306,104.504
57325.9,104.413
57345.8,104.323
57365.7,104.233
57385.6,104.142
57405.5,104.052
57425.4,103.961
57445.3,103.871
57465.2,103.781
57485.1,103.69
57505,103.6
57524.9,103.509
57544.8,103.419
57564.7,103.329
57584.6,103.238
57604.5,103.148
57624.4,103.057
57644.3,102.967
57664.2,102.877
57684.1,102.786
57704,102.696
57723.9,102.605
57743.8,102.515
57763.8,102.425
57783.7,102.334
57803.6,102.244
57823.5,102.153
57843.4,102.063
57863.3,101.973
57883.2,101.882
57903.1,101.792
57923,101.701
57942.9,101.611
57962.8,101.521
57982.7,101.43
58002.6,101.34
58022.5,101.249
58042.4,101.159
58062.3,101.069
58082.2,100.978
58102.1,100.888
58122,100.797
58141.9,100.707
58161.8,100.617
58181.7,100.526
58201.6,100.436
58221.5,100.345
58241.4,100.255
58261.4,100.167
58281.3,100.082
58301.2,99.9967
58321.1,99.9114
58341,99.826
58360.9,99.7407
58380.8,99.6553
58400.7,99.57
58420.6,99.4846
58440.5,99.3993
58460.4,99.3139
58480.3,99.2286
58500.2,99.1432
58520.1,99.0578
58540,98.9725
58559.9,98.8871
58579.8,98.8018
58599.7,98.7164
58619.6,98.6311
58639.5,98.5457
58659.4,98.4604
58679.3,98.375
58699.2,98.2896
58719.1,98.2043
58739.1,98.1189
58759,98.0336
58778.9,97.9483
58798.8,97.8629
58818.7,97.7775
58838.6,97.6922
58858.5,97.6069
58878.4,97.5215
58898.3,97.4361
58918.2,97.3508
58938.1,97.2654
58958,97.1801
58977.9,97.0947
58997.8,97.0094
59017.7,96.924
59037.6,96.8387
59057.5,96.7533
59077.4,96.6679
59097.3,96.5826
59117.2,96.4973
59137.1,96.4119
59157,96.3266
59176.9,96.2412
59196.8,96.1559
59216.7,96.0705
59236.6,95.9851
59256.6,95.8998
59276.5,95.8144
59296.4,95.7291
59316.3,95.6437
59336.2,95.5584
59356.1,95.473
59376,95.3877
59395.9,95.3039
59415.8,95.2242
59435.7,95.1444
59455.6,95.0647
59475.5,94.9849
59495.4,94.9052
59515.3,94.8254
59535.2,94.7457
59555.1,94.6659
59575,94.5862
59594.9,94.5064
59614.8,94.4266
59634.7,94.3469
59654.6,94.2671
59674.5,94.1874
59694.4,94.1076
59714.3,94.0279
59734.3,93.9481
59754.2,93.8684
59774.1,93.7886
59794,93.7088
59813.9,93.6291
59833.8,93.5493
59853.7,93.4696
59873.6,93.3898
59893.5,93.3101
59913.4,93.2303
59933.3,93.1505
59953.2,93.0708
59973.1,92.991
59993,92.9113
60012.9,92.8321
60032.8,92.7532
60052.7,92.6743
60072.6,92.5954
60092.5,92.5165
60112.4,92.4376
60132.3,92.3587
60152.2,92.2798
60172.1,92.2009
60192,92.122
60211.9,92.0432
60231.8,91.9643
60251.7,91.8854
60271.7,91.8065
60291.6,91.7276
60311.5,91.6487
60331.4,91.5698
60351.3,91.4909
60371.2,91.412
60391.1,91.3331
60411,91.2542
60430.9,91.1753
60450.8,91.0964
60470.7,91.0175
60490.6,90.9386
60510.5,90.8597
60530.4,90.7808
60550.3,90.702
60570.2,90.6285
60590.1,90.5549
60610,90.4814
60629.9,90.4078
60649.8,90.3343
60669.7,90.2608
60689.6,90.1872
60709.5,90.1137
60729.4,90.0401
60749.3,89.9666
60769.3,89.8931
60789.2,89.8195
60809.1,89.7459
60829,89.6724
60848.9,89.5989
60868.8,89.5253
60888.7,89.4518
60908.6,89.3782
60928.5,89.3047
60948.4,89.2311
60968.3,89.1576
60988.2,89.084
61008.1,89.0105
61028,88.937
61047.9,88.8634
61067.8,88.7899
61087.7,88.7163
61107.6,88.6428
61127.5,88.5692
61147.4,88.4957
61167.3,88.4221
61187.2,88.3486
61207.1,88.275
61227,88.2015
61246.9,88.128
61266.9,88.0544
61286.8,87.9809
61306.7,87.9073
61326.6,87.8338
61346.5,87.7602
61366.4,87.6867
61386.3,87.6131
61406.2,87.5396
61426.1,87.4661
61446,87.3925
61465.9,87.319
61485.8,87.2454
61505.7,87.1719
61525.6,87.0983
61545.5,87.0248
61565.4,86.9512
61585.3,86.8777
61605.2,86.8041
61625.1,86.7306
61645,86.657
61664.9,86.5835
61684.8,86.5099
61704.7,86.4364
61724.6,86.3629
61744.5,86.2923
61764.5,86.2227
61784.4,86.1532
61804.3,86.0836
61824.2,86.014
61844.1,85.9445
61864,85.875
61883.9,85.8054
61903.8,85.7359
61923.7,85.6663
61943.6,85.5968
61963.5,85.5272
61983.4,85.4577
62003.3,85.3881
62023.2,85.3186
62043.1,85.249
62063,85.1795
62082.9,85.1099
62102.8,85.0404
62122.7,84.9708
62142.6,84.9013
62162.5,84.8317
62182.4,84.7622
62202.3,84.6926
62222.2,84.6231
62242.1,84.5535
62262.1,84.484
62282,84.4144
62301.9,84.3449
62321.8,84.2754
62341.7,84.2058
62361.6,84.1362
62381.5,84.0667
62401.4,83.9971
62421.3,83.9276
62441.2,83.8581
62461.1,83.7885
62481,83.719
62500.9,83.6494
62520.8,83.5798
62540.7,83.5103
62560.6,83.4408
62580.5,83.3712
62600.4,83.3017
62620.3,83.2321
62640.2,83.1626
62660.1,83.093
62680,83.0235
62699.9,82.9539
62719.8,82.8844
62739.8,82.8148
62759.7,82.7453
62779.6,82.6757
62799.5,82.6062
62819.4,82.5366
62839.3,82.4671
62859.2,82.3976
62879.1,82.328
62899,82.2584
62918.9,82.1889
62938.8,82.1193
62958.7,82.0549
62978.6,81.9907
62998.5,81.9266
63018.4,81.8625
63038.3,81.7983
63058.2,81.7342
63078.1,81.67
63098,81.6059
63117.9,81.5418
63137.8,81.4776
63157.7,81.4135
63177.6,81.3493
63197.5,81.2852
63217.4,81.221
63237.3,81.1569
63257.3,81.0928
63277.2,81.0286
63297.1,80.9645
63317,80.9003
63336.9,80.8362
63356.8,80.7721
63376.7,80.7079
63396.6,80.6438
63416.5,80.5796
63436.4,80.5155
63456.3,80.4513
63476.2,80.3872
63496.1,80.3231
63516,80.2589
63535.9,80.1948
63555.8,80.1306
63575.7,80.0665
63595.6,80.0023
63615.5,79.9382
63635.4,79.8741
63655.3,79.8099
63675.2,79.7458
63695.1,79.6817
63715,79.6175
63734.9,79.5534
63754.9,79.4892
63774.8,79.4251
63794.7,79.3609
63814.6,79.2968
63834.5,79.2327
63854.4,79.1685
63874.3,79.1044
63894.2,79.0402
63914.1,78.9761
63934,78.9119
63953.9,78.8478
63973.8,78.7837
63993.7,78.7195
64013.6,78.6554
64033.5,78.5913
64053.4,78.5271
64073.3,78.463
64093.2,78.3988
64113.1,78.3347
64133,78.2705
64152.9,78.2064
64172.8,78.1429
64192.7,78.0829
64212.6,78.0229
64232.5,77.963
64252.4,77.903
64272.4,77.8431
64292.3,77.7831
64312.2,77.7231
64332.1,77.6632
64352,77.6032
64371.9,77.5433
64391.8,77.4833
64411.7,77.4233
64431.6,77.3634
64451.5,77.3034
64471.4,77.2435
64491.3,77.1835
64511.2,77.1235
64531.1,77.0636
64551,77.0036
64570.9,76.9437
64590.8,76.8837
64610.7,76.8237
64630.6,76.7638
64650.5,76.7038
64670.4,76.6439
64690.3,76.5839
64710.2,76.524
64730.1,76.464
64750,76.404
64770,76.3441
64789.9,76.2841
64809.8,76.2241
64829.7,76.1642
64849.6,76.1042
64869.5,76.0443
64889.4,75.9843
64909.3,75.9244
64929.2,75.8644
64949.1,75.8044
64969,75.7445
64988.9,75.6845
65008.8,75.6246
65028.7,75.5646
65048.6,75.5046
65068.5,75.4447
65088.4,75.3847
65108.3,75.3248
65128.2,75.2648
65148.1,75.2048
65168,75.1449
65187.9,75.0849
65207.8,75.025
65227.7,74.965
65247.6,74.9051
65267.6,74.8451
65287.5,74.7851
65307.4,74.7252
65327.3,74.6652
65347.2,74.6052
65367.1,74.5453
65387,74.4853
65406.9,74.4254
65426.8,74.3669
65446.7,74.3115
65466.6,74.256
65486.5,74.2005
65506.4,74.1451
65526.3,74.0896
65546.2,74.0341
65566.1,73.9787
65586,73.9232
65605.9,73.8677
65625.8,73.8122
65645.7,73.7567
65665.6,73.7013
65685.5,73.6458
65705.4,73.5903
65725.3,73.5349
65745.3,73.4794
65765.2,73.4239
65785.1,73.3685
65805,73.313
65824.9,73.2575
65844.8,73.202
65864.7,73.1466
65884.6,73.0911
65904.5,73.0356
65924.4,72.9801
65944.3,72.9247
65964.2,72.8692
65984.1,72.8137
66004,72.7583
66023.9,72.7028
66043.8,72.6473
66063.7,72.5918
66083.6,72.5364
66103.5,72.4809
66123.4,72.4254
66143.3,72.3699
66163.2,72.3145
66183.1,72.259
66203,72.2035
66222.9,72.1481
66242.9,72.0926
66262.8,72.0371
66282.7,71.9816
66302.6,71.9262
66322.5,71.8707
66342.4,71.8152
66362.3,71.7597
66382.2,71.7043
66402.1,71.6488
66422,71.5933
66441.9,71.5379
66461.8,71.4824
66481.7,71.4269
66501.6,71.3714
66521.5,71.316
66541.4,71.2605
66561.3,71.205
66581.2,71.1496
66601.1,71.0941
66621,71.0386
66640.9,70.9831
66660.8,70.9277
66680.7,70.8722
66700.6,70.8168
66720.5,70.7646
66740.5,70.7124
66760.4,70.6602
66780.3,70.608
66800.2,70.5559
66820.1,70.5037
66840,70.4515
66859.9,70.3993
66879.8,70.3471
66899.7,70.2949
66919.6,70.2427
66939.5,70.1905
66959.4,70.1383
66979.3,70.0861
66999.2,70.0339
67019.1,69.9817
67039,69.9295
67058.9,69.8773
67078.8,69.8251
67098.7,69.7729
67118.6,69.7207
67138.5,69.6686
67158.4,69.6164
67178.3,69.5642
67198.2,69.512
67218.1,69.4598
67238,69.4076
67258,69.3554
67277.9,69.3032
67297.8,69.251
67317.7,69.1988
67337.6,69.1466
67357.5,69.0944
67377.4,69.0422
67397.3,68.99
67417.2,68.9378
67437.1,68.8856
67457,68.8334
67476.9,68.7812
67496.8,68.7291
67516.7,68.6769
67536.6,68.6247
67556.5,68.5725
67576.4,68.5203
67596.3,68.4681
67616.2,68.4159
67636.1,68.3637
67656,68.3115
67675.9,68.2593
67695.8,68.2071
67715.7,68.1549
67735.6,68.1027
67755.6,68.0505
67775.5,67.9983
67795.4,67.9461
67815.3,67.8939
67835.2,67.8418
67855.1,67.7896
67875,67.7374
67894.9,67.6852
67914.8,67.6329
67934.7,67.5808
67954.6,67.5286
67974.5,67.4764
67994.4,67.4242
68014.3,67.3729
68034.2,67.3249
68054.1,67.2768
68074,67.2287
68093.9,67.1807
68113.8,67.1326
68133.7,67.0846
68153.6,67.0366
68173.5,66.9885
68193.4,66.9405
68213.3,66.8924
68233.2,66.8444
68253.1,66.7963
68273.1,66.7483
68293,66.7002
68312.9,66.6522
68332.8,66.6041
68352.7,66.5561
68372.6,66.508
68392.5,66.46
68412.4,66.4119
68432.3,66.3639
68452.2,66.3158
68472.1,66.2678
68492,66.2197
68511.9,66.1717
68531.8,66.1236
68551.7,66.0756
68571.6,66.0276
68591.5,65.9795
68611.4,65.9314
68631.3,65.8834
68651.2,65.8353
68671.1,65.7873
68691,65.7393
68710.9,65.6912
68730.8,65.6432
68750.8,65.5951
68770.6,65.5471
68790.6,65.499
68810.5,65.451
68830.4,65.4029
68850.3,65.3549
68870.2,65.3068
68890.1,65.2588
68910,65.2107
68929.9,65.1627
68949.8,65.1146
68969.7,65.0666
68989.6,65.0185
69009.5,64.9705
69029.4,64.9224
69049.3,64.8744
69069.2,64.8263
69089.1,64.7783
69109,64.7303
69128.9,64.6822
69148.8,64.6342
69168.7,64.5861
69188.6,64.538
69208.5,64.49
69228.4,64.442
69248.4,64.3939
69268.3,64.3459
69288.2,64.2978
69308.1,64.2498
69328,64.2017
69347.9,64.1548
69367.8,64.1096
69387.7,64.0644
69407.6,64.0192
69427.5,63.974
69447.4,63.9288
69467.3,63.8836
69487.2,63.8384
69507.1,63.7933
69527,63.7481
69546.9,63.7029
69566.8,63.6577
69586.7,63.6125
69606.6,63.5673
69626.5,63.5221
69646.4,63.4769
69666.3,63.4317
69686.2,63.3865
69706.1,63.3413
69726,63.2961
69745.9,63.2509
69765.9,63.2057
69785.8,63.1605
69805.7,63.1154
69825.6,63.0701
69845.5,63.025
69865.4,62.9798
69885.3,62.9346
69905.2,62.8894
69925.1,62.8442
69945,62.799
69964.9,62.7538
69984.8,62.7086
70004.7,62.6634
70024.6,62.6182
70044.5,62.573
70064.4,62.5278
70084.3,62.4826
70104.2,62.4375
70124.1,62.3923
70144,62.3471
70163.9,62.3019
70183.8,62.2567
70203.7,62.2115
70223.6,62.1663
70243.5,62.1211
70263.5,62.0759
70283.4,62.0307
70303.3,61.9855
70323.2,61.9403
70343.1,61.8951
70363,61.8499
70382.9,61.8047
70402.8,61.7595
70422.7,61.7143
70442.6,61.6692
70462.5,61.624
70482.4,61.5788
70502.3,61.5336
70522.2,61.4884
70542.1,61.4432
70562,61.398
70581.9,61.3528
70601.8,61.3076
70621.7,61.2624
70641.6,61.2172
70661.5,61.172
70681.4,61.1268
70701.3,61.0834
70721.3,61.0414
70741.1,60.9994
70761.1,60.9574
70781,60.9154
70800.9,60.8734
70820.8,60.8313
70840.7,60.7893
70860.6,60.7473
70880.5,60.7053
70900.4,60.6632
70920.3,60.6212
70940.2,60.5792
70960.1,60.5372
70980,60.4952
70999.9,60.4532
71019.8,60.4111
71039.7,60.3691
71059.6,60.3271
71079.5,60.2851
71099.4,60.2431
71119.3,60.201
71139.2,60.159
71159.1,60.117
71179,60.075
71198.9,60.033
71218.8,59.9909
71238.8,59.9489
71258.7,59.9069
71278.6,59.8649
71298.5,59.8229
71318.4,59.7808
71338.3,59.7388
71358.2,59.6968
71378.1,59.6548
71398,59.6128
71417.9,59.5707
71437.8,59.5287
71457.7,59.4867
71477.6,59.4447
71497.5,59.4027
71517.4,59.3607
71537.3,59.3186
71557.2,59.2766
71577.1,59.2346
71597,59.1926
71616.9,59.1505
71636.8,59.1085
71656.7,59.0665
71676.6,59.0245
71696.5,58.9825
71716.4,58.9405
71736.4,58.8984
71756.3,58.8564
71776.2,58.8144
71796.1,58.7724
71816,58.7304
71835.9,58.6883
71855.8,58.6463
71875.7,58.6043
71895.6,58.5623
71915.5,58.5202
71935.4,58.4782
71955.3,58.4362
71975.2,58.3942
71995.1,58.3522
72015,58.3102
72034.9,58.2681
72054.8,58.2261
72074.7,58.1848
72094.6,58.1457
72114.5,58.1066
72134.4,58.0676
72154.3,58.0285
72174.2,57.9894
72194.1,57.9503
72214,57.9113
72233.9,57.8722
72253.9,57.8331
72273.8,57.7941
72293.7,57.755
72313.6,57.7159
72333.5,57.6768
72353.4,57.6378
72373.3,57.5987
72393.2,57.5596
72413.1,57.5205
72433,57.4815
72452.9,57.4424
72472.8,57.4033
72492.7,57.3642
72512.6,57.3252
72532.5,57.2861
72552.4,57.247
72572.3,57.208
72592.2,57.1689
72612.1,57.1298
72632,57.0907
72651.9,57.0517
72671.8,57.0126
72691.7,56.9735
72711.6,56.9344
72731.5,56.8954
72751.4,56.8563
72771.4,56.8172
72791.3,56.7781
72811.2,56.7391
72831.1,56.7
72851,56.6609
72870.9,56.6218
72890.8,56.5828
72910.7,56.5437
72930.6,56.5046
72950.5,56.4656
72970.4,56.4265
72990.3,56.3874
73010.2,56.3483
73030.1,56.3092
73050,56.2702
73069.9,56.2311
73089.8,56.192
73109.7,56.153
73129.6,56.1139
73149.5,56.0748
73169.4,56.0357
73189.3,55.9967
73209.2,55.9576
73229.1,55.9185
73249,55.8794
73269,55.8404
73288.9,55.8013
73308.8,55.7622
73328.7,55.7231
73348.6,55.6841
73368.5,55.645
73388.4,55.6059
73408.3,55.5668
73428.2,55.5278
73448.1,55.4887
73468,55.4496
73487.9,55.4117
73507.8,55.3754
73527.7,55.3392
73547.6,55.3029
73567.5,55.2667
73587.4,55.2304
73607.3,55.1942
73627.2,55.1579
73647.1,55.1217
73667,55.0854
73686.9,55.0492
73706.8,55.0129
73726.7,54.9767
73746.6,54.9404
73766.6,54.9042
73786.5,54.8679
73806.4,54.8317
73826.3,54.7954
73846.2,54.7591
73866.1,54.7229
73886,54.6866
73905.9,54.6504
73925.8,54.6142
73945.7,54.5779
73965.6,54.5416
73985.5,54.5054
74005.4,54.4691
74025.3,54.4329
74045.2,54.3966
74065.1,54.3604
74085,54.3241
74104.9,54.2879
74124.8,54.2516
74144.7,54.2154
74164.6,54.1791
74184.5,54.1429
74204.4,54.1066
74224.3,54.0704
74244.3,54.0341
74264.2,53.9979
74284.1,53.9616
74304,53.9254
74323.9,53.8891
74343.8,53.8529
74363.7,53.8166
74383.6,53.7804
74403.5,53.7441
74423.4,53.7079
74443.3,53.6716
74463.2,53.6354
74483.1,53.5991
74503,53.5629
74522.9,53.5266
74542.8,53.4904
74562.7,53.4541
74582.6,53.4179
74602.5,53.3816
74622.4,53.3454
74642.3,53.3091
74662.2,53.2729
74682.1,53.2366
74702,53.2004
74721.9,53.1641
74741.9,53.1278
74761.8,53.0916
74781.7,53.0554
74801.6,53.0191
74821.5,52.9829
74841.4,52.9466
74861.3,52.9104
74881.2,52.8741
74901.1,52.8378
74921,52.8017
74940.9,52.7677
74960.8,52.7336
74980.7,52.6996
75000.6,52.6655
75020.5,52.6315
75040.4,52.5974
75060.3,52.5634
75080.2,52.5294
75100.1,52.4953
75120,52.4613
75139.9,52.4272
75159.8,52.3932
75179.7,52.3591
75199.6,52.3251
75219.5,52.291
75239.5,52.257
75259.4,52.223
75279.3,52.1889
75299.2,52.1549
75319.1,52.1208
75339,52.0868
75358.9,52.0528
75378.8,52.0187
75398.7,51.9847
75418.6,51.9506
75438.5,51.9166
75458.4,51.8825
75478.3,51.8485
75498.2,51.8145
75518.1,51.7804
75538,51.7464
75557.9,51.7123
75577.8,51.6783
75597.7,51.6442
75617.6,51.6102
75637.5,51.5761
75657.4,51.5421
75677.3,51.5081
75697.2,51.474
75717.1,51.44
75737,51.4059
75757,51.3719
75776.9,51.3378
75796.8,51.3038
75816.7,51.2698
75836.6,51.2357
75856.5,51.2017
75876.4,51.1676
75896.3,51.1336
75916.2,51.0995
75936.1,51.0655
75956,51.0315
75975.9,50.9974
75995.8,50.9634
76015.7,50.9293
76035.6,50.8953
76055.5,50.8612
76075.4,50.8272
76095.3,50.7932
76115.2,50.7591
76135.1,50.7251
76155,50.691
76174.9,50.657
76194.8,50.6229
76214.7,50.5889
76234.6,50.5548
76254.5,50.5208
76274.5,50.4868
76294.4,50.4527
76314.3,50.4187
76334.2,50.3846
76354.1,50.3506
76374,50.3165
76393.9,50.2843
76413.8,50.2528
76433.7,50.2214
76453.6,50.1899
76473.5,50.1584
76493.4,50.1269
76513.3,50.0955
76533.2,50.064
76553.1,50.0325
76573,50.0011
76592.9,49.9696
76612.8,49.9381
76632.7,49.9067
76652.6,49.8752
76672.5,49.8437
76692.4,49.8123
76712.3,49.7808
76732.2,49.7493
76752.1,49.7178
76772.1,49.6864
76792,49.6549
76811.9,49.6234
76831.8,49.592
76851.7,49.5605
76871.6,49.529
76891.5,49.4976
76911.4,49.4661
76931.3,49.4346
76951.2,49.4031
76971.1,49.3717
76991,49.3402
77010.9,49.3087
77030.8,49.2773
77050.7,49.2458
77070.6,49.2143
77090.5,49.1829
77110.4,49.1514
77130.3,49.1199
77150.2,49.0884
77170.1,49.057
77190,49.0255
77209.9,48.994
77229.8,48.9626
77249.8,48.9311
77269.6,48.8996
77289.6,48.8682
77309.5,48.8367
77329.4,48.8052
77349.3,48.7737
77369.2,48.7423
77389.1,48.7108
77409,48.6793
77428.9,48.6479
77448.8,48.6164
77468.7,48.5849
77488.6,48.5535
77508.5,48.522
77528.4,48.4905
77548.3,48.459
77568.2,48.4276
77588.1,48.3961
77608,48.3646
77627.9,48.3332
77647.8,48.3017
77667.7,48.2702
77687.6,48.2388
77707.5,48.2073
77727.4,48.1758
77747.4,48.1443
77767.3,48.1129
77787.2,48.0814
77807.1,48.0499
77827,48.0185
77846.9,47.987
77866.8,47.9555
77886.7,47.9244
77906.6,47.894
77926.5,47.8636
77946.4,47.8331
77966.3,47.8027
77986.2,47.7723
78006.1,47.7419
78026,47.7114
78045.9,47.681
78065.8,47.6506
78085.7,47.6202
78105.6,47.5898
78125.5,47.5593
78145.4,47.5289
78165.3,47.4985
78185.2,47.4681
78205.1,47.4376
78225,47.4072
78245,47.3768
78264.9,47.3464
78284.8,47.3159
78304.7,47.2855
78324.6,47.2551
78344.5,47.2247
78364.4,47.1943
78384.3,47.1638
78404.2,200.646
78424.1,200.47
78444,200.294
78463.9,200.118
78483.8,199.942
78503.7,199.766
78523.6,199.59
78543.5,199.415
78563.4,199.239
78583.3,199.063
78603.2,198.887
78623.1,198.711
78643,198.535
78662.9,198.359
78682.8,198.183
78702.7,198.007
78722.6,197.831
78742.5,197.655
78762.5,197.479
78782.4,197.303
78802.3,197.128
78822.2,196.952
78842.1,196.776
78862,196.6
78881.9,196.424
78901.8,196.248
78921.7,196.072
78941.6,195.896
78961.5,195.72
78981.4,195.544
79001.3,195.368
79021.2,195.192
79041.1,195.016
79061,194.84
79080.9,194.665
79100.8,194.489
79120.7,194.313
79140.6,194.137
79160.5,193.961
79180.4,193.785
79200.3,193.609
79220.3,193.433
79240.1,193.257
79260.1,193.081
79280,192.905
79299.9,192.729
79319.8,192.553
79339.7,192.377
79359.6,192.202
79379.5,192.026
79399.4,191.85
79419.3,191.685
79439.2,191.521
79459.1,191.356
79479,191.192
79498.9,191.027
79518.8,190.863
79538.7,190.699
79558.6,190.534
79578.5,190.37
79598.4,190.206
79618.3,190.041
79638.2,189.877
79658.1,189.713
79678,189.548
79697.9,189.384
79717.8,189.219
79737.8,189.055
79757.7,188.891
79777.6,188.726
79797.5,188.562
79817.4,188.398
79837.3,188.233
79857.2,188.069
79877.1,187.905
79897,187.74
79916.9,187.576
79936.8,187.411
79956.7,187.247
79976.6,187.083
79996.5,186.918
80016.4,186.763
80036.3,186.609
80056.2,186.456
80076.1,186.302
80096,186.148
80115.9,185.995
80135.8,185.841
80155.7,185.687
80175.6,185.534
80195.5,185.38
80215.4,185.227
80235.3,185.073
80255.3,184.919
80275.2,184.766
80295.1,184.612
80315,184.458
80334.9,184.305
80354.8,184.151
80374.7,183.997
80394.6,183.844
80414.5,183.69
80434.4,183.537
80454.3,183.383
80474.2,183.229
80494.1,183.076
80514,182.922
80533.9,182.768
80553.8,182.615
80573.7,182.461
80593.6,182.307
80613.5,182.154
80633.4,182
80653.3,181.847
80673.2,181.693
80693.1,181.539
80713,181.386
80732.9,181.232
80752.9,181.078
80772.8,180.925
80792.7,180.771
80812.6,180.617
80832.5,180.464
80852.4,180.31
80872.3,180.157
80892.2,180.003
80912.1,179.849
80932,179.696
80951.9,179.544
80971.8,179.411
80991.7,179.278
81011.6,179.145
81031.5,179.011
81051.4,178.878
81071.3,178.745
81091.2,178.612
81111.1,178.479
81131,178.346
81150.9,178.213
81170.8,178.079
81190.7,177.946
81210.6,177.813
81230.5,177.68
81250.4,177.547
81270.4,177.414
81290.3,177.281
81310.2,177.147
81330.1,177.014
81350,176.881
81369.9,176.748
81389.8,176.615
81409.7,176.482
81429.6,176.349
81449.5,176.215
81469.4,176.082
81489.3,175.949
81509.2,175.816
81529.1,175.683
81549,175.55
81568.9,175.417
81588.8,175.283
81608.7,175.15
81628.6,175.017
81648.5,174.884
81668.4,174.751
81688.3,174.618
81708.2,174.485
81728.1,174.351
81748,174.218
81768,174.085
81787.9,173.952
81807.8,173.819
81827.7,173.686
81847.6,173.553
81867.5,173.419
81887.4,173.286
81907.3,173.153
81927.2,173.02
81947.1,172.887
81967,172.754
81986.9,172.62
82006.8,172.487
82026.7,172.354
82046.6,172.221
82066.5,172.088
82086.4,171.955
82106.3,171.822
82126.2,171.688
82146.1,171.555
82166,171.422
82185.9,171.289
82205.8,171.156
82225.8,171.023
82245.6,170.89
82265.6,170.756
82285.5,170.623
82305.4,170.49
82325.3,170.357
82345.2,170.224
82365.1,170.091
82385,169.958
82404.9,169.824
82424.8,169.691
82444.7,169.558
82464.6,169.425
82484.5,169.292
82504.4,169.159
82524.3,169.026
82544.2,168.896
82564.1,168.781
82584,168.666
82603.9,168.551
82623.8,168.436
82643.7,168.321
82663.6,168.205
82683.5,168.09
82703.4,167.975
82723.3,167.86
82743.3,167.745
82763.2,167.63
82783.1,167.514
82803,167.399
82822.9,167.284
82842.8,167.169
82862.7,167.054
82882.6,166.939
82902.5,166.823
82922.4,166.708
82942.3,166.593
82962.2,166.478
82982.1,166.363
83002,166.248
83021.9,166.133
83041.8,166.017
83061.7,165.902
83081.6,165.787
83101.5,165.672
83121.4,165.557
83141.3,165.442
83161.2,165.326
83181.1,165.211
83201,165.096
83220.9,164.981
83240.9,164.866
83260.8,164.751
83280.7,164.636
83300.6,164.52
83320.5,164.405
83340.4,164.29
83360.3,164.175
83380.2,164.06
83400.1,163.945
83420,163.829
83439.9,163.714
83459.8,163.599
83479.7,163.484
83499.6,163.369
83519.5,163.254
83539.4,163.139
83559.3,163.023
83579.2,162.908
83599.1,162.793
83619,162.678
83638.9,162.563
83658.8,162.448
83678.7,162.332
83698.6,162.217
83718.5,162.102
83738.5,161.987
83758.4,161.872
83778.3,161.757
83798.2,161.641
83818.1,161.526
83838,161.411
83857.9,161.296
83877.8,161.181
83897.7,161.066
83917.6,160.951
83937.5,160.835
83957.4,160.72
83977.3,160.605
83997.2,160.49
84017.1,160.375
84037,160.26
84056.9,160.144
84076.8,160.029
84096.7,159.914
84116.6,159.799
84136.5,159.684
84156.4,159.574
84176.3,159.475
84196.2,159.376
84216.1,159.278
84236,159.179
84255.9,159.08
84275.9,158.981
84295.8,158.882
84315.7,158.783
84335.6,158.685
84355.5,158.586
84375.4,158.487
84395.3,158.388
84415.2,158.289
84435.1,158.19
84455,158.092
84474.9,157.993
84494.8,157.894
84514.7,157.795
84534.6,157.696
84554.5,157.598
84574.4,157.499
84594.3,157.4
84614.2,157.301
84634.1,157.202
84654,157.104
84673.9,157.005
84693.8,156.906
84713.7,156.807
84733.6,156.708
84753.5,156.609
84773.5,156.511
84793.4,156.412
84813.3,156.313
84833.2,156.214
84853.1,156.115
84873,156.017
84892.9,155.918
84912.8,155.819
84932.7,155.72
84952.6,155.621
84972.5,155.522
84992.4,155.424
85012.3,155.325
85032.2,155.226
85052.1,155.127
85072,155.028
85091.9,154.93
85111.8,154.831
85131.7,154.732
85151.6,154.633
85171.5,154.534
85191.4,154.436
85211.3,154.337
85231.2,154.238
85251.1,154.139
85271.1,154.04
85291,153.941
85310.9,153.843
85330.8,153.744
85350.7,153.645
85370.6,153.546
85390.5,153.447
85410.4,153.349
85430.3,153.25
85450.2,153.151
85470.1,153.052
85490,152.953
85509.9,152.854
85529.8,152.756
85549.7,152.657
85569.6,152.558
85589.5,152.459
85609.4,152.36
85629.3,152.262
85649.2,152.163
85669.1,152.064
85689,151.965
85708.9,151.866
85728.8,151.767
85748.8,151.669
85768.7,151.57
85788.6,151.471
85808.5,151.377
85828.4,151.29
85848.3,151.202
85868.2,151.115
85888.1,151.027
85908,150.94
85927.9,150.853
85947.8,150.765
85967.7,150.678
85987.6,150.59
86007.5,150.503
86027.4,150.416
86047.3,150.328
86067.2,150.241
86087.1,150.153
86107,150.066
86126.9,149.979
86146.8,149.891
86166.7,149.804
86186.6,149.716
86206.5,149.629
86226.4,149.542
86246.4,149.454
86266.3,149.367
86286.2,149.279
86306.1,149.192
86326,149.105
86345.9,149.017
86365.8,148.93
86385.7,148.842
86405.6,148.755
86425.5,148.668
86445.4,148.58
86465.3,148.493
86485.2,148.406
86505.1,148.318
86525,148.231
86544.9,148.143
86564.8,148.056
86584.7,147.969
86604.6,147.881
86624.5,147.794
86644.4,147.706
86664.3,147.619
86684.2,147.532
86704.1,147.444
86724,147.357
86744,147.269
86763.9,147.182
86783.8,147.095
86803.7,147.007
86823.6,146.92
86843.5,146.832
86863.4,146.745
86883.3,146.658
86903.2,146.57
86923.1,146.483
86943,146.395
86962.9,146.308
86982.8,146.221
87002.7,146.133
87022.6,146.046
87042.5,145.958
87062.4,145.871
87082.3,145.784
87102.2,145.696
87122.1,145.609
87142,145.521
87161.9,145.434
87181.8,145.347
87201.7,145.259
87221.6,145.172
87241.5,145.084
87261.5,144.997
87281.4,144.91
87301.3,144.822
87321.2,144.735
87341.1,144.647
87361,144.56
87380.9,144.473
87400.8,144.385
87420.7,144.298
87440.6,144.21
87460.5,144.123
87480.4,144.041
87500.3,143.964
87520.2,143.887
87540.1,143.81
87560,143.734
87579.9,143.657
87599.8,143.58
87619.7,143.503
87639.6,143.426
87659.5,143.349
87679.4,143.272
87699.3,143.195
87719.2,143.118
87739.1,143.042
87759.1,142.965
87779,142.888
87798.9,142.811
87818.8,142.734
87838.7,142.657
87858.6,142.58
87878.5,142.503
87898.4,142.426
87918.3,142.349
87938.2,142.273
87958.1,142.196
87978,142.119
87997.9,142.042
88017.8,141.965
88037.7,141.888
88057.6,141.811
88077.5,141.734
88097.4,141.657
88117.3,141.581
88137.2,141.504
88157.1,141.427
88177,141.35
88196.9,141.273
88216.8,141.196
88236.7,141.119
88256.6,141.042
88276.6,140.965
88296.5,140.888
88316.4,140.812
88336.3,140.735
88356.2,140.658
88376.1,140.581
88396,140.504
88415.9,140.427
88435.8,140.35
88455.7,140.273
88475.6,140.196
88495.5,140.12
88515.4,140.043
88535.3,139.966
88555.2,139.889
88575.1,139.812
88595,139.735
88614.9,139.658
88634.8,139.581
88654.7,139.504
88674.6,139.427
88694.5,139.351
88714.4,139.274
88734.3,139.197
88754.3,139.12
88774.1,139.043
88794.1,138.966
88814,138.889
88833.9,138.812
88853.8,138.735
88873.7,138.659
88893.6,138.582
88913.5,138.505
88933.4,138.428
88953.3,138.351
88973.2,138.274
88993.1,138.197
89013,138.12
89032.9,138.043
89052.8,137.966
89072.7,137.89
89092.6,137.813
89112.5,137.736
89132.4,137.659
89152.3,137.582
89172.2,137.505
89192.1,137.433
89212,137.365
89231.9,137.297
89251.9,137.228
89271.8,137.16
89291.7,137.092
89311.6,137.023
89331.5,136.955
89351.4,136.886
89371.3,136.818
89391.2,136.75
89411.1,136.681
89431,136.613
89450.9,136.545
89470.8,136.476
89490.7,136.408
89510.6,136.339
89530.5,136.271
89550.4,136.203
89570.3,136.134
89590.2,136.066
89610.1,135.998
89630,135.929
89649.9,135.861
89669.8,135.792
89689.7,135.724
89709.6,135.656
89729.5,135.587
89749.5,135.519
89769.4,135.451
89789.3,135.382
89809.2,135.314
89829.1,135.245
89849,135.177
89868.9,135.109
89888.8,135.04
89908.7,134.972
89928.6,134.904
89948.5,134.835
89968.4,134.767
89988.3,134.698
90008.2,134.63
90028.1,134.562
90048,134.493
90067.9,134.425
90087.8,134.357
90107.7,134.288
90127.6,134.22
90147.5,134.151
90167.4,134.083
90187.3,134.015
90207.2,133.946
90227.1,133.878
90247,133.81
90267,133.741
90286.9,133.673
90306.8,133.604
90326.7,133.536
90346.6,133.468
90366.5,133.399
90386.4,133.331
90406.3,133.263
90426.2,133.194
90446.1,133.126
90466,133.057
90485.9,132.989
90505.8,132.921
90525.7,132.852
90545.6,132.784
90565.5,132.716
90585.4,132.647
90605.3,132.579
90625.2,132.51
90645.1,132.442
90665,132.374
90684.9,132.305
90704.8,132.237
90724.8,132.169
90744.6,132.1
90764.6,132.032
90784.5,131.963
90804.4,131.895
90824.3,131.827
90844.2,131.758
90864.1,131.69
90884,131.622
90903.9,131.553
90923.8,131.485
90943.7,131.421
90963.6,131.359
90983.5,131.297
91003.4,131.235
91023.3,131.173
91043.2,131.111
91063.1,131.048
91083,130.986
91102.9,130.924
91122.8,130.862
91142.7,130.8
91162.6,130.738
91182.5,130.676
91202.4,130.614
91222.3,130.552
91242.3,130.49
91262.2,130.428
91282.1,130.366
91302,130.304
91321.9,130.242
91341.8,130.18
91361.7,130.118
91381.6,130.056
91401.5,129.994
91421.4,129.932
91441.3,129.869
91461.2,129.807
91481.1,129.745
91501,129.683
91520.9,129.621
91540.8,129.559
91560.7,129.497
91580.6,129.435
91600.5,129.373
91620.4,129.311
91640.3,129.249
91660.2,129.187
91680.1,129.125
91700,129.063
91719.9,129.001
91739.9,128.939
91759.8,128.877
91779.7,128.815
91799.6,128.753
91819.5,128.691
91839.4,128.628
91859.3,128.566
91879.2,128.504
91899.1,128.442
91919,128.38
91938.9,128.318
91958.8,128.256
91978.7,128.194
91998.6,128.132
92018.5,128.07
92038.4,128.008
92058.3,127.946
92078.2,127.884
92098.1,127.822
92118,127.76
92137.9,127.698
92157.8,127.636
92177.7,127.574
92197.6,127.512
92217.5,127.45
92237.4,127.387
92257.4,127.325
92277.3,127.263
92297.2,127.201
92317.1,127.139
92337,127.077
92356.9,127.015
92376.8,126.953
92396.7,126.891
92416.6,126.829
92436.5,126.767
92456.4,126.705
92476.3,126.643
92496.2,126.581
92516.1,126.519
92536,126.457
92555.9,126.395
92575.8,126.333
92595.7,126.271
92615.6,126.208
92635.5,126.146
92655.4,126.084
92675.3,126.022
92695.2,125.96
92715.1,125.899
92735,125.842
92754.9,125.785
92774.9,125.727
92794.8,125.67
92814.7,125.612
92834.6,125.555
92854.5,125.498
92874.4,125.44
92894.3,125.383
92914.2,125.326
92934.1,125.268
92954,125.211
92973.9,125.153
92993.8,125.096
93013.7,125.039
93033.6,124.981
93053.5,124.924
93073.4,124.866
93093.3,124.809
93113.2,124.752
93133.1,124.694
93153,124.637
93172.9,124.579
93192.8,124.522
93212.7,124.465
93232.6,124.407
93252.5,124.35
93272.5,124.292
93292.4,124.235
93312.3,124.178
93332.2,124.12
93352.1,124.063
93372,124.006
93391.9,123.948
93411.8,123.891
93431.7,123.833
93451.6,123.776
93471.5,123.719
93491.4,123.661
93511.3,123.604
93531.2,123.546
93551.1,123.489
93571,123.432
93590.9,123.374
93610.8,123.317
93630.7,123.259
93650.6,123.202
93670.5,123.145
93690.4,123.087
93710.3,123.03
93730.3,122.972
93750.1,122.915
93770.1,122.858
93790,122.8
93809.9,122.743
93829.8,122.686
93849.7,122.628
93869.6,122.571
93889.5,122.513
93909.4,122.456
93929.3,122.399
93949.2,122.341
93969.1,122.284
93989,122.226
94008.9,122.169
94028.8,122.112
94048.7,122.054
94068.6,121.997
94088.5,121.939
94108.4,121.882
94128.3,121.825
94148.2,121.767
94168.1,121.71
94188,121.653
94207.9,121.595
94227.8,121.538
94247.8,121.48
94267.7,121.423
94287.6,121.366
94307.5,121.308
94327.4,121.251
94347.3,121.193
94367.2,121.136
94387.1,121.079
94407,121.021
94426.9,120.964
94446.8,120.906
94466.7,120.849
94486.6,120.792
94506.5,120.734
94526.4,120.678
94546.3,120.626
94566.2,120.573
94586.1,120.521
94606,120.468
94625.9,120.415
94645.8,120.363
94665.7,120.31
94685.6,120.258
94705.5,120.205
94725.4,120.152
94745.4,120.1
94765.3,120.047
94785.2,119.995
94805.1,119.942
94825,119.889
94844.9,119.837
94864.8,119.784
94884.7,119.732
94904.6,119.679
94924.5,119.627
94944.4,119.574
94964.3,119.521
94984.2,119.469
95004.1,119.416
95024,119.364
95043.9,119.311
95063.8,119.258
95083.7,119.206
95103.6,119.153
95123.5,119.101
95143.4,119.048
95163.3,118.995
95183.2,118.943
95203.1,118.89
95223,118.838
95243,118.785
95262.9,118.732
95282.8,118.68
95302.7,118.627
95322.6,118.575
95342.5,118.522
95362.4,118.469
95382.3,118.417
95402.2,118.364
95422.1,118.312
95442,118.259
95461.9,118.206
95481.8,118.154
95501.7,118.101
95521.6,118.049
95541.5,117.996
95561.4,117.943
95581.3,117.891
95601.2,117.838
95621.1,117.786
95641,117.733
95660.9,117.68
95680.8,117.628
95700.7,117.575
95720.6,117.523
95740.6,117.47
95760.5,117.417
95780.4,117.365
95800.3,117.312
95820.2,117.26
95840.1,117.207
95860,117.155
95879.9,117.102
95899.8,117.049
95919.7,116.997
95939.6,116.944
95959.5,116.892
95979.4,116.839
95999.3,116.786
96019.2,116.734
96039.1,116.681
96059,116.629
96078.9,116.576
96098.8,116.523
96118.7,116.471
96138.6,116.418
96158.5,116.366
96178.4,116.313
96198.3,116.26
96218.2,116.208
96238.1,116.155
96258,116.103
96278,116.05
96297.9,115.997
96317.8,115.945
96337.7,115.892
96357.6,115.84
96377.5,115.788
96397.4,115.737
96417.3,115.687
96437.2,115.637
96457.1,115.586
96477,115.536
96496.9,115.486
96516.8,115.435
96536.7,115.385
96556.6,115.335
96576.5,115.284
96596.4,115.234
96616.3,115.184
96636.2,115.133
96656.1,115.083
96676,115.032
96695.9,114.982
96715.8,114.932
96735.7,114.881
96755.6,114.831
96775.6,114.781
96795.5,114.73
96815.4,114.68
96835.3,114.63
96855.2,114.579
96875.1,114.529
96895,114.479
96914.9,114.428
96934.8,114.378
96954.7,114.327
96974.6,114.277
96994.5,114.227
97014.4,114.176
97034.3,114.126
97054.2,114.076
97074.1,114.025
97094,113.975
97113.9,113.925
97133.8,113.874
97153.7,113.824
97173.6,113.774
97193.5,113.723
97213.4,113.673
97233.3,113.622
97253.3,113.572
97273.2,113.522
97293.1,113.471
97313,113.421
97332.9,113.371
97352.8,113.32
97372.7,113.27
97392.6,113.22
97412.5,113.169
97432.4,113.119
97452.3,113.069
97472.2,113.018
97492.1,112.968
97512,112.917
97531.9,112.867
97551.8,112.817
97571.7,112.766
97591.6,112.716
97611.5,112.666
97631.4,112.615
97651.3,112.565
97671.2,112.515
97691.1,112.464
97711,112.414
97730.9,112.364
97750.9,112.313
97770.8,112.263
97790.7,112.212
97810.6,112.162
97830.5,112.112
97850.4,112.061
97870.3,112.011
97890.2,111.961
97910.1,111.91
97930,111.86
97949.9,111.81
97969.8,111.759
97989.7,111.709
98009.6,111.659
98029.5,111.608
98049.4,111.558
98069.3,111.507
98089.2,111.457
98109.1,111.407
98129,111.356
98148.9,111.306
98168.8,111.256
98188.7,111.205
98208.6,111.155
98228.5,111.105
98248.5,111.054
98268.4,111.007
98288.3,110.959
98308.2,110.912
98328.1,110.865
98348,110.817
98367.9,110.77
98387.8,110.723
98407.7,110.675
98427.6,110.628
98447.5,110.581
98467.4,110.533
98487.3,110.486
98507.2,110.439
98527.1,110.391
98547,110.344
98566.9,110.297
98586.8,110.249
98606.7,110.202
98626.6,110.155
98646.5,110.107
98666.4,110.06
98686.3,110.013
98706.2,109.965
98726.1,109.918
98746,109.871
98766,109.823
98785.9,109.776
98805.8,109.729
98825.7,109.681
98845.6,109.634
98865.5,109.587
98885.4,109.539
98905.3,109.492
98925.2,109.445
98945.1,109.397
98965,109.35
98984.9,109.303
99004.8,109.255
99024.7,109.208
99044.6,109.161
99064.5,109.113
99084.4,109.066
99104.3,109.019
99124.2,108.971
99144.1,108.924
99164,108.877
99183.9,108.829
99203.8,108.782
99223.8,108.734
99243.6,108.687
99263.6,108.64
99283.5,108.592
99303.4,108.545
99323.3,108.498
99343.2,108.45
99363.1,108.403
99383,108.356
99402.9,108.308
99422.8,108.261
99442.7,108.214
99462.6,108.166
99482.5,108.119
99502.4,108.072
99522.3,108.024
99542.2,107.977
99562.1,107.93
99582,107.882
99601.9,107.835
99621.8,107.788
99641.7,107.74
99661.6,107.693
99681.5,107.646
99701.4,107.598
99721.3,107.551
99741.3,107.504
99761.2,107.456
99781.1,107.409
99801,107.362
99820.9,107.314
99840.8,107.267
99860.7,107.22
99880.6,107.172
99900.5,107.125
99920.4,107.078
99940.3,107.03
99960.2,106.983
99980.1,106.936
100000,106.888