500,10396.6
519.904,10176.1
539.808,9955.54
559.712,9735.01
579.616,9514.47
599.52,9293.94
619.424,9073.4
639.328,8852.87
659.232,8632.33
679.136,8411.79
699.04,8191.26
718.944,7970.72
738.848,7750.19
758.752,7529.65
778.656,7309.12
798.56,7088.58
818.464,6868.04
838.368,6647.51
858.272,6426.97
878.176,6206.44
898.08,5985.9
917.984,5765.37
937.888,5544.83
957.792,5324.29
977.696,5103.76
997.599,4883.22
1017.5,4662.69
1037.41,4455.29
1057.31,4257.59
1077.22,4076.16
1097.12,3903.68
1117.02,3738.13
1136.93,3585.85
1156.83,3445.02
1176.74,3308.2
1196.64,3178.92
1216.54,3059.21
1236.45,2940.54
1256.35,2831.47
1276.26,2729.89
1296.16,2632.62
1316.06,2539.82
1335.97,2451.71
1355.87,2367.53
1375.78,2286.42
1395.68,2210.19
1415.58,2138.96
1435.49,2069.03
1455.39,2002.32
1475.3,1938.56
1495.2,1878.63
1515.1,1821.8
1535.01,1765.05
1554.91,1708.82
1574.81,1657.4
1594.72,1607.67
1614.62,1559.91
1634.53,1514.7
1654.43,1470.69
1674.33,1428.45
1694.24,1387.87
1714.14,1348.85
1734.05,1311.51
1753.95,1275.23
1773.85,1242.13
1793.76,1208.68
1813.66,4681.55
1833.57,4558.69
1853.47,4437.92
1873.37,5996.04
1893.28,5856.53
1913.18,5729.53
1933.09,5604.82
1952.99,5486.8
1972.89,5370.75
1992.8,5258.42
2012.7,5136.6
2032.61,5017.51
2052.51,4898.66
2072.41,5474.06
2092.32,5342.74
2112.22,5216.14
2132.13,5094.09
2152.03,4978.63
2171.93,4864.84
2191.84,4755
2211.74,4646.67
2231.65,4544.87
2251.55,4443.26
2271.45,4348.16
2291.36,4253.07
2311.26,4163.2
2331.17,4074.51
2351.07,3989.23
2370.97,3906.66
2390.88,3825.54
2410.78,3748.84
2430.69,3672.14
2450.59,3598.26
2470.49,3524.76
2490.4,3454.65
2510.3,3387.65
2530.21,3320.87
2550.11,3257.37
2570.01,3193.87
2589.92,3133.38
2609.82,3074.9
2629.73,3016.51
2649.63,2960.55
2669.53,2904.59
2689.44,2850.51
2709.34,2798.52
2729.25,2746.53
2749.15,2698.25
2769.05,2650.56
2788.96,2603.23
2808.86,2557.93
2828.77,2512.64
2848.67,2468.87
2868.57,2427.11
2888.48,2385.34
2908.38,2345.2
2928.29,2306.05
2948.19,2266.9
2968.09,2229.4
2988,2192.42
3007.9,2154.79
3027.81,2119.16
3047.71,2083.88
3067.61,2048.6
3087.52,2015.2
3107.42,1981.94
3127.33,1948.68
3147.23,1917.53
3167.13,1886.58
3187.04,1855.62
3206.94,1826.66
3226.85,1798.05
3246.75,1769.44
3266.65,1741.77
3286.56,1714.52
3306.46,1687.27
3326.37,1661.32
3346.27,1636.56
3366.17,1611.8
3386.08,1587.39
3405.98,1563.98
3425.89,1540.57
3445.79,1517.17
3465.69,1495.29
3485.6,1473.52
3505.5,1451.75
3525.41,1430.63
3545.31,1410.12
3565.21,1389.61
3585.12,1369.26
3605.02,1350.26
3624.92,1331.25
3644.83,1312.25
3664.73,1294.08
3684.64,1276.5
3704.54,1258.91
3724.45,1241.33
3744.35,1224.84
3764.25,1208.38
3784.16,1191.92
3804.06,1175.79
3823.96,1160.42
3843.87,1145.05
3863.77,1129.68
3883.68,1114.85
3903.58,1100.39
3923.48,1085.94
3943.39,1071.48
3963.29,1057.64
3983.2,1043.98
4003.1,1030.38
4023,1017.07
4042.91,1004.25
4062.81,991.489
4082.72,978.723
4102.62,965.957
4122.52,953.914
4142.43,941.924
4162.33,929.935
4182.24,917.946
4202.14,906.771
4222.04,895.677
4241.95,884.581
4261.85,873.486
4281.76,862.927
4301.66,852.508
4321.56,842.089
4341.47,831.671
4361.37,821.734
4381.28,812.091
4401.18,802.448
4421.08,792.805
4440.99,783.395
4460.89,774.417
4480.8,765.44
4500.7,756.462
4520.6,747.484
4540.51,739.061
4560.41,730.649
4580.32,722.236
4600.22,713.824
4620.12,705.743
4640.03,697.922
4659.93,690.102
4679.84,682.282
4699.74,674.483
4719.64,667.206
4739.55,659.929
4759.45,652.652
4779.36,645.375
4799.26,638.314
4819.16,631.557
4839.07,624.8
4858.97,618.043
4878.88,611.286
4898.78,604.813
4918.68,598.466
4938.59,592.12
4958.49,585.773
4978.4,579.426
4998.3,573.39
5018.2,567.468
5038.11,561.553
5058.01,555.639
5077.92,549.724
5097.82,544.152
5117.72,538.582
5137.63,533.012
5157.53,527.441
5177.44,521.879
5197.34,516.674
5217.24,511.469
5237.15,506.264
5257.05,501.059
5276.96,495.854
5296.86,491.001
5316.76,486.168
5336.67,481.335
5356.57,476.502
5376.48,471.668
5396.38,467.129
5416.28,462.675
5436.19,458.222
5456.09,453.768
5476,449.315
5495.9,444.979
5515.8,440.788
5535.71,436.596
5555.61,432.405
5575.52,428.214
5595.42,424.043
5615.32,420.146
5635.23,416.248
5655.13,412.35
5675.04,408.452
5694.94,404.555
5714.84,400.821
5734.75,397.201
5754.65,393.58
5774.55,389.959
5794.46,386.338
5814.36,382.717
5834.27,379.311
5854.17,375.911
5874.07,372.513
5893.98,369.114
5913.88,365.714
5933.79,362.385
5953.69,359.226
5973.59,356.067
5993.5,352.908
6013.4,349.775
6033.31,346.654
6053.21,343.608
6073.11,340.651
6093.02,337.694
6112.92,334.737
6132.83,331.78
6152.73,328.822
6172.63,325.955
6192.54,323.184
6212.44,320.412
6232.35,317.64
6252.25,314.869
6272.15,312.097
6292.06,309.42
6311.96,306.855
6331.87,304.291
6351.77,301.727
6371.67,299.162
6391.58,296.598
6411.48,294.082
6431.39,291.696
6451.29,289.31
6471.19,286.924
6491.1,284.538
6511,282.152
6530.91,279.766
6550.81,277.552
6570.71,275.339
6590.62,273.127
6610.52,270.914
6630.43,268.701
6650.33,266.488
6670.23,264.35
6690.14,262.271
6710.04,260.191
6729.95,258.111
6749.85,256.032
6769.75,253.952
6789.66,251.877
6809.56,249.957
6829.47,248.038
6849.37,246.118
6869.27,244.198
6889.18,242.278
6909.08,240.358
6928.99,238.482
6948.89,236.686
6968.79,234.89
6988.7,233.093
7008.6,231.297
7028.51,229.501
7048.41,227.705
7068.31,225.984
7088.22,224.321
7108.12,222.657
7128.03,220.993
7147.93,219.329
7167.83,217.666
7187.74,216.002
7207.64,214.409
7227.55,212.857
7247.45,211.305
7267.35,209.752
7287.26,208.2
7307.16,206.648
7327.07,205.096
7346.97,203.605
7366.87,202.164
7386.78,200.724
7406.68,199.283
7426.59,197.843
7446.49,196.402
7466.39,194.962
7486.3,193.554
7506.2,192.202
7526.1,190.849
7546.01,189.497
7565.91,188.145
7585.82,186.793
7605.72,185.441
7625.63,184.092
7645.53,182.848
7665.43,181.603
7685.34,180.359
7705.24,179.114
7725.15,177.87
7745.05,176.625
7764.95,175.38
7784.86,174.179
7804.76,173.021
7824.67,171.864
7844.57,170.706
7864.47,169.549
7884.38,168.391
7904.28,167.234
7924.18,166.076
7944.09,164.953
7963.99,163.836
7983.9,162.719
8003.8,161.611
8023.7,160.538
8043.61,159.465
8063.51,158.392
8083.42,157.323
8103.32,156.305
8123.23,155.286
8143.13,154.267
8163.03,153.249
8182.94,152.23
8202.84,151.212
8222.74,150.193
8242.65,149.184
8262.55,148.238
8282.46,147.292
8302.36,146.346
8322.26,145.399
8342.17,144.453
8362.07,143.507
8381.98,142.56
8401.88,141.617
8421.78,140.741
8441.69,139.864
8461.59,138.987
8481.5,138.111
8501.4,137.234
8521.3,136.358
8541.21,135.481
8561.11,134.604
8581.02,133.771
8600.92,132.949
8620.82,132.127
8640.73,131.304
8660.63,130.482
8680.54,129.66
8700.44,128.837
8720.34,128.015
8740.25,127.216
8760.15,126.451
8780.06,125.685
8799.96,124.92
8819.86,124.155
8839.77,123.389
8859.67,122.624
8879.58,121.858
8899.48,121.093
8919.38,120.369
8939.29,119.653
8959.19,118.938
8979.1,118.223
8999,117.508
9018.9,116.792
9038.81,116.077
9058.71,115.362
9078.62,114.652
9098.52,114.001
9118.42,113.35
9138.33,112.699
9158.23,112.048
9178.14,111.397
9198.04,110.746
9217.94,110.095
9237.85,109.444
9257.75,108.798
9277.66,108.183
9297.56,107.568
9317.46,106.952
9337.37,106.337
9357.27,105.722
9377.17,105.107
9397.08,104.491
9416.98,103.876
9436.89,103.263
9456.79,102.69
9476.7,102.117
9496.6,101.545
9516.5,100.972
9536.41,100.4
9556.31,99.8272
9576.21,99.2546
9596.12,98.682
9616.02,98.1094
9635.93,97.5703
9655.83,97.0395
9675.74,96.5088
9695.64,95.9781
9715.54,95.4473
9735.45,94.9166
9755.35,94.3859
9775.25,93.8552
9795.16,93.3244
9815.06,92.8071
9834.97,92.3143
9854.87,91.8214
9874.77,91.3286
9894.68,90.8357
9914.58,90.3429
9934.49,89.85
9954.39,89.3572
9974.29,88.8643
9994.2,88.3714
10014.1,87.9055
10034,87.4506
10053.9,86.9957
10073.8,86.5408
10093.7,86.0859
10113.6,85.631
10133.5,85.1761
10153.4,84.7212
10173.3,84.2663
10193.2,83.8114
10213.1,83.3571
10233,82.9031
10253,82.4491
10272.9,81.9951
10292.8,81.5411
10312.7,81.0871
10332.6,80.6331
10352.5,80.1791
10372.4,79.7251
10392.3,79.2786
10412.2,78.8904
10432.1,78.5021
10452,78.1138
10471.9,77.7255
10491.8,77.3372
10511.7,76.949
10531.6,76.5607
10551.5,76.1724
10571.4,75.7841
10591.3,75.3959
10611.2,75.0185
10631.1,74.6497
10651,74.2808
10670.9,73.9119
10690.8,73.543
10710.7,73.1742
10730.6,72.8053
10750.5,72.4365
10770.5,72.0676
10790.4,71.6987
10810.3,71.3301
10830.2,70.9807
10850.1,70.6312
10870,70.2818
10889.9,69.9323
10909.8,69.5829
10929.7,69.2334
10949.6,68.884
10969.5,68.5345
10989.4,68.1851
11009.3,67.8356
11029.2,67.4947
11049.1,67.1636
11069,66.8326
11088.9,66.5015
11108.8,66.1704
11128.7,65.8394
11148.6,65.5083
11168.5,65.1772
11188.4,64.8462
11208.3,64.5151
11228.2,64.1841
11248.1,63.8819
11268.1,63.5824
11288,63.283
11307.9,62.9836
11327.8,62.6841
11347.7,62.3847
11367.6,62.0853
11387.5,61.7858
11407.4,61.4864
11427.3,61.187
11447.2,60.8876
11467.1,60.6121
11487,60.3406
11506.9,60.0692
11526.8,59.7977
11546.7,59.5262
11566.6,59.2547
11586.5,58.9832
11606.4,58.7117
11626.3,58.4403
11646.2,58.1688
11666.1,57.8973
11686,57.6265
11705.9,57.3573
11725.8,57.0881
11745.7,56.8189
11765.7,56.5497
11785.6,56.2805
11805.5,56.0113
11825.4,55.7421
11845.3,55.4729
11865.2,55.2037
11885.1,54.9345
11905,54.6743
11924.9,54.441
11944.8,54.2076
11964.7,53.9743
11984.6,53.7409
12004.5,53.5076
12024.4,53.2742
12044.3,53.0409
12064.2,52.8075
12084.1,52.5742
12104,52.3408
12123.9,52.1075
12143.8,51.8745
12163.7,51.6431
12183.6,51.4118
12203.5,51.1804
12223.4,50.949
12243.3,50.7177
12263.3,50.4863
12283.2,50.2549
12303.1,50.0236
12323,49.7922
12342.9,49.5608
12362.8,49.3294
12382.7,49.1175
12402.6,48.9167
12422.5,48.7158
12442.4,48.515
12462.3,48.3142
12482.2,48.1133
12502.1,47.9125
12522,47.7116
12541.9,47.5108
12561.8,47.3099
12581.7,47.1091
12601.6,46.9082
12621.5,46.7075
12641.4,46.5081
12661.3,46.3088
12681.2,46.1094
12701.1,45.91
12721,45.7106
12740.9,45.5113
12760.9,45.3119
12780.8,45.1125
12800.7,44.9131
12820.6,44.7138
12840.5,44.5144
12860.4,44.3153
12880.3,44.1343
12900.2,43.9531
12920.1,43.772
12940,43.5909
12959.9,43.4098
12979.8,43.2287
12999.7,43.0476
13019.6,42.8665
13039.5,42.6854
13059.4,42.5043
13079.3,42.3232
13099.2,42.1421
13119.1,41.9684
13139,41.8033
13158.9,41.6383
13178.8,41.4732
13198.7,41.3082
13218.6,41.1431
13238.5,40.978
13258.5,40.813
13278.4,40.6479
13298.3,40.4829
13318.2,40.3178
13338.1,40.1527
13358,39.9877
13377.9,39.8262
13397.8,39.6702
13417.7,39.5143
13437.6,39.3583
13457.5,39.2023
13477.4,39.0463
13497.3,38.8903
13517.2,38.7344
13537.1,38.5784
13557,38.4224
13576.9,38.2664
13596.8,38.1104
13616.7,37.9545
13636.6,37.8028
13656.5,37.6597
13676.4,37.5167
13696.3,37.3736
13716.2,37.2306
13736.1,37.0875
13756.1,36.9445
13776,36.8014
13795.9,36.6584
13815.8,36.5153
13835.7,36.3723
13855.6,36.2292
13875.5,36.0862
13895.4,35.9431
13915.3,35.8062
13935.2,35.6711
13955.1,35.536
13975,35.4009
13994.9,35.2658
14014.8,35.1307
14034.7,34.9956
14054.6,34.8605
14074.5,34.7254
14094.4,34.5903
14114.3,34.4552
14134.2,34.32
14154.1,34.185
14174,34.0521
14193.9,33.9279
14213.8,33.8038
14233.7,33.6796
14253.7,33.5555
14273.6,33.4313
14293.5,33.3072
14313.4,33.183
14333.3,33.0589
14353.2,32.9347
14373.1,32.8106
14393,32.6865
14412.9,32.5623
14432.8,32.4382
14452.7,32.3149
14472.6,32.1977
14492.5,32.0804
14512.4,31.9632
14532.3,31.8459
14552.2,31.7287
14572.1,31.6114
14592,31.4942
14611.9,31.3769
14631.8,31.2597
14651.7,31.1424
14671.6,31.0252
14691.5,30.9079
14711.4,30.7907
14731.3,30.6741
14751.3,30.566
14771.2,30.4579
14791.1,30.3498
14811,30.2417
14830.9,30.1336
14850.8,30.0256
14870.7,29.9175
14890.6,29.8094
14910.5,29.7013
14930.4,29.5932
14950.3,29.4852
14970.2,29.3771
14990.1,29.269
15010,29.1667
15029.9,29.0666
15049.8,28.9629
15069.7,28.8592
15089.6,28.7554
15109.5,28.6517
15129.4,28.548
15149.3,28.4443
15169.2,28.3406
15189.1,28.2369
15209,184.631
15228.9,184.001
15248.8,183.372
15268.8,182.742
15288.7,182.112
15308.6,181.482
15328.5,180.905
15348.4,180.333
15368.3,179.761
15388.2,179.189
15408.1,178.617
15428,178.044
15447.9,177.472
15467.8,176.9
15487.7,176.328
15507.6,175.756
15527.5,175.183
15547.4,174.611
15567.3,174.039
15587.2,173.467
15607.1,172.895
15627,172.356
15646.9,171.823
15666.8,171.29
15686.7,170.757
15706.6,170.224
15726.5,169.691
15746.5,169.158
15766.4,168.625
15786.3,168.092
15806.2,167.559
15826.1,167.026
15846,166.493
15865.9,165.96
15885.8,165.427
15905.7,164.894
15925.6,164.367
15945.5,163.855
15965.4,163.343
15985.3,162.83
16005.2,162.318
16025.1,161.806
16045,161.294
16064.9,160.782
16084.8,160.269
16104.7,159.757
16124.6,159.245
16144.5,158.733
16164.4,158.221
16184.3,157.708
16204.2,157.196
16224.1,156.684
16244,156.196
16264,155.719
16283.9,155.241
16303.8,154.763
16323.7,154.286
16343.6,153.808
16363.5,153.33
16383.4,152.853
16403.3,152.375
16423.2,151.898
16443.1,151.42
16463,150.942
16482.9,150.465
16502.8,149.987
16522.7,149.51
16542.6,149.038
16562.5,148.602
16582.4,148.166
16602.3,147.731
16622.2,147.295
16642.1,146.859
16662,146.424
16681.9,145.988
16701.8,145.552
16721.7,145.117
16741.6,144.681
16761.6,144.245
16781.5,143.81
16801.4,143.374
16821.3,142.938
16841.2,142.503
16861.1,142.067
16881,141.646
16900.9,141.236
16920.8,140.826
16940.7,140.417
16960.6,140.007
16980.5,139.598
17000.4,139.188
17020.3,138.778
17040.2,138.369
17060.1,137.959
17080,137.549
17099.9,137.14
17119.8,136.73
17139.7,136.32
17159.6,135.911
17179.5,135.501
17199.4,135.091
17219.3,134.694
17239.2,134.298
17259.2,133.901
17279.1,133.505
17299,133.108
17318.9,132.711
17338.8,132.315
17358.7,131.918
17378.6,131.521
17398.5,131.125
17418.4,130.728
17438.3,130.331
17458.2,129.935
17478.1,129.538
17498,129.142
17517.9,128.745
17537.8,128.364
17557.7,128.009
17577.6,127.653
17597.5,127.298
17617.4,126.942
17637.3,126.586
17657.2,126.231
17677.1,125.875
17697,125.52
17716.9,125.164
17736.8,124.809
17756.8,124.453
17776.7,124.097
17796.6,123.742
17816.5,123.386
17836.4,123.031
17856.3,122.675
17876.2,122.319
17896.1,121.979
17916,121.642
17935.9,121.304
17955.8,120.967
17975.7,120.63
17995.6,120.293
18015.5,119.956
18035.4,119.618
18055.3,119.281
18075.2,118.944
18095.1,118.607
18115,118.27
18134.9,117.932
18154.8,117.595
18174.7,117.258
18194.6,116.921
18214.5,116.584
18234.4,116.251
18254.3,115.932
18274.3,115.613
18294.2,115.294
18314.1,114.975
18334,114.657
18353.9,114.338
18373.8,114.019
18393.7,113.7
18413.6,113.381
18433.5,113.063
18453.4,112.744
18473.3,112.425
18493.2,112.106
18513.1,111.787
18533,111.469
18552.9,111.15
18572.8,110.831
18592.7,110.53
18612.6,110.24
18632.5,109.949
18652.4,109.659
18672.3,109.368
18692.2,109.078
18712.1,108.787
18732,108.496
18752,108.206
18771.9,107.915
18791.8,107.625
18811.7,107.334
18831.6,107.044
18851.5,106.753
18871.4,106.463
18891.3,106.172
18911.2,105.882
18931.1,105.591
18951,105.301
18970.9,105.024
18990.8,104.747
19010.7,104.47
19030.6,104.192
19050.5,103.915
19070.4,103.638
19090.3,103.361
19110.2,103.083
19130.1,102.806
19150,102.529
19169.9,102.252
19189.8,101.975
19209.7,101.697
19229.6,101.42
19249.5,101.143
19269.5,100.866
19289.4,100.589
19309.3,100.311
19329.2,100.04
19349.1,99.7756
19369,99.5112
19388.9,99.2467
19408.8,98.9823
19428.7,98.7178
19448.6,98.4534
19468.5,98.1889
19488.4,97.9245
19508.3,97.66
19528.2,97.3955
19548.1,97.1311
19568,96.8667
19587.9,96.6022
19607.8,96.3378
19627.7,96.0733
19647.6,95.8089
19667.5,95.5444
19687.4,95.28
19707.3,95.0361
19727.2,94.7952
19747.2,94.5543
19767.1,94.3134
19787,94.0725
19806.9,93.8317
19826.8,93.5908
19846.7,93.3499
19866.6,93.109
19886.5,92.8681
19906.4,92.6273
19926.3,92.3864
19946.2,92.1455
19966.1,91.9046
19986,91.6638
20005.9,91.4251
20025.8,91.1918
20045.7,90.9584
20065.6,90.7251
20085.5,90.493
20105.4,90.2641
20125.3,90.0352
20145.2,89.8063
20165.1,89.5774
20185,89.3485
20204.9,89.1197
20224.8,88.8908
20244.7,88.6619
20264.7,88.433
20284.6,88.2042
20304.5,87.9753
20324.4,87.7464
20344.3,87.5175
20364.2,87.2886
20384.1,87.0598
20404,86.8309
20423.9,86.602
20443.8,86.3731
20463.7,86.1442
20483.6,85.9266
20503.5,85.7142
20523.4,85.5017
20543.3,85.2893
20563.2,85.0769
20583.1,84.8644
20603,84.652
20622.9,84.4396
20642.8,84.2272
20662.7,84.0147
20682.6,83.8023
20702.5,83.5899
20722.4,83.3774
20742.3,83.165
20762.3,82.9526
20782.2,82.7401
20802.1,82.5277
20822,82.3153
20841.9,82.1028
20861.8,81.8904
20881.7,81.6865
20901.6,81.4887
20921.5,81.2909
20941.4,81.0931
20961.3,80.8952
20981.2,80.6974
21001.1,80.4996
21021,80.3018
21040.9,80.1039
21060.8,79.9061
21080.7,79.7083
21100.6,79.5104
21120.5,79.3126
21140.4,79.1148
21160.3,78.917
21180.2,78.7191
21200.1,78.5213
21220,78.3235
21239.9,78.1257
21259.9,77.9278
21279.8,77.73
21299.7,77.5454
21319.6,77.361
21339.5,77.1765
21359.4,76.9921
21379.3,76.8077
21399.2,76.6232
21419.1,76.4388
21439,76.2544
21458.9,76.0699
21478.8,75.8855
21498.7,75.7011
21518.6,75.5166
21538.5,75.3322
21558.4,75.1478
21578.3,74.9633
21598.2,74.7789
21618.1,74.5945
21638,74.4101
21657.9,74.2256
21677.8,74.0412
21697.7,73.8568
21717.6,73.6805
21737.5,73.5052
21757.5,73.33
21777.4,73.1548
21797.3,72.9795
21817.2,72.8043
21837.1,72.629
21857,72.4538
21876.9,72.2786
21896.8,72.1033
21916.7,71.9281
21936.6,71.7529
21956.5,71.5776
21976.4,71.4024
21996.3,71.2272
22016.2,71.0519
22036.1,70.8767
22056,70.7014
22075.9,70.5262
22095.8,70.351
22115.7,70.1757
22135.6,70.01
22155.5,69.8468
22175.4,69.6836
22195.3,69.5204
22215.2,69.3573
22235.1,69.1941
22255.1,69.0309
22275,68.8677
22294.9,68.7046
22314.8,68.5414
22334.7,68.3782
22354.6,68.215
22374.5,68.0518
22394.4,67.8887
22414.3,67.7255
22434.2,67.5623
22454.1,67.3991
22474,67.236
22493.9,67.0728
22513.8,66.9096
22533.7,66.7464
22553.6,66.5853
22573.5,66.4331
22593.4,66.281
22613.3,66.1288
22633.2,65.9766
22653.1,65.8245
22673,65.6723
22692.9,65.5202
22712.8,65.368
22732.7,65.2159
22752.7,65.0637
22772.6,64.9116
22792.5,64.7594
22812.4,64.6073
22832.3,64.4551
22852.2,64.303
22872.1,64.1508
22892,63.9986
22911.9,63.8465
22931.8,63.6943
22951.7,63.5422
22971.6,63.39
22991.5,63.2387
23011.4,63.0971
23031.3,62.9554
23051.2,62.8138
23071.1,62.6722
23091,62.5306
23110.9,62.389
23130.8,62.2473
23150.7,62.1057
23170.6,61.9641
23190.5,61.8225
23210.4,61.6809
23230.3,61.5392
23250.3,61.3976
23270.2,61.256
23290.1,61.1144
23310,60.9728
23329.9,60.8311
23349.8,60.6895
23369.7,60.5479
23389.6,60.4063
23409.5,60.2647
23429.4,60.123
23449.3,59.9861
23469.2,59.8546
23489.1,59.723
23509,59.5915
23528.9,59.4599
23548.8,59.3284
23568.7,59.1969
23588.6,59.0653
23608.5,58.9338
23628.4,58.8022
23648.3,58.6707
23668.2,58.5391
23688.1,58.4076
23708,58.276
23727.9,58.1445
23747.8,58.013
23767.8,57.8814
23787.7,57.7499
23807.6,57.6183
23827.5,57.4868
23847.4,57.3552
23867.3,57.2237
23887.2,57.0922
23907.1,56.9637
23927,56.8409
23946.9,56.7181
23966.8,56.5953
23986.7,56.4725
24006.6,56.3497
24026.5,56.2269
24046.4,56.104
24066.3,55.9812
24086.2,55.8584
24106.1,55.7356
24126,55.6128
24145.9,55.49
24165.8,55.3672
24185.7,55.2444
24205.6,55.1216
24225.5,54.9988
24245.4,54.8759
24265.4,54.7531
24285.3,54.6303
24305.2,54.5075
24325.1,54.3847
24345,54.2619
24364.9,54.1391
24384.8,54.0225
24404.7,53.908
24424.6,53.7936
24444.5,53.6792
24464.4,53.5647
24484.3,53.4503
24504.2,53.3358
24524.1,53.2214
24544,53.107
24563.9,52.9925
24583.8,52.8781
24603.7,52.7636
24623.6,52.6492
24643.5,52.5348
24663.4,52.4203
24683.3,52.3059
24703.2,52.1914
24723.1,52.077
24743,51.9626
24763,51.8481
24782.9,51.7337
24802.8,51.6192
24822.7,51.5048
24842.6,51.3904
24862.5,51.2796
24882.4,51.1709
24902.3,51.0623
24922.2,50.9537
24942.1,50.8451
24962,50.7364
24981.9,50.6278
25001.8,50.5192
25021.7,50.4105
25041.6,50.3019
25061.5,50.1933
25081.4,50.0846
25101.3,49.976
25121.2,49.8674
25141.1,49.7588
25161,49.6501
25180.9,49.5415
25200.8,49.4329
25220.7,49.3242
25240.6,49.2156
25260.6,49.107
25280.5,48.9984
25300.4,48.8897
25320.3,48.7811
25340.2,48.6773
25360.1,48.5782
25380,48.479
25399.9,48.3799
25419.8,48.2808
25439.7,48.1816
25459.6,48.0825
25479.5,47.9834
25499.4,47.8843
25519.3,47.7851
25539.2,47.686
25559.1,47.5869
25579,47.4877
25598.9,47.3886
25618.8,47.2894
25638.7,47.1903
25658.6,47.0912
25678.5,46.9921
25698.4,46.8929
25718.3,46.7938
25738.2,46.6946
25758.2,46.5955
25778.1,46.4964
25798,46.3972
25817.9,46.2981
25837.8,46.2008
25857.7,46.1064
25877.6,46.012
25897.5,45.9176
25917.4,45.8232
25937.3,45.7288
25957.2,45.6343
25977.1,45.5399
25997,45.4455
26016.9,45.3511
26036.8,45.2567
26056.7,45.1623
26076.6,45.0679
26096.5,44.9735
26116.4,44.879
26136.3,44.7846
26156.2,44.6902
26176.1,44.5958
26196,44.5014
26215.9,44.407
26235.8,44.3126
26255.8,44.2182
26275.7,44.1237
26295.6,44.0293
26315.5,43.9349
26335.4,43.8427
26355.3,43.7565
26375.2,43.6702
26395.1,43.584
26415,43.4977
26434.9,43.4115
26454.8,43.3252
26474.7,43.239
26494.6,43.1527
26514.5,43.0665
26534.4,42.9803
26554.3,42.894
26574.2,42.8078
26594.1,42.7215
26614,42.6353
26633.9,42.5491
26653.8,42.4628
26673.7,42.3766
26693.6,42.2903
26713.5,42.2041
26733.4,42.1178
26753.4,42.0316
26773.3,41.9454
26793.2,41.8591
26813.1,41.7729
26833,41.6866
26852.9,41.601
26872.8,41.5193
26892.7,41.4376
26912.6,41.3559
26932.5,41.2742
26952.4,41.1925
26972.3,41.1108
26992.2,41.0291
27012.1,40.9474
27032,40.8657
27051.9,40.784
27071.8,40.7023
27091.7,40.6206
27111.6,40.5389
27131.5,40.4572
27151.4,40.3755
27171.3,40.2938
27191.2,40.2121
27211.1,40.1304
27231,40.0487
27251,39.967
27270.9,39.8853
27290.8,39.8036
27310.7,39.7219
27330.6,39.6402
27350.5,39.5584
27370.4,39.4769
27390.3,39.4022
27410.2,39.3275
27430.1,39.2528
27450,39.1781
27469.9,39.1034
27489.8,39.0287
27509.7,38.9539
27529.6,38.8792
27549.5,38.8045
27569.4,38.7298
27589.3,38.6551
27609.2,38.5804
27629.1,38.5057
27649,38.431
27668.9,38.3563
27688.8,38.2816
27708.7,38.2069
27728.6,38.1322
27748.5,38.0575
27768.5,37.9828
27788.4,37.9081
27808.3,37.8334
27828.2,37.7587
27848.1,37.684
27868,37.6093
27887.9,37.5346
27907.8,37.4599
27927.7,37.3883
27947.6,37.3172
27967.5,37.2461
27987.4,37.175
28007.3,37.1038
28027.2,37.0327
28047.1,36.9616
28067,36.8904
28086.9,36.8193
28106.8,36.7482
28126.7,36.6771
28146.6,36.6059
28166.5,36.5348
28186.4,36.4637
28206.3,36.3925
28226.2,36.3214
28246.1,36.2503
28266.1,36.1792
28286,36.108
28305.9,36.0369
28325.8,35.9658
28345.7,35.8947
28365.6,35.8235
28385.5,35.7524
28405.4,35.6813
28425.3,35.6101
28445.2,35.539
28465.1,35.4724
28485,35.4073
28504.9,35.3422
28524.8,35.277
28544.7,35.2119
28564.6,35.1467
28584.5,35.0816
28604.4,35.0165
28624.3,34.9513
28644.2,34.8862
28664.1,34.821
28684,34.7559
28703.9,34.6908
28723.8,34.6256
28743.8,34.5605
28763.7,34.4953
28783.6,34.4302
28803.5,34.3651
28823.4,34.2999
28843.3,34.2348
28863.2,34.1697
28883.1,34.1045
28903,34.0394
28922.9,33.9742
28942.8,33.9091
28962.7,33.844
28982.6,33.7788
29002.5,33.7137
29022.4,33.6514
29042.3,33.5908
29062.2,33.5302
29082.1,33.4695
29102,33.4089
29121.9,33.3483
29141.8,33.2877
29161.7,33.2271
29181.6,33.1665
29201.5,33.1059
29221.4,33.0453
29241.3,32.9847
29261.3,32.9241
29281.2,32.8635
29301.1,32.8028
29321,32.7422
29340.9,32.6816
29360.8,32.621
29380.7,32.5604
29400.6,32.4998
29420.5,32.4392
29440.4,32.3786
29460.3,32.318
29480.2,32.2574
29500.1,32.1968
29520,32.1362
29539.9,32.0756
29559.8,32.0149
29579.7,31.9543
29599.6,31.8961
29619.5,31.8378
29639.4,31.7796
29659.3,31.7213
29679.2,31.6631
29699.1,31.6049
29719,31.5466
29738.9,31.4884
29758.8,31.4301
29778.8,31.3719
29798.7,31.3136
29818.6,31.2554
29838.5,31.1972
29858.4,31.1389
29878.3,31.0807
29898.2,31.0224
29918.1,30.9642
29938,30.906
29957.9,30.8477
29977.8,30.7895
29997.7,30.7312
30017.6,30.6752
30037.5,30.6194
30057.4,30.5636
30077.3,30.5078
30097.2,30.452
30117.1,30.3962
30137,30.3404
30156.9,30.2857
30176.8,30.233
30196.7,30.1802
30216.6,30.1275
30236.5,30.0747
30256.5,30.022
30276.4,29.9693
30296.3,29.9165
30316.2,29.8638
30336.1,29.8111
30356,29.7583
30375.9,29.7056
30395.8,29.6529
30415.7,29.6001
30435.6,29.5474
30455.5,29.4947
30475.4,29.4419
30495.3,29.3892
30515.2,29.3365
30535.1,29.2837
30555,29.231
30574.9,29.1783
30594.8,29.1255
30614.7,29.0728
30634.6,29.0201
30654.5,28.9673
30674.4,28.9146
30694.3,28.8619
30714.2,28.8091
30734.1,28.7564
30754.1,28.706
30774,28.6567
30793.9,28.6073
30813.8,28.558
30833.7,28.5086
30853.6,28.4593
30873.5,28.4099
30893.4,28.3606
30913.3,28.3112
30933.2,28.2619
30953.1,28.2125
30973,28.1632
30992.9,28.1138
31012.8,28.0645
31032.7,28.0151
31052.6,27.9658
31072.5,27.9164
31092.4,27.867
31112.3,27.8177
31132.2,27.7683
31152.1,27.719
31172,27.6696
31191.9,27.6203
31211.8,27.5709
31231.7,27.5216
31251.7,27.4722
31271.6,27.4229
31291.5,27.3735
31311.4,27.3242
31331.3,27.2748
31351.2,27.2277
31371.1,27.1824
31391,27.137
31410.9,27.0917
31430.8,27.0464
31450.7,27.001
31470.6,26.9557
31490.5,26.9104
31510.4,26.865
31530.3,26.8197
31550.2,26.7743
31570.1,26.729
31590,26.6837
31609.9,26.6383
31629.8,26.593
31649.7,26.5477
31669.6,26.5023
31689.5,26.457
31709.4,26.4116
31729.3,26.3663
31749.2,26.321
31769.2,26.2756
31789.1,26.2303
31809,26.185
31828.9,26.1396
31848.8,26.0943
31868.7,26.0489
31888.6,26.0036
31908.5,25.9583
31928.4,25.9129
31948.3,25.8676
31968.2,25.8232
31988.1,25.7803
32008,25.7374
32027.9,25.6945
32047.8,25.6516
32067.7,25.6087
32087.6,25.5658
32107.5,25.5228
32127.4,25.4799
32147.3,25.437
32167.2,25.3941
32187.1,25.3512
32207,25.3083
32226.9,25.2654
32246.8,25.2224
32266.8,25.1795
32286.7,25.1366
32306.6,25.0937
32326.5,25.0508
32346.4,25.0079
32366.3,24.965
32386.2,24.922
32406.1,24.8791
32426,24.8362
32445.9,24.7933
32465.8,24.7504
32485.7,24.7075
32505.6,24.6645
32525.5,24.6216
32545.4,24.5787
32565.3,24.5358
32585.2,24.4938
32605.1,24.4542
32625,24.4146
32644.9,24.3751
32664.8,24.3355
32684.7,24.2959
32704.6,24.2564
32724.5,24.2168
32744.4,24.1773
32764.4,24.1377
32784.3,24.0981
32804.2,24.0586
32824.1,24.019
32844,23.9795
32863.9,23.9399
32883.8,23.9003
32903.7,23.8608
32923.6,23.8212
32943.5,23.7816
32963.4,23.7421
32983.3,23.7025
33003.2,23.6629
33023.1,23.6234
33043,23.5838
33062.9,23.5443
33082.8,23.5047
33102.7,23.4651
33122.6,23.4256
33142.5,23.386
33162.4,23.3465
33182.3,23.3069
33202.2,23.2673
33222.1,23.2281
33242,23.1914
33262,23.1548
33281.9,23.1182
33301.8,23.0815
33321.7,23.0449
33341.6,23.0082
33361.5,22.9716
33381.4,22.9349
33401.3,22.8983
33421.2,22.8616
33441.1,22.825
33461,22.7884
33480.9,22.7517
33500.8,22.7151
33520.7,22.6784
33540.6,22.6418
33560.5,22.6052
33580.4,22.5685
33600.3,22.5319
33620.2,22.4952
33640.1,22.4586
33660,22.4219
33679.9,22.3853
33699.8,22.3487
33719.7,22.312
33739.6,22.2754
33759.6,22.2387
33779.5,22.2021
33799.4,22.1654
33819.3,22.1288
33839.2,22.0922
33859.1,22.0555
33879,22.0198
33898.9,21.9854
33918.8,21.9509
33938.7,21.9165
33958.6,21.882
33978.5,21.8475
33998.4,21.8131
34018.3,21.7786
34038.2,21.7442
34058.1,21.7097
34078,21.6752
34097.9,21.6408
34117.8,21.6063
34137.7,21.5718
34157.6,21.5374
34177.5,21.5029
34197.4,21.4685
34217.3,21.434
34237.2,21.3995
34257.2,21.3651
34277.1,21.3306
34297,21.2961
34316.9,21.2617
34336.8,21.2272
34356.7,21.1928
34376.6,21.1583
34396.5,21.1238
34416.4,21.0894
34436.3,21.0549
34456.2,21.0204
34476.1,20.986
34496,20.9515
34515.9,20.9171
34535.8,20.8835
34555.7,20.8519
34575.6,20.8203
34595.5,20.7888
34615.4,20.7572
34635.3,20.7257
34655.2,20.6941
34675.1,20.6626
34695,20.631
34714.9,20.5995
34734.8,20.5679
34754.8,20.5363
34774.7,20.5048
34794.6,20.4732
34814.5,20.4417
34834.4,20.4101
34854.3,20.3786
34874.2,20.347
34894.1,20.3155
34914,20.2839
34933.9,20.2523
34953.8,20.2208
34973.7,20.1892
34993.6,20.1577
35013.5,20.1261
35033.4,20.0946
35053.3,20.063
35073.2,20.0315
35093.1,19.9999
35113,19.9683
35132.9,19.9368
35152.8,19.9052
35172.7,19.8737
35192.6,19.8421
35212.5,19.8107
35232.4,19.7804
35252.4,19.7501
35272.3,19.7199
35292.2,19.6896
35312.1,19.6593
35332,19.629
35351.9,19.5987
35371.8,19.5684
35391.7,19.5381
35411.6,19.5078
35431.5,19.4775
35451.4,19.4472
35471.3,19.4169
35491.2,19.3866
35511.1,19.3563
35531,19.326
35550.9,19.2958
35570.8,19.2655
35590.7,19.2352
35610.6,19.2049
35630.5,19.1746
35650.4,19.1443
35670.3,19.114
35690.2,19.0837
35710.1,19.0534
35730,19.0231
35749.9,18.9928
35769.9,18.9625
35789.8,18.9322
35809.7,18.9019
35829.6,18.8717
35849.5,18.8414
35869.4,18.8111
35889.3,18.7808
35909.2,18.7535
35929.1,18.7263
35949,18.6991
35968.9,18.6719
35988.8,18.6447
36008.7,18.6175
36028.6,18.5903
36048.5,18.5631
36068.4,18.5359
36088.3,18.5087
36108.2,18.4815
36128.1,18.4543
36148,18.4271
36167.9,18.3999
36187.8,18.3727
36207.7,18.3455
36227.6,18.3183
36247.6,18.2911
36267.5,18.2639
36287.4,18.2367
36307.3,18.2095
36327.2,18.1823
36347.1,18.1551
36367,18.1279
36386.9,18.1007
36406.8,18.0735
36426.7,18.0463
36446.6,18.0191
36466.5,17.9919
36486.4,17.9647
36506.3,17.9375
36526.2,17.9103
36546.1,17.8831
36566,17.8559
36585.9,17.8287
36605.8,17.8018
36625.7,17.7758
36645.6,17.7498
36665.5,17.7238
36685.4,17.6979
36705.3,17.6719
36725.2,17.6459
36745.1,17.6199
36765.1,17.5939
36785,17.5679
36804.9,17.5419
36824.8,17.5159
36844.7,17.4899
36864.6,17.4639
36884.5,17.438
36904.4,17.412
36924.3,17.386
36944.2,17.36
36964.1,17.334
36984,17.308
37003.9,17.282
37023.8,17.256
37043.7,17.23
37063.6,17.204
37083.5,17.178
37103.4,17.1521
37123.3,17.1261
37143.2,17.1001
37163.1,17.0741
37183,17.0481
37202.9,17.0221
37222.8,16.9961
37242.7,16.9701
37262.7,16.9441
37282.6,16.9181
37302.5,16.8921
37322.4,16.8675
37342.3,16.8437
37362.2,16.8199
37382.1,16.7961
37402,16.7723
37421.9,16.7485
37441.8,16.7247
37461.7,16.7008
37481.6,16.677
37501.5,16.6532
37521.4,16.6294
37541.3,16.6056
37561.2,16.5818
37581.1,16.558
37601,16.5342
37620.9,16.5104
37640.8,16.4866
37660.7,16.4628
37680.6,16.439
37700.5,16.4151
37720.4,16.3913
37740.3,16.3675
37760.3,16.3437
37780.2,16.3199
37800.1,16.2961
37820,16.2723
37839.9,16.2485
37859.8,16.2247
37879.7,16.2009
37899.6,16.177
37919.5,16.1532
37939.4,16.1294
37959.3,16.1056
37979.2,16.0818
37999.1,16.058
38019,16.0342
38038.9,16.0104
38058.8,15.9883
38078.7,15.9662
38098.6,15.9442
38118.5,15.9222
38138.4,15.9001
38158.3,15.8781
38178.2,15.8561
38198.1,15.8341
38218,15.812
38237.9,15.79
38257.9,15.768
38277.8,15.7459
38297.7,15.7239
38317.6,15.7019
38337.5,15.6798
38357.4,15.6578
38377.3,15.6358
38397.2,15.6138
38417.1,15.5917
38437,15.5697
38456.9,15.5477
38476.8,15.5256
38496.7,15.5036
38516.6,15.4816
38536.5,15.4595
38556.4,15.4375
38576.3,15.4155
38596.2,15.3935
38616.1,15.3714
38636,15.3494
38655.9,15.3274
38675.8,15.3053
38695.7,15.2833
38715.6,15.2613
38735.5,15.2392
38755.5,15.2172
38775.4,15.1952
38795.3,15.1734
38815.2,15.1522
38835.1,15.131
38855,15.1099
38874.9,15.0887
38894.8,15.0675
38914.7,15.0464
38934.6,15.0252
38954.5,15.004
38974.4,14.9828
38994.3,14.9617
39014.2,14.9405
39034.1,14.9193
39054,14.8982
39073.9,14.877
39093.8,14.8558
39113.7,14.8346
39133.6,14.8135
39153.5,14.7923
39173.4,14.7711
39193.3,14.75
39213.2,14.7288
39233.1,14.7076
39253.1,14.6864
39273,14.6653
39292.9,14.6441
39312.8,14.6229
39332.7,14.6018
39352.6,14.5806
39372.5,14.5594
39392.4,14.5382
39412.3,14.5171
39432.2,14.4959
39452.1,14.4747
39472,14.4536
39491.9,14.4324
39511.8,14.4112
39531.7,14.39
39551.6,14.3701
39571.5,14.3509
39591.4,14.3318
39611.3,14.3127
39631.2,14.2936
39651.1,14.2744
39671,14.2553
39690.9,14.2362
39710.8,14.2171
39730.7,14.1979
39750.6,14.1788
39770.6,14.1597
39790.5,14.1406
39810.4,14.1214
39830.3,14.1023
39850.2,14.0832
39870.1,14.0641
39890,14.0449
39909.9,14.0258
39929.8,14.0067
39949.7,13.9876
39969.6,13.9684
39989.5,13.9493
40009.4,13.9303
40029.3,13.9116
40049.2,13.8928
40069.1,13.874
40089,13.8552
40108.9,13.8365
40128.8,13.8177
40148.7,13.7989
40168.6,13.7801
40188.5,13.7614
40208.4,13.7426
40228.3,13.7238
40248.3,13.705
40268.2,13.6863
40288.1,13.6675
40308,13.6487
40327.9,13.6303
40347.8,13.6124
40367.7,13.5944
40387.6,13.5765
40407.5,13.5586
40427.4,13.5406
40447.3,13.5227
40467.2,13.5048
40487.1,13.4869
40507,13.4689
40526.9,13.451
40546.8,13.4331
40566.7,13.4152
40586.6,13.3972
40606.5,13.3793
40626.4,13.3614
40646.3,13.3435
40666.2,13.3255
40686.1,13.3076
40706,13.2897
40725.9,13.2717
40745.9,13.2538
40765.8,13.2359
40785.7,13.218
40805.6,13.2
40825.5,13.1821
40845.4,13.1642
40865.3,13.1463
40885.2,13.1283
40905.1,13.1104
40925,13.0925
40944.9,13.0746
40964.8,13.0566
40984.7,13.0387
41004.6,13.0208
41024.5,13.0028
41044.4,12.9849
41064.3,12.967
41084.2,12.9491
41104.1,12.9311
41124,12.9141
41143.9,12.8975
41163.8,12.8809
41183.7,12.8642
41203.6,12.8476
41223.5,12.831
41243.4,12.8144
41263.4,12.7977
41283.3,12.7811
41303.2,12.7645
41323.1,12.7478
41343,12.7312
41362.9,12.7146
41382.8,12.6979
41402.7,12.6813
41422.6,12.6647
41442.5,12.6481
41462.4,12.6314
41482.3,12.6148
41502.2,12.5982
41522.1,12.5815
41542,12.5649
41561.9,12.5483
41581.8,12.5316
41601.7,12.515
41621.6,12.4984
41641.5,12.4818
41661.4,12.4651
41681.3,12.4485
41701.2,12.4319
41721.1,12.4152
41741,12.3986
41760.9,12.382
41780.9,12.3654
41800.8,12.3487
41820.7,12.3321
41840.6,12.3155
41860.5,12.2988
41880.4,12.2822
41900.3,12.2656
41920.2,12.2496
41940.1,12.2341
41960,12.2187
41979.9,12.2032
41999.8,12.1878
42019.7,12.1724
42039.6,12.1569
42059.5,12.1415
42079.4,12.126
42099.3,12.1106
42119.2,12.0952
42139.1,12.0797
42159,12.0643
42178.9,12.0489
42198.8,12.0334
42218.7,12.018
42238.6,12.0025
42258.6,11.9871
42278.5,11.9717
42298.4,11.9562
42318.3,11.9408
42338.2,11.9253
42358.1,11.9099
42378,11.8945
42397.9,11.879
42417.8,11.8636
42437.7,11.8481
42457.6,11.8327
42477.5,11.8173
42497.4,11.8018
42517.3,11.7864
42537.2,11.7709
42557.1,11.7555
42577,11.7401
42596.9,11.7246
42616.8,11.7092
42636.7,11.6938
42656.6,11.6783
42676.5,11.6629
42696.4,11.6474
42716.3,11.632
42736.3,11.6168
42756.2,11.602
42776.1,11.5873
42796,11.5726
42815.9,11.5578
42835.8,11.5431
42855.7,11.5284
42875.6,11.5136
42895.5,11.4989
42915.4,11.4842
42935.3,11.4694
42955.2,11.4547
42975.1,11.4399
42995,11.4252
43014.9,11.4105
43034.8,11.3957
43054.7,11.381
43074.6,11.3663
43094.5,11.3515
43114.4,11.3368
43134.3,11.3221
43154.2,11.3073
43174.1,11.2926
43194,11.2779
43213.9,11.2631
43233.8,11.2484
43253.8,11.2336
43273.7,11.2189
43293.6,11.2042
43313.5,11.1894
43333.4,11.1747
43353.3,11.16
43373.2,11.1452
43393.1,11.1305
43413,11.1158
43432.9,11.101
43452.8,11.0863
43472.7,11.0716
43492.6,11.0568
43512.5,11.0421
43532.4,11.0273
43552.3,11.0126
43572.2,10.9988
43592.1,10.9857
43612,10.9725
43631.9,10.9593
43651.8,10.9461
43671.7,10.933
43691.6,10.9198
43711.5,10.9066
43731.4,10.8934
43751.3,10.8803
43771.3,10.8671
43791.2,10.8539
43811.1,10.8407
43831,10.8276
43850.9,10.8144
43870.8,10.8012
43890.7,10.788
43910.6,10.7749
43930.5,10.7617
43950.4,10.7485
43970.3,10.7354
43990.2,10.7222
44010.1,10.709
44030,10.6958
44049.9,10.6827
44069.8,10.6695
44089.7,10.6563
44109.6,10.6431
44129.5,10.63
44149.4,10.6168
44169.3,10.6036
44189.2,10.5904
44209.1,10.5773
44229,10.5641
44248.9,10.5509
44268.9,10.5377
44288.8,10.5246
44308.7,10.5114
44328.6,10.4982
44348.5,10.485
44368.4,10.4719
44388.3,10.4587
44408.2,10.4455
44428.1,10.4326
44448,10.42
44467.9,10.4074
44487.8,10.3949
44507.7,10.3823
44527.6,10.3697
44547.5,10.3571
44567.4,10.3446
44587.3,10.332
44607.2,10.3194
44627.1,10.3068
44647,10.2943
44666.9,10.2817
44686.8,10.2691
44706.7,10.2565
44726.6,10.244
44746.6,10.2314
44766.5,10.2188
44786.4,10.2062
44806.3,10.1937
44826.2,10.1811
44846.1,10.1685
44866,10.1559
44885.9,10.1434
44905.8,10.1308
44925.7,10.1182
44945.6,10.1056
44965.5,10.0931
44985.4,10.0805
45005.3,10.0679
45025.2,10.0553
45045.1,10.0428
45065,10.0302
45084.9,10.0176
45104.8,10.005
45124.7,9.99246
45144.6,9.97989
45164.5,9.96731
45184.4,9.95474
45204.3,9.94217
45224.2,9.92959
45244.1,9.91702
45264.1,9.90444
45284,9.89207
45303.9,9.88055
45323.8,9.86902
45343.7,9.8575
45363.6,9.84597
45383.5,9.83445
45403.4,9.82293
45423.3,9.8114
45443.2,9.79988
45463.1,9.78835
45483,9.77683
45502.9,9.76531
45522.8,9.75378
45542.7,9.74226
45562.6,9.73073
45582.5,9.71921
45602.4,9.70768
45622.3,9.69616
45642.2,9.68464
45662.1,9.67311
45682,9.66159
45701.9,9.65006
45721.8,9.63854
45741.7,9.62701
45761.7,9.61549
45781.6,9.60396
45801.5,9.59244
45821.4,9.58092
45841.3,9.56939
45861.2,9.55787
45881.1,9.54634
45901,9.53482
45920.9,9.52329
45940.8,9.51177
45960.7,9.50025
45980.6,9.48872
46000.5,9.4772
46020.4,9.46567
46040.3,9.45415
46060.2,9.44262
46080.1,9.4311
46100,9.41957
46119.9,9.40805
46139.8,9.39653
46159.7,9.385
46179.6,9.37381
46199.5,9.36299
46219.4,9.35217
46239.3,9.34134
46259.3,9.33052
46279.2,9.31969
46299.1,9.30887
46319,9.29805
46338.9,9.28722
46358.8,9.2764
46378.7,9.26557
46398.6,9.25475
46418.5,9.24393
46438.4,9.2331
46458.3,9.22228
46478.2,9.21145
46498.1,9.20063
46518,9.18981
46537.9,9.17898
46557.8,9.16816
46577.7,9.15733
46597.6,9.14651
46617.5,9.13568
46637.4,9.12486
46657.3,9.11404
46677.2,9.10321
46697.1,9.09239
46717,9.08156
46736.9,9.07074
46756.9,9.05992
46776.8,9.04909
46796.7,9.03827
46816.6,9.02744
46836.5,9.01662
46856.4,9.0058
46876.3,8.99497
46896.2,8.98415
46916.1,8.97332
46936,8.9625
46955.9,8.95167
46975.8,8.94085
46995.7,8.93003
47015.6,8.9192
47035.5,8.90838
47055.4,8.89755
47075.3,8.88695
47095.2,8.87694
47115.1,8.86694
47135,8.85693
47154.9,8.84693
47174.8,8.83692
47194.7,8.82691
47214.6,8.81691
47234.5,8.8069
47254.5,8.7969
47274.4,8.78689
47294.3,8.77689
47314.2,8.76688
47334.1,8.75687
47354,8.74687
47373.9,8.73686
47393.8,8.72686
47413.7,8.71685
47433.6,8.70684
47453.5,8.69684
47473.4,8.68683
47493.3,8.67683
47513.2,8.66682
47533.1,8.65682
47553,8.64681
47572.9,8.6368
47592.8,8.6268
47612.7,8.61679
47632.6,8.60679
47652.5,8.59678
47672.4,8.58678
47692.3,8.57677
47712.2,8.56676
47732.1,8.55676
47752.1,8.54675
47772,8.53675
47791.9,8.52674
47811.8,8.51674
47831.7,8.50673
47851.6,8.49672
47871.5,8.48672
47891.4,8.47671
47911.3,8.46671
47931.2,8.4567
47951.1,8.4467
47971,8.43669
47990.9,8.42671
48010.8,8.4174
48030.7,8.40809
48050.6,8.39878
48070.5,8.38946
48090.4,8.38015
48110.3,8.37084
48130.2,8.36152
48150.1,8.35221
48170,8.34289
48189.9,8.33358
48209.8,8.32427
48229.7,8.31495
48249.6,8.30564
48269.6,8.29633
48289.5,8.28701
48309.4,8.2777
48329.3,8.26839
48349.2,8.25907
48369.1,8.24976
48389,8.24044
48408.9,8.23113
48428.8,8.22182
48448.7,8.21251
48468.6,8.20319
48488.5,8.19388
48508.4,8.18456
48528.3,8.17525
48548.2,8.16594
48568.1,8.15662
48588,8.14731
48607.9,8.138
48627.8,8.12868
48647.7,8.11937
48667.6,8.11006
48687.5,8.10074
48707.4,8.09143
48727.3,8.08212
48747.3,8.0728
48767.2,8.06349
48787.1,8.05418
48807,8.04486
48826.9,8.03555
48846.8,8.02624
48866.7,8.01692
48886.6,8.00761
48906.5,7.99829
48926.4,7.98898
48946.3,7.98025
48966.2,7.97164
48986.1,7.96304
49006,7.95443
49025.9,7.94583
49045.8,7.93722
49065.7,7.92862
49085.6,7.92001
49105.5,7.9114
49125.4,7.9028
49145.3,7.89419
49165.2,7.88559
49185.1,7.87698
49205,7.86838
49224.9,7.85977
49244.8,7.85117
49264.8,7.84256
49284.7,7.83396
49304.6,7.82535
49324.5,7.81675
49344.4,7.80814
49364.3,7.79953
49384.2,7.79093
49404.1,7.78233
49424,7.77372
49443.9,7.76511
49463.8,7.75651
49483.7,7.7479
49503.6,7.7393
49523.5,7.73069
49543.4,7.72209
49563.3,7.71348
49583.2,7.70488
49603.1,7.69627
49623,7.68767
49642.9,7.67906
49662.8,7.67045
49682.7,7.66185
49702.6,7.65324
49722.5,7.64464
49742.4,7.63603
49762.4,7.62743
49782.3,7.61882
49802.2,7.61022
49822.1,7.60161
49842,7.59301
49861.9,7.5844
49881.8,7.57579
49901.7,7.5672
49921.6,7.55862
49941.5,7.55004
49961.4,7.54145
49981.3,7.53287
50001.2,7.52432
50021.1,7.51629
50041,7.50825
50060.9,7.50022
50080.8,7.49218
50100.7,7.48415
50120.6,7.47612
50140.5,7.46808
50160.4,7.46005
50180.3,7.45201
50200.2,7.44398
50220.1,7.43595
50240,7.42791
50260,7.41988
50279.9,7.41184
50299.8,7.40381
50319.7,7.39578
50339.6,7.38774
50359.5,7.37971
50379.4,7.37167
50399.3,7.36364
50419.2,7.35561
50439.1,7.34757
50459,7.33954
50478.9,7.3315
50498.8,7.32347
50518.7,7.31543
50538.6,7.3074
50558.5,7.29937
50578.4,7.29133
50598.3,7.2833
50618.2,7.27526
50638.1,7.26723
50658,7.2592
50677.9,7.25116
50697.8,7.24313
50717.7,7.23509
50737.6,7.22706
50757.6,7.21903
50777.5,7.21099
50797.4,7.20296
50817.3,7.19492
50837.2,7.18689
50857.1,7.17885
50877,7.17134
50896.9,7.16392
50916.8,7.15649
50936.7,7.14907
50956.6,7.14164
50976.5,7.13422
50996.4,7.1268
51016.3,7.11937
51036.2,7.11195
51056.1,7.10452
51076,7.0971
51095.9,7.08967
51115.8,7.08225
51135.7,7.07483
51155.6,7.0674
51175.5,7.05998
51195.4,7.05255
51215.3,7.04513
51235.3,7.0377
51255.2,7.03028
51275.1,7.02285
51295,7.01543
51314.9,7.00801
51334.8,7.00058
51354.7,6.99316
51374.6,6.98573
51394.5,6.97831
51414.4,6.97088
51434.3,6.96346
51454.2,6.95604
51474.1,6.94861
51494,6.94119
51513.9,6.93376
51533.8,6.92634
51553.7,6.91892
51573.6,6.91149
51593.5,6.90407
51613.4,6.89664
51633.3,6.88922
51653.2,6.88179
51673.1,6.87437
51693,6.86695
51712.9,6.85952
51732.8,6.8521
51752.8,6.84467
51772.7,6.83725
51792.6,6.82982
51812.5,6.8224
51832.4,6.81497
51852.3,6.80755
51872.2,6.80039
51892.1,6.7934
51912,6.78641
51931.9,6.77942
51951.8,6.77243
51971.7,6.76544
51991.6,6.75845
52011.5,6.75146
52031.4,6.74447
52051.3,6.73748
52071.2,6.7305
52091.1,6.7235
52111,6.71652
52130.9,6.70953
52150.8,6.70254
52170.7,6.69555
52190.6,6.68856
52210.5,6.68157
52230.4,6.67458
52250.3,6.66759
52270.3,6.6606
52290.2,6.65361
52310.1,6.64662
52330,6.63963
52349.9,6.63264
52369.8,6.62565
52389.7,6.61866
52409.6,6.61167
52429.5,6.60468
52449.4,6.59769
52469.3,6.5907
52489.2,6.58371
52509.1,6.57672
52529,6.56973
52548.9,6.56274
52568.8,6.55575
52588.7,6.54877
52608.6,6.54177
52628.5,6.53478
52648.4,6.5278
52668.3,6.52081
52688.2,6.51382
52708.1,6.50683
52728,6.49984
52747.9,6.49285
52767.9,6.48586
52787.8,6.47887
52807.7,6.47188
52827.6,6.46489
52847.5,6.4579
52867.4,6.45091
52887.3,6.44442
52907.2,6.438
52927.1,6.43159
52947,6.42517
52966.9,6.41875
52986.8,6.41233
53006.7,6.40592
53026.6,6.3995
53046.5,6.39308
53066.4,6.38667
53086.3,6.38025
53106.2,6.37384
53126.1,6.36742
53146,6.361
53165.9,6.35458
53185.8,6.34817
53205.7,6.34175
53225.6,6.33533
53245.5,6.32892
53265.4,6.3225
53285.4,6.31609
53305.3,6.30967
53325.2,6.30325
53345.1,6.29683
53365,6.29042
53384.9,6.284
53404.8,6.27759
53424.7,6.27117
53444.6,6.26475
53464.5,6.25834
53484.4,6.25192
53504.3,6.2455
53524.2,6.23908
53544.1,6.23267
53564,6.22625
53583.9,6.21984
53603.8,6.21342
53623.7,6.207
53643.6,6.20058
53663.5,6.19417
53683.4,6.18775
53703.3,6.18134
53723.2,6.17492
53743.1,6.1685
53763.1,6.16209
53783,6.15567
53802.9,6.14925
53822.8,6.14284
53842.7,6.13642
53862.6,6.13
53882.5,6.12359
53902.4,6.11717
53922.3,6.111
53942.2,6.105
53962.1,6.09899
53982,6.09298
54001.9,6.08697
54021.8,6.08096
54041.7,6.07496
54061.6,6.06895
54081.5,6.06294
54101.4,6.05693
54121.3,6.05092
54141.2,6.04492
54161.1,6.03891
54181,6.0329
54200.9,6.02689
54220.8,6.02088
54240.8,6.01487
54260.7,6.00887
54280.6,6.00286
54300.5,5.99685
54320.4,5.99084
54340.3,5.98483
54360.2,5.97883
54380.1,5.97282
54400,5.96681
54419.9,5.9608
54439.8,5.95479
54459.7,5.94879
54479.6,5.94278
54499.5,5.93677
54519.4,5.93076
54539.3,5.92475
54559.2,5.91874
54579.1,5.91274
54599,5.90673
54618.9,5.90072
54638.8,5.89471
54658.7,5.88871
54678.6,5.8827
54698.5,5.87669
54718.4,5.87068
54738.3,5.86467
54758.3,5.85866
54778.2,5.85266
54798.1,5.84665
54818,5.84064
54837.9,5.83463
54857.8,5.82862
54877.7,5.82261
54897.6,5.81661
54917.5,5.8106
54937.4,5.80459
54957.3,5.79858
54977.2,5.79293
54997.1,5.78734
55017,5.78174
55036.9,5.77615
55056.8,5.77055
55076.7,5.76496
55096.6,5.75936
55116.5,5.75377
55136.4,5.74817
55156.3,5.74258
55176.2,5.73698
55196.1,5.73139
55216,5.72579
55235.9,5.7202
55255.9,5.7146
55275.8,5.70901
55295.7,5.70341
55315.6,5.69782
55335.5,5.69222
55355.4,5.68663
55375.3,5.68103
55395.2,5.67544
55415.1,5.66984
55435,5.66425
55454.9,5.65865
55474.8,5.65306
55494.7,5.64746
55514.6,5.64187
55534.5,5.63627
55554.4,5.63068
55574.3,5.62508
55594.2,5.61949
55614.1,5.61389
55634,5.6083
55653.9,5.6027
55673.8,5.59711
55693.7,5.59151
55713.6,5.58592
55733.6,5.58032
55753.5,5.57473
55773.4,5.56913
55793.3,5.56354
55813.2,5.55794
55833.1,5.55235
55853,5.54675
55872.9,5.54116
55892.8,5.53556
55912.7,5.52997
55932.6,5.52437
55952.5,5.51878
55972.4,5.51318
55992.3,5.50759
56012.2,5.50199
56032.1,5.49644
56052,5.49129
56071.9,5.48615
56091.8,5.48099
56111.7,5.47584
56131.6,5.47069
56151.5,5.46554
56171.4,5.4604
56191.3,5.45525
56211.2,5.4501
56231.1,5.44495
56251,5.4398
56271,5.43465
56290.9,5.4295
56310.8,5.42435
56330.7,5.4192
56350.6,5.41405
56370.5,5.4089
56390.4,5.40375
56410.3,5.3986
56430.2,5.39345
56450.1,5.3883
56470,5.38315
56489.9,5.378
56509.8,5.37285
56529.7,5.3677
56549.6,5.36255
56569.5,5.3574
56589.4,5.35225
56609.3,5.3471
56629.2,5.34195
56649.1,5.3368
56669,5.33165
56688.9,5.3265
56708.8,5.32135
56728.7,5.3162
56748.6,5.31105
56768.6,5.3059
56788.5,5.30075
56808.4,5.2956
56828.3,5.29045
56848.2,5.2853
56868.1,5.28015
56888,5.275
56907.9,5.26985
56927.8,5.2647
56947.7,5.25955
56967.6,5.2544
56987.5,5.24925
57007.4,5.2441
57027.3,5.23895
57047.2,5.2338
57067.1,5.22865
57087,5.2235
57106.9,5.21836
57126.8,5.2132
57146.7,5.20836
57166.6,5.20357
57186.5,5.19878
57206.4,5.19399
57226.3,5.1892
57246.2,5.18441
57266.2,5.17962
57286.1,5.17483
57306,5.17004
57325.9,5.16525
57345.8,5.16046
57365.7,5.15567
57385.6,5.15088
57405.5,5.14609
57425.4,5.1413
57445.3,5.13651
57465.2,5.13172
57485.1,5.12693
57505,5.12214
57524.9,5.11735
57544.8,5.11257
57564.7,5.10778
57584.6,5.10299
57604.5,5.0982
57624.4,5.09341
57644.3,5.08862
57664.2,5.08383
57684.1,5.07904
57704,5.07425
57723.9,5.06946
57743.8,5.06467
57763.8,5.05988
57783.7,5.05509
57803.6,5.0503
57823.5,5.04551
57843.4,5.04072
57863.3,5.03593
57883.2,5.03114
57903.1,5.02635
57923,5.02156
57942.9,5.01677
57962.8,5.01198
57982.7,5.00719
58002.6,5.0024
58022.5,4.99761
58042.4,4.99282
58062.3,4.98803
58082.2,4.98325
58102.1,4.97846
58122,4.97367
58141.9,4.96888
58161.8,4.96409
58181.7,4.9593
58201.6,4.95451
58221.5,4.94972
58241.4,4.94493
58261.4,4.94033
58281.3,4.93587
58301.2,4.9314
58321.1,4.92694
58341,4.92248
58360.9,4.91802
58380.8,4.91356
58400.7,4.9091
58420.6,4.90464
58440.5,4.90018
58460.4,4.89572
58480.3,4.89126
58500.2,4.8868
58520.1,4.88233
58540,4.87787
58559.9,4.87341
58579.8,4.86895
58599.7,4.86449
58619.6,4.86003
58639.5,4.85557
58659.4,4.85111
58679.3,4.84665
58699.2,4.84219
58719.1,4.83772
58739.1,4.83326
58759,4.8288
58778.9,4.82434
58798.8,4.81988
58818.7,4.81542
58838.6,4.81096
58858.5,4.8065
58878.4,4.80204
58898.3,4.79758
58918.2,4.79312
58938.1,4.78865
58958,4.78419
58977.9,4.77973
58997.8,4.77527
59017.7,4.77081
59037.6,4.76635
59057.5,4.76189
59077.4,4.75743
59097.3,4.75297
59117.2,4.74851
59137.1,4.74405
59157,4.73958
59176.9,4.73512
59196.8,4.73066
59216.7,4.7262
59236.6,4.72174
59256.6,4.71728
59276.5,4.71282
59296.4,4.70836
59316.3,4.7039
59336.2,4.69944
59356.1,4.69498
59376,4.69052
59395.9,4.68611
59415.8,4.68186
59435.7,4.6776
59455.6,4.67335
59475.5,4.66909
59495.4,4.66483
59515.3,4.66058
59535.2,4.65632
59555.1,4.65206
59575,4.64781
59594.9,4.64355
59614.8,4.63929
59634.7,4.63504
59654.6,4.63078
59674.5,4.62653
59694.4,4.62227
59714.3,4.61801
59734.3,4.61376
59754.2,4.6095
59774.1,4.60524
59794,4.60099
59813.9,4.59673
59833.8,4.59248
59853.7,4.58822
59873.6,4.58396
59893.5,4.57971
59913.4,4.57545
59933.3,4.57119
59953.2,4.56694
59973.1,4.56268
59993,4.55842
60012.9,4.55432
60032.8,4.5503
60052.7,4.54629
60072.6,4.54227
60092.5,4.53825
60112.4,4.53423
60132.3,4.53021
60152.2,4.52619
60172.1,4.52218
60192,4.51816
60211.9,4.51414
60231.8,4.51012
60251.7,4.5061
60271.7,4.50208
60291.6,4.49806
60311.5,4.49405
60331.4,4.49003
60351.3,4.48601
60371.2,4.48199
60391.1,4.47797
60411,4.47395
60430.9,4.46993
60450.8,4.46592
60470.7,4.4619
60490.6,4.45788
60510.5,4.45386
60530.4,4.44984
60550.3,4.44583
60570.2,4.44196
60590.1,4.43808
60610,4.43421
60629.9,4.43033
60649.8,4.42646
60669.7,4.42259
60689.6,4.41872
60709.5,4.41484
60729.4,4.41097
60749.3,4.4071
60769.3,4.40322
60789.2,4.39935
60809.1,4.39547
60829,4.3916
60848.9,4.38773
60868.8,4.38386
60888.7,4.37998
60908.6,4.37611
60928.5,4.37224
60948.4,4.36836
60968.3,4.36449
60988.2,4.36062
61008.1,4.35674
61028,4.35287
61047.9,4.349
61067.8,4.34512
61087.7,4.34125
61107.6,4.33738
61127.5,4.3335
61147.4,4.32963
61167.3,4.32576
61187.2,4.32188
61207.1,4.31801
61227,4.31414
61246.9,4.31026
61266.9,4.30639
61286.8,4.30252
61306.7,4.29864
61326.6,4.29477
61346.5,4.2909
61366.4,4.28702
61386.3,4.28315
61406.2,4.27928
61426.1,4.2754
61446,4.27153
61465.9,4.26766
61485.8,4.26378
61505.7,4.25991
61525.6,4.25604
61545.5,4.25216
61565.4,4.24829
61585.3,4.24442
61605.2,4.24054
61625.1,4.23667
61645,4.2328
61664.9,4.22892
61684.8,4.22505
61704.7,4.22118
61724.6,4.21731
61744.5,4.21366
61764.5,4.21009
61784.4,4.20653
61804.3,4.20296
61824.2,4.1994
61844.1,4.19583
61864,4.19227
61883.9,4.18871
61903.8,4.18514
61923.7,4.18158
61943.6,4.17801
61963.5,4.17445
61983.4,4.17088
62003.3,4.16732
62023.2,4.16375
62043.1,4.16019
62063,4.15663
62082.9,4.15306
62102.8,4.1495
62122.7,4.14593
62142.6,4.14237
62162.5,4.1388
62182.4,4.13524
62202.3,4.13167
62222.2,4.12811
62242.1,4.12455
62262.1,4.12098
62282,4.11742
62301.9,4.11385
62321.8,4.11029
62341.7,4.10672
62361.6,4.10316
62381.5,4.0996
62401.4,4.09603
62421.3,4.09247
62441.2,4.0889
62461.1,4.08534
62481,4.08177
62500.9,4.07821
62520.8,4.07464
62540.7,4.07108
62560.6,4.06752
62580.5,4.06395
62600.4,4.06039
62620.3,4.05682
62640.2,4.05326
62660.1,4.04969
62680,4.04613
62699.9,4.04256
62719.8,4.039
62739.8,4.03544
62759.7,4.03187
62779.6,4.02831
62799.5,4.02474
62819.4,4.02118
62839.3,4.01761
62859.2,4.01405
62879.1,4.01048
62899,4.00692
62918.9,4.00336
62938.8,3.99979
62958.7,3.99646
62978.6,3.99315
62998.5,3.98983
63018.4,3.98652
63038.3,3.9832
63058.2,3.97989
63078.1,3.97657
63098,3.97326
63117.9,3.96995
63137.8,3.96663
63157.7,3.96332
63177.6,3.96
63197.5,3.95669
63217.4,3.95337
63237.3,3.95006
63257.3,3.94674
63277.2,3.94343
63297.1,3.94011
63317,3.9368
63336.9,3.93348
63356.8,3.93017
63376.7,3.92686
63396.6,3.92354
63416.5,3.92023
63436.4,3.91691
63456.3,3.9136
63476.2,3.91028
63496.1,3.90697
63516,3.90365
63535.9,3.90034
63555.8,3.89702
63575.7,3.89371
63595.6,3.89039
63615.5,3.88708
63635.4,3.88377
63655.3,3.88045
63675.2,3.87714
63695.1,3.87382
63715,3.87051
63734.9,3.86719
63754.9,3.86388
63774.8,3.86056
63794.7,3.85725
63814.6,3.85393
63834.5,3.85062
63854.4,3.84731
63874.3,3.84399
63894.2,3.84068
63914.1,3.83736
63934,3.83405
63953.9,3.83073
63973.8,3.82742
63993.7,3.8241
64013.6,3.82079
64033.5,3.81747
64053.4,3.81416
64073.3,3.81085
64093.2,3.80753
64113.1,3.80422
64133,3.8009
64152.9,3.79759
64172.8,3.7943
64192.7,3.79121
64212.6,3.78813
64232.5,3.78504
64252.4,3.78194
64272.4,3.77885
64292.3,3.77576
64312.2,3.77268
64332.1,3.76959
64352,3.7665
64371.9,3.76341
64391.8,3.76032
64411.7,3.75723
64431.6,3.75414
64451.5,3.75105
64471.4,3.74796
64491.3,3.74487
64511.2,3.74178
64531.1,3.73869
64551,3.7356
64570.9,3.73251
64590.8,3.72942
64610.7,3.72633
64630.6,3.72324
64650.5,3.72015
64670.4,3.71706
64690.3,3.71397
64710.2,3.71088
64730.1,3.70779
64750,3.7047
64770,3.70161
64789.9,3.69852
64809.8,3.69543
64829.7,3.69234
64849.6,3.68925
64869.5,3.68616
64889.4,3.68307
64909.3,3.67998
64929.2,3.67689
64949.1,3.6738
64969,3.67071
64988.9,3.66762
65008.8,3.66453
65028.7,3.66144
65048.6,3.65835
65068.5,3.65526
65088.4,3.65217
65108.3,3.64908
65128.2,3.64599
65148.1,3.6429
65168,3.63981
65187.9,3.63672
65207.8,3.63363
65227.7,3.63054
65247.6,3.62745
65267.6,3.62436
65287.5,3.62127
65307.4,3.61818
65327.3,3.61509
65347.2,3.612
65367.1,3.60891
65387,3.60582
65406.9,3.60273
65426.8,3.59972
65446.7,3.59685
65466.6,3.59399
65486.5,3.59112
65506.4,3.58825
65526.3,3.58538
65546.2,3.58252
65566.1,3.57965
65586,3.57679
65605.9,3.57392
65625.8,3.57105
65645.7,3.56818
65665.6,3.56532
65685.5,3.56245
65705.4,3.55959
65725.3,3.55672
65745.3,3.55385
65765.2,3.55099
65785.1,3.54812
65805,3.54525
65824.9,3.54239
65844.8,3.53952
65864.7,3.53665
65884.6,3.53379
65904.5,3.53092
65924.4,3.52805
65944.3,3.52519
65964.2,3.52232
65984.1,3.51945
66004,3.51659
66023.9,3.51372
66043.8,3.51085
66063.7,3.50799
66083.6,3.50512
66103.5,3.50225
66123.4,3.49939
66143.3,3.49652
66163.2,3.49365
66183.1,3.49079
66203,3.48792
66222.9,3.48505
66242.9,3.48219
66262.8,3.47932
66282.7,3.47645
66302.6,3.47359
66322.5,3.47072
66342.4,3.46785
66362.3,3.46499
66382.2,3.46212
66402.1,3.45925
66422,3.45639
66441.9,3.45352
66461.8,3.45066
66481.7,3.44779
66501.6,3.44492
66521.5,3.44205
66541.4,3.43919
66561.3,3.43632
66581.2,3.43345
66601.1,3.43059
66621,3.42772
66640.9,3.42486
66660.8,3.42199
66680.7,3.41912
66700.6,3.41626
66720.5,3.41361
66740.5,3.41095
66760.4,3.4083
66780.3,3.40565
66800.2,3.403
66820.1,3.40034
66840,3.39769
66859.9,3.39503
66879.8,3.39238
66899.7,3.38973
66919.6,3.38707
66939.5,3.38442
66959.4,3.38177
66979.3,3.37911
66999.2,3.37646
67019.1,3.37381
67039,3.37115
67058.9,3.3685
67078.8,3.36585
67098.7,3.36319
67118.6,3.36054
67138.5,3.35789
67158.4,3.35523
67178.3,3.35258
67198.2,3.34993
67218.1,3.34727
67238,3.34462
67258,3.34196
67277.9,3.33931
67297.8,3.33666
67317.7,3.334
67337.6,3.33135
67357.5,3.3287
67377.4,3.32604
67397.3,3.32339
67417.2,3.32074
67437.1,3.31808
67457,3.31543
67476.9,3.31277
67496.8,3.31012
67516.7,3.30747
67536.6,3.30482
67556.5,3.30216
67576.4,3.29951
67596.3,3.29685
67616.2,3.2942
67636.1,3.29155
67656,3.28889
67675.9,3.28624
67695.8,3.28359
67715.7,3.28093
67735.6,3.27828
67755.6,3.27563
67775.5,3.27297
67795.4,3.27032
67815.3,3.26766
67835.2,3.26501
67855.1,3.26236
67875,3.2597
67894.9,3.25705
67914.8,3.2544
67934.7,3.25174
67954.6,3.24909
67974.5,3.24644
67994.4,3.24378
68014.3,3.24117
68034.2,3.23872
68054.1,3.23627
68074,3.23382
68093.9,3.23136
68113.8,3.22891
68133.7,3.22646
68153.6,3.22401
68173.5,3.22156
68193.4,3.2191
68213.3,3.21665
68233.2,3.2142
68253.1,3.21175
68273.1,3.20929
68293,3.20684
68312.9,3.20439
68332.8,3.20194
68352.7,3.19948
68372.6,3.19703
68392.5,3.19458
68412.4,3.19213
68432.3,3.18967
68452.2,3.18722
68472.1,3.18477
68492,3.18232
68511.9,3.17987
68531.8,3.17741
68551.7,3.17496
68571.6,3.17251
68591.5,3.17006
68611.4,3.1676
68631.3,3.16515
68651.2,3.1627
68671.1,3.16025
68691,3.1578
68710.9,3.15534
68730.8,3.15289
68750.8,3.15044
68770.6,3.14799
68790.6,3.14553
68810.5,3.14308
68830.4,3.14063
68850.3,3.13818
68870.2,3.13573
68890.1,3.13327
68910,3.13082
68929.9,3.12837
68949.8,3.12592
68969.7,3.12346
68989.6,3.12101
69009.5,3.11856
69029.4,3.11611
69049.3,3.11365
69069.2,3.1112
69089.1,3.10875
69109,3.1063
69128.9,3.10384
69148.8,3.10139
69168.7,3.09894
69188.6,3.09649
69208.5,3.09404
69228.4,3.09158
69248.4,3.08913
69268.3,3.08668
69288.2,3.08423
69308.1,3.08177
69328,3.07932
69347.9,3.07693
69367.8,3.07462
69387.7,3.07232
69407.6,3.07001
69427.5,3.06771
69447.4,3.0654
69467.3,3.0631
69487.2,3.06079
69507.1,3.05849
69527,3.05619
69546.9,3.05388
69566.8,3.05158
69586.7,3.04927
69606.6,3.04697
69626.5,3.04466
69646.4,3.04236
69666.3,3.04005
69686.2,3.03775
69706.1,3.03544
69726,3.03314
69745.9,3.03083
69765.9,3.02853
69785.8,3.02622
69805.7,3.02392
69825.6,3.02161
69845.5,3.01931
69865.4,3.01701
69885.3,3.0147
69905.2,3.0124
69925.1,3.01009
69945,3.00779
69964.9,3.00548
69984.8,3.00318
70004.7,3.00087
70024.6,2.99857
70044.5,2.99626
70064.4,2.99396
70084.3,2.99165
70104.2,2.98935
70124.1,2.98705
70144,2.98474
70163.9,2.98244
70183.8,2.98013
70203.7,2.97783
70223.6,2.97552
70243.5,2.97322
70263.5,2.97091
70283.4,2.96861
70303.3,2.9663
70323.2,2.964
70343.1,2.96169
70363,2.95939
70382.9,2.95708
70402.8,2.95478
70422.7,2.95247
70442.6,2.95017
70462.5,2.94787
70482.4,2.94556
70502.3,2.94326
70522.2,2.94095
70542.1,2.93865
70562,2.93634
70581.9,2.93404
70601.8,2.93173
70621.7,2.92943
70641.6,2.92712
70661.5,2.92482
70681.4,2.92251
70701.3,2.92031
70721.3,2.91818
70741.1,2.91605
70761.1,2.91392
70781,2.91179
70800.9,2.90966
70820.8,2.90753
70840.7,2.9054
70860.6,2.90327
70880.5,2.90114
70900.4,2.89901
70920.3,2.89688
70940.2,2.89475
70960.1,2.89262
70980,2.89049
70999.9,2.88836
71019.8,2.88622
71039.7,2.88409
71059.6,2.88196
71079.5,2.87983
71099.4,2.8777
71119.3,2.87557
71139.2,2.87344
71159.1,2.87131
71179,2.86918
71198.9,2.86705
71218.8,2.86492
71238.8,2.86279
71258.7,2.86066
71278.6,2.85853
71298.5,2.8564
71318.4,2.85427
71338.3,2.85214
71358.2,2.85001
71378.1,2.84788
71398,2.84575
71417.9,2.84362
71437.8,2.84149
71457.7,2.83936
71477.6,2.83723
71497.5,2.8351
71517.4,2.83297
71537.3,2.83084
71557.2,2.82871
71577.1,2.82658
71597,2.82445
71616.9,2.82232
71636.8,2.82019
71656.7,2.81806
71676.6,2.81593
71696.5,2.8138
71716.4,2.81167
71736.4,2.80954
71756.3,2.80741
71776.2,2.80528
71796.1,2.80315
71816,2.80102
71835.9,2.79889
71855.8,2.79676
71875.7,2.79463
71895.6,2.7925
71915.5,2.79037
71935.4,2.78824
71955.3,2.78611
71975.2,2.78398
71995.1,2.78184
72015,2.77972
72034.9,2.77758
72054.8,2.77545
72074.7,2.77336
72094.6,2.77138
72114.5,2.7694
72134.4,2.76742
72154.3,2.76545
72174.2,2.76347
72194.1,2.76149
72214,2.75951
72233.9,2.75753
72253.9,2.75555
72273.8,2.75358
72293.7,2.7516
72313.6,2.74962
72333.5,2.74764
72353.4,2.74566
72373.3,2.74368
72393.2,2.74171
72413.1,2.73973
72433,2.73775
72452.9,2.73577
72472.8,2.73379
72492.7,2.73181
72512.6,2.72984
72532.5,2.72786
72552.4,2.72588
72572.3,2.7239
72592.2,2.72192
72612.1,2.71994
72632,2.71797
72651.9,2.71599
72671.8,2.71401
72691.7,2.71203
72711.6,2.71005
72731.5,2.70807
72751.4,2.7061
72771.4,2.70412
72791.3,2.70214
72811.2,2.70016
72831.1,2.69818
72851,2.6962
72870.9,2.69423
72890.8,2.69225
72910.7,2.69027
72930.6,2.68829
72950.5,2.68631
72970.4,2.68433
72990.3,2.68236
73010.2,2.68038
73030.1,2.6784
73050,2.67642
73069.9,2.67444
73089.8,2.67246
73109.7,2.67049
73129.6,2.66851
73149.5,2.66653
73169.4,2.66455
73189.3,2.66257
73209.2,2.66059
73229.1,2.65862
73249,2.65664
73269,2.65466
73288.9,2.65268
73308.8,2.6507
73328.7,2.64872
73348.6,2.64675
73368.5,2.64477
73388.4,2.64279
73408.3,2.64081
73428.2,2.63883
73448.1,2.63685
73468,2.63488
73487.9,2.63296
73507.8,2.63114
73527.7,2.62932
73547.6,2.62751
73567.5,2.62569
73587.4,2.62387
73607.3,2.62205
73627.2,2.62023
73647.1,2.61842
73667,2.6166
73686.9,2.61478
73706.8,2.61296
73726.7,2.61115
73746.6,2.60933
73766.6,2.60751
73786.5,2.60569
73806.4,2.60387
73826.3,2.60206
73846.2,2.60024
73866.1,2.59842
73886,2.5966
73905.9,2.59478
73925.8,2.59297
73945.7,2.59115
73965.6,2.58933
73985.5,2.58751
74005.4,2.58569
74025.3,2.58388
74045.2,2.58206
74065.1,2.58024
74085,2.57842
74104.9,2.5766
74124.8,2.57479
74144.7,2.57297
74164.6,2.57115
74184.5,2.56933
74204.4,2.56751
74224.3,2.5657
74244.3,2.56388
74264.2,2.56206
74284.1,2.56024
74304,2.55843
74323.9,2.55661
74343.8,2.55479
74363.7,2.55297
74383.6,2.55115
74403.5,2.54934
74423.4,2.54752
74443.3,2.5457
74463.2,2.54388
74483.1,2.54206
74503,2.54025
74522.9,2.53843
74542.8,2.53661
74562.7,2.53479
74582.6,2.53297
74602.5,2.53116
74622.4,2.52934
74642.3,2.52752
74662.2,2.5257
74682.1,2.52389
74702,2.52207
74721.9,2.52025
74741.9,2.51843
74761.8,2.51661
74781.7,2.5148
74801.6,2.51298
74821.5,2.51116
74841.4,2.50934
74861.3,2.50752
74881.2,2.50571
74901.1,2.50389
74921,2.50208
74940.9,2.50037
74960.8,2.49867
74980.7,2.49696
75000.6,2.49526
75020.5,2.49355
75040.4,2.49185
75060.3,2.49014
75080.2,2.48844
75100.1,2.48673
75120,2.48503
75139.9,2.48332
75159.8,2.48162
75179.7,2.47991
75199.6,2.47821
75219.5,2.4765
75239.5,2.4748
75259.4,2.47309
75279.3,2.47139
75299.2,2.46968
75319.1,2.46798
75339,2.46627
75358.9,2.46457
75378.8,2.46286
75398.7,2.46116
75418.6,2.45945
75438.5,2.45775
75458.4,2.45604
75478.3,2.45434
75498.2,2.45264
75518.1,2.45093
75538,2.44922
75557.9,2.44752
75577.8,2.44582
75597.7,2.44411
75617.6,2.44241
75637.5,2.4407
75657.4,2.439
75677.3,2.43729
75697.2,2.43559
75717.1,2.43388
75737,2.43218
75757,2.43047
75776.9,2.42877
75796.8,2.42706
75816.7,2.42536
75836.6,2.42365
75856.5,2.42195
75876.4,2.42024
75896.3,2.41854
75916.2,2.41683
75936.1,2.41513
75956,2.41342
75975.9,2.41172
75995.8,2.41001
76015.7,2.40831
76035.6,2.4066
76055.5,2.4049
76075.4,2.40319
76095.3,2.40149
76115.2,2.39978
76135.1,2.39808
76155,2.39637
76174.9,2.39467
76194.8,2.39297
76214.7,2.39126
76234.6,2.38956
76254.5,2.38785
76274.5,2.38615
76294.4,2.38444
76314.3,2.38274
76334.2,2.38103
76354.1,2.37933
76374,2.37762
76393.9,2.37601
76413.8,2.37443
76433.7,2.37286
76453.6,2.37129
76473.5,2.36971
76493.4,2.36814
76513.3,2.36657
76533.2,2.36499
76553.1,2.36342
76573,2.36185
76592.9,2.36027
76612.8,2.3587
76632.7,2.35713
76652.6,2.35555
76672.5,2.35398
76692.4,2.35241
76712.3,2.35083
76732.2,2.34926
76752.1,2.34768
76772.1,2.34611
76792,2.34454
76811.9,2.34296
76831.8,2.34139
76851.7,2.33982
76871.6,2.33824
76891.5,2.33667
76911.4,2.3351
76931.3,2.33352
76951.2,2.33195
76971.1,2.33038
76991,2.3288
77010.9,2.32723
77030.8,2.32565
77050.7,2.32408
77070.6,2.32251
77090.5,2.32093
77110.4,2.31936
77130.3,2.31779
77150.2,2.31621
77170.1,2.31464
77190,2.31307
77209.9,2.31149
77229.8,2.30992
77249.8,2.30835
77269.6,2.30677
77289.6,2.3052
77309.5,2.30362
77329.4,2.30205
77349.3,2.30048
77369.2,2.2989
77389.1,2.29733
77409,2.29576
77428.9,2.29418
77448.8,2.29261
77468.7,2.29104
77488.6,2.28946
77508.5,2.28789
77528.4,2.28632
77548.3,2.28474
77568.2,2.28317
77588.1,2.28159
77608,2.28002
77627.9,2.27845
77647.8,2.27687
77667.7,2.2753
77687.6,2.27373
77707.5,2.27215
77727.4,2.27058
77747.4,2.26901
77767.3,2.26743
77787.2,2.26586
77807.1,2.26429
77827,2.26271
77846.9,2.26114
77866.8,2.25957
77886.7,2.25803
77906.6,2.25656
77926.5,2.25509
77946.4,2.25362
77966.3,2.25216
77986.2,2.25069
78006.1,2.24922
78026,2.24775
78045.9,2.24628
78065.8,2.24481
78085.7,2.24335
78105.6,2.24188
78125.5,2.24041
78145.4,2.23894
78165.3,2.23747
78185.2,2.236
78205.1,2.23454
78225,2.23307
78245,2.2316
78264.9,2.23013
78284.8,2.22866
78304.7,2.2272
78324.6,2.22573
78344.5,2.22426
78364.4,2.22279
78384.3,2.22132
78404.2,2.21986
78424.1,2.21839
78444,2.21692
78463.9,2.21545
78483.8,2.21398
78503.7,2.21251
78523.6,2.21105
78543.5,2.20958
78563.4,2.20811
78583.3,2.20664
78603.2,2.20517
78623.1,2.20371
78643,2.20224
78662.9,2.20077
78682.8,2.1993
78702.7,2.19783
78722.6,2.19636
78742.5,2.1949
78762.5,2.19343
78782.4,2.19196
78802.3,2.19049
78822.2,2.18902
78842.1,2.18756
78862,2.18609
78881.9,2.18462
78901.8,2.18315
78921.7,2.18168
78941.6,2.18022
78961.5,2.17875
78981.4,2.17728
79001.3,2.17581
79021.2,2.17434
79041.1,2.17287
79061,2.17141
79080.9,2.16994
79100.8,2.16847
79120.7,2.167
79140.6,2.16553
79160.5,2.16407
79180.4,2.1626
79200.3,2.16113
79220.3,2.15966
79240.1,2.15819
79260.1,2.15672
79280,2.15526
79299.9,2.15379
79319.8,2.15232
79339.7,2.15085
79359.6,2.14938
79379.5,2.14792
79399.4,2.14645
79419.3,2.14505
79439.2,2.14366
79459.1,2.14226
79479,2.14087
79498.9,2.13947
79518.8,2.13808
79538.7,2.13668
79558.6,2.13529
79578.5,2.13389
79598.4,2.1325
79618.3,2.1311
79638.2,2.12971
79658.1,2.12831
79678,2.12692
79697.9,2.12552
79717.8,2.12413
79737.8,2.12274
79757.7,2.12134
79777.6,2.11995
79797.5,2.11855
79817.4,2.11716
79837.3,2.11576
79857.2,2.11437
79877.1,2.11297
79897,2.11158
79916.9,2.11018
79936.8,2.10879
79956.7,2.10739
79976.6,2.106
79996.5,2.1046
80016.4,2.10324
80036.3,2.10189
80056.2,2.10053
80076.1,2.09918
80096,2.09782
80115.9,2.09647
80135.8,2.09511
80155.7,2.09375
80175.6,2.0924
80195.5,2.09104
80215.4,2.08969
80235.3,2.08833
80255.3,2.08698
80275.2,2.08562
80295.1,2.08427
80315,2.08291
80334.9,2.08156
80354.8,2.0802
80374.7,2.07885
80394.6,2.07749
80414.5,2.07614
80434.4,2.07478
80454.3,2.07343
80474.2,2.07207
80494.1,2.07072
80514,2.06936
80533.9,2.06801
80553.8,2.06665
80573.7,2.0653
80593.6,2.06394
80613.5,2.06258
80633.4,2.06123
80653.3,2.05987
80673.2,2.05852
80693.1,2.05716
80713,2.05581
80732.9,2.05445
80752.9,2.0531
80772.8,2.05174
80792.7,2.05039
80812.6,2.04903
80832.5,2.04768
80852.4,2.04632
80872.3,2.04497
80892.2,2.04361
80912.1,2.04226
80932,2.0409
80951.9,2.03956
80971.8,2.0383
80991.7,2.03705
81011.6,2.03579
81031.5,2.03454
81051.4,2.03328
81071.3,2.03203
81091.2,2.03077
81111.1,2.02952
81131,2.02826
81150.9,2.02701
81170.8,2.02575
81190.7,2.02449
81210.6,2.02324
81230.5,2.02199
81250.4,2.02073
81270.4,2.01947
81290.3,2.01822
81310.2,2.01696
81330.1,2.01571
81350,2.01445
81369.9,2.0132
81389.8,2.01194
81409.7,2.01069
81429.6,2.00943
81449.5,2.00818
81469.4,2.00692
81489.3,2.00567
81509.2,2.00441
81529.1,2.00316
81549,2.0019
81568.9,2.00065
81588.8,1.99939
81608.7,1.99814
81628.6,1.99688
81648.5,1.99563
81668.4,1.99437
81688.3,1.99312
81708.2,1.99186
81728.1,1.99061
81748,1.98935
81768,1.9881
81787.9,1.98684
81807.8,1.98559
81827.7,1.98433
81847.6,1.98308
81867.5,1.98182
81887.4,1.98057
81907.3,1.97931
81927.2,1.97806
81947.1,1.9768
81967,1.97555
81986.9,1.97429
82006.8,1.97304
82026.7,1.97178
82046.6,1.97053
82066.5,1.96927
82086.4,1.96802
82106.3,1.96676
82126.2,1.96551
82146.1,1.96425
82166,1.963
82185.9,1.96174
82205.8,1.96049
82225.8,1.95923
82245.6,1.95798
82265.6,1.95672
82285.5,1.95547
82305.4,1.95421
82325.3,1.95296
82345.2,1.9517
82365.1,1.95045
82385,1.94919
82404.9,1.94794
82424.8,1.94668
82444.7,1.94543
82464.6,1.94417
82484.5,1.94292
82504.4,1.94166
82524.3,1.94041
82544.2,1.93917
82564.1,1.938
82584,1.93682
82603.9,1.93565
82623.8,1.93448
82643.7,1.9333
82663.6,1.93213
82683.5,1.93096
82703.4,1.92979
82723.3,1.92861
82743.3,1.92744
82763.2,1.92627
82783.1,1.92509
82803,1.92392
82822.9,1.92275
82842.8,1.92158
82862.7,1.9204
82882.6,1.91923
82902.5,1.91806
82922.4,1.91688
82942.3,1.91571
82962.2,1.91454
82982.1,1.91337
83002,1.91219
83021.9,1.91102
83041.8,1.90985
83061.7,1.90867
83081.6,1.9075
83101.5,1.90633
83121.4,1.90516
83141.3,1.90398
83161.2,1.90281
83181.1,1.90164
83201,1.90046
83220.9,1.89929
83240.9,1.89812
83260.8,1.89695
83280.7,1.89577
83300.6,1.8946
83320.5,1.89343
83340.4,1.89225
83360.3,1.89108
83380.2,1.88991
83400.1,1.88874
83420,1.88756
83439.9,1.88639
83459.8,1.88522
83479.7,1.88405
83499.6,1.88287
83519.5,1.8817
83539.4,1.88053
83559.3,1.87935
83579.2,1.87818
83599.1,1.87701
83619,1.87584
83638.9,1.87466
83658.8,1.87349
83678.7,1.87232
83698.6,1.87114
83718.5,1.86997
83738.5,1.8688
83758.4,1.86763
83778.3,1.86645
83798.2,1.86528
83818.1,1.86411
83838,1.86293
83857.9,1.86176
83877.8,1.86059
83897.7,1.85942
83917.6,1.85824
83937.5,1.85707
83957.4,1.8559
83977.3,1.85472
83997.2,1.85355
84017.1,1.85238
84037,1.85121
84056.9,1.85003
84076.8,1.84886
84096.7,1.84769
84116.6,1.84651
84136.5,1.84534
84156.4,1.84419
84176.3,1.8431
84196.2,1.84201
84216.1,1.84092
84236,1.83983
84255.9,1.83873
84275.9,1.83764
84295.8,1.83655
84315.7,1.83546
84335.6,1.83436
84355.5,1.83327
84375.4,1.83218
84395.3,1.83109
84415.2,1.82999
84435.1,1.8289
84455,1.82781
84474.9,1.82672
84494.8,1.82562
84514.7,1.82453
84534.6,1.82344
84554.5,1.82235
84574.4,1.82125
84594.3,1.82016
84614.2,1.81907
84634.1,1.81798
84654,1.81689
84673.9,1.81579
84693.8,1.8147
84713.7,1.81361
84733.6,1.81252
84753.5,1.81142
84773.5,1.81033
84793.4,1.80924
84813.3,1.80815
84833.2,1.80705
84853.1,1.80596
84873,1.80487
84892.9,1.80378
84912.8,1.80268
84932.7,1.80159
84952.6,1.8005
84972.5,1.79941
84992.4,1.79831
85012.3,1.79722
85032.2,1.79613
85052.1,1.79504
85072,1.79394
85091.9,1.79285
85111.8,1.79176
85131.7,1.79067
85151.6,1.78958
85171.5,1.78848
85191.4,1.78739
85211.3,1.7863
85231.2,1.78521
85251.1,1.78411
85271.1,1.78302
85291,1.78193
85310.9,1.78084
85330.8,1.77974
85350.7,1.77865
85370.6,1.77756
85390.5,1.77647
85410.4,1.77537
85430.3,1.77428
85450.2,1.77319
85470.1,1.7721
85490,1.771
85509.9,1.76991
85529.8,1.76882
85549.7,1.76773
85569.6,1.76664
85589.5,1.76554
85609.4,1.76445
85629.3,1.76336
85649.2,1.76227
85669.1,1.76117
85689,1.76008
85708.9,1.75899
85728.8,1.7579
85748.8,1.7568
85768.7,1.75571
85788.6,1.75462
85808.5,1.75356
85828.4,1.75254
85848.3,1.75153
85868.2,1.75051
85888.1,1.7495
85908,1.74848
85927.9,1.74747
85947.8,1.74645
85967.7,1.74544
85987.6,1.74442
86007.5,1.74341
86027.4,1.74239
86047.3,1.74138
86067.2,1.74036
86087.1,1.73935
86107,1.73833
86126.9,1.73732
86146.8,1.7363
86166.7,1.73529
86186.6,1.73427
86206.5,1.73326
86226.4,1.73224
86246.4,1.73123
86266.3,1.73021
86286.2,1.7292
86306.1,1.72818
86326,1.72717
86345.9,1.72615
86365.8,1.72514
86385.7,1.72412
86405.6,1.72311
86425.5,1.72209
86445.4,1.72108
86465.3,1.72006
86485.2,1.71905
86505.1,1.71803
86525,1.71702
86544.9,1.716
86564.8,1.71499
86584.7,1.71397
86604.6,1.71296
86624.5,1.71194
86644.4,1.71093
86664.3,1.70991
86684.2,1.7089
86704.1,1.70788
86724,1.70687
86744,1.70585
86763.9,1.70484
86783.8,1.70382
86803.7,1.70281
86823.6,1.70179
86843.5,1.70078
86863.4,1.69976
86883.3,1.69875
86903.2,1.69773
86923.1,1.69672
86943,1.6957
86962.9,1.69469
86982.8,1.69367
87002.7,1.69266
87022.6,1.69164
87042.5,1.69063
87062.4,1.68961
87082.3,1.6886
87102.2,1.68758
87122.1,1.68657
87142,1.68555
87161.9,1.68454
87181.8,1.68352
87201.7,1.68251
87221.6,1.68149
87241.5,1.68048
87261.5,1.67946
87281.4,1.67845
87301.3,1.67743
87321.2,1.67642
87341.1,1.6754
87361,1.67439
87380.9,1.67337
87400.8,1.67236
87420.7,1.67134
87440.6,1.67033
87460.5,1.66931
87480.4,1.66834
87500.3,1.66741
87520.2,1.66648
87540.1,1.66555
87560,1.66463
87579.9,1.6637
87599.8,1.66277
87619.7,1.66184
87639.6,1.66091
87659.5,1.65998
87679.4,1.65905
87699.3,1.65813
87719.2,1.6572
87739.1,1.65627
87759.1,1.65534
87779,1.65441
87798.9,1.65348
87818.8,1.65255
87838.7,1.65163
87858.6,1.6507
87878.5,1.64977
87898.4,1.64884
87918.3,1.64791
87938.2,1.64698
87958.1,1.64605
87978,1.64513
87997.9,1.6442
88017.8,1.64327
88037.7,1.64234
88057.6,1.64141
88077.5,1.64048
88097.4,1.63955
88117.3,1.63863
88137.2,1.6377
88157.1,1.63677
88177,1.63584
88196.9,1.63491
88216.8,1.63398
88236.7,1.63305
88256.6,1.63213
88276.6,1.6312
88296.5,1.63027
88316.4,1.62934
88336.3,1.62841
88356.2,1.62748
88376.1,1.62655
88396,1.62563
88415.9,1.6247
88435.8,1.62377
88455.7,1.62284
88475.6,1.62191
88495.5,1.62098
88515.4,1.62005
88535.3,1.61913
88555.2,1.6182
88575.1,1.61727
88595,1.61634
88614.9,1.61541
88634.8,1.61448
88654.7,1.61355
88674.6,1.61263
88694.5,1.6117
88714.4,1.61077
88734.3,1.60984
88754.3,1.60891
88774.1,1.60798
88794.1,1.60705
88814,1.60613
88833.9,1.6052
88853.8,1.60427
88873.7,1.60334
88893.6,1.60241
88913.5,1.60148
88933.4,1.60055
88953.3,1.59963
88973.2,1.5987
88993.1,1.59777
89013,1.59684
89032.9,1.59591
89052.8,1.59498
89072.7,1.59405
89092.6,1.59313
89112.5,1.5922
89132.4,1.59127
89152.3,1.59034
89172.2,1.58941
89192.1,1.58852
89212,1.58765
89231.9,1.58678
89251.9,1.58591
89271.8,1.58504
89291.7,1.58417
89311.6,1.58329
89331.5,1.58242
89351.4,1.58155
89371.3,1.58068
89391.2,1.57981
89411.1,1.57894
89431,1.57807
89450.9,1.5772
89470.8,1.57633
89490.7,1.57546
89510.6,1.57459
89530.5,1.57372
89550.4,1.57285
89570.3,1.57198
89590.2,1.57111
89610.1,1.57024
89630,1.56937
89649.9,1.5685
89669.8,1.56762
89689.7,1.56675
89709.6,1.56588
89729.5,1.56501
89749.5,1.56414
89769.4,1.56327
89789.3,1.5624
89809.2,1.56153
89829.1,1.56066
89849,1.55979
89868.9,1.55892
89888.8,1.55805
89908.7,1.55718
89928.6,1.55631
89948.5,1.55544
89968.4,1.55457
89988.3,1.5537
90008.2,1.55283
90028.1,1.55195
90048,1.55108
90067.9,1.55021
90087.8,1.54934
90107.7,1.54847
90127.6,1.5476
90147.5,1.54673
90167.4,1.54586
90187.3,1.54499
90207.2,1.54412
90227.1,1.54325
90247,1.54238
90267,1.54151
90286.9,1.54064
90306.8,1.53977
90326.7,1.5389
90346.6,1.53803
90366.5,1.53715
90386.4,1.53628
90406.3,1.53541
90426.2,1.53454
90446.1,1.53367
90466,1.5328
90485.9,1.53193
90505.8,1.53106
90525.7,1.53019
90545.6,1.52932
90565.5,1.52845
90585.4,1.52758
90605.3,1.52671
90625.2,1.52584
90645.1,1.52497
90665,1.5241
90684.9,1.52323
90704.8,1.52236
90724.8,1.52148
90744.6,1.52061
90764.6,1.51974
90784.5,1.51887
90804.4,1.518
90824.3,1.51713
90844.2,1.51626
90864.1,1.51539
90884,1.51452
90903.9,1.51365
90923.8,1.51278
90943.7,1.51195
90963.6,1.51114
90983.5,1.51034
91003.4,1.50953
91023.3,1.50872
91043.2,1.50791
91063.1,1.50711
91083,1.5063
91102.9,1.50549
91122.8,1.50468
91142.7,1.50388
91162.6,1.50307
91182.5,1.50226
91202.4,1.50145
91222.3,1.50064
91242.3,1.49984
91262.2,1.49903
91282.1,1.49822
91302,1.49741
91321.9,1.49661
91341.8,1.4958
91361.7,1.49499
91381.6,1.49418
91401.5,1.49338
91421.4,1.49257
91441.3,1.49176
91461.2,1.49095
91481.1,1.49014
91501,1.48934
91520.9,1.48853
91540.8,1.48772
91560.7,1.48691
91580.6,1.48611
91600.5,1.4853
91620.4,1.48449
91640.3,1.48368
91660.2,1.48288
91680.1,1.48207
91700,1.48126
91719.9,1.48045
91739.9,1.47965
91759.8,1.47884
91779.7,1.47803
91799.6,1.47722
91819.5,1.47641
91839.4,1.47561
91859.3,1.4748
91879.2,1.47399
91899.1,1.47318
91919,1.47238
91938.9,1.47157
91958.8,1.47076
91978.7,1.46995
91998.6,1.46915
92018.5,1.46834
92038.4,1.46753
92058.3,1.46672
92078.2,1.46591
92098.1,1.46511
92118,1.4643
92137.9,1.46349
92157.8,1.46268
92177.7,1.46188
92197.6,1.46107
92217.5,1.46026
92237.4,1.45945
92257.4,1.45865
92277.3,1.45784
92297.2,1.45703
92317.1,1.45622
92337,1.45541
92356.9,1.45461
92376.8,1.4538
92396.7,1.45299
92416.6,1.45218
92436.5,1.45138
92456.4,1.45057
92476.3,1.44976
92496.2,1.44895
92516.1,1.44815
92536,1.44734
92555.9,1.44653
92575.8,1.44572
92595.7,1.44492
92615.6,1.44411
92635.5,1.4433
92655.4,1.44249
92675.3,1.44168
92695.2,1.44088
92715.1,1.44009
92735,1.43934
92754.9,1.43859
92774.9,1.43784
92794.8,1.4371
92814.7,1.43635
92834.6,1.4356
92854.5,1.43486
92874.4,1.43411
92894.3,1.43336
92914.2,1.43262
92934.1,1.43187
92954,1.43112
92973.9,1.43038
92993.8,1.42963
93013.7,1.42888
93033.6,1.42813
93053.5,1.42739
93073.4,1.42664
93093.3,1.42589
93113.2,1.42515
93133.1,1.4244
93153,1.42365
93172.9,1.42291
93192.8,1.42216
93212.7,1.42141
93232.6,1.42067
93252.5,1.41992
93272.5,1.41917
93292.4,1.41843
93312.3,1.41768
93332.2,1.41693
93352.1,1.41619
93372,1.41544
93391.9,1.41469
93411.8,1.41394
93431.7,1.4132
93451.6,1.41245
93471.5,1.4117
93491.4,1.41096
93511.3,1.41021
93531.2,1.40946
93551.1,1.40872
93571,1.40797
93590.9,1.40722
93610.8,1.40648
93630.7,1.40573
93650.6,1.40498
93670.5,1.40424
93690.4,1.40349
93710.3,1.40274
93730.3,1.40199
93750.1,1.40125
93770.1,1.4005
93790,1.39975
93809.9,1.39901
93829.8,1.39826
93849.7,1.39751
93869.6,1.39677
93889.5,1.39602
93909.4,1.39527
93929.3,1.39453
93949.2,1.39378
93969.1,1.39303
93989,1.39229
94008.9,1.39154
94028.8,1.39079
94048.7,1.39005
94068.6,1.3893
94088.5,1.38855
94108.4,1.3878
94128.3,1.38706
94148.2,1.38631
94168.1,1.38556
94188,1.38482
94207.9,1.38407
94227.8,1.38332
94247.8,1.38258
94267.7,1.38183
94287.6,1.38108
94307.5,1.38034
94327.4,1.37959
94347.3,1.37884
94367.2,1.3781
94387.1,1.37735
94407,1.3766
94426.9,1.37585
94446.8,1.37511
94466.7,1.37436
94486.6,1.37361
94506.5,1.37287
94526.4,1.37214
94546.3,1.37144
94566.2,1.37074
94586.1,1.37005
94606,1.36935
94625.9,1.36866
94645.8,1.36796
94665.7,1.36727
94685.6,1.36657
94705.5,1.36587
94725.4,1.36518
94745.4,1.36448
94765.3,1.36379
94785.2,1.36309
94805.1,1.36239
94825,1.3617
94844.9,1.361
94864.8,1.36031
94884.7,1.35961
94904.6,1.35891
94924.5,1.35822
94944.4,1.35752
94964.3,1.35683
94984.2,1.35613
95004.1,1.35543
95024,1.35474
95043.9,1.35404
95063.8,1.35335
95083.7,1.35265
95103.6,1.35195
95123.5,1.35126
95143.4,1.35056
95163.3,1.34987
95183.2,1.34917
95203.1,1.34848
95223,1.34778
95243,1.34708
95262.9,1.34639
95282.8,1.34569
95302.7,1.345
95322.6,1.3443
95342.5,1.3436
95362.4,1.34291
95382.3,1.34221
95402.2,1.34152
95422.1,1.34082
95442,1.34012
95461.9,1.33943
95481.8,1.33873
95501.7,1.33804
95521.6,1.33734
95541.5,1.33664
95561.4,1.33595
95581.3,1.33525
95601.2,1.33456
95621.1,1.33386
95641,1.33317
95660.9,1.33247
95680.8,1.33177
95700.7,1.33108
95720.6,1.33038
95740.6,1.32969
95760.5,1.32899
95780.4,1.32829
95800.3,1.3276
95820.2,1.3269
95840.1,1.32621
95860,1.32551
95879.9,1.32481
95899.8,1.32412
95919.7,1.32342
95939.6,1.32273
95959.5,1.32203
95979.4,1.32133
95999.3,1.32064
96019.2,1.31994
96039.1,1.31925
96059,1.31855
96078.9,1.31786
96098.8,1.31716
96118.7,1.31646
96138.6,1.31577
96158.5,1.31507
96178.4,1.31438
96198.3,1.31368
96218.2,1.31298
96238.1,1.31229
96258,1.31159
96278,1.3109
96297.9,1.3102
96317.8,1.3095
96337.7,1.30881
96357.6,1.30811
96377.5,1.30743
96397.4,1.30678
96417.3,1.30613
96437.2,1.30548
96457.1,1.30483
96477,1.30418
96496.9,1.30353
96516.8,1.30288
96536.7,1.30223
96556.6,1.30158
96576.5,1.30093
96596.4,1.30028
96616.3,1.29963
96636.2,1.29898
96656.1,1.29833
96676,1.29767
96695.9,1.29702
96715.8,1.29637
96735.7,1.29572
96755.6,1.29507
96775.6,1.29442
96795.5,1.29377
96815.4,1.29312
96835.3,1.29247
96855.2,1.29182
96875.1,1.29117
96895,1.29052
96914.9,1.28987
96934.8,1.28922
96954.7,1.28857
96974.6,1.28792
96994.5,1.28727
97014.4,1.28661
97034.3,1.28596
97054.2,1.28531
97074.1,1.28466
97094,1.28401
97113.9,1.28336
97133.8,1.28271
97153.7,1.28206
97173.6,1.28141
97193.5,1.28076
97213.4,1.28011
97233.3,1.27946
97253.3,1.27881
97273.2,1.27816
97293.1,1.27751
97313,1.27686
97332.9,1.27621
97352.8,1.27555
97372.7,1.2749
97392.6,1.27425
97412.5,1.2736
97432.4,1.27295
97452.3,1.2723
97472.2,1.27165
97492.1,1.271
97512,1.27035
97531.9,1.2697
97551.8,1.26905
97571.7,1.2684
97591.6,1.26775
97611.5,1.2671
97631.4,1.26645
97651.3,1.2658
97671.2,1.26515
97691.1,1.2645
97711,1.26384
97730.9,1.26319
97750.9,1.26254
97770.8,1.26189
97790.7,1.26124
97810.6,1.26059
97830.5,1.25994
97850.4,1.25929
97870.3,1.25864
97890.2,1.25799
97910.1,1.25734
97930,1.25669
97949.9,1.25604
97969.8,1.25539
97989.7,1.25474
98009.6,1.25409
98029.5,1.25344
98049.4,1.25278
98069.3,1.25213
98089.2,1.25148
98109.1,1.25083
98129,1.25018
98148.9,1.24953
98168.8,1.24888
98188.7,1.24823
98208.6,1.24758
98228.5,1.24693
98248.5,1.24628
98268.4,1.24567
98288.3,1.24507
98308.2,1.24447
98328.1,1.24387
98348,1.24327
98367.9,1.24267
98387.8,1.24207
98407.7,1.24147
98427.6,1.24087
98447.5,1.24027
98467.4,1.23967
98487.3,1.23907
98507.2,1.23846
98527.1,1.23786
98547,1.23726
98566.9,1.23666
98586.8,1.23606
98606.7,1.23546
98626.6,1.23486
98646.5,1.23426
98666.4,1.23366
98686.3,1.23306
98706.2,1.23246
98726.1,1.23186
98746,1.23126
98766,1.23065
98785.9,1.23005
98805.8,1.22945
98825.7,1.22885
98845.6,1.22825
98865.5,1.22765
98885.4,1.22705
98905.3,1.22645
98925.2,1.22585
98945.1,1.22525
98965,1.22465
98984.9,1.22405
99004.8,1.22344
99024.7,1.22284
99044.6,1.22224
99064.5,1.22164
99084.4,1.22104
99104.3,1.22044
99124.2,1.21984
99144.1,1.21924
99164,1.21864
99183.9,1.21804
99203.8,1.21744
99223.8,1.21684
99243.6,1.21623
99263.6,1.21563
99283.5,1.21503
99303.4,1.21443
99323.3,1.21383
99343.2,1.21323
99363.1,1.21263
99383,1.21203
99402.9,1.21143
99422.8,1.21083
99442.7,1.21023
99462.6,1.20963
99482.5,1.20902
99502.4,1.20842
99522.3,1.20782
99542.2,1.20722
99562.1,1.20662
99582,1.20602
99601.9,1.20542
99621.8,1.20482
99641.7,1.20422
99661.6,1.20362
99681.5,1.20302
99701.4,1.20242
99721.3,1.20182
99741.3,1.20121
99761.2,1.20061
99781.1,1.20001
99801,1.19941
99820.9,1.19881
99840.8,1.19821
99860.7,1.19761
99880.6,1.19701
99900.5,1.19641
99920.4,1.19581
99940.3,1.19521
99960.2,1.19461
99980.1,1.194
100000,1.1934