500,23833.1
519.904,23327.1
539.808,22821.1
559.712,22315.1
579.616,21809.1
599.52,21303
619.424,20797
639.328,20291
659.232,19785
679.136,19279
699.04,18773
718.944,18267
738.848,17761
758.752,17254.9
778.656,16748.9
798.56,16242.9
818.464,15736.9
838.368,15230.9
858.272,14724.9
878.176,14218.9
898.08,13712.8
917.984,13206.8
937.888,12700.8
957.792,12194.8
977.696,11688.8
997.599,11182.8
1017.5,10676.8
1037.41,10198.8
1057.31,9742.7
1077.22,9324.97
1097.12,8927.55
1117.02,8546.83
1136.93,8195.63
1156.83,7872.59
1176.74,7558.4
1196.64,7260.4
1216.54,6985
1236.45,6714.03
1256.35,6462.03
1276.26,6228.88
1296.16,6005.75
1316.06,5793.12
1335.97,5591.74
1355.87,5398.37
1375.78,5213.32
1395.68,5039.09
1415.58,4875.27
1435.49,4715.66
1455.39,19810
1475.3,18788.2
1495.2,25859.2
1515.1,25092.9
1535.01,24411.7
1554.91,23735.9
1574.81,23116.7
1594.72,22515.3
1614.62,21932.4
1634.53,21379.4
1654.43,22029.7
1674.33,22920.7
1694.24,22262.5
1714.14,21637.6
1734.05,21035.4
1753.95,20449.2
1773.85,19912.1
1793.76,19385.9
1813.66,18873.8
1833.57,18378.7
1853.47,17891.5
1873.37,17435.5
1893.28,16985.8
1913.18,16564.4
1933.09,16150.7
1952.99,15759.5
1972.89,15375.4
1992.8,15004.6
2012.7,14636.2
2032.61,14284.6
2052.51,13940.9
2072.41,13607.5
2092.32,13281
2112.22,12964
2132.13,12658.2
2152.03,12368.4
2171.93,12083.4
2191.84,11809.2
2211.74,11538.9
2231.65,11284.7
2251.55,11030.9
2271.45,10792.5
2291.36,10554
2311.26,10329.1
2331.17,10107.3
2351.07,9894.3
2370.97,9688.38
2390.88,9485.81
2410.78,9293.56
2430.69,9101.32
2450.59,8917.3
2470.49,8734.36
2490.4,8559.98
2510.3,8393.43
2530.21,8227.33
2550.11,8068.21
2570.01,7909.1
2589.92,7758
2609.82,7612.26
2629.73,7466.79
2649.63,7328.21
2669.53,7189.62
2689.44,7054.95
2709.34,6924.63
2729.25,6794.31
2749.15,6673.97
2769.05,6555.22
2788.96,6437.28
2808.86,6323.93
2828.77,6210.59
2848.67,6101.84
2868.57,5999.04
2888.48,5896.25
2908.38,5796.17
2928.29,5697.74
2948.19,5599.3
2968.09,5506.15
2988,5414.68
3007.9,5321.92
3027.81,5232.38
3047.71,5143.46
3067.61,5054.54
3087.52,4970.39
3107.42,4886.59
3127.33,4802.8
3147.23,4724.64
3167.13,4646.99
3187.04,4569.35
3206.94,4497.74
3226.85,4427.19
3246.75,4356.63
3266.65,4287.67
3286.56,4219.43
3306.46,4151.19
3326.37,4085.79
3346.27,4023.02
3366.17,3960.24
3386.08,3898.83
3405.98,3841.42
3425.89,3784.01
3445.79,3726.6
3465.69,3672.09
3485.6,3617.76
3505.5,3563.43
3525.41,3510.67
3545.31,3459.34
3565.21,3408.02
3585.12,3357.12
3605.02,3309.86
3624.92,3262.6
3644.83,3215.35
3664.73,3170.17
3684.64,3126.45
3704.54,3082.73
3724.45,3039.01
3744.35,2998.01
3764.25,2957.09
3784.16,2916.16
3804.06,2876.01
3823.96,2837.6
3843.87,2799.2
3863.77,2760.8
3883.68,2724.06
3903.58,2688.49
3923.48,2652.92
3943.39,2617.35
3963.29,2583.16
3983.2,2549.39
4003.1,2515.75
4023,2482.81
4042.91,2451.21
4062.81,2419.76
4082.72,2388.31
4102.62,2356.86
4122.52,2327.21
4142.43,2297.7
4162.33,2268.19
4182.24,2238.68
4202.14,2211.12
4222.04,2183.75
4241.95,2156.38
4261.85,2129.01
4281.76,2103.02
4301.66,2077.38
4321.56,2051.75
4341.47,2026.11
4361.37,2001.65
4381.28,1977.9
4401.18,1954.16
4421.08,1930.41
4440.99,1907.24
4460.89,1885.13
4480.8,1863.02
4500.7,1840.91
4520.6,1818.8
4540.51,1798.07
4560.41,1777.37
4580.32,1756.67
4600.22,1735.97
4620.12,1716.11
4640.03,1696.92
4659.93,1677.74
4679.84,1658.55
4699.74,1639.41
4719.64,1621.59
4739.55,1603.77
4759.45,1585.95
4779.36,1568.13
4799.26,1550.82
4819.16,1534.23
4839.07,1517.64
4858.97,1501.05
4878.88,1484.46
4898.78,1468.58
4918.68,1453.01
4938.59,1437.44
4958.49,1421.87
4978.4,1406.3
4998.3,1391.65
5018.2,1377.16
5038.11,1362.68
5058.01,1348.2
5077.92,1333.72
5097.82,1320.1
5117.72,1306.48
5137.63,1292.87
5157.53,1279.25
5177.44,1265.65
5197.34,1252.96
5217.24,1240.26
5237.15,1227.56
5257.05,1214.86
5276.96,1202.17
5296.86,1190.31
5316.76,1178.49
5336.67,1166.68
5356.57,1154.86
5376.48,1143.05
5396.38,1131.97
5416.28,1121.11
5436.19,1110.25
5456.09,1099.39
5476,1088.53
5495.9,1077.95
5515.8,1067.74
5535.71,1057.52
5555.61,1047.31
5575.52,1037.09
5595.42,1026.93
5615.32,1017.37
5635.23,1007.81
5655.13,998.248
5675.04,988.688
5694.94,979.129
5714.84,970.031
5734.75,961.249
5754.65,952.466
5774.55,943.683
5794.46,934.9
5814.36,926.117
5834.27,917.846
5854.17,909.592
5874.07,901.338
5893.98,893.085
5913.88,884.831
5933.79,876.74
5953.69,869.049
5973.59,861.357
5993.5,853.666
6013.4,846.024
6033.31,838.406
6053.21,830.97
6073.11,823.745
6093.02,816.519
6112.92,809.294
6132.83,802.069
6152.73,794.843
6172.63,787.853
6192.54,781.113
6212.44,774.373
6232.35,767.633
6252.25,760.892
6272.15,754.152
6292.06,747.649
6311.96,741.428
6331.87,735.208
6351.77,728.988
6371.67,722.768
6391.58,716.547
6411.48,710.435
6431.39,704.606
6451.29,698.776
6471.19,692.947
6491.1,687.118
6511,681.288
6530.91,675.459
6550.81,670.049
6570.71,664.641
6590.62,659.233
6610.52,653.825
6630.43,648.417
6650.33,643.009
6670.23,637.838
6690.14,632.849
6710.04,627.861
6729.95,622.872
6749.85,617.884
6769.75,612.895
6789.66,607.916
6809.56,603.204
6829.47,598.493
6849.37,593.781
6869.27,589.069
6889.18,584.358
6909.08,579.646
6928.99,575.073
6948.89,570.754
6968.79,566.437
6988.7,562.119
7008.6,557.801
7028.51,553.483
7048.41,549.165
7068.31,544.99
7088.22,540.924
7108.12,536.859
7128.03,532.793
7147.93,528.727
7167.83,524.661
7187.74,520.596
7207.64,516.716
7227.55,512.944
7247.45,509.171
7267.35,505.399
7287.26,501.626
7307.16,497.854
7327.07,494.081
7346.97,490.478
7366.87,487.013
7386.78,483.548
7406.68,480.083
7426.59,476.618
7446.49,473.154
7466.39,469.689
7486.3,466.286
7506.2,462.992
7526.1,459.698
7546.01,456.404
7565.91,453.111
7585.82,449.816
7605.72,446.523
7625.63,443.237
7645.53,440.226
7665.43,437.214
7685.34,434.202
7705.24,431.19
7725.15,428.179
7745.05,425.167
7764.95,422.155
7784.86,419.258
7804.76,416.477
7824.67,413.697
7844.57,410.917
7864.47,408.136
7884.38,405.356
7904.28,402.575
7924.18,399.795
7944.09,397.088
7963.99,394.393
7983.9,391.698
8003.8,389.025
8023.7,386.448
8043.61,383.871
8063.51,381.294
8083.42,378.724
8103.32,376.243
8123.23,373.762
8143.13,371.281
8163.03,368.8
8182.94,366.318
8202.84,363.837
8222.74,361.356
8242.65,358.9
8262.55,356.61
8282.46,354.32
8302.36,352.03
8322.26,349.74
8342.17,347.45
8362.07,345.16
8381.98,342.87
8401.88,340.587
8421.78,338.459
8441.69,336.331
8461.59,334.202
8481.5,332.074
8501.4,329.946
8521.3,327.818
8541.21,325.689
8561.11,323.561
8581.02,321.548
8600.92,319.563
8620.82,317.578
8640.73,315.592
8660.63,313.607
8680.54,311.622
8700.44,309.636
8720.34,307.651
8740.25,305.728
8760.15,303.891
8780.06,302.054
8799.96,300.218
8819.86,298.381
8839.77,296.545
8859.67,294.708
8879.58,292.872
8899.48,291.035
8919.38,289.3
8939.29,287.588
8959.19,285.875
8979.1,284.162
8999,282.449
9018.9,280.736
9038.81,279.024
9058.71,277.311
9078.62,275.609
9098.52,274.024
9118.42,272.44
9138.33,270.856
9158.23,269.272
9178.14,267.687
9198.04,266.103
9217.94,264.519
9237.85,262.935
9257.75,261.365
9277.66,259.888
9297.56,258.41
9317.46,256.933
9337.37,255.456
9357.27,253.978
9377.17,252.501
9397.08,251.023
9416.98,249.546
9436.89,248.073
9456.79,246.695
9476.7,245.317
9496.6,243.938
9516.5,242.56
9536.41,241.182
9556.31,239.804
9576.21,238.426
9596.12,237.048
9616.02,235.67
9635.93,234.368
9655.83,233.085
9675.74,231.802
9695.64,230.519
9715.54,229.236
9735.45,227.953
9755.35,226.67
9775.25,225.387
9795.16,224.105
9815.06,222.857
9834.97,221.673
9854.87,220.489
9874.77,219.304
9894.68,218.12
9914.58,216.936
9934.49,215.752
9954.39,214.568
9974.29,213.384
9994.2,212.2
10014.1,211.08
10034,209.987
10053.9,208.895
10073.8,207.802
10093.7,206.709
10113.6,205.616
10133.5,204.523
10153.4,203.43
10173.3,202.337
10193.2,201.244
10213.1,200.153
10233,199.064
10253,197.975
10272.9,196.886
10292.8,195.797
10312.7,194.707
10332.6,193.618
10352.5,192.529
10372.4,191.44
10392.3,190.369
10412.2,189.435
10432.1,188.502
10452,187.568
10471.9,186.635
10491.8,185.702
10511.7,184.768
10531.6,183.835
10551.5,182.902
10571.4,181.968
10591.3,181.035
10611.2,180.131
10631.1,179.249
10651,178.368
10670.9,177.487
10690.8,176.605
10710.7,175.724
10730.6,174.843
10750.5,173.961
10770.5,173.08
10790.4,172.199
10810.3,171.318
10830.2,170.478
10850.1,169.639
10870,168.799
10889.9,167.959
10909.8,167.119
10929.7,166.28
10949.6,165.44
10969.5,164.6
10989.4,163.761
11009.3,162.921
11029.2,162.102
11049.1,161.308
11069,160.513
11088.9,159.718
11108.8,158.924
11128.7,158.129
11148.6,157.335
11168.5,156.54
11188.4,155.745
11208.3,154.951
11228.2,154.156
11248.1,153.431
11268.1,152.712
11288,151.993
11307.9,151.275
11327.8,150.556
11347.7,149.837
11367.6,149.119
11387.5,148.4
11407.4,147.681
11427.3,146.962
11447.2,146.244
11467.1,145.584
11487,144.935
11506.9,144.286
11526.8,143.636
11546.7,142.987
11566.6,142.337
11586.5,141.688
11606.4,141.038
11626.3,140.389
11646.2,139.739
11666.1,139.09
11686,138.441
11705.9,137.796
11725.8,137.15
11745.7,136.504
11765.7,135.858
11785.6,135.212
11805.5,134.566
11825.4,133.92
11845.3,133.275
11865.2,132.629
11885.1,131.983
11905,131.358
11924.9,130.796
11944.8,130.235
11964.7,129.673
11984.6,129.111
12004.5,128.55
12024.4,127.988
12044.3,127.426
12064.2,126.865
12084.1,126.303
12104,125.741
12123.9,125.18
12143.8,124.62
12163.7,124.069
12183.6,123.518
12203.5,122.966
12223.4,122.415
12243.3,121.864
12263.3,121.313
12283.2,120.761
12303.1,120.21
12323,119.659
12342.9,119.108
12362.8,118.556
12382.7,118.048
12402.6,117.564
12422.5,117.08
12442.4,116.596
12462.3,116.113
12482.2,115.629
12502.1,115.145
12522,114.661
12541.9,114.177
12561.8,113.694
12581.7,113.21
12601.6,112.726
12621.5,112.24
12641.4,111.73
12661.3,762.51
12681.2,759.508
12701.1,756.505
12721,753.503
12740.9,750.5
12760.9,747.498
12780.8,744.495
12800.7,741.493
12820.6,738.49
12840.5,735.488
12860.4,732.489
12880.3,729.691
12900.2,726.893
12920.1,724.095
12940,721.297
12959.9,718.499
12979.8,715.701
12999.7,712.903
13019.6,710.105
13039.5,707.307
13059.4,704.508
13079.3,701.71
13099.2,698.912
13119.1,696.241
13139,693.718
13158.9,691.196
13178.8,688.674
13198.7,686.152
13218.6,683.629
13238.5,681.107
13258.5,678.585
13278.4,676.062
13298.3,673.54
13318.2,671.018
13338.1,668.496
13358,665.973
13377.9,663.484
13397.8,661.046
13417.7,658.608
13437.6,656.17
13457.5,653.731
13477.4,651.293
13497.3,648.855
13517.2,646.417
13537.1,643.979
13557,641.54
13576.9,639.102
13596.8,636.664
13616.7,634.226
13636.6,631.854
13656.5,629.614
13676.4,627.374
13696.3,625.134
13716.2,622.894
13736.1,620.654
13756.1,618.414
13776,616.174
13795.9,613.934
13815.8,611.694
13835.7,609.454
13855.6,607.214
13875.5,604.974
13895.4,602.734
13915.3,600.577
13935.2,598.445
13955.1,596.313
13975,594.181
13994.9,592.049
14014.8,589.917
14034.7,587.785
14054.6,585.653
14074.5,583.521
14094.4,581.389
14114.3,579.257
14134.2,577.125
14154.1,574.993
14174,572.898
14193.9,570.946
14213.8,568.994
14233.7,567.042
14253.7,565.091
14273.6,563.139
14293.5,561.187
14313.4,559.235
14333.3,557.283
14353.2,555.332
14373.1,553.38
14393,551.428
14412.9,549.476
14432.8,547.525
14452.7,545.583
14472.6,543.71
14492.5,541.836
14512.4,539.962
14532.3,538.089
14552.2,536.215
14572.1,534.341
14592,532.467
14611.9,530.594
14631.8,528.72
14651.7,526.846
14671.6,524.973
14691.5,523.099
14711.4,521.225
14731.3,519.36
14751.3,517.605
14771.2,515.851
14791.1,514.097
14811,512.343
14830.9,510.589
14850.8,508.835
14870.7,507.08
14890.6,505.326
14910.5,503.572
14930.4,501.818
14950.3,500.064
14970.2,498.309
14990.1,496.555
15010,494.95
15029.9,493.393
15049.8,491.735
15069.7,490.076
15089.6,488.418
15109.5,486.76
15129.4,485.101
15149.3,483.443
15169.2,481.785
15189.1,480.126
15209,478.468
15228.9,476.81
15248.8,475.151
15268.8,473.493
15288.7,471.835
15308.6,470.176
15328.5,468.637
15348.4,467.107
15368.3,465.577
15388.2,464.046
15408.1,462.516
15428,460.986
15447.9,459.456
15467.8,457.926
15487.7,456.395
15507.6,454.865
15527.5,453.335
15547.4,451.805
15567.3,450.275
15587.2,448.744
15607.1,447.214
15627,445.787
15646.9,444.376
15666.8,442.966
15686.7,441.556
15706.6,440.145
15726.5,438.735
15746.5,437.325
15766.4,435.914
15786.3,434.504
15806.2,433.094
15826.1,431.684
15846,430.273
15865.9,428.863
15885.8,427.453
15905.7,426.042
15925.6,424.645
15945.5,423.282
15965.4,421.919
15985.3,420.555
16005.2,419.192
16025.1,417.829
16045,416.465
16064.9,415.102
16084.8,413.739
16104.7,412.375
16124.6,411.012
16144.5,409.649
16164.4,408.286
16184.3,406.922
16204.2,405.559
16224.1,404.196
16244,402.899
16264,401.63
16283.9,400.36
16303.8,399.091
16323.7,397.822
16343.6,396.552
16363.5,395.283
16383.4,394.014
16403.3,392.744
16423.2,391.475
16443.1,390.206
16463,388.937
16482.9,387.667
16502.8,386.398
16522.7,385.129
16542.6,383.874
16562.5,382.712
16582.4,381.551
16602.3,380.389
16622.2,379.228
16642.1,378.066
16662,376.905
16681.9,375.744
16701.8,374.582
16721.7,373.421
16741.6,372.259
16761.6,371.098
16781.5,369.936
16801.4,368.775
16821.3,367.614
16841.2,366.452
16861.1,365.291
16881,364.162
16900.9,363.06
16920.8,361.958
16940.7,360.857
16960.6,359.755
16980.5,358.653
17000.4,357.551
17020.3,356.449
17040.2,355.348
17060.1,354.246
17080,353.144
17099.9,352.042
17119.8,350.94
17139.7,349.838
17159.6,348.737
17179.5,347.635
17199.4,346.533
17219.3,345.485
17239.2,344.438
17259.2,343.392
17279.1,342.345
17299,341.298
17318.9,340.252
17338.8,339.205
17358.7,338.158
17378.6,337.112
17398.5,336.065
17418.4,335.019
17438.3,333.972
17458.2,332.925
17478.1,331.879
17498,330.832
17517.9,329.786
17537.8,328.779
17557.7,327.836
17577.6,326.893
17597.5,325.95
17617.4,325.007
17637.3,324.064
17657.2,323.121
17677.1,322.178
17697,321.235
17716.9,320.292
17736.8,319.348
17756.8,318.405
17776.7,317.462
17796.6,316.519
17816.5,315.576
17836.4,314.633
17856.3,313.69
17876.2,312.747
17896.1,311.842
17916,310.947
17935.9,310.052
17955.8,309.157
17975.7,308.262
17995.6,307.366
18015.5,306.471
18035.4,305.576
18055.3,304.681
18075.2,303.786
18095.1,302.89
18115,301.995
18134.9,301.1
18154.8,300.205
18174.7,299.31
18194.6,298.414
18214.5,297.519
18234.4,296.633
18254.3,295.78
18274.3,294.926
18294.2,294.072
18314.1,293.219
18334,292.365
18353.9,291.512
18373.8,290.658
18393.7,289.805
18413.6,288.951
18433.5,288.097
18453.4,287.244
18473.3,286.39
18493.2,285.537
18513.1,284.683
18533,283.829
18552.9,282.976
18572.8,282.122
18592.7,281.323
18612.6,280.555
18632.5,279.787
18652.4,279.019
18672.3,278.251
18692.2,277.483
18712.1,276.715
18732,275.947
18752,275.179
18771.9,274.411
18791.8,273.643
18811.7,272.875
18831.6,272.107
18851.5,271.339
18871.4,270.571
18891.3,269.803
18911.2,269.035
18931.1,268.267
18951,267.501
18970.9,266.772
18990.8,266.043
19010.7,265.315
19030.6,264.586
19050.5,263.857
19070.4,263.129
19090.3,262.4
19110.2,261.671
19130.1,260.943
19150,260.214
19169.9,259.485
19189.8,258.757
19209.7,258.028
19229.6,257.299
19249.5,256.571
19269.5,255.842
19289.4,255.113
19309.3,254.385
19329.2,253.671
19349.1,252.976
19369,252.281
19388.9,251.586
19408.8,250.891
19428.7,250.196
19448.6,249.5
19468.5,248.805
19488.4,248.11
19508.3,247.415
19528.2,246.72
19548.1,246.024
19568,245.329
19587.9,244.634
19607.8,243.939
19627.7,243.244
19647.6,242.549
19667.5,241.853
19687.4,241.158
19707.3,240.522
19727.2,239.894
19747.2,239.267
19767.1,238.639
19787,238.012
19806.9,237.384
19826.8,236.756
19846.7,236.129
19866.6,235.501
19886.5,234.874
19906.4,234.246
19926.3,233.618
19946.2,232.991
19966.1,232.363
19986,231.736
20005.9,231.113
20025.8,230.503
20045.7,229.893
20065.6,229.282
20085.5,228.677
20105.4,228.083
20125.3,227.488
20145.2,226.894
20165.1,226.3
20185,225.706
20204.9,225.112
20224.8,224.518
20244.7,223.924
20264.7,223.329
20284.6,222.735
20304.5,222.141
20324.4,221.547
20344.3,220.953
20364.2,220.359
20384.1,219.765
20404,219.17
20423.9,218.576
20443.8,217.982
20463.7,217.388
20483.6,216.823
20503.5,216.271
20523.4,215.719
20543.3,215.167
20563.2,214.615
20583.1,214.063
20603,213.511
20622.9,212.959
20642.8,212.407
20662.7,211.855
20682.6,211.303
20702.5,210.751
20722.4,210.199
20742.3,209.647
20762.3,209.095
20782.2,208.543
20802.1,207.991
20822,207.439
20841.9,206.887
20861.8,206.336
20881.7,205.808
20901.6,205.298
20921.5,204.788
20941.4,204.278
20961.3,203.768
20981.2,203.258
21001.1,202.748
21021,202.238
21040.9,201.728
21060.8,201.218
21080.7,200.708
21100.6,200.197
21120.5,199.687
21140.4,199.177
21160.3,198.667
21180.2,198.157
21200.1,197.647
21220,197.137
21239.9,196.627
21259.9,196.117
21279.8,195.607
21299.7,195.135
21319.6,194.663
21339.5,194.191
21359.4,193.719
21379.3,193.247
21399.2,192.775
21419.1,192.303
21439,191.831
21458.9,191.359
21478.8,190.887
21498.7,190.416
21518.6,189.944
21538.5,189.472
21558.4,189
21578.3,188.528
21598.2,188.056
21618.1,187.584
21638,187.112
21657.9,186.64
21677.8,186.169
21697.7,185.697
21717.6,185.245
21737.5,184.795
21757.5,184.346
21777.4,183.897
21797.3,183.447
21817.2,182.998
21837.1,182.549
21857,182.099
21876.9,181.65
21896.8,181.201
21916.7,180.751
21936.6,180.302
21956.5,179.853
21976.4,179.403
21996.3,178.954
22016.2,178.505
22036.1,178.055
22056,177.606
22075.9,177.157
22095.8,176.707
22115.7,176.258
22135.6,175.834
22155.5,175.417
22175.4,175
22195.3,174.583
22215.2,174.167
22235.1,173.75
22255.1,173.333
22275,172.916
22294.9,172.499
22314.8,172.082
22334.7,171.665
22354.6,171.249
22374.5,170.832
22394.4,170.415
22414.3,169.998
22434.2,169.581
22454.1,169.164
22474,168.747
22493.9,168.331
22513.8,167.914
22533.7,167.497
22553.6,167.085
22573.5,166.698
22593.4,166.31
22613.3,165.923
22633.2,165.535
22653.1,165.148
22673,164.76
22692.9,164.373
22712.8,163.985
22732.7,163.598
22752.7,163.21
22772.6,162.823
22792.5,162.435
22812.4,162.048
22832.3,161.66
22852.2,161.273
22872.1,160.885
22892,160.498
22911.9,160.11
22931.8,159.723
22951.7,159.335
22971.6,158.948
22991.5,158.562
23011.4,158.203
23031.3,157.843
23051.2,157.484
23071.1,157.124
23091,156.765
23110.9,156.405
23130.8,156.046
23150.7,155.686
23170.6,155.327
23190.5,154.967
23210.4,154.608
23230.3,154.248
23250.3,153.889
23270.2,153.529
23290.1,153.17
23310,152.811
23329.9,152.451
23349.8,152.092
23369.7,151.732
23389.6,151.373
23409.5,151.013
23429.4,150.654
23449.3,150.307
23469.2,149.974
23489.1,149.641
23509,149.309
23528.9,148.976
23548.8,148.643
23568.7,148.311
23588.6,147.978
23608.5,147.646
23628.4,147.313
23648.3,146.98
23668.2,146.648
23688.1,146.315
23708,145.982
23727.9,145.65
23747.8,145.317
23767.8,144.984
23787.7,144.652
23807.6,144.319
23827.5,143.986
23847.4,143.654
23867.3,143.321
23887.2,142.988
23907.1,142.663
23927,142.352
23946.9,142.04
23966.8,141.728
23986.7,141.417
24006.6,141.105
24026.5,140.794
24046.4,140.482
24066.3,140.17
24086.2,139.859
24106.1,139.547
24126,139.236
24145.9,138.924
24165.8,138.612
24185.7,138.301
24205.6,137.989
24225.5,137.677
24245.4,137.366
24265.4,137.054
24285.3,136.743
24305.2,136.431
24325.1,136.119
24345,135.808
24364.9,135.496
24384.8,135.202
24404.7,134.913
24424.6,134.625
24444.5,134.336
24464.4,134.048
24484.3,133.76
24504.2,133.471
24524.1,133.183
24544,132.894
24563.9,132.606
24583.8,132.317
24603.7,132.029
24623.6,131.741
24643.5,131.452
24663.4,131.164
24683.3,130.875
24703.2,130.587
24723.1,130.298
24743,130.01
24763,129.722
24782.9,129.433
24802.8,129.145
24822.7,128.856
24842.6,128.568
24862.5,128.289
24882.4,128.016
24902.3,127.742
24922.2,127.469
24942.1,127.196
24962,126.923
24981.9,126.649
25001.8,126.376
25021.7,126.103
25041.6,125.83
25061.5,125.556
25081.4,125.283
25101.3,125.01
25121.2,124.737
25141.1,124.463
25161,124.19
25180.9,123.917
25200.8,123.644
25220.7,123.37
25240.6,123.097
25260.6,122.824
25280.5,122.551
25300.4,122.277
25320.3,122.004
25340.2,121.743
25360.1,121.492
25380,121.241
25399.9,120.991
25419.8,120.74
25439.7,120.489
25459.6,120.239
25479.5,119.988
25499.4,119.737
25519.3,119.487
25539.2,119.236
25559.1,118.985
25579,118.735
25598.9,118.484
25618.8,118.233
25638.7,117.983
25658.6,117.732
25678.5,117.481
25698.4,117.231
25718.3,116.98
25738.2,116.729
25758.2,116.479
25778.1,116.228
25798,115.977
25817.9,115.727
25837.8,115.482
25857.7,115.246
25877.6,115.01
25897.5,114.773
25917.4,114.537
25937.3,114.301
25957.2,114.065
25977.1,113.829
25997,113.593
26016.9,113.357
26036.8,113.121
26056.7,112.885
26076.6,112.649
26096.5,112.413
26116.4,112.177
26136.3,111.94
26156.2,111.704
26176.1,111.468
26196,111.232
26215.9,110.996
26235.8,110.76
26255.8,110.524
26275.7,110.288
26295.6,110.052
26315.5,109.816
26335.4,109.585
26355.3,109.368
26375.2,109.15
26395.1,108.933
26415,108.716
26434.9,108.499
26454.8,108.282
26474.7,108.064
26494.6,107.847
26514.5,107.63
26534.4,107.413
26554.3,107.195
26574.2,106.978
26594.1,106.761
26614,106.544
26633.9,106.327
26653.8,106.11
26673.7,105.892
26693.6,105.675
26713.5,105.458
26733.4,105.241
26753.4,105.024
26773.3,104.806
26793.2,104.589
26813.1,104.372
26833,104.155
26852.9,103.939
26872.8,103.733
26892.7,103.527
26912.6,103.321
26932.5,103.115
26952.4,102.909
26972.3,102.703
26992.2,102.497
27012.1,102.291
27032,102.085
27051.9,101.879
27071.8,101.673
27091.7,101.467
27111.6,101.261
27131.5,101.055
27151.4,100.849
27171.3,100.643
27191.2,100.437
27211.1,100.231
27231,100.025
27251,99.8194
27270.9,99.6134
27290.8,99.4075
27310.7,99.2015
27330.6,98.9955
27350.5,98.7895
27370.4,98.5839
27390.3,98.3963
27410.2,98.2088
27430.1,98.0212
27450,97.8336
27469.9,97.646
27489.8,97.4585
27509.7,97.2709
27529.6,97.0834
27549.5,96.8958
27569.4,96.7083
27589.3,96.5207
27609.2,96.3331
27629.1,96.1455
27649,95.958
27668.9,95.7704
27688.8,95.5828
27708.7,95.3953
27728.6,95.2077
27748.5,95.0202
27768.5,94.8326
27788.4,94.6451
27808.3,94.4575
27828.2,94.27
27848.1,94.0824
27868,93.8948
27887.9,93.7073
27907.8,93.5197
27927.7,93.3405
27947.6,93.1624
27967.5,92.9843
27987.4,92.8062
28007.3,92.6281
28027.2,92.45
28047.1,92.2718
28067,92.0937
28086.9,91.9156
28106.8,91.7375
28126.7,91.5593
28146.6,91.3812
28166.5,91.2031
28186.4,91.025
28206.3,90.8469
28226.2,90.6687
28246.1,90.4906
28266.1,90.3125
28286,90.1344
28305.9,89.9563
28325.8,89.7782
28345.7,89.6001
28365.6,89.422
28385.5,89.2438
28405.4,89.0657
28425.3,88.8876
28445.2,88.7095
28465.1,88.5421
28485,88.3781
28504.9,88.2142
28524.8,88.0503
28544.7,87.8863
28564.6,87.7224
28584.5,87.5584
28604.4,87.3945
28624.3,87.2305
28644.2,87.0666
28664.1,86.9026
28684,86.7387
28703.9,86.5747
28723.8,86.4108
28743.8,86.2468
28763.7,86.0829
28783.6,85.9189
28803.5,85.755
28823.4,85.591
28843.3,85.4271
28863.2,85.2631
28883.1,85.0992
28903,84.9352
28922.9,84.7713
28942.8,84.6073
28962.7,84.4434
28982.6,84.2794
29002.5,84.1155
29022.4,83.9589
29042.3,83.8068
29062.2,83.6547
29082.1,83.5025
29102,83.3504
29121.9,83.1983
29141.8,83.0462
29161.7,82.894
29181.6,82.7419
29201.5,82.5898
29221.4,82.4377
29241.3,82.2856
29261.3,82.1334
29281.2,81.9813
29301.1,81.8292
29321,81.6771
29340.9,81.5249
29360.8,81.3728
29380.7,81.2207
29400.6,81.0686
29420.5,80.9164
29440.4,80.7643
29460.3,80.6122
29480.2,80.4601
29500.1,80.3079
29520,80.1558
29539.9,80.0037
29559.8,79.8516
29579.7,79.6995
29599.6,79.5536
29619.5,79.4079
29639.4,79.2622
29659.3,79.1164
29679.2,78.9707
29699.1,78.825
29719,78.6792
29738.9,78.5335
29758.8,78.3878
29778.8,78.242
29798.7,78.0963
29818.6,77.9506
29838.5,77.8048
29858.4,77.6591
29878.3,77.5134
29898.2,77.3676
29918.1,77.2219
29938,77.0762
29957.9,76.9304
29977.8,76.7847
29997.7,76.639
30017.6,76.4976
30037.5,76.3567
30057.4,76.2158
30077.3,76.0749
30097.2,75.9341
30117.1,75.7932
30137,75.6523
30156.9,75.514
30176.8,75.3807
30196.7,75.2473
30216.6,75.1139
30236.5,74.9805
30256.5,74.8471
30276.4,74.7138
30296.3,74.5804
30316.2,74.447
30336.1,74.3136
30356,74.1802
30375.9,74.0468
30395.8,73.9135
30415.7,73.7801
30435.6,73.6467
30455.5,73.5133
30475.4,73.3799
30495.3,73.2465
30515.2,73.1132
30535.1,72.9798
30555,72.8464
30574.9,72.713
30594.8,72.5796
30614.7,72.4463
30634.6,72.3129
30654.5,72.1795
30674.4,72.0461
30694.3,71.9127
30714.2,71.7794
30734.1,71.646
30754.1,71.5193
30774,71.3954
30793.9,71.2716
30813.8,71.1477
30833.7,71.0238
30853.6,70.8999
30873.5,70.7761
30893.4,70.6522
30913.3,70.5283
30933.2,70.4044
30953.1,70.2806
30973,70.1567
30992.9,70.0328
31012.8,69.909
31032.7,69.7851
31052.6,69.6612
31072.5,69.5373
31092.4,69.4135
31112.3,69.2896
31132.2,69.1657
31152.1,69.0419
31172,68.918
31191.9,68.7941
31211.8,68.6702
31231.7,68.5464
31251.7,68.4225
31271.6,68.2986
31291.5,68.1747
31311.4,68.0509
31331.3,67.927
31351.2,67.8093
31371.1,67.6965
31391,67.5837
31410.9,67.4709
31430.8,67.358
31450.7,67.2452
31470.6,67.1324
31490.5,67.0196
31510.4,66.9067
31530.3,66.7939
31550.2,66.6811
31570.1,66.5683
31590,66.4554
31609.9,66.3426
31629.8,66.2298
31649.7,66.117
31669.6,66.0041
31689.5,65.8913
31709.4,65.7785
31729.3,65.6657
31749.2,65.5528
31769.2,65.44
31789.1,65.3272
31809,65.2144
31828.9,65.1015
31848.8,64.9887
31868.7,64.8759
31888.6,64.7631
31908.5,64.6502
31928.4,64.5374
31948.3,64.4246
31968.2,64.3137
31988.1,64.2056
32008,64.0975
32027.9,63.9893
32047.8,63.8812
32067.7,63.7731
32087.6,63.665
32107.5,63.5568
32127.4,63.4487
32147.3,63.3406
32167.2,63.2325
32187.1,63.1243
32207,63.0162
32226.9,62.9081
32246.8,62.8
32266.8,62.6918
32286.7,62.5837
32306.6,62.4756
32326.5,62.3675
32346.4,62.2593
32366.3,62.1512
32386.2,62.0431
32406.1,61.935
32426,61.8269
32445.9,61.7187
32465.8,61.6106
32485.7,61.5025
32505.6,61.3944
32525.5,61.2862
32545.4,61.1781
32565.3,61.07
32585.2,60.9642
32605.1,60.8652
32625,60.7661
32644.9,60.6671
32664.8,60.568
32684.7,60.469
32704.6,60.3699
32724.5,60.2709
32744.4,60.1718
32764.4,60.0728
32784.3,59.9737
32804.2,59.8747
32824.1,59.7756
32844,59.6766
32863.9,59.5775
32883.8,59.4785
32903.7,59.3794
32923.6,59.2803
32943.5,59.1813
32963.4,59.0823
32983.3,58.9832
33003.2,58.8841
33023.1,58.7851
33043,58.686
33062.9,58.587
33082.8,58.4879
33102.7,58.3889
33122.6,58.2898
33142.5,58.1908
33162.4,58.0917
33182.3,57.9927
33202.2,57.8936
33222.1,57.7952
33242,57.7022
33262,57.6091
33281.9,57.5161
33301.8,57.423
33321.7,57.33
33341.6,57.2369
33361.5,57.1439
33381.4,57.0509
33401.3,56.9578
33421.2,56.8648
33441.1,56.7717
33461,56.6787
33480.9,56.5856
33500.8,56.4926
33520.7,56.3995
33540.6,56.3065
33560.5,56.2135
33580.4,56.1204
33600.3,56.0274
33620.2,55.9343
33640.1,55.8413
33660,55.7482
33679.9,55.6552
33699.8,55.5621
33719.7,55.4691
33739.6,55.3761
33759.6,55.283
33779.5,55.19
33799.4,55.0969
33819.3,55.0039
33839.2,54.9108
33859.1,54.8178
33879,54.7279
33898.9,54.6418
33918.8,54.5557
33938.7,54.4695
33958.6,54.3834
33978.5,54.2973
33998.4,54.2112
34018.3,54.1251
34038.2,54.039
34058.1,53.9528
34078,53.8667
34097.9,53.7806
34117.8,53.6945
34137.7,53.6084
34157.6,53.5223
34177.5,53.4362
34197.4,53.3501
34217.3,53.2639
34237.2,53.1778
34257.2,53.0917
34277.1,53.0056
34297,52.9195
34316.9,52.8334
34336.8,52.7473
34356.7,52.6611
34376.6,52.575
34396.5,52.4889
34416.4,52.4028
34436.3,52.3167
34456.2,52.2306
34476.1,52.1444
34496,52.0583
34515.9,51.9722
34535.8,51.8881
34555.7,51.8088
34575.6,51.7295
34595.5,51.6502
34615.4,51.5709
34635.3,51.4916
34655.2,51.4123
34675.1,51.333
34695,51.2537
34714.9,51.1744
34734.8,51.0951
34754.8,51.0158
34774.7,50.9365
34794.6,50.8573
34814.5,50.778
34834.4,50.6987
34854.3,50.6194
34874.2,50.5401
34894.1,50.4608
34914,50.3815
34933.9,50.3022
34953.8,50.2229
34973.7,50.1436
34993.6,50.0643
35013.5,49.985
35033.4,49.9057
35053.3,49.8264
35073.2,49.7471
35093.1,49.6678
35113,49.5885
35132.9,49.5092
35152.8,49.4299
35172.7,49.3506
35192.6,49.2713
35212.5,49.1925
35232.4,49.1164
35252.4,49.0403
35272.3,48.9642
35292.2,48.8881
35312.1,48.8121
35332,48.736
35351.9,48.6599
35371.8,48.5838
35391.7,48.5077
35411.6,48.4317
35431.5,48.3556
35451.4,48.2795
35471.3,48.2034
35491.2,48.1273
35511.1,48.0512
35531,47.9752
35550.9,47.8991
35570.8,47.823
35590.7,47.7469
35610.6,47.6708
35630.5,47.5948
35650.4,47.5187
35670.3,47.4426
35690.2,47.3665
35710.1,47.2904
35730,47.2144
35749.9,47.1383
35769.9,47.0622
35789.8,46.9861
35809.7,46.91
35829.6,46.834
35849.5,46.7579
35869.4,46.6818
35889.3,46.6057
35909.2,46.5367
35929.1,46.4679
35949,46.3992
35968.9,46.3304
35988.8,46.2616
36008.7,46.1929
36028.6,46.1241
36048.5,46.0554
36068.4,45.9866
36088.3,45.9178
36108.2,45.8491
36128.1,45.7803
36148,45.7116
36167.9,45.6428
36187.8,45.574
36207.7,45.5053
36227.6,45.4365
36247.6,45.3677
36267.5,45.299
36287.4,45.2302
36307.3,45.1615
36327.2,45.0927
36347.1,45.0239
36367,44.9552
36386.9,44.8864
36406.8,44.8177
36426.7,44.7489
36446.6,44.6801
36466.5,44.6114
36486.4,44.5426
36506.3,44.4739
36526.2,44.4051
36546.1,44.3363
36566,44.2676
36585.9,44.1988
36605.8,44.1313
36625.7,44.0666
36645.6,44.0019
36665.5,43.9373
36685.4,43.8726
36705.3,43.808
36725.2,43.7433
36745.1,43.6787
36765.1,43.614
36785,43.5494
36804.9,43.4847
36824.8,43.42
36844.7,43.3554
36864.6,43.2907
36884.5,43.2261
36904.4,43.1614
36924.3,43.0968
36944.2,43.0321
36964.1,42.9675
36984,42.9028
37003.9,42.8381
37023.8,42.7735
37043.7,42.7088
37063.6,42.6442
37083.5,42.5795
37103.4,42.5149
37123.3,42.4502
37143.2,42.3856
37163.1,42.3209
37183,42.2562
37202.9,42.1916
37222.8,42.1269
37242.7,42.0623
37262.7,41.9976
37282.6,41.933
37302.5,41.8683
37322.4,41.8066
37342.3,41.7467
37362.2,41.6868
37382.1,41.6269
37402,41.5671
37421.9,41.5072
37441.8,41.4473
37461.7,41.3874
37481.6,41.3275
37501.5,41.2676
37521.4,41.2077
37541.3,41.1478
37561.2,41.0879
37581.1,41.028
37601,40.9682
37620.9,40.9083
37640.8,40.8484
37660.7,40.7885
37680.6,40.7286
37700.5,40.6687
37720.4,40.6088
37740.3,40.5489
37760.3,40.489
37780.2,40.4291
37800.1,40.3693
37820,40.3094
37839.9,40.2495
37859.8,40.1896
37879.7,40.1297
37899.6,40.0698
37919.5,40.0099
37939.4,39.95
37959.3,39.8901
37979.2,39.8302
37999.1,39.7704
38019,39.7105
38038.9,39.6506
38058.8,39.5949
38078.7,39.5396
38098.6,39.4842
38118.5,39.4288
38138.4,39.3734
38158.3,39.3181
38178.2,39.2627
38198.1,39.2073
38218,39.1519
38237.9,39.0965
38257.9,39.0412
38277.8,38.9858
38297.7,38.9304
38317.6,38.875
38337.5,38.8197
38357.4,38.7643
38377.3,38.7089
38397.2,38.6535
38417.1,38.5981
38437,38.5428
38456.9,38.4874
38476.8,38.432
38496.7,38.3766
38516.6,38.3213
38536.5,38.2659
38556.4,38.2105
38576.3,38.1551
38596.2,38.0997
38616.1,38.0444
38636,37.989
38655.9,37.9336
38675.8,37.8782
38695.7,37.8229
38715.6,37.7675
38735.5,37.7121
38755.5,37.6567
38775.4,37.6013
38795.3,37.5469
38815.2,37.4949
38835.1,37.4429
38855,37.3909
38874.9,37.3389
38894.8,37.287
38914.7,37.235
38934.6,37.183
38954.5,37.131
38974.4,37.0791
38994.3,37.0271
39014.2,36.9751
39034.1,36.9231
39054,36.8711
39073.9,36.8192
39093.8,36.7672
39113.7,36.7152
39133.6,36.6632
39153.5,36.6113
39173.4,36.5593
39193.3,36.5073
39213.2,36.4553
39233.1,36.4034
39253.1,36.3514
39273,36.2994
39292.9,36.2474
39312.8,36.1954
39332.7,36.1435
39352.6,36.0915
39372.5,36.0395
39392.4,35.9875
39412.3,35.9356
39432.2,35.8836
39452.1,35.8316
39472,35.7796
39491.9,35.7276
39511.8,35.6757
39531.7,35.6237
39551.6,35.5737
39571.5,35.5253
39591.4,35.4768
39611.3,35.4283
39631.2,35.3799
39651.1,35.3314
39671,35.2829
39690.9,35.2344
39710.8,35.186
39730.7,35.1375
39750.6,35.089
39770.6,35.0406
39790.5,34.9921
39810.4,34.9436
39830.3,34.8951
39850.2,34.8467
39870.1,34.7982
39890,34.7497
39909.9,34.7013
39929.8,34.6528
39949.7,34.6043
39969.6,34.5558
39989.5,34.5074
40009.4,34.4597
40029.3,34.4131
40049.2,34.3664
40069.1,34.3197
40089,34.273
40108.9,34.2263
40128.8,34.1797
40148.7,34.133
40168.6,34.0863
40188.5,34.0396
40208.4,33.9929
40228.3,33.9463
40248.3,33.8996
40268.2,33.8529
40288.1,33.8062
40308,33.7595
40327.9,33.7137
40347.8,33.6692
40367.7,33.6246
40387.6,33.5801
40407.5,33.5355
40427.4,33.491
40447.3,33.4464
40467.2,33.4019
40487.1,33.3573
40507,33.3128
40526.9,33.2682
40546.8,33.2237
40566.7,33.1791
40586.6,33.1346
40606.5,33.09
40626.4,33.0455
40646.3,33.0009
40666.2,32.9564
40686.1,32.9118
40706,32.8673
40725.9,32.8227
40745.9,32.7782
40765.8,32.7336
40785.7,32.6891
40805.6,32.6445
40825.5,32.6
40845.4,32.5554
40865.3,32.5109
40885.2,32.4663
40905.1,32.4218
40925,32.3772
40944.9,32.3327
40964.8,32.2881
40984.7,32.2436
41004.6,32.199
41024.5,32.1545
41044.4,32.1099
41064.3,32.0654
41084.2,32.0208
41104.1,31.9763
41124,31.9337
41143.9,31.892
41163.8,31.8503
41183.7,31.8086
41203.6,31.7669
41223.5,31.7251
41243.4,31.6834
41263.4,31.6417
41283.3,31.6
41303.2,31.5583
41323.1,31.5166
41343,31.4748
41362.9,31.4331
41382.8,31.3914
41402.7,31.3497
41422.6,31.308
41442.5,31.2663
41462.4,31.2245
41482.3,31.1828
41502.2,31.1411
41522.1,31.0994
41542,31.0577
41561.9,31.016
41581.8,30.9743
41601.7,30.9325
41621.6,30.8908
41641.5,30.8491
41661.4,30.8074
41681.3,30.7657
41701.2,30.724
41721.1,30.6822
41741,30.6405
41760.9,30.5988
41780.9,30.5571
41800.8,30.5154
41820.7,30.4737
41840.6,30.432
41860.5,30.3902
41880.4,30.3485
41900.3,30.3068
41920.2,30.2667
41940.1,30.2281
41960,30.1896
41979.9,30.151
41999.8,30.1124
42019.7,30.0739
42039.6,30.0353
42059.5,29.9967
42079.4,29.9582
42099.3,29.9196
42119.2,29.881
42139.1,29.8425
42159,29.8039
42178.9,29.7653
42198.8,29.7268
42218.7,29.6882
42238.6,29.6496
42258.6,29.6111
42278.5,29.5725
42298.4,29.5339
42318.3,29.4954
42338.2,29.4568
42358.1,29.4183
42378,29.3797
42397.9,29.3411
42417.8,29.3026
42437.7,29.264
42457.6,29.2254
42477.5,29.1869
42497.4,29.1483
42517.3,29.1097
42537.2,29.0712
42557.1,29.0326
42577,28.994
42596.9,28.9555
42616.8,28.9169
42636.7,28.8783
42656.6,28.8398
42676.5,28.8012
42696.4,28.7626
42716.3,28.7241
42736.3,28.6863
42756.2,28.6502
42776.1,28.6141
42796,28.578
42815.9,28.542
42835.8,28.5059
42855.7,28.4698
42875.6,28.4337
42895.5,28.3976
42915.4,28.3615
42935.3,28.3255
42955.2,28.2894
42975.1,28.2533
42995,28.2172
43014.9,28.1811
43034.8,28.1451
43054.7,28.109
43074.6,28.0729
43094.5,28.0368
43114.4,28.0007
43134.3,27.9646
43154.2,27.9286
43174.1,27.8925
43194,27.8564
43213.9,27.8203
43233.8,27.7842
43253.8,27.7481
43273.7,27.7121
43293.6,27.676
43313.5,27.6399
43333.4,27.6038
43353.3,27.5677
43373.2,27.5317
43393.1,27.4956
43413,27.4595
43432.9,27.4234
43452.8,27.3873
43472.7,27.3513
43492.6,27.3152
43512.5,27.2791
43532.4,27.243
43552.3,27.2069
43572.2,27.1727
43592.1,27.1397
43612,27.1066
43631.9,27.0736
43651.8,27.0405
43671.7,27.0075
43691.6,26.9744
43711.5,26.9414
43731.4,26.9084
43751.3,26.8753
43771.3,26.8423
43791.2,26.8092
43811.1,26.7762
43831,26.7431
43850.9,26.7101
43870.8,26.6771
43890.7,26.644
43910.6,26.611
43930.5,26.5779
43950.4,26.5449
43970.3,26.5118
43990.2,26.4788
44010.1,26.4457
44030,26.4127
44049.9,26.3797
44069.8,26.3466
44089.7,26.3136
44109.6,26.2805
44129.5,26.2475
44149.4,26.2144
44169.3,26.1814
44189.2,26.1483
44209.1,26.1153
44229,26.0823
44248.9,26.0492
44268.9,26.0162
44288.8,25.9831
44308.7,25.9501
44328.6,25.917
44348.5,25.884
44368.4,25.851
44388.3,25.8179
44408.2,25.7849
44428.1,25.7525
44448,25.7213
44467.9,25.69
44487.8,25.6588
44507.7,25.6275
44527.6,25.5962
44547.5,25.565
44567.4,25.5337
44587.3,25.5024
44607.2,25.4712
44627.1,25.4399
44647,25.4086
44666.9,25.3774
44686.8,25.3461
44706.7,25.3148
44726.6,25.2836
44746.6,25.2523
44766.5,25.221
44786.4,25.1898
44806.3,25.1585
44826.2,25.1273
44846.1,25.096
44866,25.0647
44885.9,25.0335
44905.8,25.0022
44925.7,24.9709
44945.6,24.9397
44965.5,24.9084
44985.4,24.8771
45005.3,24.8459
45025.2,24.8146
45045.1,24.7833
45065,24.7521
45084.9,24.7208
45104.8,24.6896
45124.7,24.6583
45144.6,24.627
45164.5,24.5958
45184.4,24.5645
45204.3,24.5332
45224.2,24.502
45244.1,24.4707
45264.1,24.4394
45284,24.4087
45303.9,24.3801
45323.8,24.3516
45343.7,24.323
45363.6,24.2944
45383.5,24.2658
45403.4,24.2373
45423.3,24.2087
45443.2,24.1801
45463.1,24.1515
45483,24.123
45502.9,24.0944
45522.8,24.0658
45542.7,24.0373
45562.6,24.0087
45582.5,23.9801
45602.4,23.9515
45622.3,23.923
45642.2,23.8944
45662.1,23.8658
45682,23.8372
45701.9,23.8087
45721.8,23.7801
45741.7,23.7515
45761.7,23.7229
45781.6,23.6944
45801.5,23.6658
45821.4,23.6372
45841.3,23.6087
45861.2,23.5801
45881.1,23.5515
45901,23.5229
45920.9,23.4944
45940.8,23.4658
45960.7,23.4372
45980.6,23.4086
46000.5,23.3801
46020.4,23.3515
46040.3,23.3229
46060.2,23.2943
46080.1,23.2658
46100,23.2372
46119.9,23.2086
46139.8,23.1801
46159.7,23.1515
46179.6,23.1238
46199.5,23.097
46219.4,23.0702
46239.3,23.0434
46259.3,23.0166
46279.2,22.9898
46299.1,22.963
46319,22.9362
46338.9,22.9094
46358.8,22.8826
46378.7,22.8558
46398.6,22.829
46418.5,22.8022
46438.4,22.7754
46458.3,22.7486
46478.2,22.7218
46498.1,22.695
46518,22.6682
46537.9,22.6414
46557.8,22.6146
46577.7,22.5878
46597.6,22.561
46617.5,22.5342
46637.4,22.5074
46657.3,22.4806
46677.2,22.4538
46697.1,22.427
46717,22.4002
46736.9,22.3734
46756.9,22.3466
46776.8,22.3198
46796.7,22.293
46816.6,22.2662
46836.5,22.2394
46856.4,22.2126
46876.3,22.1858
46896.2,22.159
46916.1,22.1322
46936,22.1054
46955.9,22.0786
46975.8,22.0518
46995.7,22.025
47015.6,21.9982
47035.5,21.9714
47055.4,21.9446
47075.3,21.9184
47095.2,21.8936
47115.1,21.8688
47135,21.844
47154.9,21.8192
47174.8,21.7944
47194.7,21.7696
47214.6,21.7448
47234.5,21.72
47254.5,21.6953
47274.4,21.6705
47294.3,21.6457
47314.2,21.6209
47334.1,21.5961
47354,21.5713
47373.9,21.5465
47393.8,21.5217
47413.7,21.4969
47433.6,21.4721
47453.5,21.4473
47473.4,21.4226
47493.3,21.3978
47513.2,21.373
47533.1,21.3482
47553,21.3234
47572.9,21.2986
47592.8,21.2738
47612.7,21.249
47632.6,21.2242
47652.5,21.1994
47672.4,21.1747
47692.3,21.1499
47712.2,21.1251
47732.1,21.1003
47752.1,21.0755
47772,21.0507
47791.9,21.0259
47811.8,21.0011
47831.7,20.9763
47851.6,20.9515
47871.5,20.9268
47891.4,20.902
47911.3,20.8772
47931.2,20.8524
47951.1,20.8276
47971,20.8028
47990.9,20.7781
48010.8,20.7551
48030.7,20.7321
48050.6,20.709
48070.5,20.686
48090.4,20.663
48110.3,20.64
48130.2,20.6169
48150.1,20.5939
48170,20.5709
48189.9,20.5479
48209.8,20.5248
48229.7,20.5018
48249.6,20.4788
48269.6,20.4558
48289.5,20.4328
48309.4,20.4097
48329.3,20.3867
48349.2,20.3637
48369.1,20.3407
48389,20.3176
48408.9,20.2946
48428.8,20.2716
48448.7,20.2486
48468.6,20.2256
48488.5,20.2025
48508.4,20.1795
48528.3,20.1565
48548.2,20.1335
48568.1,20.1104
48588,20.0874
48607.9,20.0644
48627.8,20.0414
48647.7,20.0184
48667.6,19.9953
48687.5,19.9723
48707.4,19.9493
48727.3,19.9263
48747.3,19.9032
48767.2,19.8802
48787.1,19.8572
48807,19.8342
48826.9,19.8111
48846.8,19.7881
48866.7,19.7651
48886.6,19.7421
48906.5,19.7191
48926.4,19.696
48946.3,19.6744
48966.2,19.6531
48986.1,19.6317
49006,19.6104
49025.9,19.5891
49045.8,19.5678
49065.7,19.5464
49085.6,19.5251
49105.5,19.5038
49125.4,19.4824
49145.3,19.4611
49165.2,19.4398
49185.1,19.4185
49205,19.3971
49224.9,19.3758
49244.8,19.3545
49264.8,19.3331
49284.7,19.3118
49304.6,19.2905
49324.5,19.2692
49344.4,19.2478
49364.3,19.2265
49384.2,19.2052
49404.1,19.1838
49424,19.1625
49443.9,19.1412
49463.8,19.1199
49483.7,19.0985
49503.6,19.0772
49523.5,19.0559
49543.4,19.0345
49563.3,19.0132
49583.2,18.9919
49603.1,18.9706
49623,18.9492
49642.9,18.9279
49662.8,18.9066
49682.7,18.8852
49702.6,18.8639
49722.5,18.8426
49742.4,18.8213
49762.4,18.7999
49782.3,18.7786
49802.2,18.7573
49822.1,18.7359
49842,18.7146
49861.9,18.6933
49881.8,18.672
49901.7,18.6511
49921.6,18.6306
49941.5,18.61
49961.4,18.5895
49981.3,18.569
50001.2,18.5485
50021.1,18.5286
50041,18.5086
50060.9,18.4887
50080.8,18.4688
50100.7,18.4489
50120.6,18.429
50140.5,18.4091
50160.4,18.3892
50180.3,18.3693
50200.2,18.3493
50220.1,18.3294
50240,18.3095
50260,18.2896
50279.9,18.2697
50299.8,18.2498
50319.7,18.2299
50339.6,18.21
50359.5,18.1901
50379.4,18.1701
50399.3,18.1502
50419.2,18.1303
50439.1,18.1104
50459,18.0905
50478.9,18.0706
50498.8,18.0507
50518.7,18.0308
50538.6,18.0109
50558.5,17.9909
50578.4,17.971
50598.3,17.9511
50618.2,17.9312
50638.1,17.9113
50658,17.8914
50677.9,17.8715
50697.8,17.8516
50717.7,17.8317
50737.6,17.8117
50757.6,17.7918
50777.5,17.7719
50797.4,17.752
50817.3,17.7321
50837.2,17.7122
50857.1,17.6923
50877,17.6737
50896.9,17.6553
50916.8,17.637
50936.7,17.6186
50956.6,17.6002
50976.5,17.5819
50996.4,17.5635
51016.3,17.5452
51036.2,17.5268
51056.1,17.5084
51076,17.4901
51095.9,17.4717
51115.8,17.4533
51135.7,17.435
51155.6,17.4166
51175.5,17.3983
51195.4,17.3799
51215.3,17.3615
51235.3,17.3432
51255.2,17.3248
51275.1,17.3064
51295,17.2881
51314.9,17.2697
51334.8,17.2514
51354.7,17.233
51374.6,17.2146
51394.5,17.1963
51414.4,17.1779
51434.3,17.1595
51454.2,17.1412
51474.1,17.1228
51494,17.1045
51513.9,17.0861
51533.8,17.0677
51553.7,17.0494
51573.6,17.031
51593.5,17.0127
51613.4,16.9943
51633.3,16.9759
51653.2,16.9576
51673.1,16.9392
51693,16.9208
51712.9,16.9025
51732.8,16.8841
51752.8,16.8658
51772.7,16.8474
51792.6,16.829
51812.5,16.8107
51832.4,16.7923
51852.3,16.7739
51872.2,16.7563
51892.1,16.7391
51912,16.722
51931.9,16.7048
51951.8,16.6876
51971.7,16.6705
51991.6,16.6533
52011.5,16.6361
52031.4,16.6189
52051.3,16.6018
52071.2,16.5846
52091.1,16.5674
52111,16.5503
52130.9,16.5331
52150.8,16.5159
52170.7,16.4988
52190.6,16.4816
52210.5,16.4644
52230.4,16.4472
52250.3,16.4301
52270.3,16.4129
52290.2,16.3957
52310.1,16.3786
52330,16.3614
52349.9,16.3442
52369.8,16.3271
52389.7,16.3099
52409.6,16.2927
52429.5,16.2755
52449.4,16.2584
52469.3,16.2412
52489.2,16.224
52509.1,16.2069
52529,16.1897
52548.9,16.1725
52568.8,16.1553
52588.7,16.1382
52608.6,16.121
52628.5,16.1038
52648.4,16.0867
52668.3,16.0695
52688.2,16.0523
52708.1,16.0352
52728,16.018
52747.9,16.0008
52767.9,15.9836
52787.8,15.9665
52807.7,15.9493
52827.6,15.9321
52847.5,15.915
52867.4,15.8978
52887.3,15.8818
52907.2,15.8659
52927.1,15.8501
52947,15.8343
52966.9,15.8184
52986.8,15.8026
53006.7,15.7868
53026.6,15.7709
53046.5,15.7551
53066.4,15.7393
53086.3,15.7234
53106.2,15.7076
53126.1,15.6918
53146,15.6759
53165.9,15.6601
53185.8,15.6443
53205.7,15.6284
53225.6,15.6126
53245.5,15.5968
53265.4,15.5809
53285.4,15.5651
53305.3,15.5493
53325.2,15.5334
53345.1,15.5176
53365,15.5018
53384.9,15.4859
53404.8,15.4701
53424.7,15.4543
53444.6,15.4384
53464.5,15.4226
53484.4,15.4067
53504.3,15.3909
53524.2,15.3751
53544.1,15.3592
53564,15.3434
53583.9,15.3276
53603.8,15.3117
53623.7,15.2959
53643.6,15.2801
53663.5,15.2642
53683.4,15.2484
53703.3,15.2326
53723.2,15.2167
53743.1,15.2009
53763.1,15.1851
53783,15.1692
53802.9,15.1534
53822.8,15.1376
53842.7,15.1217
53862.6,15.1059
53882.5,15.0901
53902.4,15.0742
53922.3,15.059
53942.2,15.0443
53962.1,15.0295
53982,15.0147
54001.9,14.9999
54021.8,14.9851
54041.7,14.9704
54061.6,14.9556
54081.5,14.9408
54101.4,14.926
54121.3,14.9112
54141.2,14.8964
54161.1,14.8817
54181,14.8669
54200.9,14.8521
54220.8,14.8373
54240.8,14.8225
54260.7,14.8078
54280.6,14.793
54300.5,14.7782
54320.4,14.7634
54340.3,14.7486
54360.2,14.7339
54380.1,14.7191
54400,14.7043
54419.9,14.6895
54439.8,14.6747
54459.7,14.6599
54479.6,14.6452
54499.5,14.6304
54519.4,14.6156
54539.3,14.6008
54559.2,14.586
54579.1,14.5713
54599,14.5565
54618.9,14.5417
54638.8,14.5269
54658.7,14.5121
54678.6,14.4974
54698.5,14.4826
54718.4,14.4678
54738.3,14.453
54758.3,14.4382
54778.2,14.4234
54798.1,14.4087
54818,14.3939
54837.9,14.3791
54857.8,14.3643
54877.7,14.3495
54897.6,14.3348
54917.5,14.32
54937.4,14.3052
54957.3,14.2904
54977.2,14.2765
54997.1,14.2626
55017,14.2488
55036.9,14.235
55056.8,14.2212
55076.7,14.2073
55096.6,14.1935
55116.5,14.1797
55136.4,14.1659
55156.3,14.152
55176.2,14.1382
55196.1,14.1244
55216,14.1106
55235.9,14.0967
55255.9,14.0829
55275.8,14.0691
55295.7,14.0553
55315.6,14.0414
55335.5,14.0276
55355.4,14.0138
55375.3,14
55395.2,13.9862
55415.1,13.9723
55435,13.9585
55454.9,13.9447
55474.8,13.9309
55494.7,13.917
55514.6,13.9032
55534.5,13.8894
55554.4,13.8756
55574.3,13.8617
55594.2,13.8479
55614.1,13.8341
55634,13.8203
55653.9,13.8064
55673.8,13.7926
55693.7,13.7788
55713.6,13.765
55733.6,13.7511
55753.5,13.7373
55773.4,13.7235
55793.3,13.7097
55813.2,13.6958
55833.1,13.682
55853,13.6682
55872.9,13.6544
55892.8,13.6405
55912.7,13.6267
55932.6,13.6129
55952.5,13.5991
55972.4,13.5853
55992.3,13.5714
56012.2,13.5576
56032.1,13.5439
56052,13.5313
56071.9,13.5186
56091.8,13.5059
56111.7,13.4933
56131.6,13.4806
56151.5,13.468
56171.4,13.4553
56191.3,13.4427
56211.2,13.43
56231.1,13.4174
56251,13.4047
56271,13.3921
56290.9,13.3794
56310.8,13.3668
56330.7,13.3541
56350.6,13.3415
56370.5,13.3288
56390.4,13.3162
56410.3,13.3035
56430.2,13.2909
56450.1,13.2782
56470,13.2656
56489.9,13.2529
56509.8,13.2403
56529.7,13.2276
56549.6,13.2149
56569.5,13.2023
56589.4,13.1896
56609.3,13.177
56629.2,13.1643
56649.1,13.1517
56669,13.139
56688.9,13.1264
56708.8,13.1137
56728.7,13.1011
56748.6,13.0884
56768.6,13.0758
56788.5,13.0631
56808.4,13.0505
56828.3,13.0378
56848.2,13.0252
56868.1,13.0125
56888,12.9999
56907.9,12.9872
56927.8,12.9746
56947.7,12.9619
56967.6,12.9492
56987.5,12.9366
57007.4,12.9239
57027.3,12.9113
57047.2,12.8986
57067.1,12.886
57087,12.8733
57106.9,12.8607
57126.8,12.848
57146.7,12.8361
57166.6,12.8243
57186.5,12.8126
57206.4,12.8008
57226.3,12.789
57246.2,12.7772
57266.2,12.7655
57286.1,12.7537
57306,12.7419
57325.9,12.7301
57345.8,12.7184
57365.7,12.7066
57385.6,12.6948
57405.5,12.683
57425.4,12.6713
57445.3,12.6595
57465.2,12.6477
57485.1,12.6359
57505,12.6242
57524.9,12.6124
57544.8,12.6006
57564.7,12.5888
57584.6,12.5771
57604.5,12.5653
57624.4,12.5535
57644.3,12.5417
57664.2,12.5299
57684.1,12.5182
57704,12.5064
57723.9,12.4946
57743.8,12.4828
57763.8,12.4711
57783.7,12.4593
57803.6,12.4475
57823.5,12.4357
57843.4,12.424
57863.3,12.4122
57883.2,12.4004
57903.1,12.3886
57923,12.3769
57942.9,12.3651
57962.8,12.3533
57982.7,12.3415
58002.6,12.3298
58022.5,12.318
58042.4,12.3062
58062.3,12.2944
58082.2,12.2827
58102.1,12.2709
58122,12.2591
58141.9,12.2473
58161.8,12.2356
58181.7,12.2238
58201.6,12.212
58221.5,12.2002
58241.4,12.1885
58261.4,12.1772
58281.3,12.1662
58301.2,12.1553
58321.1,12.1444
58341,12.1334
58360.9,12.1225
58380.8,12.1116
58400.7,12.1007
58420.6,12.0897
58440.5,12.0788
58460.4,12.0679
58480.3,12.0569
58500.2,12.046
58520.1,12.0351
58540,12.0241
58559.9,12.0132
58579.8,12.0023
58599.7,11.9914
58619.6,11.9804
58639.5,11.9695
58659.4,11.9586
58679.3,11.9476
58699.2,11.9367
58719.1,11.9258
58739.1,11.9148
58759,11.9039
58778.9,11.893
58798.8,11.8821
58818.7,11.8711
58838.6,11.8602
58858.5,11.8493
58878.4,11.8383
58898.3,11.8274
58918.2,11.8165
58938.1,11.8055
58958,11.7946
58977.9,11.7837
58997.8,11.7728
59017.7,11.7618
59037.6,11.7509
59057.5,11.74
59077.4,11.729
59097.3,11.7181
59117.2,11.7072
59137.1,11.6962
59157,11.6853
59176.9,11.6744
59196.8,11.6635
59216.7,11.6525
59236.6,11.6416
59256.6,11.6307
59276.5,11.6197
59296.4,11.6088
59316.3,11.5979
59336.2,11.5869
59356.1,11.576
59376,11.5651
59395.9,11.5543
59415.8,11.5438
59435.7,11.5333
59455.6,11.5227
59475.5,11.5122
59495.4,11.5017
59515.3,11.4912
59535.2,11.4807
59555.1,11.4702
59575,11.4597
59594.9,11.4492
59614.8,11.4387
59634.7,11.4281
59654.6,11.4176
59674.5,11.4071
59694.4,11.3966
59714.3,11.3861
59734.3,11.3756
59754.2,11.3651
59774.1,11.3546
59794,11.344
59813.9,11.3335
59833.8,11.323
59853.7,11.3125
59873.6,11.302
59893.5,11.2915
59913.4,11.281
59933.3,11.2705
59953.2,11.2599
59973.1,11.2494
59993,11.2389
60012.9,11.2288
60032.8,11.2189
60052.7,11.2089
60072.6,11.199
60092.5,11.189
60112.4,11.1791
60132.3,11.1692
60152.2,11.1592
60172.1,11.1493
60192,11.1394
60211.9,11.1294
60231.8,11.1195
60251.7,11.1096
60271.7,11.0996
60291.6,11.0897
60311.5,11.0797
60331.4,11.0698
60351.3,11.0599
60371.2,11.0499
60391.1,11.04
60411,11.0301
60430.9,11.0201
60450.8,11.0102
60470.7,11.0003
60490.6,10.9903
60510.5,10.9804
60530.4,10.9704
60550.3,10.9605
60570.2,10.9511
60590.1,10.9416
60610,10.9322
60629.9,10.9227
60649.8,10.9133
60669.7,10.9038
60689.6,10.8944
60709.5,10.8849
60729.4,10.8755
60749.3,10.866
60769.3,10.8566
60789.2,10.8471
60809.1,10.8377
60829,10.8282
60848.9,10.8188
60868.8,10.8094
60888.7,10.7999
60908.6,10.7905
60928.5,10.781
60948.4,10.7716
60968.3,10.7621
60988.2,10.7527
61008.1,10.7432
61028,10.7338
61047.9,10.7243
61067.8,10.7149
61087.7,10.7054
61107.6,10.696
61127.5,10.6865
61147.4,10.6771
61167.3,10.6676
61187.2,10.6582
61207.1,10.6487
61227,10.6393
61246.9,10.6298
61266.9,10.6204
61286.8,10.6109
61306.7,10.6015
61326.6,10.592
61346.5,10.5826
61366.4,10.5732
61386.3,10.5637
61406.2,10.5543
61426.1,10.5448
61446,10.5354
61465.9,10.5259
61485.8,10.5165
61505.7,10.507
61525.6,10.4976
61545.5,10.4881
61565.4,10.4787
61585.3,10.4692
61605.2,10.4598
61625.1,10.4503
61645,10.4409
61664.9,10.4314
61684.8,10.422
61704.7,10.4125
61724.6,10.4031
61744.5,10.3942
61764.5,10.3854
61784.4,10.3767
61804.3,10.368
61824.2,10.3592
61844.1,10.3505
61864,10.3418
61883.9,10.333
61903.8,10.3243
61923.7,10.3156
61943.6,10.3068
61963.5,10.2981
61983.4,10.2894
62003.3,10.2807
62023.2,10.2719
62043.1,10.2632
62063,10.2545
62082.9,10.2457
62102.8,10.237
62122.7,10.2283
62142.6,10.2195
62162.5,10.2108
62182.4,10.2021
62202.3,10.1933
62222.2,10.1846
62242.1,10.1759
62262.1,10.1671
62282,10.1584
62301.9,10.1497
62321.8,10.1409
62341.7,10.1322
62361.6,10.1235
62381.5,10.1147
62401.4,10.106
62421.3,10.0973
62441.2,10.0886
62461.1,10.0798
62481,10.0711
62500.9,10.0624
62520.8,10.0536
62540.7,10.0449
62560.6,10.0362
62580.5,10.0274
62600.4,10.0187
62620.3,10.01
62640.2,10.0012
62660.1,9.9925
62680,9.98377
62699.9,9.97504
62719.8,9.9663
62739.8,9.95757
62759.7,9.94884
62779.6,9.94011
62799.5,9.93138
62819.4,9.92265
62839.3,9.91391
62859.2,9.90518
62879.1,9.89645
62899,9.88772
62918.9,9.87898
62938.8,9.87025
62958.7,9.86205
62978.6,9.85387
62998.5,9.8457
63018.4,9.83752
63038.3,9.82934
63058.2,9.82117
63078.1,9.81299
63098,9.80482
63117.9,9.79664
63137.8,9.78847
63157.7,9.78029
63177.6,9.77212
63197.5,9.76394
63217.4,9.75577
63237.3,9.74759
63257.3,9.73942
63277.2,9.73124
63297.1,9.72307
63317,9.71489
63336.9,9.70672
63356.8,9.69854
63376.7,9.69037
63396.6,9.68219
63416.5,9.67402
63436.4,9.66584
63456.3,9.65766
63476.2,9.64949
63496.1,9.64132
63516,9.63314
63535.9,9.62496
63555.8,9.61679
63575.7,9.60861
63595.6,9.60044
63615.5,9.59226
63635.4,9.58409
63655.3,9.57591
63675.2,9.56774
63695.1,9.55956
63715,9.55139
63734.9,9.54321
63754.9,9.53504
63774.8,9.52686
63794.7,9.51869
63814.6,9.51051
63834.5,9.50234
63854.4,9.49416
63874.3,9.48599
63894.2,9.47781
63914.1,9.46963
63934,9.46146
63953.9,9.45328
63973.8,9.44511
63993.7,9.43693
64013.6,9.42876
64033.5,9.42058
64053.4,9.41241
64073.3,9.40423
64093.2,9.39606
64113.1,9.38788
64133,9.37971
64152.9,9.37153
64172.8,9.36344
64192.7,9.35586
64212.6,9.34829
64232.5,9.34071
64252.4,9.33313
64272.4,9.32555
64292.3,9.31797
64312.2,9.3104
64332.1,9.30282
64352,9.29524
64371.9,9.28766
64391.8,9.28008
64411.7,9.27251
64431.6,9.26493
64451.5,9.25735
64471.4,9.24977
64491.3,9.24219
64511.2,9.23461
64531.1,9.22704
64551,9.21946
64570.9,9.21188
64590.8,9.2043
64610.7,9.19672
64630.6,9.18915
64650.5,9.18157
64670.4,9.17399
64690.3,9.16641
64710.2,9.15883
64730.1,9.15126
64750,9.14368
64770,9.1361
64789.9,9.12852
64809.8,9.12094
64829.7,9.11337
64849.6,9.10579
64869.5,9.09821
64889.4,9.09063
64909.3,9.08305
64929.2,9.07548
64949.1,9.0679
64969,9.06032
64988.9,9.05274
65008.8,9.04516
65028.7,9.03759
65048.6,9.03001
65068.5,9.02243
65088.4,9.01485
65108.3,9.00727
65128.2,8.99969
65148.1,8.99212
65168,8.98454
65187.9,8.97696
65207.8,8.96938
65227.7,8.9618
65247.6,8.95423
65267.6,8.94665
65287.5,8.93907
65307.4,8.93149
65327.3,8.92391
65347.2,8.91634
65367.1,8.90876
65387,8.90118
65406.9,8.8936
65426.8,8.88622
65446.7,8.87922
65466.6,8.87222
65486.5,8.86521
65506.4,8.85821
65526.3,8.85121
65546.2,8.84421
65566.1,8.83721
65586,8.8302
65605.9,8.8232
65625.8,8.8162
65645.7,8.8092
65665.6,8.80219
65685.5,8.79519
65705.4,8.78819
65725.3,8.78119
65745.3,8.77419
65765.2,8.76719
65785.1,8.76019
65805,8.75319
65824.9,8.74618
65844.8,8.73918
65864.7,8.73218
65884.6,8.72517
65904.5,8.71817
65924.4,8.71117
65944.3,8.70417
65964.2,8.69717
65984.1,8.69017
66004,8.68316
66023.9,8.67616
66043.8,8.66916
66063.7,8.66216
66083.6,8.65516
66103.5,8.64815
66123.4,8.64115
66143.3,8.63415
66163.2,8.62715
66183.1,8.62014
66203,8.61314
66222.9,8.60614
66242.9,8.59914
66262.8,8.59214
66282.7,8.58514
66302.6,8.57813
66322.5,8.57113
66342.4,8.56413
66362.3,8.55713
66382.2,8.55013
66402.1,8.54313
66422,8.53612
66441.9,8.52912
66461.8,8.52212
66481.7,8.51512
66501.6,8.50811
66521.5,8.50111
66541.4,8.49411
66561.3,8.48711
66581.2,8.48011
66601.1,8.47311
66621,8.4661
66640.9,8.4591
66660.8,8.4521
66680.7,8.4451
66700.6,8.43811
66720.5,8.43166
66740.5,8.42521
66760.4,8.41876
66780.3,8.4123
66800.2,8.40585
66820.1,8.3994
66840,8.39295
66859.9,8.3865
66879.8,8.38004
66899.7,8.37359
66919.6,8.36714
66939.5,8.36069
66959.4,8.35423
66979.3,8.34778
66999.2,8.34133
67019.1,8.33488
67039,8.32842
67058.9,8.32197
67078.8,8.31552
67098.7,8.30907
67118.6,8.30261
67138.5,8.29616
67158.4,8.28971
67178.3,8.28326
67198.2,8.27681
67218.1,8.27035
67238,8.2639
67258,8.25745
67277.9,8.251
67297.8,8.24454
67317.7,8.23809
67337.6,8.23164
67357.5,8.22519
67377.4,8.21874
67397.3,8.21228
67417.2,8.20583
67437.1,8.19938
67457,8.19293
67476.9,8.18647
67496.8,8.18002
67516.7,8.17357
67536.6,8.16712
67556.5,8.16067
67576.4,8.15421
67596.3,8.14776
67616.2,8.14131
67636.1,8.13486
67656,8.1284
67675.9,8.12195
67695.8,8.1155
67715.7,8.10905
67735.6,8.10259
67755.6,8.09614
67775.5,8.08969
67795.4,8.08324
67815.3,8.07679
67835.2,8.07033
67855.1,8.06388
67875,8.05743
67894.9,8.05098
67914.8,8.04452
67934.7,8.03807
67954.6,8.03162
67974.5,8.02517
67994.4,8.01872
68014.3,8.01235
68034.2,8.00633
68054.1,8.0003
68074,7.99428
68093.9,7.98825
68113.8,7.98222
68133.7,7.9762
68153.6,7.97017
68173.5,7.96414
68193.4,7.95812
68213.3,7.95209
68233.2,7.94606
68253.1,7.94004
68273.1,7.93401
68293,7.92798
68312.9,7.92196
68332.8,7.91593
68352.7,7.9099
68372.6,7.90388
68392.5,7.89785
68412.4,7.89182
68432.3,7.8858
68452.2,7.87977
68472.1,7.87375
68492,7.86772
68511.9,7.86169
68531.8,7.85567
68551.7,7.84964
68571.6,7.84361
68591.5,7.83759
68611.4,7.83156
68631.3,7.82553
68651.2,7.81951
68671.1,7.81348
68691,7.80745
68710.9,7.80143
68730.8,7.7954
68750.8,7.78937
68770.6,7.78335
68790.6,7.77732
68810.5,7.7713
68830.4,7.76527
68850.3,7.75924
68870.2,7.75322
68890.1,7.74719
68910,7.74116
68929.9,7.73514
68949.8,7.72911
68969.7,7.72308
68989.6,7.71706
69009.5,7.71103
69029.4,7.705
69049.3,7.69898
69069.2,7.69295
69089.1,7.68692
69109,7.6809
69128.9,7.67487
69148.8,7.66884
69168.7,7.66282
69188.6,7.65679
69208.5,7.65077
69228.4,7.64474
69248.4,7.63871
69268.3,7.63269
69288.2,7.62666
69308.1,7.62063
69328,7.6146
69347.9,7.60874
69367.8,7.60313
69387.7,7.59751
69407.6,7.5919
69427.5,7.58629
69447.4,7.58068
69467.3,7.57506
69487.2,7.56945
69507.1,7.56384
69527,7.55822
69546.9,7.55261
69566.8,7.547
69586.7,7.54138
69606.6,7.53577
69626.5,7.53016
69646.4,7.52454
69666.3,7.51893
69686.2,7.51331
69706.1,7.5077
69726,7.50209
69745.9,7.49648
69765.9,7.49086
69785.8,7.48525
69805.7,7.47964
69825.6,7.47402
69845.5,7.46841
69865.4,7.46279
69885.3,7.45718
69905.2,7.45157
69925.1,7.44595
69945,7.44034
69964.9,7.43473
69984.8,7.42911
70004.7,7.4235
70024.6,7.41789
70044.5,7.41227
70064.4,7.40666
70084.3,7.40105
70104.2,7.39543
70124.1,7.38982
70144,7.38421
70163.9,7.37859
70183.8,7.37298
70203.7,7.36737
70223.6,7.36175
70243.5,7.35614
70263.5,7.35053
70283.4,7.34491
70303.3,7.3393
70323.2,7.33369
70343.1,7.32807
70363,7.32246
70382.9,7.31685
70402.8,7.31123
70422.7,7.30562
70442.6,7.30001
70462.5,7.29439
70482.4,7.28878
70502.3,7.28317
70522.2,7.27755
70542.1,7.27194
70562,7.26632
70581.9,7.26071
70601.8,7.2551
70621.7,7.24949
70641.6,7.24387
70661.5,7.23826
70681.4,7.23265
70701.3,7.22725
70721.3,7.22202
70741.1,7.2168
70761.1,7.21157
70781,7.20634
70800.9,7.20112
70820.8,7.19589
70840.7,7.19066
70860.6,7.18543
70880.5,7.18021
70900.4,7.17498
70920.3,7.16975
70940.2,7.16452
70960.1,7.1593
70980,7.15407
70999.9,7.14884
71019.8,7.14361
71039.7,7.13839
71059.6,7.13316
71079.5,7.12793
71099.4,7.1227
71119.3,7.11748
71139.2,7.11225
71159.1,7.10702
71179,7.1018
71198.9,7.09657
71218.8,7.09134
71238.8,7.08611
71258.7,7.08089
71278.6,7.07566
71298.5,7.07043
71318.4,7.06521
71338.3,7.05998
71358.2,7.05475
71378.1,7.04952
71398,7.04429
71417.9,7.03907
71437.8,7.03384
71457.7,7.02861
71477.6,7.02339
71497.5,7.01816
71517.4,7.01293
71537.3,7.0077
71557.2,7.00248
71577.1,6.99725
71597,6.99202
71616.9,6.98679
71636.8,6.98157
71656.7,6.97634
71676.6,6.97111
71696.5,6.96589
71716.4,6.96066
71736.4,6.95543
71756.3,6.9502
71776.2,6.94498
71796.1,6.93975
71816,6.93452
71835.9,6.92929
71855.8,6.92407
71875.7,6.91884
71895.6,6.91361
71915.5,6.90838
71935.4,6.90316
71955.3,6.89793
71975.2,6.8927
71995.1,6.88747
72015,6.88225
72034.9,6.87702
72054.8,6.87179
72074.7,6.86667
72094.6,6.86186
72114.5,6.85705
72134.4,6.85225
72154.3,6.84744
72174.2,6.84264
72194.1,6.83783
72214,6.83302
72233.9,6.82822
72253.9,6.82341
72273.8,6.8186
72293.7,6.8138
72313.6,6.80899
72333.5,6.80419
72353.4,6.79938
72373.3,6.79457
72393.2,6.78977
72413.1,6.78496
72433,6.78016
72452.9,6.77535
72472.8,6.77054
72492.7,6.76574
72512.6,6.76093
72532.5,6.75613
72552.4,6.75132
72572.3,6.74651
72592.2,6.74171
72612.1,6.7369
72632,6.73209
72651.9,6.72729
72671.8,6.72248
72691.7,6.71768
72711.6,6.71287
72731.5,6.70807
72751.4,6.70326
72771.4,6.69845
72791.3,6.69365
72811.2,6.68884
72831.1,6.68403
72851,6.67923
72870.9,6.67442
72890.8,6.66962
72910.7,6.66481
72930.6,6.66001
72950.5,6.6552
72970.4,6.65039
72990.3,6.64559
73010.2,6.64078
73030.1,6.63597
73050,6.63117
73069.9,6.62636
73089.8,6.62156
73109.7,6.61675
73129.6,6.61194
73149.5,6.60714
73169.4,6.60233
73189.3,6.59753
73209.2,6.59272
73229.1,6.58791
73249,6.58311
73269,6.5783
73288.9,6.5735
73308.8,6.56869
73328.7,6.56388
73348.6,6.55908
73368.5,6.55427
73388.4,6.54947
73408.3,6.54466
73428.2,6.53985
73448.1,6.53505
73468,6.53024
73487.9,6.52556
73507.8,6.52105
73527.7,6.51655
73547.6,6.51204
73567.5,6.50754
73587.4,6.50304
73607.3,6.49853
73627.2,6.49403
73647.1,6.48953
73667,6.48502
73686.9,6.48052
73706.8,6.47602
73726.7,6.47151
73746.6,6.46701
73766.6,6.46251
73786.5,6.458
73806.4,6.4535
73826.3,6.449
73846.2,6.44449
73866.1,6.43999
73886,6.43548
73905.9,6.43098
73925.8,6.42648
73945.7,6.42198
73965.6,6.41747
73985.5,6.41297
74005.4,6.40846
74025.3,6.40396
74045.2,6.39946
74065.1,6.39495
74085,6.39045
74104.9,6.38595
74124.8,6.38144
74144.7,6.37694
74164.6,6.37244
74184.5,6.36793
74204.4,6.36343
74224.3,6.35893
74244.3,6.35442
74264.2,6.34992
74284.1,6.34541
74304,6.34091
74323.9,6.33641
74343.8,6.3319
74363.7,6.3274
74383.6,6.3229
74403.5,6.31839
74423.4,6.31389
74443.3,6.30939
74463.2,6.30488
74483.1,6.30038
74503,6.29588
74522.9,6.29137
74542.8,6.28687
74562.7,6.28237
74582.6,6.27786
74602.5,6.27336
74622.4,6.26886
74642.3,6.26435
74662.2,6.25985
74682.1,6.25534
74702,6.25084
74721.9,6.24634
74741.9,6.24183
74761.8,6.23733
74781.7,6.23283
74801.6,6.22832
74821.5,6.22382
74841.4,6.21932
74861.3,6.21481
74881.2,6.21031
74901.1,6.20581
74921,6.20132
74940.9,6.19718
74960.8,6.19304
74980.7,6.18889
75000.6,6.18475
75020.5,6.18061
75040.4,6.17646
75060.3,6.17232
75080.2,6.16818
75100.1,6.16404
75120,6.1599
75139.9,6.15575
75159.8,6.15161
75179.7,6.14747
75199.6,6.14333
75219.5,6.13918
75239.5,6.13504
75259.4,6.1309
75279.3,6.12676
75299.2,6.12261
75319.1,6.11847
75339,6.11433
75358.9,6.11019
75378.8,6.10605
75398.7,6.1019
75418.6,6.09776
75438.5,6.09362
75458.4,6.08948
75478.3,6.08533
75498.2,6.08119
75518.1,6.07705
75538,6.07291
75557.9,6.06876
75577.8,6.06462
75597.7,6.06048
75617.6,6.05634
75637.5,6.05219
75657.4,6.04805
75677.3,6.04391
75697.2,6.03977
75717.1,6.03562
75737,6.03148
75757,6.02734
75776.9,6.0232
75796.8,6.01905
75816.7,6.01491
75836.6,6.01077
75856.5,6.00663
75876.4,6.00249
75896.3,5.99834
75916.2,5.9942
75936.1,5.99006
75956,5.98592
75975.9,5.98177
75995.8,5.97763
76015.7,5.97349
76035.6,5.96935
76055.5,5.9652
76075.4,5.96106
76095.3,5.95692
76115.2,5.95278
76135.1,5.94863
76155,5.94449
76174.9,5.94035
76194.8,5.93621
76214.7,5.93206
76234.6,5.92792
76254.5,5.92378
76274.5,5.91964
76294.4,5.9155
76314.3,5.91135
76334.2,5.90721
76354.1,5.90307
76374,5.89893
76393.9,5.895
76413.8,5.89116
76433.7,5.88732
76453.6,5.88348
76473.5,5.87964
76493.4,5.87581
76513.3,5.87197
76533.2,5.86813
76553.1,5.8643
76573,5.86046
76592.9,5.85662
76612.8,5.85278
76632.7,5.84894
76652.6,5.84511
76672.5,5.84127
76692.4,5.83743
76712.3,5.83359
76732.2,5.82976
76752.1,5.82592
76772.1,5.82208
76792,5.81824
76811.9,5.8144
76831.8,5.81057
76851.7,5.80673
76871.6,5.80289
76891.5,5.79906
76911.4,5.79522
76931.3,5.79138
76951.2,5.78754
76971.1,5.78371
76991,5.77987
77010.9,5.77603
77030.8,5.77219
77050.7,5.76835
77070.6,5.76452
77090.5,5.76068
77110.4,5.75684
77130.3,5.753
77150.2,5.74917
77170.1,5.74533
77190,5.74149
77209.9,5.73765
77229.8,5.73382
77249.8,5.72998
77269.6,5.72614
77289.6,5.7223
77309.5,5.71847
77329.4,5.71463
77349.3,5.71079
77369.2,5.70695
77389.1,5.70311
77409,5.69928
77428.9,5.69544
77448.8,5.6916
77468.7,5.68777
77488.6,5.68393
77508.5,5.68009
77528.4,5.67625
77548.3,5.67241
77568.2,5.66858
77588.1,5.66474
77608,5.6609
77627.9,5.65706
77647.8,5.65322
77667.7,5.64939
77687.6,5.64555
77707.5,5.64171
77727.4,5.63788
77747.4,5.63404
77767.3,5.6302
77787.2,5.62636
77807.1,5.62253
77827,5.61869
77846.9,5.61485
77866.8,5.61101
77886.7,5.60726
77906.6,5.60366
77926.5,5.60007
77946.4,5.59647
77966.3,5.59288
77986.2,5.58928
78006.1,5.58568
78026,5.58209
78045.9,5.57849
78065.8,5.5749
78085.7,5.5713
78105.6,5.56771
78125.5,5.56411
78145.4,5.56052
78165.3,5.55692
78185.2,5.55333
78205.1,5.54973
78225,5.54613
78245,5.54254
78264.9,5.53894
78284.8,5.53535
78304.7,5.53175
78324.6,5.52816
78344.5,5.52456
78364.4,5.52097
78384.3,5.51737
78404.2,5.51378
78424.1,5.51018
78444,5.50659
78463.9,5.50299
78483.8,5.4994
78503.7,5.4958
78523.6,5.4922
78543.5,5.48861
78563.4,5.48501
78583.3,5.48142
78603.2,5.47782
78623.1,5.47423
78643,5.47063
78662.9,5.46704
78682.8,5.46344
78702.7,5.45985
78722.6,5.45625
78742.5,5.45266
78762.5,5.44906
78782.4,5.44546
78802.3,5.44187
78822.2,5.43827
78842.1,5.43468
78862,5.43108
78881.9,5.42749
78901.8,5.42389
78921.7,5.4203
78941.6,5.4167
78961.5,5.41311
78981.4,5.40951
79001.3,5.40592
79021.2,5.40232
79041.1,5.39873
79061,5.39513
79080.9,5.39154
79100.8,5.38794
79120.7,5.38434
79140.6,5.38075
79160.5,5.37715
79180.4,5.37356
79200.3,5.36996
79220.3,5.36637
79240.1,5.36277
79260.1,5.35918
79280,5.35558
79299.9,5.35199
79319.8,5.34839
79339.7,5.3448
79359.6,5.3412
79379.5,5.3376
79399.4,5.33401
79419.3,5.3306
79439.2,5.3272
79459.1,5.3238
79479,5.3204
79498.9,5.317
79518.8,5.3136
79538.7,5.3102
79558.6,5.3068
79578.5,5.3034
79598.4,5.3
79618.3,5.2966
79638.2,5.2932
79658.1,5.2898
79678,5.2864
79697.9,5.283
79717.8,5.2796
79737.8,5.2762
79757.7,5.27279
79777.6,5.26939
79797.5,5.26599
79817.4,5.26259
79837.3,5.25919
79857.2,5.25579
79877.1,5.25239
79897,5.24899
79916.9,5.24559
79936.8,5.24219
79956.7,5.23879
79976.6,5.23539
79996.5,5.23199
80016.4,5.22867
80036.3,5.22538
80056.2,5.22208
80076.1,5.21878
80096,5.21548
80115.9,5.21218
80135.8,5.20889
80155.7,5.20559
80175.6,5.20229
80195.5,5.19899
80215.4,5.19569
80235.3,5.1924
80255.3,5.1891
80275.2,5.1858
80295.1,5.1825
80315,5.1792
80334.9,5.1759
80354.8,5.17261
80374.7,5.16931
80394.6,5.16601
80414.5,5.16271
80434.4,5.15941
80454.3,5.15611
80474.2,5.15282
80494.1,5.14952
80514,5.14622
80533.9,5.14292
80553.8,5.13962
80573.7,5.13633
80593.6,5.13303
80613.5,5.12973
80633.4,5.12643
80653.3,5.12313
80673.2,5.11983
80693.1,5.11654
80713,5.11324
80732.9,5.10994
80752.9,5.10664
80772.8,5.10334
80792.7,5.10005
80812.6,5.09675
80832.5,5.09345
80852.4,5.09015
80872.3,5.08685
80892.2,5.08356
80912.1,5.08026
80932,5.07696
80951.9,5.07369
80971.8,5.07066
80991.7,5.06764
81011.6,5.06461
81031.5,5.06159
81051.4,5.05856
81071.3,5.05554
81091.2,5.05251
81111.1,5.04949
81131,5.04646
81150.9,5.04344
81170.8,5.04042
81190.7,5.03739
81210.6,5.03437
81230.5,5.03134
81250.4,5.02832
81270.4,5.02529
81290.3,5.02227
81310.2,5.01924
81330.1,5.01622
81350,5.0132
81369.9,5.01017
81389.8,5.00714
81409.7,5.00412
81429.6,5.0011
81449.5,4.99807
81469.4,4.99505
81489.3,4.99202
81509.2,4.989
81529.1,4.98597
81549,4.98295
81568.9,4.97992
81588.8,4.9769
81608.7,4.97388
81628.6,4.97085
81648.5,4.96782
81668.4,4.9648
81688.3,4.96178
81708.2,4.95875
81728.1,4.95573
81748,4.9527
81768,4.94968
81787.9,4.94665
81807.8,4.94363
81827.7,4.9406
81847.6,4.93758
81867.5,4.93455
81887.4,4.93153
81907.3,4.9285
81927.2,4.92548
81947.1,4.92246
81967,4.91943
81986.9,4.91641
82006.8,4.91338
82026.7,4.91036
82046.6,4.90733
82066.5,4.90431
82086.4,4.90128
82106.3,4.89826
82126.2,4.89523
82146.1,4.89221
82166,4.88919
82185.9,4.88616
82205.8,4.88314
82225.8,4.88011
82245.6,4.87709
82265.6,4.87406
82285.5,4.87104
82305.4,4.86801
82325.3,4.86499
82345.2,4.86196
82365.1,4.85894
82385,4.85591
82404.9,4.85289
82424.8,4.84986
82444.7,4.84684
82464.6,4.84382
82484.5,4.84079
82504.4,4.83777
82524.3,4.83474
82544.2,4.83174
82564.1,4.82885
82584,4.82595
82603.9,4.82305
82623.8,4.82016
82643.7,4.81726
82663.6,4.81436
82683.5,4.81147
82703.4,4.80857
82723.3,4.80568
82743.3,4.80278
82763.2,4.79988
82783.1,4.79699
82803,4.79409
82822.9,4.79119
82842.8,4.7883
82862.7,4.7854
82882.6,4.7825
82902.5,4.77961
82922.4,4.77671
82942.3,4.77381
82962.2,4.77092
82982.1,4.76802
83002,4.76512
83021.9,4.76223
83041.8,4.75933
83061.7,4.75643
83081.6,4.75354
83101.5,4.75064
83121.4,4.74774
83141.3,4.74485
83161.2,4.74195
83181.1,4.73906
83201,4.73616
83220.9,4.73326
83240.9,4.73036
83260.8,4.72747
83280.7,4.72457
83300.6,4.72167
83320.5,4.71878
83340.4,4.71588
83360.3,4.71299
83380.2,4.71009
83400.1,4.70719
83420,4.7043
83439.9,4.7014
83459.8,4.6985
83479.7,4.69561
83499.6,4.69271
83519.5,4.68981
83539.4,4.68692
83559.3,4.68402
83579.2,4.68112
83599.1,4.67823
83619,4.67533
83638.9,4.67243
83658.8,4.66954
83678.7,4.66664
83698.6,4.66374
83718.5,4.66085
83738.5,4.65795
83758.4,4.65506
83778.3,4.65216
83798.2,4.64926
83818.1,4.64637
83838,4.64347
83857.9,4.64057
83877.8,4.63768
83897.7,4.63478
83917.6,4.63188
83937.5,4.62899
83957.4,4.62609
83977.3,4.62319
83997.2,4.6203
84017.1,4.6174
84037,4.6145
84056.9,4.61161
84076.8,4.60871
84096.7,4.60581
84116.6,4.60292
84136.5,4.60002
84156.4,4.5972
84176.3,4.59455
84196.2,4.5919
84216.1,4.58926
84236,4.58661
84255.9,4.58396
84275.9,4.58131
84295.8,4.57866
84315.7,4.57601
84335.6,4.57336
84355.5,4.57071
84375.4,4.56806
84395.3,4.56541
84415.2,4.56276
84435.1,4.56011
84455,4.55746
84474.9,4.55481
84494.8,4.55216
84514.7,4.54951
84534.6,4.54686
84554.5,4.54421
84574.4,4.54156
84594.3,4.53891
84614.2,4.53626
84634.1,4.53361
84654,4.53096
84673.9,4.52831
84693.8,4.52566
84713.7,4.52301
84733.6,4.52036
84753.5,4.51771
84773.5,4.51506
84793.4,4.51241
84813.3,4.50976
84833.2,4.50712
84853.1,4.50447
84873,4.50182
84892.9,4.49917
84912.8,4.49652
84932.7,4.49387
84952.6,4.49122
84972.5,4.48857
84992.4,4.48592
85012.3,4.48327
85032.2,4.48062
85052.1,4.47797
85072,4.47532
85091.9,4.47267
85111.8,4.47002
85131.7,4.46737
85151.6,4.46472
85171.5,4.46207
85191.4,4.45942
85211.3,4.45677
85231.2,4.45412
85251.1,4.45147
85271.1,4.44882
85291,4.44617
85310.9,4.44352
85330.8,4.44087
85350.7,4.43822
85370.6,4.43557
85390.5,4.43292
85410.4,4.43027
85430.3,4.42763
85450.2,4.42498
85470.1,4.42233
85490,4.41968
85509.9,4.41703
85529.8,4.41438
85549.7,4.41173
85569.6,4.40908
85589.5,4.40643
85609.4,4.40378
85629.3,4.40113
85649.2,4.39848
85669.1,4.39583
85689,4.39318
85708.9,4.39053
85728.8,4.38788
85748.8,4.38523
85768.7,4.38258
85788.6,4.37993
85808.5,4.37737
85828.4,4.37493
85848.3,4.37248
85868.2,4.37004
85888.1,4.3676
85908,4.36515
85927.9,4.36271
85947.8,4.36027
85967.7,4.35782
85987.6,4.35538
86007.5,4.35293
86027.4,4.35049
86047.3,4.34805
86067.2,4.34561
86087.1,4.34316
86107,4.34072
86126.9,4.33828
86146.8,4.33583
86166.7,4.33339
86186.6,4.33094
86206.5,4.3285
86226.4,4.32606
86246.4,4.32361
86266.3,4.32117
86286.2,4.31873
86306.1,4.31628
86326,4.31384
86345.9,4.3114
86365.8,4.30895
86385.7,4.30651
86405.6,4.30407
86425.5,4.30162
86445.4,4.29918
86465.3,4.29674
86485.2,4.29429
86505.1,4.29185
86525,4.28941
86544.9,4.28696
86564.8,4.28452
86584.7,4.28208
86604.6,4.27963
86624.5,4.27719
86644.4,4.27475
86664.3,4.2723
86684.2,4.26986
86704.1,4.26742
86724,4.26497
86744,4.26253
86763.9,4.26009
86783.8,4.25764
86803.7,4.2552
86823.6,4.25276
86843.5,4.25031
86863.4,4.24787
86883.3,4.24542
86903.2,4.24298
86923.1,4.24054
86943,4.23809
86962.9,4.23565
86982.8,4.23321
87002.7,4.23077
87022.6,4.22832
87042.5,4.22588
87062.4,4.22343
87082.3,4.22099
87102.2,4.21855
87122.1,4.2161
87142,4.21366
87161.9,4.21122
87181.8,4.20877
87201.7,4.20633
87221.6,4.20389
87241.5,4.20144
87261.5,4.199
87281.4,4.19656
87301.3,4.19411
87321.2,4.19167
87341.1,4.18923
87361,4.18678
87380.9,4.18434
87400.8,4.1819
87420.7,4.17945
87440.6,4.17701
87460.5,4.17457
87480.4,4.1722
87500.3,4.1699
87520.2,4.16759
87540.1,4.16529
87560,4.16299
87579.9,4.16069
87599.8,4.15839
87619.7,4.15609
87639.6,4.15379
87659.5,4.15149
87679.4,4.14919
87699.3,4.14689
87719.2,4.14459
87739.1,4.14228
87759.1,4.13998
87779,4.13768
87798.9,4.13538
87818.8,4.13308
87838.7,4.13078
87858.6,4.12848
87878.5,4.12618
87898.4,4.12388
87918.3,4.12157
87938.2,4.11927
87958.1,4.11697
87978,4.11467
87997.9,4.11237
88017.8,4.11007
88037.7,4.10777
88057.6,4.10547
88077.5,4.10317
88097.4,4.10086
88117.3,4.09856
88137.2,4.09626
88157.1,4.09396
88177,4.09166
88196.9,4.08936
88216.8,4.08706
88236.7,4.08476
88256.6,4.08246
88276.6,4.08016
88296.5,4.07785
88316.4,4.07555
88336.3,4.07325
88356.2,4.07095
88376.1,4.06865
88396,4.06635
88415.9,4.06405
88435.8,4.06175
88455.7,4.05945
88475.6,4.05715
88495.5,4.05484
88515.4,4.05254
88535.3,4.05024
88555.2,4.04794
88575.1,4.04564
88595,4.04334
88614.9,4.04104
88634.8,4.03874
88654.7,4.03644
88674.6,4.03414
88694.5,4.03183
88714.4,4.02953
88734.3,4.02723
88754.3,4.02493
88774.1,4.02263
88794.1,4.02033
88814,4.01803
88833.9,4.01573
88853.8,4.01343
88873.7,4.01113
88893.6,4.00882
88913.5,4.00652
88933.4,4.00422
88953.3,4.00192
88973.2,3.99962
88993.1,3.99732
89013,3.99502
89032.9,3.99272
89052.8,3.99042
89072.7,3.98811
89092.6,3.98581
89112.5,3.98351
89132.4,3.98121
89152.3,3.97891
89172.2,3.97661
89192.1,3.97442
89212,3.97229
89231.9,3.97017
89251.9,3.96805
89271.8,3.96592
89291.7,3.9638
89311.6,3.96168
89331.5,3.95955
89351.4,3.95743
89371.3,3.9553
89391.2,3.95318
89411.1,3.95106
89431,3.94893
89450.9,3.94681
89470.8,3.94469
89490.7,3.94256
89510.6,3.94044
89530.5,3.93832
89550.4,3.93619
89570.3,3.93407
89590.2,3.93195
89610.1,3.92982
89630,3.9277
89649.9,3.92558
89669.8,3.92345
89689.7,3.92133
89709.6,3.9192
89729.5,3.91708
89749.5,3.91496
89769.4,3.91283
89789.3,3.91071
89809.2,3.90859
89829.1,3.90646
89849,3.90434
89868.9,3.90222
89888.8,3.90009
89908.7,3.89797
89928.6,3.89585
89948.5,3.89372
89968.4,3.8916
89988.3,3.88948
90008.2,3.88735
90028.1,3.88523
90048,3.88311
90067.9,3.88098
90087.8,3.87886
90107.7,3.87673
90127.6,3.87461
90147.5,3.87249
90167.4,3.87036
90187.3,3.86824
90207.2,3.86612
90227.1,3.86399
90247,3.86187
90267,3.85975
90286.9,3.85762
90306.8,3.8555
90326.7,3.85338
90346.6,3.85125
90366.5,3.84913
90386.4,3.84701
90406.3,3.84488
90426.2,3.84276
90446.1,3.84063
90466,3.83851
90485.9,3.83639
90505.8,3.83426
90525.7,3.83214
90545.6,3.83002
90565.5,3.82789
90585.4,3.82577
90605.3,3.82365
90625.2,3.82152
90645.1,3.8194
90665,3.81728
90684.9,3.81515
90704.8,3.81303
90724.8,3.8109
90744.6,3.80878
90764.6,3.80666
90784.5,3.80453
90804.4,3.80241
90824.3,3.80029
90844.2,3.79816
90864.1,3.79604
90884,3.79392
90903.9,3.79179
90923.8,3.78967
90943.7,3.78767
90963.6,3.78572
90983.5,3.78377
91003.4,3.78182
91023.3,3.77987
91043.2,3.77792
91063.1,3.77597
91083,3.77403
91102.9,3.77208
91122.8,3.77013
91142.7,3.76818
91162.6,3.76623
91182.5,3.76428
91202.4,3.76234
91222.3,3.76039
91242.3,3.75844
91262.2,3.75649
91282.1,3.75454
91302,3.75259
91321.9,3.75064
91341.8,3.7487
91361.7,3.74675
91381.6,3.7448
91401.5,3.74285
91421.4,3.7409
91441.3,3.73895
91461.2,3.737
91481.1,3.73506
91501,3.73311
91520.9,3.73116
91540.8,3.72921
91560.7,3.72726
91580.6,3.72531
91600.5,3.72336
91620.4,3.72142
91640.3,3.71947
91660.2,3.71752
91680.1,3.71557
91700,3.71362
91719.9,3.71167
91739.9,3.70972
91759.8,3.70778
91779.7,3.70583
91799.6,3.70388
91819.5,3.70193
91839.4,3.69998
91859.3,3.69803
91879.2,3.69609
91899.1,3.69414
91919,3.69219
91938.9,3.69024
91958.8,3.68829
91978.7,3.68634
91998.6,3.68439
92018.5,3.68245
92038.4,3.6805
92058.3,3.67855
92078.2,3.6766
92098.1,3.67465
92118,3.6727
92137.9,3.67075
92157.8,3.6688
92177.7,3.66686
92197.6,3.66491
92217.5,3.66296
92237.4,3.66101
92257.4,3.65906
92277.3,3.65711
92297.2,3.65516
92317.1,3.65322
92337,3.65127
92356.9,3.64932
92376.8,3.64737
92396.7,3.64542
92416.6,3.64347
92436.5,3.64153
92456.4,3.63958
92476.3,3.63763
92496.2,3.63568
92516.1,3.63373
92536,3.63178
92555.9,3.62983
92575.8,3.62789
92595.7,3.62594
92615.6,3.62399
92635.5,3.62204
92655.4,3.62009
92675.3,3.61814
92695.2,3.61619
92715.1,3.61428
92735,3.61245
92754.9,3.61062
92774.9,3.60879
92794.8,3.60697
92814.7,3.60514
92834.6,3.60331
92854.5,3.60148
92874.4,3.59966
92894.3,3.59783
92914.2,3.596
92934.1,3.59417
92954,3.59235
92973.9,3.59052
92993.8,3.58869
93013.7,3.58686
93033.6,3.58503
93053.5,3.58321
93073.4,3.58138
93093.3,3.57955
93113.2,3.57772
93133.1,3.57589
93153,3.57407
93172.9,3.57224
93192.8,3.57041
93212.7,3.56858
93232.6,3.56676
93252.5,3.56493
93272.5,3.5631
93292.4,3.56127
93312.3,3.55945
93332.2,3.55762
93352.1,3.55579
93372,3.55396
93391.9,3.55214
93411.8,3.55031
93431.7,3.54848
93451.6,3.54665
93471.5,3.54482
93491.4,3.543
93511.3,3.54117
93531.2,3.53934
93551.1,3.53751
93571,3.53569
93590.9,3.53386
93610.8,3.53203
93630.7,3.5302
93650.6,3.52838
93670.5,3.52655
93690.4,3.52472
93710.3,3.52289
93730.3,3.52106
93750.1,3.51924
93770.1,3.51741
93790,3.51558
93809.9,3.51375
93829.8,3.51193
93849.7,3.5101
93869.6,3.50827
93889.5,3.50644
93909.4,3.50462
93929.3,3.50279
93949.2,3.50096
93969.1,3.49913
93989,3.49731
94008.9,3.49548
94028.8,3.49365
94048.7,3.49182
94068.6,3.48999
94088.5,3.48817
94108.4,3.48634
94128.3,3.48451
94148.2,3.48268
94168.1,3.48086
94188,3.47903
94207.9,3.4772
94227.8,3.47537
94247.8,3.47354
94267.7,3.47172
94287.6,3.46989
94307.5,3.46806
94327.4,3.46623
94347.3,3.46441
94367.2,3.46258
94387.1,3.46075
94407,3.45892
94426.9,3.4571
94446.8,3.45527
94466.7,3.45344
94486.6,3.45161
94506.5,3.44979
94526.4,3.448
94546.3,3.44631
94566.2,3.44461
94586.1,3.44292
94606,3.44123
94625.9,3.43953
94645.8,3.43784
94665.7,3.43614
94685.6,3.43445
94705.5,3.43276
94725.4,3.43106
94745.4,3.42937
94765.3,3.42768
94785.2,3.42598
94805.1,3.42429
94825,3.4226
94844.9,3.4209
94864.8,3.41921
94884.7,3.41751
94904.6,3.41582
94924.5,3.41413
94944.4,3.41243
94964.3,3.41074
94984.2,3.40905
95004.1,3.40735
95024,3.40566
95043.9,3.40397
95063.8,3.40227
95083.7,3.40058
95103.6,3.39888
95123.5,3.39719
95143.4,3.3955
95163.3,3.3938
95183.2,3.39211
95203.1,3.39042
95223,3.38872
95243,3.38703
95262.9,3.38534
95282.8,3.38364
95302.7,3.38195
95322.6,3.38025
95342.5,3.37856
95362.4,3.37687
95382.3,3.37517
95402.2,3.37348
95422.1,3.37179
95442,3.37009
95461.9,3.3684
95481.8,3.36671
95501.7,3.36501
95521.6,3.36332
95541.5,3.36162
95561.4,3.35993
95581.3,3.35824
95601.2,3.35654
95621.1,3.35485
95641,3.35316
95660.9,3.35146
95680.8,3.34977
95700.7,3.34808
95720.6,3.34638
95740.6,3.34469
95760.5,3.34299
95780.4,3.3413
95800.3,3.33961
95820.2,3.33791
95840.1,3.33622
95860,3.33453
95879.9,3.33283
95899.8,3.33114
95919.7,3.32945
95939.6,3.32775
95959.5,3.32606
95979.4,3.32436
95999.3,3.32267
96019.2,3.32098
96039.1,3.31928
96059,3.31759
96078.9,3.3159
96098.8,3.3142
96118.7,3.31251
96138.6,3.31082
96158.5,3.30912
96178.4,3.30743
96198.3,3.30573
96218.2,3.30404
96238.1,3.30235
96258,3.30065
96278,3.29896
96297.9,3.29727
96317.8,3.29557
96337.7,3.29388
96357.6,3.29219
96377.5,3.29054
96397.4,3.28896
96417.3,3.28739
96437.2,3.28582
96457.1,3.28424
96477,3.28267
96496.9,3.2811
96516.8,3.27952
96536.7,3.27795
96556.6,3.27637
96576.5,3.2748
96596.4,3.27323
96616.3,3.27165
96636.2,3.27008
96656.1,3.26851
96676,3.26693
96695.9,3.26536
96715.8,3.26379
96735.7,3.26221
96755.6,3.26064
96775.6,3.25906
96795.5,3.25749
96815.4,3.25592
96835.3,3.25434
96855.2,3.25277
96875.1,3.2512
96895,3.24962
96914.9,3.24805
96934.8,3.24648
96954.7,3.2449
96974.6,3.24333
96994.5,3.24176
97014.4,3.24018
97034.3,3.23861
97054.2,3.23703
97074.1,3.23546
97094,3.23389
97113.9,3.23231
97133.8,3.23074
97153.7,3.22917
97173.6,3.22759
97193.5,3.22602
97213.4,3.22445
97233.3,3.22287
97253.3,3.2213
97273.2,3.21972
97293.1,3.21815
97313,3.21658
97332.9,3.215
97352.8,3.21343
97372.7,3.21186
97392.6,3.21028
97412.5,3.20871
97432.4,3.20714
97452.3,3.20556
97472.2,3.20399
97492.1,3.20242
97512,3.20084
97531.9,3.19927
97551.8,3.19769
97571.7,3.19612
97591.6,3.19455
97611.5,3.19297
97631.4,3.1914
97651.3,3.18983
97671.2,3.18825
97691.1,3.18668
97711,3.18511
97730.9,3.18353
97750.9,3.18196
97770.8,3.18039
97790.7,3.17881
97810.6,3.17724
97830.5,3.17566
97850.4,3.17409
97870.3,3.17252
97890.2,3.17094
97910.1,3.16937
97930,3.1678
97949.9,3.16622
97969.8,3.16465
97989.7,3.16308
98009.6,3.1615
98029.5,3.15993
98049.4,3.15835
98069.3,3.15678
98089.2,3.15521
98109.1,3.15363
98129,3.15206
98148.9,3.15049
98168.8,3.14891
98188.7,3.14734
98208.6,3.14577
98228.5,3.14419
98248.5,3.14262
98268.4,3.14114
98288.3,3.13968
98308.2,3.13821
98328.1,3.13675
98348,3.13528
98367.9,3.13382
98387.8,3.13235
98407.7,3.13089
98427.6,3.12942
98447.5,3.12795
98467.4,3.12649
98487.3,3.12502
98507.2,3.12356
98527.1,3.12209
98547,3.12063
98566.9,3.11916
98586.8,3.11769
98606.7,3.11623
98626.6,3.11476
98646.5,3.1133
98666.4,3.11183
98686.3,3.11037
98706.2,3.1089
98726.1,3.10743
98746,3.10597
98766,3.1045
98785.9,3.10304
98805.8,3.10157
98825.7,3.10011
98845.6,3.09864
98865.5,3.09718
98885.4,3.09571
98905.3,3.09424
98925.2,3.09278
98945.1,3.09131
98965,3.08985
98984.9,3.08838
99004.8,3.08692
99024.7,3.08545
99044.6,3.08398
99064.5,3.08252
99084.4,3.08105
99104.3,3.07959
99124.2,3.07812
99144.1,3.07666
99164,3.07519
99183.9,3.07372
99203.8,3.07226
99223.8,3.07079
99243.6,3.06933
99263.6,3.06786
99283.5,3.0664
99303.4,3.06493
99323.3,3.06347
99343.2,3.062
99363.1,3.06053
99383,3.05907
99402.9,3.0576
99422.8,3.05614
99442.7,3.05467
99462.6,3.05321
99482.5,3.05174
99502.4,3.05027
99522.3,3.04881
99542.2,3.04734
99562.1,3.04588
99582,3.04441
99601.9,3.04295
99621.8,3.04148
99641.7,3.04002
99661.6,3.03855
99681.5,3.03708
99701.4,3.03562
99721.3,3.03415
99741.3,3.03269
99761.2,3.03122
99781.1,3.02976
99801,3.02829
99820.9,3.02682
99840.8,3.02536
99860.7,3.02389
99880.6,3.02243
99900.5,3.02096
99920.4,3.0195
99940.3,3.01803
99960.2,3.01656
99980.1,3.0151
100000,3.01363