500,113477
519.904,111277
539.808,109078
559.712,106879
579.616,104679
599.52,102480
619.424,100281
639.328,98081.7
659.232,95882.5
679.136,93683.2
699.04,91484
718.944,89284.7
738.848,87085.5
758.752,84886.2
778.656,82686.9
798.56,80487.7
818.464,78288.4
838.368,76089.2
858.272,73889.9
878.176,71690.7
898.08,69491.4
917.984,67292.2
937.888,65092.9
957.792,62893.7
977.696,60694.4
997.599,58495.1
1017.5,56295.9
1037.41,54171.7
1057.31,52134.8
1077.22,50259.7
1097.12,48457.1
1117.02,46719.2
1136.93,45106.1
1156.83,43609.4
1176.74,42145.1
1196.64,40750.6
1216.54,39453.1
1236.45,38160.3
1256.35,36964.4
1276.26,35844.4
1296.16,34762.8
1316.06,33726.4
1335.97,32742.8
1355.87,31795.4
1375.78,30873.2
1395.68,30003.5
1415.58,29190.5
1435.49,28376
1455.39,27602.2
1475.3,26863.1
1495.2,26165.4
1515.1,25478
1535.01,24787.6
1554.91,24105
1574.81,23480.7
1594.72,22875.2
1614.62,22289.9
1634.53,21730.5
1654.43,21183.6
1674.33,20657.9
1694.24,20152.3
1714.14,19665.8
1734.05,19187.9
1753.95,30498.3
1773.85,39889.2
1793.76,54781.9
1813.66,56757.2
1833.57,57387.5
1853.47,58015.9
1873.37,58656.3
1893.28,59295.8
1913.18,59919.9
1933.09,60539.8
1952.99,61147.5
1972.89,61757.6
1992.8,62372.1
2012.7,61613.8
2032.61,60129.3
2052.51,58680.1
2072.41,57278.1
2092.32,55899.1
2112.22,54552
2132.13,53258.9
2152.03,52044.1
2171.93,50843.7
2191.84,49677.3
2211.74,56400.8
2231.65,55193.8
2251.55,53989.2
2271.45,52869.5
2291.36,51749.9
2311.26,50690.6
2331.17,49644.7
2351.07,48640.7
2370.97,47670.2
2390.88,46715
2410.78,45807.2
2430.69,44899.5
2450.59,44032.7
2470.49,45918.2
2490.4,45017.1
2510.3,44207
2530.21,43399
2550.11,42624.8
2570.01,41850.5
2589.92,41112.6
2609.82,40398.9
2629.73,39686.5
2649.63,39007.3
2669.53,38328.1
2689.44,37667.4
2709.34,38655.3
2729.25,37966.8
2749.15,37343.4
2769.05,36730.5
2788.96,36121.8
2808.86,35537.3
2828.77,34952.9
2848.67,34388.7
2868.57,33850.7
2888.48,33312.6
2908.38,32793.7
2928.29,32286.3
2948.19,31778.9
2968.09,31289
2988,30804.7
3007.9,30316.3
3027.81,29848.9
3047.71,29384.8
3067.61,28920.8
3087.52,28482.6
3107.42,28046.5
3127.33,27610.3
3147.23,27200.4
3167.13,26793
3187.04,26385.6
3206.94,26004.1
3226.85,25627.1
3246.75,25250.1
3266.65,24883.8
3286.56,24522.5
3306.46,24161.2
3326.37,23814.5
3346.27,23481.2
3366.17,23148
3386.08,22819.8
3405.98,22506.6
3425.89,22193.4
3445.79,21880.1
3465.69,21587.7
3485.6,21296.6
3505.5,21005.5
3525.41,20722.1
3545.31,20445.6
3565.21,20169
3585.12,19894.7
3605.02,19638.6
3624.92,19382.6
3644.83,19126.5
3664.73,18881
3684.64,18642.7
3704.54,18404.5
3724.45,18166.2
3744.35,17941.4
3764.25,17716.9
3784.16,17492.5
3804.06,17271.7
3823.96,17059.2
3843.87,16846.7
3863.77,16634.2
3883.68,16431.8
3903.58,16236.4
3923.48,16041.1
3943.39,15845.8
3963.29,15655.9
3983.2,15467.7
4003.1,15280.1
4023,15095.3
4042.91,14917.7
4062.81,14741
4082.72,14564.2
4102.62,14387.4
4122.52,14220.4
4142.43,14054.1
4162.33,13887.7
4182.24,13721.4
4202.14,13566.1
4222.04,13411.9
4241.95,13257.7
4261.85,13103.5
4281.76,12956
4301.66,12810.2
4321.56,12664.5
4341.47,12518.8
4361.37,12379.2
4381.28,12243.4
4401.18,12107.5
4421.08,11971.7
4440.99,11839.2
4460.89,11712.8
4480.8,11586.4
4500.7,11460
4520.6,11333.6
4540.51,11213.5
4560.41,11093.5
4580.32,10973.6
4600.22,10853.6
4620.12,10739.3
4640.03,10629.3
4659.93,10519.3
4679.84,10409.4
4699.74,10299.6
4719.64,10195.6
4739.55,10091.7
4759.45,9987.66
4779.36,9883.68
4799.26,9783.04
4819.16,9687.11
4839.07,9591.19
4858.97,9495.26
4878.88,9399.34
4898.78,9306.52
4918.68,9215.07
4938.59,9123.63
4958.49,9032.19
4978.4,8940.75
4998.3,8852.49
5018.2,8767.62
5038.11,8683.03
5058.01,8598.45
5077.92,8513.86
5097.82,8432.76
5117.72,8351.68
5137.63,8270.59
5157.53,8189.51
5177.44,8108.56
5197.34,8033.43
5217.24,7958.31
5237.15,7883.19
5257.05,7808.06
5276.96,7732.94
5296.86,7662.23
5316.76,7591.77
5336.67,7521.31
5356.57,7450.85
5376.48,7380.39
5396.38,7313.87
5416.28,7248.52
5436.19,7183.16
5456.09,7117.81
5476,7052.45
5495.9,6988.75
5515.8,6927.09
5535.71,6865.43
5555.61,6803.76
5575.52,6742.1
5595.42,6680.74
5615.32,6623.23
5635.23,6565.73
5655.13,6508.23
5675.04,6450.72
5694.94,6393.22
5714.84,6338.39
5734.75,6285.37
5754.65,6232.35
5774.55,6179.33
5794.46,6126.31
5814.36,6073.3
5834.27,6022.62
5854.17,5972.02
5874.07,5921.41
5893.98,5870.81
5913.88,5820.21
5933.79,5770.55
5953.69,5723.21
5973.59,5675.86
5993.5,5628.52
6013.4,5581.92
6033.31,5535.69
6053.21,5490.49
6073.11,5446.51
6093.02,5402.52
6112.92,5358.54
6132.83,5314.55
6152.73,5270.57
6172.63,5227.74
6192.54,5186.13
6212.44,5144.53
6232.35,5102.93
6252.25,5061.33
6272.15,5019.72
6292.06,4979.52
6311.96,4940.99
6331.87,4902.46
6351.77,4863.92
6371.67,4825.39
6391.58,4786.86
6411.48,4748.98
6431.39,4712.83
6451.29,4676.67
6471.19,4640.52
6491.1,4604.36
6511,4568.2
6530.91,4532.05
6550.81,4498.45
6570.71,4464.86
6590.62,4431.27
6610.52,4397.68
6630.43,4364.08
6650.33,4330.5
6670.23,4298.1
6690.14,4266.64
6710.04,4235.17
6729.95,4203.7
6749.85,4172.24
6769.75,4140.77
6789.66,4109.38
6809.56,4080.11
6829.47,4050.84
6849.37,4021.57
6869.27,3992.31
6889.18,3963.04
6909.08,3933.77
6928.99,3905.14
6948.89,3877.69
6968.79,3850.24
6988.7,3822.79
7008.6,3795.34
7028.51,3767.89
7048.41,3740.44
7068.31,3714.05
7088.22,3688.47
7108.12,3662.9
7128.03,3637.32
7147.93,3611.74
7167.83,3586.16
7187.74,3560.58
7207.64,3536.09
7227.55,3512.23
7247.45,3488.37
7267.35,3464.5
7287.26,3440.64
7307.16,3416.77
7327.07,3392.91
7346.97,3369.86
7366.87,3347.49
7386.78,3325.11
7406.68,3302.73
7426.59,3280.36
7446.49,3257.98
7466.39,3235.6
7486.3,3213.78
7506.2,3192.92
7526.1,3172.05
7546.01,3151.19
7565.91,3130.33
7585.82,3109.47
7605.72,3088.6
7625.63,3067.79
7645.53,3048.51
7665.43,3029.23
7685.34,3009.95
7705.24,2990.67
7725.15,2971.39
7745.05,2952.11
7764.95,2932.83
7784.86,2914.1
7804.76,2895.95
7824.67,2877.79
7844.57,2859.63
7864.47,2841.47
7884.38,2823.31
7904.28,2805.15
7924.18,2787
7944.09,2769.56
7963.99,2752.23
7983.9,2734.91
8003.8,2717.67
8023.7,2700.77
8043.61,2683.87
8063.51,2666.98
8083.42,2650.14
8103.32,2634.14
8123.23,2618.13
8143.13,2602.12
8163.03,2586.12
8182.94,2570.11
8202.84,2554.1
8222.74,2538.09
8242.65,2522.23
8262.55,2507.27
8282.46,2492.31
8302.36,2477.35
8322.26,2462.4
8342.17,2447.44
8362.07,2432.48
8381.98,2417.52
8401.88,2402.61
8421.78,2388.59
8441.69,2374.58
8461.59,2360.57
8481.5,2346.55
8501.4,2332.54
8521.3,2318.53
8541.21,2304.51
8561.11,2290.5
8581.02,2277.27
8600.92,2264.23
8620.82,2251.2
8640.73,2238.16
8660.63,2225.12
8680.54,2212.08
8700.44,2199.05
8720.34,2186.01
8740.25,2173.34
8760.15,2161.18
8780.06,2149.03
8799.96,2136.88
8819.86,2124.72
8839.77,2112.57
8859.67,2100.41
8879.58,2088.26
8899.48,2076.11
8919.38,2064.59
8939.29,2053.22
8959.19,2041.84
8979.1,2030.47
8999,2019.09
9018.9,2007.72
9038.81,1996.34
9058.71,1984.97
9078.62,1973.66
9098.52,1963.09
9118.42,1952.53
9138.33,1941.96
9158.23,1931.4
9178.14,1920.84
9198.04,1910.27
9217.94,1899.71
9237.85,1889.14
9257.75,1878.68
9277.66,1868.84
9297.56,1859
9317.46,1849.15
9337.37,1839.31
9357.27,1829.47
9377.17,1819.63
9397.08,1809.79
9416.98,1799.95
9436.89,1790.13
9456.79,1780.87
9476.7,1771.6
9496.6,1762.34
9516.5,1753.08
9536.41,1743.81
9556.31,1734.55
9576.21,1725.29
9596.12,1716.02
9616.02,1706.76
9635.93,1698.03
9655.83,1689.43
9675.74,1680.83
9695.64,1672.23
9715.54,1663.64
9735.45,1655.04
9755.35,1646.44
9775.25,1637.84
9795.16,1629.24
9815.06,1620.76
9834.97,1612.47
9854.87,1604.19
9874.77,1595.9
9894.68,4035.32
9914.58,4019.01
9934.49,4002.7
9954.39,3986.4
9974.29,3970.09
9994.2,3953.78
10014.1,3935.12
10034,3915.49
10053.9,3895.86
10073.8,3876.23
10093.7,3856.61
10113.6,3836.98
10133.5,3817.35
10153.4,3797.72
10173.3,3778.09
10193.2,3758.46
10213.1,3738.88
10233,3719.32
10253,3699.76
10272.9,3680.19
10292.8,3660.63
10312.7,3641.07
10332.6,3621.51
10352.5,3601.95
10372.4,3582.39
10392.3,3563.13
10412.2,3546.27
10432.1,3529.41
10452,3512.55
10471.9,3495.69
10491.8,3478.83
10511.7,3461.97
10531.6,3445.11
10551.5,3428.25
10571.4,3411.38
10591.3,3394.52
10611.2,3378.13
10631.1,3362.11
10651,3346.09
10670.9,3330.06
10690.8,3314.04
10710.7,3298.02
10730.6,3282
10750.5,3265.97
10770.5,3249.95
10790.4,3233.93
10810.3,3217.91
10830.2,3202.73
10850.1,3187.54
10870,3172.36
10889.9,3157.17
10909.8,3141.99
10929.7,3126.8
10949.6,3111.62
10969.5,3096.43
10989.4,3081.25
11009.3,3066.06
11029.2,3051.33
11049.1,3037.13
11069,3022.92
11088.9,3008.72
11108.8,2994.52
11128.7,2980.31
11148.6,4058.44
11168.5,4039.79
11188.4,4021.13
11208.3,4002.48
11228.2,3983.82
11248.1,3967.22
11268.1,3950.83
11288,3934.44
11307.9,3918.04
11327.8,3901.65
11347.7,3885.25
11367.6,3868.86
11387.5,3852.46
11407.4,3836.07
11427.3,3819.67
11447.2,3803.28
11467.1,3788.07
11487,3773.06
11506.9,3758.05
11526.8,3743.04
11546.7,3728.02
11566.6,3713.01
11586.5,3698
11606.4,3682.99
11626.3,3667.97
11646.2,3652.96
11666.1,3637.95
11686,4174.38
11705.9,4156.7
11725.8,4139.03
11745.7,4121.36
11765.7,4103.68
11785.6,4086.01
11805.5,4068.33
11825.4,4050.66
11845.3,4032.98
11865.2,4015.31
11885.1,3997.64
11905,3980.44
11924.9,3964.68
11944.8,3948.92
11964.7,3933.16
11984.6,3917.39
12004.5,3901.63
12024.4,3885.87
12044.3,3870.11
12064.2,3854.35
12084.1,3838.59
12104,3822.83
12123.9,3807.07
12143.8,3791.32
12163.7,3775.64
12183.6,3759.96
12203.5,3744.28
12223.4,3728.59
12243.3,3712.91
12263.3,3697.23
12283.2,3681.55
12303.1,3665.87
12323,3650.18
12342.9,3634.5
12362.8,3618.82
12382.7,3604.42
12402.6,3590.74
12422.5,3577.06
12442.4,3563.38
12462.3,3549.7
12482.2,3536.02
12502.1,3522.34
12522,3508.66
12541.9,3494.98
12561.8,3481.3
12581.7,3467.62
12601.6,3453.94
12621.5,3440.27
12641.4,3426.66
12661.3,3413.05
12681.2,3399.44
12701.1,3385.84
12721,3372.23
12740.9,3358.62
12760.9,3345.01
12780.8,3331.41
12800.7,3317.8
12820.6,3304.19
12840.5,3290.58
12860.4,3277
12880.3,3264.55
12900.2,3252.1
12920.1,3239.65
12940,3227.2
12959.9,3214.76
12979.8,3202.31
12999.7,3189.86
13019.6,3177.41
13039.5,3164.97
13059.4,3152.52
13079.3,3140.07
13099.2,3127.62
13119.1,3115.66
13139,3104.29
13158.9,3092.91
13178.8,3081.53
13198.7,3070.16
13218.6,3058.78
13238.5,3047.4
13258.5,3036.03
13278.4,3024.65
13298.3,3013.27
13318.2,3001.9
13338.1,2990.52
13358,2979.14
13377.9,2967.98
13397.8,2957.16
13417.7,2946.33
13437.6,2935.5
13457.5,2924.67
13477.4,2913.85
13497.3,2903.02
13517.2,2892.19
13537.1,2881.37
13557,2870.54
13576.9,2859.71
13596.8,2848.88
13616.7,2838.06
13636.6,2827.53
13656.5,2817.59
13676.4,2807.65
13696.3,2797.71
13716.2,2787.78
13736.1,2777.84
13756.1,2767.9
13776,2757.97
13795.9,2748.03
13815.8,2738.09
13835.7,2728.15
13855.6,2718.22
13875.5,2708.28
13895.4,2698.34
13915.3,2688.75
13935.2,2679.26
13955.1,2669.77
13975,2660.28
13994.9,2650.79
14014.8,2641.3
14034.7,2631.81
14054.6,2622.32
14074.5,2612.83
14094.4,2603.34
14114.3,2593.85
14134.2,2584.36
14154.1,2574.87
14174,2565.55
14193.9,2556.87
14213.8,2548.19
14233.7,2539.51
14253.7,2530.83
14273.6,2522.15
14293.5,2513.47
14313.4,2504.79
14333.3,2496.12
14353.2,2487.44
14373.1,2478.76
14393,2470.08
14412.9,2461.4
14432.8,2452.72
14452.7,2444.1
14472.6,2435.85
14492.5,2427.6
14512.4,2419.36
14532.3,2411.11
14552.2,2402.86
14572.1,2394.62
14592,2386.37
14611.9,2378.12
14631.8,2369.87
14651.7,2361.63
14671.6,2353.38
14691.5,2345.13
14711.4,2336.89
14731.3,2328.68
14751.3,2320.98
14771.2,2313.28
14791.1,2305.58
14811,2297.89
14830.9,2290.19
14850.8,2282.49
14870.7,2274.79
14890.6,2267.1
14910.5,2259.4
14930.4,2251.7
14950.3,2244
14970.2,2236.31
14990.1,2228.61
15010,2221.46
15029.9,2214.41
15049.8,2206.91
15069.7,2199.4
15089.6,2191.89
15109.5,2184.38
15129.4,2176.88
15149.3,2169.37
15169.2,2161.86
15189.1,2154.35
15209,2146.84
15228.9,2139.34
15248.8,2131.83
15268.8,2124.32
15288.7,2116.81
15308.6,2109.3
15328.5,2102.34
15348.4,2095.41
15368.3,2088.48
15388.2,2081.55
15408.1,2074.62
15428,2067.7
15447.9,2060.77
15467.8,2053.84
15487.7,2046.91
15507.6,2039.99
15527.5,2033.06
15547.4,2026.13
15567.3,2019.2
15587.2,2012.28
15607.1,2005.35
15627,1998.95
15646.9,1992.63
15666.8,1986.32
15686.7,1980
15706.6,1973.69
15726.5,1967.38
15746.5,1961.06
15766.4,1954.75
15786.3,1948.43
15806.2,1942.12
15826.1,1935.81
15846,1929.49
15865.9,1923.18
15885.8,1916.86
15905.7,1910.55
15925.6,1904.32
15945.5,1898.29
15965.4,1892.25
15985.3,1886.22
16005.2,1880.19
16025.1,1874.16
16045,1868.13
16064.9,1862.1
16084.8,1856.07
16104.7,1850.04
16124.6,1844.01
16144.5,1837.98
16164.4,1831.95
16184.3,1825.92
16204.2,1819.89
16224.1,1813.86
16244,1808.03
16264,1802.29
16283.9,1796.54
16303.8,1790.79
16323.7,1785.05
16343.6,1779.3
16363.5,1773.55
16383.4,1767.81
16403.3,1762.06
16423.2,1756.31
16443.1,1750.57
16463,1744.82
16482.9,1739.07
16502.8,1733.33
16522.7,1727.58
16542.6,1721.92
16562.5,1716.82
16582.4,1711.72
16602.3,1706.63
16622.2,1701.53
16642.1,1696.43
16662,1691.33
16681.9,1686.23
16701.8,1681.13
16721.7,1676.04
16741.6,1670.94
16761.6,1665.84
16781.5,1660.74
16801.4,1655.64
16821.3,1650.54
16841.2,1645.45
16861.1,1640.35
16881,1635.38
16900.9,1630.51
16920.8,1625.65
16940.7,1620.78
16960.6,1615.92
16980.5,1611.05
17000.4,1606.19
17020.3,1601.32
17040.2,1596.46
17060.1,1591.59
17080,1586.73
17099.9,1581.86
17119.8,1577
17139.7,1572.13
17159.6,1567.27
17179.5,1562.4
17199.4,1557.54
17219.3,1552.9
17239.2,1548.27
17259.2,1543.64
17279.1,1539
17299,1534.37
17318.9,1529.74
17338.8,1525.11
17358.7,1520.48
17378.6,1515.85
17398.5,1511.21
17418.4,1506.58
17438.3,1501.95
17458.2,1497.32
17478.1,1492.69
17498,1488.06
17517.9,1483.42
17537.8,1478.98
17557.7,1474.83
17577.6,1470.69
17597.5,1466.54
17617.4,1462.39
17637.3,1458.25
17657.2,1454.1
17677.1,1449.95
17697,1445.8
17716.9,1441.66
17736.8,1437.51
17756.8,1433.36
17776.7,1429.22
17796.6,1425.07
17816.5,1420.92
17836.4,1416.77
17856.3,1412.63
17876.2,1408.48
17896.1,1404.51
17916,1400.58
17935.9,1396.66
17955.8,1392.73
17975.7,1388.8
17995.6,1384.87
18015.5,1380.95
18035.4,1377.02
18055.3,1373.09
18075.2,1369.17
18095.1,1365.24
18115,1361.31
18134.9,1357.38
18154.8,1353.46
18174.7,1349.53
18194.6,1345.6
18214.5,1341.67
18234.4,1337.79
18254.3,1334.05
18274.3,1330.31
18294.2,1326.57
18314.1,1322.83
18334,1319.1
18353.9,1315.36
18373.8,1311.62
18393.7,1307.88
18413.6,1304.14
18433.5,1300.4
18453.4,1296.66
18473.3,1292.92
18493.2,1289.19
18513.1,1285.45
18533,1281.71
18552.9,1277.97
18572.8,1274.23
18592.7,1270.74
18612.6,1267.38
18632.5,1264.02
18652.4,1260.66
18672.3,1257.3
18692.2,1253.94
18712.1,1250.59
18732,1247.23
18752,1243.87
18771.9,1240.51
18791.8,1237.15
18811.7,1233.79
18831.6,1230.44
18851.5,1227.08
18871.4,1223.72
18891.3,1220.36
18911.2,1217
18931.1,1213.64
18951,1210.29
18970.9,1207.08
18990.8,1203.87
19010.7,1200.66
19030.6,1197.45
19050.5,1194.24
19070.4,1191.03
19090.3,1187.83
19110.2,1184.62
19130.1,1181.41
19150,1178.2
19169.9,1174.99
19189.8,1171.78
19209.7,1168.57
19229.6,1165.36
19249.5,1162.15
19269.5,1158.94
19289.4,1155.73
19309.3,1152.52
19329.2,1149.39
19349.1,1146.36
19369,1143.33
19388.9,1140.3
19408.8,1137.27
19428.7,1134.23
19448.6,1131.2
19468.5,1128.17
19488.4,1125.14
19508.3,1122.11
19528.2,1119.08
19548.1,1116.05
19568,1113.01
19587.9,1109.98
19607.8,1106.95
19627.7,1103.92
19647.6,1100.89
19667.5,1097.86
19687.4,1094.83
19707.3,1092.02
19727.2,1089.26
19747.2,1086.49
19767.1,1083.72
19787,1080.96
19806.9,1078.19
19826.8,1075.42
19846.7,1072.66
19866.6,1069.89
19886.5,1067.12
19906.4,1064.36
19926.3,1061.59
19946.2,1058.82
19966.1,1056.06
19986,1053.29
20005.9,1050.57
20025.8,1047.96
20045.7,1045.35
20065.6,1042.73
20085.5,1040.11
20105.4,1037.46
20125.3,1034.81
20145.2,1032.16
20165.1,1029.51
20185,1026.86
20204.9,1024.21
20224.8,1021.56
20244.7,1018.91
20264.7,1016.26
20284.6,1013.61
20304.5,1010.96
20324.4,1008.31
20344.3,1005.66
20364.2,1003.01
20384.1,1000.36
20404,997.705
20423.9,995.055
20443.8,992.404
20463.7,989.754
20483.6,987.243
20503.5,984.796
20523.4,982.349
20543.3,979.903
20563.2,977.456
20583.1,975.009
20603,972.563
20622.9,970.116
20642.8,967.669
20662.7,965.223
20682.6,962.776
20702.5,960.329
20722.4,957.882
20742.3,955.436
20762.3,952.989
20782.2,950.543
20802.1,948.096
20822,945.649
20841.9,943.203
20861.8,940.756
20881.7,938.407
20901.6,936.128
20921.5,933.848
20941.4,931.568
20961.3,929.288
20981.2,927.008
21001.1,924.729
21021,922.449
21040.9,920.169
21060.8,917.89
21080.7,915.61
21100.6,913.33
21120.5,911.051
21140.4,908.771
21160.3,906.491
21180.2,904.211
21200.1,901.932
21220,899.652
21239.9,897.372
21259.9,895.093
21279.8,892.813
21299.7,890.716
21319.6,888.621
21339.5,886.527
21359.4,884.432
21379.3,882.338
21399.2,880.243
21419.1,878.149
21439,876.055
21458.9,873.96
21478.8,871.865
21498.7,869.771
21518.6,867.676
21538.5,865.582
21558.4,863.487
21578.3,861.393
21598.2,859.298
21618.1,857.203
21638,855.109
21657.9,853.015
21677.8,850.92
21697.7,848.826
21717.6,846.8
21737.5,844.785
21757.5,842.769
21777.4,840.753
21797.3,838.737
21817.2,836.721
21837.1,834.705
21857,832.689
21876.9,830.673
21896.8,828.657
21916.7,826.641
21936.6,824.625
21956.5,822.609
21976.4,820.593
21996.3,818.577
22016.2,816.561
22036.1,814.545
22056,812.529
22075.9,810.513
22095.8,808.497
22115.7,806.481
22135.6,804.602
22155.5,802.761
22175.4,800.92
22195.3,799.078
22215.2,797.237
22235.1,795.396
22255.1,793.555
22275,791.714
22294.9,789.872
22314.8,788.031
22334.7,786.19
22354.6,784.348
22374.5,782.507
22394.4,780.666
22414.3,778.825
22434.2,776.984
22454.1,775.142
22474,773.301
22493.9,771.46
22513.8,769.619
22533.7,767.777
22553.6,765.957
22573.5,764.233
22593.4,762.509
22613.3,760.784
22633.2,759.06
22653.1,757.335
22673,755.611
22692.9,753.887
22712.8,752.162
22732.7,750.438
22752.7,748.713
22772.6,746.989
22792.5,745.264
22812.4,743.54
22832.3,741.815
22852.2,740.091
22872.1,738.367
22892,736.642
22911.9,734.918
22931.8,733.193
22951.7,731.469
22971.6,729.745
22991.5,728.031
23011.4,726.442
23031.3,724.854
23051.2,723.265
23071.1,721.677
23091,720.089
23110.9,718.5
23130.8,716.912
23150.7,715.324
23170.6,713.735
23190.5,712.147
23210.4,710.559
23230.3,708.97
23250.3,707.382
23270.2,705.794
23290.1,704.205
23310,702.617
23329.9,701.029
23349.8,699.44
23369.7,697.852
23389.6,696.263
23409.5,694.675
23429.4,693.087
23449.3,691.548
23469.2,690.066
23489.1,688.584
23509,687.102
23528.9,685.62
23548.8,684.137
23568.7,682.655
23588.6,681.173
23608.5,679.691
23628.4,678.209
23648.3,676.727
23668.2,675.245
23688.1,673.763
23708,672.281
23727.9,670.799
23747.8,669.316
23767.8,667.834
23787.7,666.352
23807.6,664.87
23827.5,663.388
23847.4,661.906
23867.3,660.424
23887.2,658.942
23907.1,657.496
23927,656.115
23946.9,654.735
23966.8,653.355
23986.7,651.974
24006.6,650.594
24026.5,649.213
24046.4,647.833
24066.3,646.453
24086.2,645.072
24106.1,643.692
24126,642.312
24145.9,640.931
24165.8,639.551
24185.7,638.17
24205.6,636.79
24225.5,635.41
24245.4,634.029
24265.4,632.649
24285.3,631.268
24305.2,629.888
24325.1,628.508
24345,627.127
24364.9,625.747
24384.8,624.439
24404.7,623.156
24424.6,621.873
24444.5,620.59
24464.4,619.307
24484.3,618.024
24504.2,616.742
24524.1,615.459
24544,614.176
24563.9,612.893
24583.8,611.61
24603.7,610.327
24623.6,609.044
24643.5,607.761
24663.4,606.478
24683.3,605.196
24703.2,603.913
24723.1,602.63
24743,601.347
24763,600.064
24782.9,598.781
24802.8,597.498
24822.7,596.215
24842.6,594.932
24862.5,593.678
24882.4,592.441
24902.3,591.204
24922.2,589.967
24942.1,588.73
24962,587.493
24981.9,586.256
25001.8,585.019
25021.7,583.781
25041.6,582.544
25061.5,581.307
25081.4,580.07
25101.3,578.833
25121.2,577.596
25141.1,576.359
25161,575.122
25180.9,573.885
25200.8,572.648
25220.7,571.411
25240.6,570.174
25260.6,568.937
25280.5,567.699
25300.4,566.462
25320.3,565.225
25340.2,564.057
25360.1,562.955
25380,561.854
25399.9,560.752
25419.8,559.65
25439.7,558.548
25459.6,557.446
25479.5,556.344
25499.4,555.243
25519.3,554.141
25539.2,553.039
25559.1,551.937
25579,550.835
25598.9,549.733
25618.8,548.632
25638.7,547.53
25658.6,546.428
25678.5,545.326
25698.4,544.224
25718.3,543.123
25738.2,542.021
25758.2,540.919
25778.1,539.817
25798,538.715
25817.9,537.613
25837.8,536.529
25857.7,535.471
25877.6,534.413
25897.5,533.355
25917.4,532.297
25937.3,531.24
25957.2,530.182
25977.1,529.124
25997,528.066
26016.9,527.008
26036.8,525.95
26056.7,524.893
26076.6,523.835
26096.5,522.777
26116.4,521.719
26136.3,520.661
26156.2,519.603
26176.1,518.546
26196,517.488
26215.9,516.43
26235.8,515.372
26255.8,514.314
26275.7,513.256
26295.6,512.198
26315.5,511.141
26335.4,510.108
26355.3,509.144
26375.2,508.179
26395.1,507.215
26415,506.251
26434.9,505.287
26454.8,504.322
26474.7,503.358
26494.6,502.394
26514.5,501.429
26534.4,500.465
26554.3,499.501
26574.2,498.537
26594.1,497.572
26614,496.608
26633.9,495.644
26653.8,494.679
26673.7,493.715
26693.6,492.751
26713.5,491.787
26733.4,490.822
26753.4,489.858
26773.3,488.894
26793.2,487.929
26813.1,486.965
26833,486.001
26852.9,485.043
26872.8,484.128
26892.7,483.212
26912.6,482.296
26932.5,481.381
26952.4,480.465
26972.3,479.55
26992.2,478.634
27012.1,477.718
27032,476.803
27051.9,475.887
27071.8,474.971
27091.7,474.056
27111.6,473.14
27131.5,472.224
27151.4,471.309
27171.3,470.393
27191.2,469.477
27211.1,468.562
27231,467.646
27251,466.73
27270.9,465.815
27290.8,464.899
27310.7,463.984
27330.6,463.068
27350.5,462.152
27370.4,461.238
27390.3,460.399
27410.2,459.56
27430.1,458.721
27450,457.882
27469.9,457.043
27489.8,456.204
27509.7,455.365
27529.6,454.526
27549.5,453.687
27569.4,452.848
27589.3,452.009
27609.2,451.17
27629.1,450.331
27649,449.492
27668.9,448.653
27688.8,447.814
27708.7,446.975
27728.6,446.136
27748.5,445.298
27768.5,444.458
27788.4,443.619
27808.3,442.781
27828.2,441.942
27848.1,441.103
27868,440.264
27887.9,439.425
27907.8,438.586
27927.7,437.785
27947.6,436.988
27967.5,436.192
27987.4,435.396
28007.3,434.6
28027.2,433.804
28047.1,433.007
28067,432.211
28086.9,431.415
28106.8,430.619
28126.7,429.823
28146.6,429.026
28166.5,428.23
28186.4,427.434
28206.3,426.638
28226.2,425.842
28246.1,425.045
28266.1,424.249
28286,423.453
28305.9,422.657
28325.8,421.861
28345.7,421.064
28365.6,420.268
28385.5,419.472
28405.4,418.676
28425.3,417.879
28445.2,417.083
28465.1,416.337
28485,415.606
28504.9,414.876
28524.8,414.145
28544.7,413.415
28564.6,412.685
28584.5,411.954
28604.4,411.224
28624.3,410.493
28644.2,409.763
28664.1,409.032
28684,408.302
28703.9,407.571
28723.8,406.841
28743.8,406.11
28763.7,405.38
28783.6,404.649
28803.5,403.919
28823.4,403.188
28843.3,402.458
28863.2,401.728
28883.1,400.997
28903,400.267
28922.9,399.536
28942.8,398.806
28962.7,398.075
28982.6,397.345
29002.5,396.614
29022.4,395.915
29042.3,395.234
29062.2,394.553
29082.1,393.872
29102,393.191
29121.9,392.51
29141.8,391.829
29161.7,391.148
29181.6,390.467
29201.5,389.786
29221.4,389.105
29241.3,388.424
29261.3,387.743
29281.2,387.062
29301.1,386.381
29321,385.7
29340.9,385.019
29360.8,384.338
29380.7,383.657
29400.6,382.976
29420.5,382.295
29440.4,381.614
29460.3,380.933
29480.2,380.252
29500.1,379.571
29520,378.89
29539.9,378.209
29559.8,377.528
29579.7,376.847
29599.6,376.194
29619.5,375.542
29639.4,374.891
29659.3,374.239
29679.2,373.587
29699.1,372.935
29719,372.283
29738.9,371.631
29758.8,370.979
29778.8,370.327
29798.7,369.675
29818.6,369.023
29838.5,368.371
29858.4,367.719
29878.3,367.068
29898.2,366.416
29918.1,365.764
29938,365.112
29957.9,364.46
29977.8,363.808
29997.7,363.156
30017.6,362.51
30037.5,361.865
30057.4,361.22
30077.3,360.575
30097.2,359.93
30117.1,359.284
30137,358.639
30156.9,358.009
30176.8,357.405
30196.7,356.801
30216.6,356.197
30236.5,355.593
30256.5,354.989
30276.4,354.385
30296.3,353.782
30316.2,353.178
30336.1,352.574
30356,351.97
30375.9,351.366
30395.8,350.762
30415.7,350.158
30435.6,349.555
30455.5,348.951
30475.4,348.347
30495.3,347.743
30515.2,347.139
30535.1,346.535
30555,345.931
30574.9,345.327
30594.8,344.724
30614.7,344.12
30634.6,343.516
30654.5,342.912
30674.4,342.308
30694.3,341.704
30714.2,341.1
30734.1,340.497
30754.1,339.921
30774,339.356
30793.9,338.792
30813.8,338.227
30833.7,337.663
30853.6,337.098
30873.5,336.534
30893.4,335.969
30913.3,335.405
30933.2,334.84
30953.1,334.276
30973,333.711
30992.9,333.147
31012.8,332.582
31032.7,332.018
31052.6,331.453
31072.5,330.889
31092.4,330.324
31112.3,329.76
31132.2,329.195
31152.1,328.631
31172,328.067
31191.9,327.502
31211.8,326.938
31231.7,326.373
31251.7,325.809
31271.6,325.244
31291.5,324.68
31311.4,324.115
31331.3,323.551
31351.2,323.012
31371.1,322.495
31391,321.977
31410.9,321.459
31430.8,320.941
31450.7,320.423
31470.6,319.905
31490.5,319.387
31510.4,318.869
31530.3,318.351
31550.2,317.833
31570.1,317.316
31590,316.798
31609.9,316.28
31629.8,315.762
31649.7,315.244
31669.6,314.726
31689.5,314.208
31709.4,313.69
31729.3,313.173
31749.2,312.655
31769.2,312.137
31789.1,311.619
31809,311.101
31828.9,310.583
31848.8,310.065
31868.7,309.547
31888.6,309.029
31908.5,308.512
31928.4,307.994
31948.3,307.476
31968.2,306.969
31988.1,306.478
32008,305.986
32027.9,305.495
32047.8,305.004
32067.7,304.512
32087.6,304.021
32107.5,303.53
32127.4,303.039
32147.3,302.547
32167.2,302.056
32187.1,301.565
32207,301.073
32226.9,300.582
32246.8,300.091
32266.8,299.6
32286.7,299.108
32306.6,298.617
32326.5,298.126
32346.4,297.634
32366.3,297.143
32386.2,296.652
32406.1,296.161
32426,295.669
32445.9,295.178
32465.8,294.687
32485.7,294.195
32505.6,293.704
32525.5,293.213
32545.4,292.722
32565.3,292.23
32585.2,291.749
32605.1,291.295
32625,290.842
32644.9,290.388
32664.8,289.934
32684.7,289.481
32704.6,289.027
32724.5,288.574
32744.4,288.12
32764.4,287.666
32784.3,287.213
32804.2,286.759
32824.1,286.306
32844,285.852
32863.9,285.398
32883.8,284.945
32903.7,284.491
32923.6,284.038
32943.5,283.584
32963.4,283.131
32983.3,282.677
33003.2,282.223
33023.1,281.77
33043,281.316
33062.9,280.863
33082.8,280.409
33102.7,279.955
33122.6,279.502
33142.5,279.048
33162.4,278.595
33182.3,278.141
33202.2,277.687
33222.1,277.237
33242,276.816
33262,276.395
33281.9,275.974
33301.8,275.552
33321.7,275.131
33341.6,274.71
33361.5,274.289
33381.4,273.867
33401.3,273.446
33421.2,273.025
33441.1,272.604
33461,272.182
33480.9,271.761
33500.8,271.34
33520.7,270.919
33540.6,270.497
33560.5,270.076
33580.4,269.655
33600.3,269.234
33620.2,268.812
33640.1,268.391
33660,267.97
33679.9,267.549
33699.8,267.127
33719.7,266.706
33739.6,266.285
33759.6,265.864
33779.5,265.442
33799.4,265.021
33819.3,264.6
33839.2,264.179
33859.1,263.757
33879,263.347
33898.9,262.951
33918.8,262.554
33938.7,262.158
33958.6,261.761
33978.5,261.365
33998.4,260.968
34018.3,260.572
34038.2,260.175
34058.1,259.779
34078,259.382
34097.9,258.986
34117.8,258.589
34137.7,258.193
34157.6,257.796
34177.5,257.399
34197.4,257.003
34217.3,256.606
34237.2,256.21
34257.2,255.813
34277.1,255.417
34297,255.02
34316.9,254.624
34336.8,254.227
34356.7,253.831
34376.6,253.434
34396.5,253.038
34416.4,252.641
34436.3,252.245
34456.2,251.848
34476.1,251.451
34496,251.055
34515.9,250.658
34535.8,250.271
34555.7,249.908
34575.6,249.544
34595.5,249.18
34615.4,248.816
34635.3,248.452
34655.2,248.088
34675.1,247.724
34695,247.361
34714.9,246.997
34734.8,246.633
34754.8,246.269
34774.7,245.905
34794.6,245.541
34814.5,245.177
34834.4,244.814
34854.3,244.45
34874.2,244.086
34894.1,243.722
34914,243.358
34933.9,242.994
34953.8,242.631
34973.7,242.267
34993.6,241.903
35013.5,241.539
35033.4,241.175
35053.3,240.811
35073.2,240.448
35093.1,240.084
35113,239.72
35132.9,239.356
35152.8,238.992
35172.7,238.628
35192.6,238.264
35212.5,237.903
35232.4,237.557
35252.4,237.211
35272.3,236.865
35292.2,236.519
35312.1,236.173
35332,235.827
35351.9,235.48
35371.8,235.134
35391.7,234.788
35411.6,234.442
35431.5,234.096
35451.4,233.75
35471.3,233.404
35491.2,233.058
35511.1,232.712
35531,232.366
35550.9,232.02
35570.8,231.674
35590.7,231.328
35610.6,230.982
35630.5,230.636
35650.4,230.29
35670.3,229.944
35690.2,229.597
35710.1,229.251
35730,228.905
35749.9,228.559
35769.9,228.213
35789.8,227.867
35809.7,227.521
35829.6,227.175
35849.5,226.829
35869.4,226.483
35889.3,226.137
35909.2,225.821
35929.1,225.507
35949,225.192
35968.9,224.878
35988.8,224.564
36008.7,224.249
36028.6,223.935
36048.5,223.62
36068.4,223.306
36088.3,222.992
36108.2,222.677
36128.1,222.363
36148,222.048
36167.9,221.734
36187.8,221.42
36207.7,221.105
36227.6,220.791
36247.6,220.476
36267.5,220.162
36287.4,219.848
36307.3,219.533
36327.2,219.219
36347.1,218.904
36367,218.59
36386.9,218.276
36406.8,217.961
36426.7,217.647
36446.6,217.332
36466.5,217.018
36486.4,216.704
36506.3,216.389
36526.2,216.075
36546.1,215.76
36566,215.446
36585.9,215.132
36605.8,214.822
36625.7,214.523
36645.6,214.224
36665.5,213.925
36685.4,213.626
36705.3,213.327
36725.2,213.028
36745.1,212.729
36765.1,212.43
36785,212.132
36804.9,211.833
36824.8,211.534
36844.7,211.235
36864.6,210.936
36884.5,210.637
36904.4,210.338
36924.3,210.039
36944.2,209.74
36964.1,209.441
36984,209.142
37003.9,208.844
37023.8,208.545
37043.7,208.246
37063.6,207.947
37083.5,207.648
37103.4,207.349
37123.3,207.05
37143.2,206.751
37163.1,206.452
37183,206.153
37202.9,205.854
37222.8,205.556
37242.7,205.257
37262.7,204.958
37282.6,204.659
37302.5,204.36
37322.4,204.075
37342.3,203.8
37362.2,203.524
37382.1,203.248
37402,202.973
37421.9,202.697
37441.8,202.421
37461.7,202.146
37481.6,201.87
37501.5,201.594
37521.4,201.319
37541.3,201.043
37561.2,200.768
37581.1,200.492
37601,200.216
37620.9,199.94
37640.8,199.665
37660.7,199.389
37680.6,199.114
37700.5,198.838
37720.4,198.562
37740.3,198.287
37760.3,198.011
37780.2,197.735
37800.1,197.46
37820,197.184
37839.9,196.908
37859.8,196.633
37879.7,196.357
37899.6,196.081
37919.5,195.806
37939.4,195.53
37959.3,195.254
37979.2,194.979
37999.1,194.703
38019,194.427
38038.9,194.152
38058.8,193.895
38078.7,193.64
38098.6,193.385
38118.5,193.13
38138.4,192.875
38158.3,192.62
38178.2,192.365
38198.1,192.11
38218,191.855
38237.9,191.599
38257.9,191.344
38277.8,191.089
38297.7,190.834
38317.6,190.579
38337.5,190.324
38357.4,190.069
38377.3,189.814
38397.2,189.558
38417.1,189.303
38437,189.048
38456.9,188.793
38476.8,188.538
38496.7,188.283
38516.6,188.028
38536.5,187.773
38556.4,187.518
38576.3,187.262
38596.2,187.007
38616.1,186.752
38636,186.497
38655.9,186.242
38675.8,185.987
38695.7,185.732
38715.6,185.477
38735.5,185.222
38755.5,184.966
38775.4,184.711
38795.3,184.46
38815.2,184.218
38835.1,183.976
38855,183.734
38874.9,183.492
38894.8,183.25
38914.7,183.008
38934.6,182.766
38954.5,182.524
38974.4,182.282
38994.3,182.04
39014.2,181.799
39034.1,181.557
39054,181.315
39073.9,181.073
39093.8,180.831
39113.7,180.589
39133.6,180.347
39153.5,180.105
39173.4,179.863
39193.3,179.621
39213.2,179.379
39233.1,179.138
39253.1,178.896
39273,178.654
39292.9,178.412
39312.8,178.17
39332.7,177.928
39352.6,177.686
39372.5,177.444
39392.4,177.202
39412.3,176.96
39432.2,176.718
39452.1,176.476
39472,176.234
39491.9,175.993
39511.8,175.751
39531.7,175.509
39551.6,175.277
39571.5,175.052
39591.4,174.827
39611.3,174.603
39631.2,174.378
39651.1,174.153
39671,173.929
39690.9,173.704
39710.8,173.479
39730.7,173.255
39750.6,173.03
39770.6,172.805
39790.5,172.58
39810.4,172.356
39830.3,172.131
39850.2,171.906
39870.1,171.682
39890,171.457
39909.9,171.232
39929.8,171.007
39949.7,170.783
39969.6,170.558
39989.5,170.333
40009.4,170.112
40029.3,169.896
40049.2,169.679
40069.1,169.463
40089,169.247
40108.9,169.03
40128.8,168.814
40148.7,168.597
40168.6,168.381
40188.5,168.164
40208.4,167.948
40228.3,167.731
40248.3,167.515
40268.2,167.298
40288.1,167.082
40308,166.865
40327.9,166.652
40347.8,166.443
40367.7,166.234
40387.6,166.025
40407.5,165.817
40427.4,165.608
40447.3,165.399
40467.2,165.19
40487.1,164.981
40507,164.773
40526.9,164.564
40546.8,164.355
40566.7,164.146
40586.6,163.937
40606.5,163.729
40626.4,163.52
40646.3,163.311
40666.2,163.102
40686.1,162.893
40706,162.685
40725.9,162.476
40745.9,162.267
40765.8,162.058
40785.7,161.85
40805.6,161.641
40825.5,161.432
40845.4,161.223
40865.3,161.014
40885.2,160.806
40905.1,160.597
40925,160.388
40944.9,160.179
40964.8,159.97
40984.7,159.762
41004.6,159.553
41024.5,159.344
41044.4,159.135
41064.3,158.926
41084.2,158.718
41104.1,158.509
41124,158.309
41143.9,158.112
41163.8,157.916
41183.7,157.719
41203.6,157.522
41223.5,157.326
41243.4,157.129
41263.4,156.933
41283.3,156.736
41303.2,156.54
41323.1,156.343
41343,156.147
41362.9,155.95
41382.8,155.753
41402.7,155.557
41422.6,155.36
41442.5,155.164
41462.4,154.967
41482.3,154.771
41502.2,154.574
41522.1,154.378
41542,154.181
41561.9,153.984
41581.8,153.788
41601.7,153.591
41621.6,153.395
41641.5,153.198
41661.4,153.002
41681.3,152.805
41701.2,152.609
41721.1,152.412
41741,152.215
41760.9,152.019
41780.9,151.822
41800.8,151.626
41820.7,151.429
41840.6,151.233
41860.5,151.036
41880.4,150.84
41900.3,150.643
41920.2,150.454
41940.1,150.273
41960,150.092
41979.9,149.911
41999.8,149.73
42019.7,149.549
42039.6,149.368
42059.5,149.187
42079.4,149.006
42099.3,148.825
42119.2,148.644
42139.1,148.463
42159,148.282
42178.9,148.101
42198.8,147.92
42218.7,147.739
42238.6,147.558
42258.6,147.377
42278.5,147.196
42298.4,147.015
42318.3,146.834
42338.2,146.653
42358.1,146.472
42378,146.291
42397.9,146.109
42417.8,145.928
42437.7,145.747
42457.6,145.566
42477.5,145.385
42497.4,145.204
42517.3,145.023
42537.2,144.842
42557.1,144.661
42577,144.48
42596.9,144.299
42616.8,144.118
42636.7,143.937
42656.6,143.756
42676.5,143.575
42696.4,143.394
42716.3,143.213
42736.3,143.035
42756.2,142.866
42776.1,142.696
42796,142.527
42815.9,142.357
42835.8,142.188
42855.7,142.018
42875.6,141.848
42895.5,141.679
42915.4,141.509
42935.3,141.34
42955.2,141.17
42975.1,141
42995,140.831
43014.9,140.661
43034.8,140.492
43054.7,140.322
43074.6,140.153
43094.5,139.983
43114.4,139.813
43134.3,139.644
43154.2,139.474
43174.1,139.305
43194,139.135
43213.9,138.966
43233.8,138.796
43253.8,138.626
43273.7,138.457
43293.6,138.287
43313.5,138.118
43333.4,137.948
43353.3,137.778
43373.2,137.609
43393.1,137.439
43413,137.27
43432.9,137.1
43452.8,136.931
43472.7,136.761
43492.6,136.591
43512.5,136.422
43532.4,136.252
43552.3,136.083
43572.2,135.921
43592.1,135.765
43612,135.609
43631.9,135.453
43651.8,135.297
43671.7,135.141
43691.6,134.985
43711.5,134.829
43731.4,134.673
43751.3,134.517
43771.3,134.361
43791.2,134.205
43811.1,134.049
43831,133.893
43850.9,133.738
43870.8,133.581
43890.7,133.425
43910.6,133.27
43930.5,133.114
43950.4,132.957
43970.3,132.802
43990.2,132.646
44010.1,132.49
44030,132.334
44049.9,132.178
44069.8,132.022
44089.7,131.866
44109.6,131.71
44129.5,131.554
44149.4,131.398
44169.3,131.242
44189.2,131.086
44209.1,130.93
44229,130.774
44248.9,130.618
44268.9,130.462
44288.8,130.306
44308.7,130.15
44328.6,129.994
44348.5,129.838
44368.4,129.682
44388.3,129.526
44408.2,129.37
44428.1,129.217
44448,129.068
44467.9,128.92
44487.8,128.772
44507.7,128.623
44527.6,128.475
44547.5,128.327
44567.4,128.179
44587.3,128.03
44607.2,127.882
44627.1,127.734
44647,127.585
44666.9,127.437
44686.8,127.289
44706.7,127.14
44726.6,126.992
44746.6,126.844
44766.5,126.695
44786.4,126.547
44806.3,126.399
44826.2,126.25
44846.1,126.102
44866,125.954
44885.9,125.805
44905.8,125.657
44925.7,125.509
44945.6,125.36
44965.5,125.212
44985.4,125.064
45005.3,124.915
45025.2,124.767
45045.1,124.619
45065,124.47
45084.9,124.322
45104.8,124.174
45124.7,124.025
45144.6,123.877
45164.5,123.729
45184.4,123.581
45204.3,123.432
45224.2,123.284
45244.1,123.136
45264.1,122.987
45284,122.841
45303.9,122.705
45323.8,122.57
45343.7,122.434
45363.6,122.298
45383.5,122.162
45403.4,122.026
45423.3,121.89
45443.2,121.754
45463.1,121.618
45483,121.482
45502.9,121.346
45522.8,121.21
45542.7,121.075
45562.6,120.939
45582.5,120.803
45602.4,120.667
45622.3,120.531
45642.2,120.395
45662.1,120.259
45682,120.123
45701.9,119.987
45721.8,119.851
45741.7,119.716
45761.7,119.58
45781.6,119.444
45801.5,119.308
45821.4,119.172
45841.3,119.036
45861.2,118.9
45881.1,118.764
45901,118.628
45920.9,118.492
45940.8,118.356
45960.7,118.221
45980.6,118.085
46000.5,117.949
46020.4,117.813
46040.3,117.677
46060.2,117.541
46080.1,117.405
46100,117.269
46119.9,117.133
46139.8,116.997
46159.7,116.861
46179.6,116.73
46199.5,116.603
46219.4,116.476
46239.3,116.349
46259.3,116.222
46279.2,116.094
46299.1,115.967
46319,115.84
46338.9,115.713
46358.8,115.586
46378.7,115.459
46398.6,115.332
46418.5,115.205
46438.4,115.078
46458.3,114.951
46478.2,114.824
46498.1,114.697
46518,114.57
46537.9,114.443
46557.8,114.315
46577.7,114.188
46597.6,114.061
46617.5,113.934
46637.4,113.807
46657.3,113.68
46677.2,113.553
46697.1,113.426
46717,113.299
46736.9,113.172
46756.9,113.045
46776.8,112.918
46796.7,112.791
46816.6,112.664
46836.5,112.537
46856.4,112.409
46876.3,112.282
46896.2,112.155
46916.1,112.028
46936,111.901
46955.9,111.774
46975.8,111.647
46995.7,111.52
47015.6,111.393
47035.5,111.266
47055.4,111.139
47075.3,111.014
47095.2,110.896
47115.1,110.777
47135,110.659
47154.9,110.541
47174.8,110.422
47194.7,110.304
47214.6,110.186
47234.5,110.067
47254.5,109.949
47274.4,109.831
47294.3,109.712
47314.2,109.594
47334.1,109.476
47354,109.357
47373.9,109.239
47393.8,109.121
47413.7,109.002
47433.6,108.884
47453.5,108.766
47473.4,108.647
47493.3,108.529
47513.2,108.411
47533.1,108.292
47553,108.174
47572.9,108.056
47592.8,107.937
47612.7,107.819
47632.6,107.701
47652.5,107.582
47672.4,107.464
47692.3,107.346
47712.2,107.228
47732.1,107.109
47752.1,106.991
47772,106.873
47791.9,106.754
47811.8,106.636
47831.7,106.518
47851.6,106.399
47871.5,106.281
47891.4,106.163
47911.3,106.044
47931.2,105.926
47951.1,105.808
47971,105.689
47990.9,105.571
48010.8,105.461
48030.7,105.351
48050.6,105.241
48070.5,105.131
48090.4,105.021
48110.3,104.912
48130.2,104.802
48150.1,104.692
48170,104.582
48189.9,104.472
48209.8,104.362
48229.7,104.252
48249.6,104.142
48269.6,104.032
48289.5,103.922
48309.4,103.812
48329.3,103.702
48349.2,103.592
48369.1,103.482
48389,103.372
48408.9,103.262
48428.8,103.152
48448.7,103.042
48468.6,102.932
48488.5,102.822
48508.4,102.712
48528.3,102.602
48548.2,102.492
48568.1,102.382
48588,102.272
48607.9,102.162
48627.8,102.052
48647.7,101.942
48667.6,101.833
48687.5,101.723
48707.4,101.613
48727.3,101.503
48747.3,101.393
48767.2,101.283
48787.1,101.173
48807,101.063
48826.9,100.953
48846.8,100.843
48866.7,100.733
48886.6,100.623
48906.5,100.513
48926.4,100.403
48946.3,100.3
48966.2,100.198
48986.1,100.096
49006,99.9938
49025.9,99.8918
49045.8,99.7899
49065.7,99.688
49085.6,99.586
49105.5,99.4841
49125.4,99.3821
49145.3,99.2802
49165.2,99.1782
49185.1,99.0763
49205,98.9743
49224.9,98.8724
49244.8,98.7705
49264.8,98.6685
49284.7,98.5666
49304.6,98.4646
49324.5,98.3627
49344.4,98.2607
49364.3,98.1588
49384.2,98.0569
49404.1,97.9549
49424,97.853
49443.9,97.751
49463.8,97.6491
49483.7,97.5471
49503.6,97.4452
49523.5,97.3432
49543.4,97.2413
49563.3,97.1393
49583.2,97.0374
49603.1,96.9355
49623,96.8335
49642.9,96.7316
49662.8,96.6296
49682.7,96.5277
49702.6,96.4257
49722.5,96.3238
49742.4,96.2218
49762.4,96.1199
49782.3,96.018
49802.2,95.916
49822.1,95.8141
49842,95.7121
49861.9,95.6102
49881.8,95.5082
49901.7,95.4074
49921.6,95.3075
49941.5,95.2075
49961.4,95.1075
49981.3,95.0076
50001.2,94.9079
50021.1,94.812
50041,94.7161
50060.9,94.6202
50080.8,94.5243
50100.7,94.4284
50120.6,94.3325
50140.5,94.2366
50160.4,94.1407
50180.3,94.0448
50200.2,93.9489
50220.1,93.853
50240,93.7571
50260,93.6612
50279.9,93.5653
50299.8,93.4694
50319.7,93.3735
50339.6,93.2776
50359.5,93.1817
50379.4,93.0858
50399.3,92.9899
50419.2,92.894
50439.1,92.7981
50459,92.7022
50478.9,92.6063
50498.8,92.5104
50518.7,92.4145
50538.6,92.3186
50558.5,92.2227
50578.4,92.1268
50598.3,92.0309
50618.2,91.935
50638.1,91.8391
50658,91.7432
50677.9,91.6474
50697.8,91.5514
50717.7,91.4555
50737.6,91.3596
50757.6,91.2638
50777.5,91.1678
50797.4,91.072
50817.3,90.9761
50837.2,90.8802
50857.1,90.7843
50877,90.6942
50896.9,90.6051
50916.8,90.516
50936.7,90.427
50956.6,90.3379
50976.5,90.2488
50996.4,90.1598
51016.3,90.0707
51036.2,89.9816
51056.1,89.8925
51076,89.8035
51095.9,89.7144
51115.8,89.6253
51135.7,89.5363
51155.6,89.4472
51175.5,89.3581
51195.4,89.2691
51215.3,89.18
51235.3,89.0909
51255.2,89.0019
51275.1,88.9128
51295,88.8237
51314.9,88.7346
51334.8,88.6456
51354.7,88.5565
51374.6,88.4675
51394.5,88.3784
51414.4,88.2893
51434.3,88.2002
51454.2,88.1112
51474.1,88.0221
51494,87.933
51513.9,87.844
51533.8,87.7549
51553.7,87.6658
51573.6,87.5767
51593.5,87.4877
51613.4,87.3986
51633.3,87.3095
51653.2,87.2205
51673.1,87.1314
51693,87.0423
51712.9,86.9533
51732.8,86.8642
51752.8,86.7751
51772.7,86.686
51792.6,86.597
51812.5,86.5079
51832.4,86.4188
51852.3,86.3298
51872.2,86.2446
51892.1,86.1618
51912,86.0791
51931.9,85.9963
51951.8,85.9136
51971.7,85.8308
51991.6,85.7481
52011.5,85.6654
52031.4,85.5826
52051.3,85.4999
52071.2,85.4171
52091.1,85.3344
52111,85.2516
52130.9,85.1689
52150.8,85.0861
52170.7,85.0034
52190.6,84.9207
52210.5,84.8379
52230.4,84.7552
52250.3,84.6724
52270.3,84.5897
52290.2,84.5069
52310.1,84.4242
52330,84.3415
52349.9,84.2587
52369.8,84.176
52389.7,84.0932
52409.6,84.0105
52429.5,83.9277
52449.4,83.845
52469.3,83.7622
52489.2,83.6795
52509.1,83.5968
52529,83.514
52548.9,83.4313
52568.8,83.3485
52588.7,83.2658
52608.6,83.183
52628.5,83.1003
52648.4,83.0175
52668.3,82.9348
52688.2,82.8521
52708.1,82.7693
52728,82.6866
52747.9,82.6038
52767.9,82.5211
52787.8,82.4383
52807.7,82.3556
52827.6,82.2728
52847.5,82.1901
52867.4,82.1073
52887.3,82.0294
52907.2,81.9523
52927.1,81.8751
52947,81.7979
52966.9,81.7207
52986.8,81.6435
53006.7,81.5663
53026.6,81.4891
53046.5,81.412
53066.4,81.3348
53086.3,81.2576
53106.2,81.1804
53126.1,81.1032
53146,81.026
53165.9,80.9488
53185.8,80.8716
53205.7,80.7945
53225.6,80.7173
53245.5,80.6401
53265.4,80.5629
53285.4,80.4857
53305.3,80.4085
53325.2,80.3313
53345.1,80.2542
53365,80.177
53384.9,80.0998
53404.8,80.0226
53424.7,79.9454
53444.6,79.8683
53464.5,79.7911
53484.4,79.7139
53504.3,79.6367
53524.2,79.5595
53544.1,79.4823
53564,79.4051
53583.9,79.328
53603.8,79.2508
53623.7,79.1736
53643.6,79.0964
53663.5,79.0192
53683.4,78.942
53703.3,78.8648
53723.2,78.7876
53743.1,78.7105
53763.1,78.6333
53783,78.5561
53802.9,78.4789
53822.8,78.4017
53842.7,78.3245
53862.6,78.2473
53882.5,78.1702
53902.4,78.093
53922.3,78.0188
53942.2,77.9466
53962.1,77.8743
53982,77.8021
54001.9,77.7298
54021.8,77.6575
54041.7,77.5853
54061.6,77.513
54081.5,77.4408
54101.4,77.3685
54121.3,77.2962
54141.2,77.224
54161.1,77.1517
54181,77.0794
54200.9,77.0072
54220.8,76.9349
54240.8,76.8626
54260.7,76.7904
54280.6,76.7181
54300.5,76.6459
54320.4,76.5736
54340.3,76.5013
54360.2,76.4291
54380.1,76.3568
54400,76.2846
54419.9,76.2123
54439.8,76.14
54459.7,76.0678
54479.6,75.9955
54499.5,75.9233
54519.4,75.851
54539.3,75.7787
54559.2,75.7065
54579.1,75.6342
54599,75.562
54618.9,75.4897
54638.8,75.4174
54658.7,75.3452
54678.6,75.2729
54698.5,75.2006
54718.4,75.1284
54738.3,75.0561
54758.3,74.9839
54778.2,74.9116
54798.1,74.8393
54818,74.7671
54837.9,74.6948
54857.8,74.6226
54877.7,74.5503
54897.6,74.478
54917.5,74.4058
54937.4,74.3335
54957.3,74.2612
54977.2,74.1928
54997.1,74.125
55017,74.0572
55036.9,73.9893
55056.8,73.9215
55076.7,73.8537
55096.6,73.7859
55116.5,73.718
55136.4,73.6502
55156.3,73.5824
55176.2,73.5145
55196.1,73.4467
55216,73.3789
55235.9,73.3111
55255.9,73.2432
55275.8,73.1754
55295.7,73.1076
55315.6,73.0398
55335.5,72.9719
55355.4,72.9041
55375.3,72.8363
55395.2,72.7684
55415.1,72.7006
55435,72.6328
55454.9,72.565
55474.8,72.4971
55494.7,72.4293
55514.6,72.3615
55534.5,72.2937
55554.4,72.2258
55574.3,72.158
55594.2,72.0902
55614.1,72.0223
55634,71.9545
55653.9,71.8867
55673.8,71.8189
55693.7,71.751
55713.6,71.6832
55733.6,71.6154
55753.5,71.5475
55773.4,71.4797
55793.3,71.4119
55813.2,71.3441
55833.1,71.2762
55853,71.2084
55872.9,71.1406
55892.8,71.0728
55912.7,71.0049
55932.6,70.9371
55952.5,70.8693
55972.4,70.8014
55992.3,70.7336
56012.2,70.6658
56032.1,70.5986
56052,70.5366
56071.9,70.4746
56091.8,70.4126
56111.7,70.3507
56131.6,70.2887
56151.5,70.2267
56171.4,70.1647
56191.3,70.1028
56211.2,70.0408
56231.1,69.9788
56251,69.9168
56271,69.8548
56290.9,69.7929
56310.8,69.7309
56330.7,69.6689
56350.6,69.6069
56370.5,69.5449
56390.4,69.483
56410.3,69.421
56430.2,69.359
56450.1,69.297
56470,69.235
56489.9,69.1731
56509.8,69.1111
56529.7,69.0491
56549.6,68.9871
56569.5,68.9252
56589.4,68.8632
56609.3,68.8012
56629.2,68.7392
56649.1,68.6772
56669,68.6153
56688.9,68.5533
56708.8,68.4913
56728.7,68.4293
56748.6,68.3673
56768.6,68.3054
56788.5,68.2434
56808.4,68.1814
56828.3,68.1194
56848.2,68.0574
56868.1,67.9955
56888,67.9335
56907.9,67.8715
56927.8,67.8095
56947.7,67.7476
56967.6,67.6856
56987.5,67.6236
57007.4,67.5616
57027.3,67.4996
57047.2,67.4377
57067.1,67.3757
57087,67.3137
57106.9,67.2517
57126.8,67.1897
57146.7,67.1312
57166.6,67.0732
57186.5,67.0153
57206.4,66.9574
57226.3,66.8995
57246.2,66.8415
57266.2,66.7836
57286.1,66.7257
57306,66.6677
57325.9,66.6098
57345.8,66.5519
57365.7,66.494
57385.6,66.436
57405.5,66.3781
57425.4,66.3202
57445.3,66.2623
57465.2,66.2043
57485.1,66.1464
57505,66.0885
57524.9,66.0306
57544.8,65.9726
57564.7,65.9147
57584.6,65.8568
57604.5,65.7989
57624.4,65.7409
57644.3,65.683
57664.2,65.6251
57684.1,65.5671
57704,65.5092
57723.9,65.4513
57743.8,65.3934
57763.8,65.3354
57783.7,65.2775
57803.6,65.2196
57823.5,65.1617
57843.4,65.1037
57863.3,65.0458
57883.2,64.9879
57903.1,64.9299
57923,64.872
57942.9,64.8141
57962.8,64.7562
57982.7,64.6982
58002.6,64.6403
58022.5,64.5824
58042.4,64.5245
58062.3,64.4665
58082.2,64.4086
58102.1,64.3507
58122,64.2928
58141.9,64.2348
58161.8,64.1769
58181.7,64.119
58201.6,64.061
58221.5,64.0031
58241.4,63.9452
58261.4,63.8895
58281.3,63.8355
58301.2,63.7815
58321.1,63.7274
58341,63.6734
58360.9,63.6194
58380.8,63.5654
58400.7,63.5114
58420.6,63.4574
58440.5,63.4033
58460.4,63.3493
58480.3,63.2953
58500.2,63.2413
58520.1,63.1873
58540,63.1333
58559.9,63.0792
58579.8,63.0252
58599.7,62.9712
58619.6,62.9172
58639.5,62.8632
58659.4,62.8092
58679.3,62.7552
58699.2,62.7011
58719.1,62.6471
58739.1,62.5931
58759,62.5391
58778.9,62.4851
58798.8,62.431
58818.7,62.377
58838.6,62.323
58858.5,62.269
58878.4,62.215
58898.3,62.161
58918.2,62.1069
58938.1,62.0529
58958,61.9989
58977.9,61.9449
58997.8,61.8909
59017.7,61.8369
59037.6,61.7828
59057.5,61.7288
59077.4,61.6748
59097.3,61.6208
59117.2,61.5668
59137.1,61.5128
59157,61.4587
59176.9,61.4047
59196.8,61.3507
59216.7,61.2967
59236.6,61.2427
59256.6,61.1887
59276.5,61.1346
59296.4,61.0806
59316.3,61.0266
59336.2,60.9726
59356.1,60.9186
59376,60.8646
59395.9,60.811
59415.8,60.7588
59435.7,60.7065
59455.6,60.6542
59475.5,60.6019
59495.4,60.5497
59515.3,60.4974
59535.2,60.4451
59555.1,60.3928
59575,60.3406
59594.9,60.2883
59614.8,60.236
59634.7,60.1837
59654.6,60.1315
59674.5,60.0792
59694.4,60.0269
59714.3,59.9746
59734.3,59.9223
59754.2,59.8701
59774.1,59.8178
59794,59.7655
59813.9,59.7132
59833.8,59.661
59853.7,59.6087
59873.6,59.5564
59893.5,59.5041
59913.4,59.4518
59933.3,59.3996
59953.2,59.3473
59973.1,59.295
59993,59.2427
60012.9,59.1932
60032.8,59.1453
60052.7,59.0973
60072.6,59.0493
60092.5,59.0013
60112.4,58.9533
60132.3,58.9053
60152.2,58.8574
60172.1,58.8094
60192,58.7614
60211.9,58.7134
60231.8,58.6654
60251.7,58.6175
60271.7,58.5694
60291.6,58.5215
60311.5,58.4735
60331.4,58.4255
60351.3,58.3775
60371.2,58.3295
60391.1,58.2816
60411,58.2336
60430.9,58.1856
60450.8,58.1376
60470.7,58.0896
60490.6,58.0416
60510.5,57.9936
60530.4,57.9457
60550.3,57.8977
60570.2,57.8501
60590.1,57.8024
60610,57.7548
60629.9,57.7072
60649.8,57.6596
60669.7,57.612
60689.6,57.5644
60709.5,57.5167
60729.4,57.4691
60749.3,57.4215
60769.3,57.3739
60789.2,57.3262
60809.1,57.2786
60829,57.231
60848.9,57.1834
60868.8,57.1358
60888.7,57.0882
60908.6,57.0405
60928.5,56.9929
60948.4,56.9453
60968.3,56.8977
60988.2,56.8501
61008.1,56.8024
61028,56.7548
61047.9,56.7072
61067.8,56.6596
61087.7,56.612
61107.6,56.5644
61127.5,56.5167
61147.4,56.4691
61167.3,56.4215
61187.2,56.3739
61207.1,56.3262
61227,56.2786
61246.9,56.231
61266.9,56.1834
61286.8,56.1358
61306.7,56.0881
61326.6,56.0405
61346.5,55.9929
61366.4,55.9453
61386.3,55.8977
61406.2,55.8501
61426.1,55.8024
61446,55.7548
61465.9,55.7072
61485.8,55.6596
61505.7,55.6119
61525.6,55.5643
61545.5,55.5167
61565.4,55.4691
61585.3,55.4215
61605.2,55.3739
61625.1,55.3262
61645,55.2786
61664.9,55.231
61684.8,55.1834
61704.7,55.1358
61724.6,55.0881
61744.5,55.0434
61764.5,54.9997
61784.4,54.956
61804.3,54.9122
61824.2,54.8685
61844.1,54.8248
61864,54.7811
61883.9,54.7374
61903.8,54.6937
61923.7,54.65
61943.6,54.6063
61963.5,54.5625
61983.4,54.5188
62003.3,54.4751
62023.2,54.4314
62043.1,54.3877
62063,54.344
62082.9,54.3003
62102.8,54.2566
62122.7,54.2128
62142.6,54.1691
62162.5,54.1254
62182.4,54.0817
62202.3,54.038
62222.2,53.9943
62242.1,53.9506
62262.1,53.9069
62282,53.8631
62301.9,53.8194
62321.8,53.7757
62341.7,53.732
62361.6,53.6883
62381.5,53.6446
62401.4,53.6009
62421.3,53.5572
62441.2,53.5134
62461.1,53.4697
62481,53.426
62500.9,53.3823
62520.8,53.3386
62540.7,53.2949
62560.6,53.2512
62580.5,53.2075
62600.4,53.1637
62620.3,53.12
62640.2,53.0763
62660.1,53.0326
62680,52.9889
62699.9,52.9452
62719.8,52.9015
62739.8,52.8577
62759.7,52.814
62779.6,52.7703
62799.5,52.7266
62819.4,52.6829
62839.3,52.6392
62859.2,52.5955
62879.1,52.5518
62899,52.5081
62918.9,52.4643
62938.8,52.4206
62958.7,52.3796
62978.6,52.3387
62998.5,52.2979
63018.4,52.257
63038.3,52.2162
63058.2,52.1753
63078.1,52.1345
63098,52.0936
63117.9,52.0528
63137.8,52.0119
63157.7,51.971
63177.6,51.9302
63197.5,51.8893
63217.4,51.8485
63237.3,51.8076
63257.3,51.7668
63277.2,51.7259
63297.1,51.685
63317,51.6442
63336.9,51.6033
63356.8,51.5625
63376.7,51.5216
63396.6,51.4808
63416.5,51.4399
63436.4,51.3991
63456.3,51.3582
63476.2,51.3173
63496.1,51.2765
63516,51.2356
63535.9,51.1948
63555.8,51.1539
63575.7,51.1131
63595.6,51.0722
63615.5,51.0313
63635.4,50.9905
63655.3,50.9496
63675.2,50.9088
63695.1,50.8679
63715,50.8271
63734.9,50.7862
63754.9,50.7454
63774.8,50.7045
63794.7,50.6636
63814.6,50.6228
63834.5,50.5819
63854.4,50.5411
63874.3,50.5002
63894.2,50.4594
63914.1,50.4185
63934,50.3776
63953.9,50.3368
63973.8,50.2959
63993.7,50.2551
64013.6,50.2142
64033.5,50.1734
64053.4,50.1325
64073.3,50.0917
64093.2,50.0508
64113.1,50.0099
64133,49.9691
64152.9,49.9282
64172.8,49.8878
64192.7,49.8497
64212.6,49.8116
64232.5,49.7735
64252.4,49.7354
64272.4,49.6973
64292.3,49.6592
64312.2,49.6211
64332.1,49.583
64352,49.545
64371.9,49.5069
64391.8,49.4688
64411.7,49.4307
64431.6,49.3926
64451.5,49.3545
64471.4,49.3164
64491.3,49.2783
64511.2,49.2402
64531.1,49.2021
64551,49.164
64570.9,49.1259
64590.8,49.0879
64610.7,49.0498
64630.6,49.0117
64650.5,48.9736
64670.4,48.9355
64690.3,48.8974
64710.2,48.8593
64730.1,48.8212
64750,48.7831
64770,48.745
64789.9,48.7069
64809.8,48.6688
64829.7,48.6308
64849.6,48.5927
64869.5,48.5546
64889.4,48.5165
64909.3,48.4784
64929.2,48.4403
64949.1,48.4022
64969,48.3641
64988.9,48.326
65008.8,48.2879
65028.7,48.2499
65048.6,48.2118
65068.5,48.1737
65088.4,48.1356
65108.3,48.0975
65128.2,48.0594
65148.1,48.0213
65168,47.9832
65187.9,47.9451
65207.8,47.907
65227.7,47.8689
65247.6,47.8309
65267.6,47.7928
65287.5,47.7547
65307.4,47.7166
65327.3,47.6785
65347.2,47.6404
65367.1,47.6023
65387,47.5642
65406.9,47.5261
65426.8,47.489
65446.7,47.4536
65466.6,47.4182
65486.5,47.3828
65506.4,47.3474
65526.3,47.312
65546.2,47.2766
65566.1,47.2412
65586,47.2058
65605.9,47.1704
65625.8,47.135
65645.7,47.0996
65665.6,47.0642
65685.5,47.0288
65705.4,46.9934
65725.3,46.958
65745.3,46.9226
65765.2,46.8872
65785.1,46.8519
65805,46.8165
65824.9,46.7811
65844.8,46.7457
65864.7,46.7103
65884.6,46.6749
65904.5,46.6395
65924.4,46.6041
65944.3,46.5687
65964.2,46.5333
65984.1,46.4979
66004,46.4625
66023.9,46.4271
66043.8,46.3917
66063.7,46.3563
66083.6,46.3209
66103.5,46.2855
66123.4,46.2502
66143.3,46.2148
66163.2,46.1794
66183.1,46.144
66203,46.1086
66222.9,46.0732
66242.9,46.0378
66262.8,46.0024
66282.7,45.967
66302.6,45.9316
66322.5,45.8962
66342.4,45.8608
66362.3,45.8254
66382.2,45.79
66402.1,45.7546
66422,45.7192
66441.9,45.6838
66461.8,45.6485
66481.7,45.6131
66501.6,45.5777
66521.5,45.5423
66541.4,45.5069
66561.3,45.4715
66581.2,45.4361
66601.1,45.4007
66621,45.3653
66640.9,45.3299
66660.8,45.2945
66680.7,45.2591
66700.6,45.2238
66720.5,45.1906
66740.5,45.1575
66760.4,45.1244
66780.3,45.0912
66800.2,45.0581
66820.1,45.0249
66840,44.9918
66859.9,44.9587
66879.8,44.9255
66899.7,44.8924
66919.6,44.8592
66939.5,44.8261
66959.4,44.793
66979.3,44.7598
66999.2,44.7267
67019.1,44.6935
67039,44.6604
67058.9,44.6272
67078.8,44.5941
67098.7,44.561
67118.6,44.5278
67138.5,44.4947
67158.4,44.4615
67178.3,44.4284
67198.2,44.3953
67218.1,44.3621
67238,44.329
67258,44.2958
67277.9,44.2627
67297.8,44.2295
67317.7,44.1964
67337.6,44.1633
67357.5,44.1301
67377.4,44.097
67397.3,44.0638
67417.2,44.0307
67437.1,195.73
67457,195.582
67476.9,195.435
67496.8,195.288
67516.7,195.14
67536.6,194.993
67556.5,194.845
67576.4,194.698
67596.3,194.55
67616.2,194.403
67636.1,194.255
67656,194.108
67675.9,193.96
67695.8,193.813
67715.7,193.665
67735.6,193.518
67755.6,193.37
67775.5,193.223
67795.4,193.075
67815.3,192.928
67835.2,192.78
67855.1,192.633
67875,192.485
67894.9,192.338
67914.8,192.19
67934.7,192.043
67954.6,191.895
67974.5,191.748
67994.4,191.6
68014.3,191.454
68034.2,191.315
68054.1,191.175
68074,191.035
68093.9,190.896
68113.8,190.756
68133.7,190.616
68153.6,190.476
68173.5,190.337
68193.4,190.197
68213.3,190.057
68233.2,189.918
68253.1,189.778
68273.1,189.638
68293,189.498
68312.9,189.359
68332.8,189.219
68352.7,189.079
68372.6,188.939
68392.5,188.8
68412.4,188.66
68432.3,188.52
68452.2,188.38
68472.1,188.241
68492,188.101
68511.9,187.961
68531.8,187.822
68551.7,187.682
68571.6,187.542
68591.5,187.402
68611.4,187.263
68631.3,187.123
68651.2,186.983
68671.1,186.844
68691,186.704
68710.9,186.564
68730.8,186.424
68750.8,186.285
68770.6,186.145
68790.6,186.005
68810.5,185.865
68830.4,185.726
68850.3,185.586
68870.2,185.446
68890.1,185.306
68910,185.167
68929.9,185.027
68949.8,184.887
68969.7,184.748
68989.6,184.608
69009.5,184.468
69029.4,184.328
69049.3,184.189
69069.2,184.049
69089.1,183.909
69109,183.77
69128.9,183.63
69148.8,183.49
69168.7,183.35
69188.6,183.211
69208.5,183.071
69228.4,182.931
69248.4,182.791
69268.3,182.652
69288.2,182.512
69308.1,182.372
69328,182.232
69347.9,182.096
69367.8,181.964
69387.7,181.832
69407.6,181.7
69427.5,181.568
69447.4,181.436
69467.3,181.304
69487.2,181.172
69507.1,181.04
69527,180.908
69546.9,180.776
69566.8,180.644
69586.7,180.512
69606.6,180.38
69626.5,180.248
69646.4,180.117
69666.3,179.985
69686.2,179.853
69706.1,179.721
69726,179.589
69745.9,179.457
69765.9,179.325
69785.8,179.193
69805.7,179.061
69825.6,178.929
69845.5,178.797
69865.4,178.665
69885.3,178.533
69905.2,178.401
69925.1,178.269
69945,178.137
69964.9,178.005
69984.8,177.873
70004.7,177.741
70024.6,177.609
70044.5,177.477
70064.4,177.345
70084.3,177.213
70104.2,177.082
70124.1,176.95
70144,176.818
70163.9,176.686
70183.8,176.554
70203.7,176.422
70223.6,176.29
70243.5,176.158
70263.5,176.026
70283.4,175.894
70303.3,175.762
70323.2,175.63
70343.1,175.498
70363,175.366
70382.9,175.234
70402.8,175.102
70422.7,174.97
70442.6,174.838
70462.5,174.706
70482.4,174.574
70502.3,174.442
70522.2,174.31
70542.1,174.179
70562,174.047
70581.9,173.915
70601.8,173.783
70621.7,173.651
70641.6,173.519
70661.5,173.387
70681.4,173.255
70701.3,173.129
70721.3,173.007
70741.1,172.885
70761.1,172.763
70781,172.641
70800.9,172.519
70820.8,172.397
70840.7,172.275
70860.6,172.153
70880.5,172.031
70900.4,171.909
70920.3,171.788
70940.2,171.666
70960.1,171.544
70980,171.422
70999.9,171.3
71019.8,171.178
71039.7,171.056
71059.6,170.934
71079.5,170.812
71099.4,170.69
71119.3,170.568
71139.2,170.446
71159.1,170.325
71179,170.203
71198.9,170.081
71218.8,169.959
71238.8,169.837
71258.7,169.715
71278.6,169.593
71298.5,169.471
71318.4,169.349
71338.3,169.227
71358.2,169.105
71378.1,168.984
71398,168.862
71417.9,168.74
71437.8,168.618
71457.7,168.496
71477.6,168.374
71497.5,168.252
71517.4,168.13
71537.3,168.008
71557.2,167.886
71577.1,167.764
71597,167.642
71616.9,167.521
71636.8,167.399
71656.7,167.277
71676.6,167.155
71696.5,167.033
71716.4,166.911
71736.4,166.789
71756.3,166.667
71776.2,166.545
71796.1,166.423
71816,166.301
71835.9,166.179
71855.8,166.058
71875.7,165.936
71895.6,165.814
71915.5,165.692
71935.4,165.57
71955.3,165.448
71975.2,165.326
71995.1,165.204
72015,165.082
72034.9,164.96
72054.8,164.838
72074.7,164.719
72094.6,164.605
72114.5,164.492
72134.4,164.379
72154.3,164.266
72174.2,164.153
72194.1,164.04
72214,163.927
72233.9,163.814
72253.9,163.701
72273.8,163.588
72293.7,163.475
72313.6,163.362
72333.5,163.248
72353.4,163.135
72373.3,163.022
72393.2,162.909
72413.1,162.796
72433,162.683
72452.9,162.57
72472.8,162.457
72492.7,162.344
72512.6,162.231
72532.5,162.118
72552.4,162.005
72572.3,161.892
72592.2,161.778
72612.1,161.665
72632,161.552
72651.9,161.439
72671.8,161.326
72691.7,161.213
72711.6,161.1
72731.5,160.987
72751.4,160.874
72771.4,160.761
72791.3,160.648
72811.2,160.535
72831.1,160.421
72851,160.308
72870.9,160.195
72890.8,160.082
72910.7,159.969
72930.6,159.856
72950.5,159.743
72970.4,159.63
72990.3,159.517
73010.2,159.404
73030.1,159.291
73050,159.178
73069.9,159.064
73089.8,158.951
73109.7,158.838
73129.6,158.725
73149.5,158.612
73169.4,158.499
73189.3,158.386
73209.2,158.273
73229.1,158.16
73249,158.047
73269,157.934
73288.9,157.821
73308.8,157.707
73328.7,157.594
73348.6,157.481
73368.5,157.368
73388.4,157.255
73408.3,157.142
73428.2,157.029
73448.1,156.916
73468,156.803
73487.9,156.692
73507.8,156.586
73527.7,156.48
73547.6,156.374
73567.5,156.268
73587.4,156.162
73607.3,156.056
73627.2,155.949
73647.1,155.843
73667,155.737
73686.9,155.631
73706.8,155.525
73726.7,155.419
73746.6,155.313
73766.6,155.206
73786.5,155.1
73806.4,154.994
73826.3,154.888
73846.2,154.782
73866.1,154.676
73886,154.57
73905.9,154.463
73925.8,154.357
73945.7,154.251
73965.6,154.145
73985.5,154.039
74005.4,153.933
74025.3,153.827
74045.2,153.72
74065.1,153.614
74085,153.508
74104.9,153.402
74124.8,153.296
74144.7,153.19
74164.6,153.084
74184.5,152.977
74204.4,152.871
74224.3,152.765
74244.3,152.659
74264.2,152.553
74284.1,152.447
74304,152.341
74323.9,152.234
74343.8,152.128
74363.7,152.022
74383.6,151.916
74403.5,151.81
74423.4,151.704
74443.3,151.598
74463.2,151.491
74483.1,151.385
74503,151.279
74522.9,151.173
74542.8,151.067
74562.7,150.961
74582.6,150.855
74602.5,150.748
74622.4,150.642
74642.3,150.536
74662.2,150.43
74682.1,150.324
74702,150.218
74721.9,150.111
74741.9,150.005
74761.8,149.899
74781.7,149.793
74801.6,149.687
74821.5,149.581
74841.4,149.475
74861.3,149.369
74881.2,149.262
74901.1,149.156
74921,149.05
74940.9,148.952
74960.8,148.853
74980.7,148.754
75000.6,148.656
75020.5,148.557
75040.4,148.458
75060.3,148.36
75080.2,148.261
75100.1,148.162
75120,148.064
75139.9,147.965
75159.8,147.866
75179.7,147.768
75199.6,147.669
75219.5,147.57
75239.5,147.472
75259.4,147.373
75279.3,147.274
75299.2,147.176
75319.1,147.077
75339,146.978
75358.9,146.88
75378.8,146.781
75398.7,146.682
75418.6,146.584
75438.5,146.485
75458.4,146.386
75478.3,146.288
75498.2,146.189
75518.1,146.09
75538,145.992
75557.9,145.893
75577.8,145.794
75597.7,145.696
75617.6,145.597
75637.5,145.498
75657.4,145.4
75677.3,145.301
75697.2,145.203
75717.1,145.104
75737,145.005
75757,144.906
75776.9,144.808
75796.8,144.709
75816.7,144.61
75836.6,144.512
75856.5,144.413
75876.4,144.314
75896.3,144.216
75916.2,144.117
75936.1,144.019
75956,143.92
75975.9,143.821
75995.8,143.723
76015.7,143.624
76035.6,143.525
76055.5,143.427
76075.4,143.328
76095.3,143.229
76115.2,143.13
76135.1,143.032
76155,142.933
76174.9,142.835
76194.8,142.736
76214.7,142.637
76234.6,142.539
76254.5,142.44
76274.5,142.341
76294.4,142.243
76314.3,142.144
76334.2,142.045
76354.1,141.947
76374,141.848
76393.9,141.754
76413.8,141.662
76433.7,141.571
76453.6,141.479
76473.5,141.388
76493.4,141.296
76513.3,141.204
76533.2,141.113
76553.1,141.021
76573,140.929
76592.9,140.838
76612.8,140.746
76632.7,140.654
76652.6,140.563
76672.5,140.471
76692.4,140.38
76712.3,140.288
76732.2,140.196
76752.1,140.105
76772.1,140.013
76792,139.921
76811.9,139.83
76831.8,139.738
76851.7,139.646
76871.6,139.555
76891.5,139.463
76911.4,139.372
76931.3,139.28
76951.2,139.188
76971.1,139.097
76991,139.005
77010.9,138.913
77030.8,138.822
77050.7,138.73
77070.6,138.639
77090.5,138.547
77110.4,138.455
77130.3,138.364
77150.2,138.272
77170.1,138.18
77190,138.089
77209.9,137.997
77229.8,137.905
77249.8,137.814
77269.6,137.722
77289.6,137.631
77309.5,137.539
77329.4,137.447
77349.3,137.356
77369.2,137.264
77389.1,137.172
77409,137.081
77428.9,136.989
77448.8,136.897
77468.7,136.806
77488.6,136.714
77508.5,136.623
77528.4,136.531
77548.3,136.439
77568.2,136.348
77588.1,136.256
77608,136.164
77627.9,136.073
77647.8,135.981
77667.7,135.889
77687.6,135.798
77707.5,135.706
77727.4,135.615
77747.4,135.523
77767.3,135.431
77787.2,135.34
77807.1,135.248
77827,135.156
77846.9,135.065
77866.8,134.973
77886.7,134.884
77906.6,134.798
77926.5,134.713
77946.4,134.627
77966.3,134.542
77986.2,134.457
78006.1,134.371
78026,134.286
78045.9,134.201
78065.8,134.115
78085.7,134.03
78105.6,133.945
78125.5,133.859
78145.4,133.774
78165.3,133.688
78185.2,133.603
78205.1,133.518
78225,133.432
78245,133.347
78264.9,133.262
78284.8,133.176
78304.7,133.091
78324.6,133.005
78344.5,132.92
78364.4,132.835
78384.3,132.749
78404.2,132.664
78424.1,132.579
78444,132.493
78463.9,132.408
78483.8,132.323
78503.7,132.237
78523.6,132.152
78543.5,132.066
78563.4,131.981
78583.3,131.896
78603.2,131.81
78623.1,131.725
78643,131.64
78662.9,131.554
78682.8,131.469
78702.7,131.384
78722.6,131.298
78742.5,131.213
78762.5,131.127
78782.4,131.042
78802.3,130.957
78822.2,130.871
78842.1,130.786
78862,130.701
78881.9,130.615
78901.8,130.53
78921.7,130.445
78941.6,130.359
78961.5,130.274
78981.4,130.188
79001.3,130.103
79021.2,130.018
79041.1,129.932
79061,129.847
79080.9,129.762
79100.8,129.676
79120.7,129.591
79140.6,129.506
79160.5,129.42
79180.4,129.335
79200.3,129.249
79220.3,129.164
79240.1,129.079
79260.1,128.993
79280,128.908
79299.9,128.823
79319.8,128.737
79339.7,128.652
79359.6,128.566
79379.5,128.481
79399.4,128.396
79419.3,128.315
79439.2,128.234
79459.1,128.154
79479,128.073
79498.9,127.992
79518.8,127.912
79538.7,127.831
79558.6,127.75
79578.5,127.67
79598.4,127.589
79618.3,127.509
79638.2,127.428
79658.1,127.347
79678,127.267
79697.9,127.186
79717.8,127.105
79737.8,127.025
79757.7,126.944
79777.6,126.863
79797.5,126.783
79817.4,126.702
79837.3,126.622
79857.2,126.541
79877.1,126.46
79897,126.38
79916.9,126.299
79936.8,126.218
79956.7,126.138
79976.6,126.057
79996.5,125.976
80016.4,125.897
80036.3,125.819
80056.2,125.74
80076.1,125.661
80096,125.583
80115.9,125.504
80135.8,125.425
80155.7,125.346
80175.6,125.268
80195.5,125.189
80215.4,125.11
80235.3,125.032
80255.3,124.953
80275.2,124.874
80295.1,124.795
80315,124.717
80334.9,124.638
80354.8,124.559
80374.7,124.481
80394.6,124.402
80414.5,124.323
80434.4,124.244
80454.3,124.166
80474.2,124.087
80494.1,124.008
80514,123.93
80533.9,123.851
80553.8,123.772
80573.7,123.693
80593.6,123.615
80613.5,123.536
80633.4,123.457
80653.3,123.379
80673.2,123.3
80693.1,123.221
80713,123.143
80732.9,123.064
80752.9,122.985
80772.8,122.906
80792.7,122.828
80812.6,122.749
80832.5,122.67
80852.4,122.592
80872.3,122.513
80892.2,122.434
80912.1,122.355
80932,122.277
80951.9,122.198
80971.8,122.124
80991.7,122.05
81011.6,121.976
81031.5,121.902
81051.4,121.828
81071.3,121.754
81091.2,121.68
81111.1,121.606
81131,121.532
81150.9,121.458
81170.8,121.384
81190.7,121.31
81210.6,121.236
81230.5,121.162
81250.4,121.088
81270.4,121.014
81290.3,120.94
81310.2,120.866
81330.1,120.792
81350,120.718
81369.9,120.644
81389.8,120.57
81409.7,120.496
81429.6,120.422
81449.5,120.348
81469.4,120.274
81489.3,120.2
81509.2,120.126
81529.1,120.052
81549,119.978
81568.9,119.904
81588.8,119.83
81608.7,119.756
81628.6,119.682
81648.5,119.608
81668.4,119.534
81688.3,119.46
81708.2,119.386
81728.1,119.312
81748,119.238
81768,119.164
81787.9,119.09
81807.8,119.016
81827.7,118.942
81847.6,118.868
81867.5,118.794
81887.4,118.72
81907.3,118.646
81927.2,118.572
81947.1,118.498
81967,118.424
81986.9,118.35
82006.8,118.276
82026.7,118.202
82046.6,118.128
82066.5,118.054
82086.4,117.98
82106.3,117.906
82126.2,117.832
82146.1,117.758
82166,117.684
82185.9,117.61
82205.8,117.536
82225.8,117.462
82245.6,117.388
82265.6,117.314
82285.5,117.24
82305.4,117.166
82325.3,117.092
82345.2,117.018
82365.1,116.944
82385,116.87
82404.9,116.796
82424.8,116.722
82444.7,116.648
82464.6,116.574
82484.5,116.5
82504.4,116.426
82524.3,116.352
82544.2,116.279
82564.1,116.21
82584,116.142
82603.9,116.073
82623.8,116.004
82643.7,115.935
82663.6,115.866
82683.5,115.797
82703.4,115.728
82723.3,115.659
82743.3,115.59
82763.2,115.521
82783.1,115.452
82803,115.383
82822.9,115.314
82842.8,115.245
82862.7,115.176
82882.6,115.107
82902.5,115.038
82922.4,114.969
82942.3,114.9
82962.2,114.831
82982.1,114.762
83002,114.693
83021.9,114.624
83041.8,114.555
83061.7,114.486
83081.6,114.417
83101.5,114.348
83121.4,114.279
83141.3,114.21
83161.2,114.141
83181.1,114.072
83201,114.003
83220.9,113.934
83240.9,113.865
83260.8,113.796
83280.7,113.727
83300.6,113.658
83320.5,113.589
83340.4,113.52
83360.3,113.451
83380.2,113.382
83400.1,113.313
83420,113.244
83439.9,113.175
83459.8,113.106
83479.7,113.037
83499.6,112.968
83519.5,112.899
83539.4,112.83
83559.3,112.761
83579.2,112.692
83599.1,112.623
83619,112.554
83638.9,112.485
83658.8,112.416
83678.7,112.347
83698.6,112.278
83718.5,112.21
83738.5,112.14
83758.4,112.072
83778.3,112.003
83798.2,111.934
83818.1,111.865
83838,111.796
83857.9,111.727
83877.8,111.658
83897.7,111.589
83917.6,111.52
83937.5,111.451
83957.4,111.382
83977.3,111.313
83997.2,111.244
84017.1,111.175
84037,111.106
84056.9,111.037
84076.8,110.968
84096.7,110.899
84116.6,110.83
84136.5,110.761
84156.4,110.693
84176.3,110.629
84196.2,110.564
84216.1,110.499
84236,110.435
84255.9,110.37
84275.9,110.305
84295.8,110.241
84315.7,110.176
84335.6,110.111
84355.5,110.047
84375.4,109.982
84395.3,109.918
84415.2,109.853
84435.1,109.788
84455,109.724
84474.9,109.659
84494.8,109.594
84514.7,109.53
84534.6,109.465
84554.5,109.4
84574.4,109.336
84594.3,109.271
84614.2,109.206
84634.1,109.142
84654,109.077
84673.9,109.013
84693.8,108.948
84713.7,108.883
84733.6,108.819
84753.5,108.754
84773.5,108.689
84793.4,108.625
84813.3,108.56
84833.2,108.495
84853.1,108.431
84873,108.366
84892.9,108.301
84912.8,108.237
84932.7,108.172
84952.6,108.108
84972.5,108.043
84992.4,107.978
85012.3,107.914
85032.2,107.849
85052.1,107.784
85072,107.72
85091.9,107.655
85111.8,107.59
85131.7,107.526
85151.6,107.461
85171.5,107.396
85191.4,107.332
85211.3,107.267
85231.2,107.202
85251.1,107.138
85271.1,107.073
85291,107.009
85310.9,106.944
85330.8,106.879
85350.7,106.815
85370.6,106.75
85390.5,106.685
85410.4,106.621
85430.3,106.556
85450.2,106.491
85470.1,106.427
85490,106.362
85509.9,106.297
85529.8,106.233
85549.7,106.168
85569.6,106.103
85589.5,106.039
85609.4,105.974
85629.3,105.91
85649.2,105.845
85669.1,105.78
85689,105.716
85708.9,105.651
85728.8,105.586
85748.8,105.522
85768.7,105.457
85788.6,105.392
85808.5,105.33
85828.4,105.27
85848.3,105.21
85868.2,105.15
85888.1,105.09
85908,105.03
85927.9,104.97
85947.8,104.91
85967.7,104.85
85987.6,104.791
86007.5,104.731
86027.4,104.671
86047.3,104.611
86067.2,104.551
86087.1,104.491
86107,104.431
86126.9,104.371
86146.8,104.311
86166.7,104.251
86186.6,104.191
86206.5,104.131
86226.4,104.071
86246.4,104.012
86266.3,103.952
86286.2,103.892
86306.1,103.832
86326,103.772
86345.9,103.712
86365.8,103.652
86385.7,103.592
86405.6,103.532
86425.5,103.472
86445.4,103.412
86465.3,103.352
86485.2,103.293
86505.1,103.233
86525,103.173
86544.9,103.113
86564.8,103.053
86584.7,102.993
86604.6,102.933
86624.5,102.873
86644.4,102.813
86664.3,102.753
86684.2,102.693
86704.1,102.633
86724,102.573
86744,102.514
86763.9,102.454
86783.8,102.394
86803.7,102.334
86823.6,102.274
86843.5,102.214
86863.4,102.154
86883.3,102.094
86903.2,102.034
86923.1,101.974
86943,101.914
86962.9,101.854
86982.8,101.795
87002.7,101.735
87022.6,101.675
87042.5,101.615
87062.4,101.555
87082.3,101.495
87102.2,101.435
87122.1,101.375
87142,101.315
87161.9,101.255
87181.8,101.195
87201.7,101.135
87221.6,101.075
87241.5,101.016
87261.5,100.956
87281.4,100.896
87301.3,100.836
87321.2,100.776
87341.1,100.716
87361,100.656
87380.9,100.596
87400.8,100.536
87420.7,100.476
87440.6,100.416
87460.5,100.356
87480.4,100.298
87500.3,100.242
87520.2,100.185
87540.1,100.128
87560,100.072
87579.9,100.015
87599.8,99.9587
87619.7,99.9021
87639.6,99.8456
87659.5,99.789
87679.4,99.7324
87699.3,99.6758
87719.2,99.6192
87739.1,99.5626
87759.1,99.506
87779,99.4494
87798.9,99.3928
87818.8,99.3362
87838.7,99.2797
87858.6,99.2231
87878.5,99.1665
87898.4,99.1099
87918.3,99.0533
87938.2,98.9967
87958.1,98.9401
87978,98.8835
87997.9,98.8269
88017.8,98.7703
88037.7,98.7138
88057.6,98.6572
88077.5,98.6006
88097.4,98.544
88117.3,98.4874
88137.2,98.4308
88157.1,98.3742
88177,98.3176
88196.9,98.2611
88216.8,98.2045
88236.7,98.1479
88256.6,98.0913
88276.6,98.0347
88296.5,97.9781
88316.4,97.9215
88336.3,97.8649
88356.2,97.8083
88376.1,97.7518
88396,97.6952
88415.9,97.6386
88435.8,97.582
88455.7,97.5254
88475.6,97.4688
88495.5,97.4122
88515.4,97.3556
88535.3,97.299
88555.2,97.2424
88575.1,97.1859
88595,97.1293
88614.9,97.0727
88634.8,97.0161
88654.7,96.9595
88674.6,96.9029
88694.5,96.8463
88714.4,96.7897
88734.3,96.7332
88754.3,96.6766
88774.1,96.62
88794.1,96.5634
88814,96.5068
88833.9,96.4502
88853.8,96.3936
88873.7,96.337
88893.6,96.2804
88913.5,96.2238
88933.4,96.1673
88953.3,96.1107
88973.2,96.0541
88993.1,95.9975
89013,95.9409
89032.9,95.8843
89052.8,95.8277
89072.7,95.7711
89092.6,95.7146
89112.5,95.658
89132.4,95.6014
89152.3,95.5448
89172.2,95.4882
89192.1,95.4347
89212,95.3832
89231.9,95.3316
89251.9,95.2801
89271.8,95.2286
89291.7,95.1771
89311.6,95.1255
89331.5,95.074
89351.4,95.0225
89371.3,94.971
89391.2,94.9194
89411.1,94.8679
89431,94.8164
89450.9,94.7649
89470.8,94.7133
89490.7,94.6618
89510.6,94.6103
89530.5,94.5587
89550.4,94.5072
89570.3,94.4557
89590.2,94.4042
89610.1,94.3527
89630,94.3011
89649.9,94.2496
89669.8,94.1981
89689.7,94.1465
89709.6,94.095
89729.5,94.0435
89749.5,93.992
89769.4,93.9405
89789.3,93.8889
89809.2,93.8374
89829.1,93.7859
89849,93.7344
89868.9,93.6828
89888.8,93.6313
89908.7,93.5798
89928.6,93.5283
89948.5,93.4767
89968.4,93.4252
89988.3,93.3737
90008.2,93.3221
90028.1,93.2706
90048,93.2191
90067.9,93.1676
90087.8,93.116
90107.7,93.0645
90127.6,93.013
90147.5,92.9615
90167.4,92.91
90187.3,92.8584
90207.2,92.8069
90227.1,92.7554
90247,92.7038
90267,92.6523
90286.9,92.6008
90306.8,92.5493
90326.7,92.4977
90346.6,92.4462
90366.5,92.3947
90386.4,92.3432
90406.3,92.2916
90426.2,92.2401
90446.1,92.1886
90466,92.1371
90485.9,92.0855
90505.8,92.034
90525.7,91.9825
90545.6,91.931
90565.5,91.8794
90585.4,91.8279
90605.3,91.7764
90625.2,91.7249
90645.1,91.6733
90665,91.6218
90684.9,91.5703
90704.8,91.5188
90724.8,91.4672
90744.6,91.4157
90764.6,91.3642
90784.5,91.3127
90804.4,91.2611
90824.3,91.2096
90844.2,91.1581
90864.1,91.1066
90884,91.055
90903.9,91.0035
90923.8,90.952
90943.7,90.9023
90963.6,90.8535
90983.5,90.8047
91003.4,90.7559
91023.3,90.7071
91043.2,90.6583
91063.1,90.6095
91083,90.5607
91102.9,90.5119
91122.8,90.4631
91142.7,90.4143
91162.6,90.3655
91182.5,90.3167
91202.4,90.2679
91222.3,90.2191
91242.3,90.1703
91262.2,90.1215
91282.1,90.0727
91302,90.0239
91321.9,89.9751
91341.8,89.9263
91361.7,89.8774
91381.6,89.8287
91401.5,89.7798
91421.4,89.731
91441.3,89.6822
91461.2,89.6334
91481.1,89.5846
91501,89.5358
91520.9,89.487
91540.8,89.4382
91560.7,89.3894
91580.6,89.3406
91600.5,89.2918
91620.4,89.243
91640.3,89.1942
91660.2,89.1454
91680.1,89.0966
91700,89.0478
91719.9,88.999
91739.9,88.9502
91759.8,88.9014
91779.7,88.8526
91799.6,88.8038
91819.5,88.755
91839.4,88.7062
91859.3,88.6573
91879.2,88.6086
91899.1,88.5598
91919,88.5109
91938.9,88.4621
91958.8,88.4133
91978.7,88.3645
91998.6,88.3157
92018.5,88.2669
92038.4,88.2181
92058.3,88.1693
92078.2,88.1205
92098.1,88.0717
92118,88.0229
92137.9,87.9741
92157.8,87.9253
92177.7,87.8765
92197.6,87.8277
92217.5,87.7789
92237.4,87.7301
92257.4,87.6813
92277.3,87.6325
92297.2,87.5837
92317.1,87.5349
92337,87.4861
92356.9,87.4373
92376.8,87.3885
92396.7,87.3397
92416.6,87.2909
92436.5,87.242
92456.4,87.1933
92476.3,87.1444
92496.2,87.0956
92516.1,87.0468
92536,86.998
92555.9,86.9492
92575.8,86.9004
92595.7,86.8516
92615.6,86.8028
92635.5,86.754
92655.4,86.7052
92675.3,86.6564
92695.2,86.6076
92715.1,86.5595
92735,86.5133
92754.9,86.4671
92774.9,86.421
92794.8,86.3748
92814.7,86.3286
92834.6,86.2824
92854.5,86.2363
92874.4,86.1901
92894.3,86.1439
92914.2,86.0978
92934.1,86.0516
92954,86.0054
92973.9,85.9592
92993.8,85.9131
93013.7,85.8669
93033.6,85.8207
93053.5,85.7746
93073.4,85.7284
93093.3,85.6822
93113.2,85.636
93133.1,85.5899
93153,85.5437
93172.9,85.4975
93192.8,85.4513
93212.7,85.4052
93232.6,85.359
93252.5,85.3128
93272.5,85.2667
93292.4,85.2205
93312.3,85.1743
93332.2,85.1281
93352.1,85.082
93372,85.0358
93391.9,84.9896
93411.8,84.9435
93431.7,84.8973
93451.6,84.8511
93471.5,84.8049
93491.4,84.7588
93511.3,84.7126
93531.2,84.6664
93551.1,84.6203
93571,84.5741
93590.9,84.5279
93610.8,84.4817
93630.7,84.4356
93650.6,84.3894
93670.5,84.3432
93690.4,84.297
93710.3,84.2509
93730.3,84.2047
93750.1,84.1585
93770.1,84.1124
93790,84.0662
93809.9,84.02
93829.8,83.9738
93849.7,83.9277
93869.6,83.8815
93889.5,83.8353
93909.4,83.7891
93929.3,83.743
93949.2,83.6968
93969.1,83.6506
93989,83.6045
94008.9,83.5583
94028.8,83.5121
94048.7,83.4659
94068.6,83.4198
94088.5,83.3736
94108.4,83.3274
94128.3,83.2813
94148.2,83.2351
94168.1,83.1889
94188,83.1427
94207.9,83.0966
94227.8,83.0504
94247.8,83.0042
94267.7,82.958
94287.6,82.9119
94307.5,82.8657
94327.4,82.8195
94347.3,82.7733
94367.2,82.7272
94387.1,82.681
94407,82.6348
94426.9,82.5887
94446.8,82.5425
94466.7,82.4963
94486.6,82.4502
94506.5,82.404
94526.4,82.3591
94546.3,82.3169
94566.2,82.2747
94586.1,82.2325
94606,82.1903
94625.9,82.1481
94645.8,82.1059
94665.7,82.0637
94685.6,82.0215
94705.5,81.9793
94725.4,81.9371
94745.4,81.8949
94765.3,81.8527
94785.2,81.8105
94805.1,81.7683
94825,81.7261
94844.9,81.6839
94864.8,81.6417
94884.7,81.5994
94904.6,81.5572
94924.5,81.5151
94944.4,81.4728
94964.3,81.4306
94984.2,81.3884
95004.1,81.3462
95024,81.3041
95043.9,81.2618
95063.8,81.2196
95083.7,81.1774
95103.6,81.1352
95123.5,81.093
95143.4,81.0508
95163.3,81.0086
95183.2,80.9664
95203.1,80.9242
95223,80.882
95243,80.8398
95262.9,80.7976
95282.8,80.7554
95302.7,80.7132
95322.6,80.671
95342.5,80.6288
95362.4,80.5866
95382.3,80.5444
95402.2,80.5022
95422.1,80.46
95442,80.4178
95461.9,80.3756
95481.8,80.3334
95501.7,80.2912
95521.6,80.249
95541.5,80.2068
95561.4,80.1646
95581.3,80.1224
95601.2,80.0802
95621.1,80.038
95641,79.9958
95660.9,79.9536
95680.8,79.9114
95700.7,79.8692
95720.6,79.827
95740.6,79.7848
95760.5,79.7426
95780.4,79.7004
95800.3,79.6582
95820.2,79.616
95840.1,79.5738
95860,79.5316
95879.9,79.4894
95899.8,79.4472
95919.7,79.4049
95939.6,79.3627
95959.5,79.3205
95979.4,79.2783
95999.3,79.2362
96019.2,79.1939
96039.1,79.1517
96059,79.1096
96078.9,79.0673
96098.8,79.0251
96118.7,78.9829
96138.6,78.9407
96158.5,78.8985
96178.4,78.8563
96198.3,78.8141
96218.2,78.7719
96238.1,78.7297
96258,78.6875
96278,78.6453
96297.9,78.6031
96317.8,78.5609
96337.7,78.5187
96357.6,78.4765
96377.5,78.4352
96397.4,78.3955
96417.3,78.3557
96437.2,78.3159
96457.1,78.2761
96477,78.2363
96496.9,78.1966
96516.8,78.1568
96536.7,78.117
96556.6,78.0773
96576.5,78.0375
96596.4,77.9977
96616.3,77.9579
96636.2,77.9182
96656.1,77.8784
96676,77.8386
96695.9,77.7989
96715.8,77.7591
96735.7,77.7193
96755.6,77.6795
96775.6,77.6397
96795.5,77.6
96815.4,77.5602
96835.3,77.5204
96855.2,77.4806
96875.1,77.4409
96895,77.4011
96914.9,77.3613
96934.8,77.3216
96954.7,77.2818
96974.6,77.242
96994.5,77.2022
97014.4,77.1625
97034.3,77.1227
97054.2,77.0829
97074.1,77.0431
97094,77.0034
97113.9,76.9636
97133.8,76.9238
97153.7,76.884
97173.6,76.8443
97193.5,76.8045
97213.4,76.7647
97233.3,76.725
97253.3,76.6852
97273.2,76.6454
97293.1,76.6056
97313,76.5658
97332.9,76.5261
97352.8,76.4863
97372.7,76.4465
97392.6,76.4068
97412.5,76.367
97432.4,76.3272
97452.3,76.2874
97472.2,76.2477
97492.1,76.2079
97512,76.1681
97531.9,76.1283
97551.8,76.0886
97571.7,76.0488
97591.6,76.009
97611.5,75.9692
97631.4,75.9295
97651.3,75.8897
97671.2,75.8499
97691.1,75.8102
97711,75.7704
97730.9,75.7306
97750.9,75.6908
97770.8,75.6511
97790.7,75.6113
97810.6,75.5715
97830.5,75.5317
97850.4,75.492
97870.3,75.4522
97890.2,75.4124
97910.1,75.3726
97930,75.3329
97949.9,75.2931
97969.8,75.2533
97989.7,75.2136
98009.6,75.1738
98029.5,75.134
98049.4,75.0942
98069.3,75.0545
98089.2,75.0147
98109.1,74.9749
98129,74.9351
98148.9,74.8954
98168.8,74.8556
98188.7,74.8158
98208.6,74.776
98228.5,74.7363
98248.5,74.6965
98268.4,74.6586
98288.3,74.6209
98308.2,74.5832
98328.1,74.5455
98348,74.5078
98367.9,74.4701
98387.8,74.4324
98407.7,74.3947
98427.6,74.357
98447.5,74.3193
98467.4,74.2816
98487.3,74.2439
98507.2,74.2062
98527.1,74.1685
98547,74.1308
98566.9,74.0931
98586.8,74.0554
98606.7,74.0177
98626.6,73.98
98646.5,73.9423
98666.4,73.9046
98686.3,73.8669
98706.2,73.8292
98726.1,73.7915
98746,73.7538
98766,73.7161
98785.9,73.6784
98805.8,73.6407
98825.7,73.603
98845.6,73.5653
98865.5,73.5276
98885.4,73.4899
98905.3,73.4522
98925.2,73.4145
98945.1,73.3768
98965,73.3391
98984.9,73.3014
99004.8,73.2637
99024.7,73.226
99044.6,73.1883
99064.5,73.1506
99084.4,73.1129
99104.3,73.0752
99124.2,73.0375
99144.1,72.9998
99164,72.9621
99183.9,72.9244
99203.8,72.8867
99223.8,72.8489
99243.6,72.8112
99263.6,72.7735
99283.5,72.7358
99303.4,72.6982
99323.3,72.6604
99343.2,72.6228
99363.1,72.5851
99383,72.5473
99402.9,72.5096
99422.8,72.4719
99442.7,72.4342
99462.6,72.3965
99482.5,72.3588
99502.4,72.3211
99522.3,72.2834
99542.2,72.2457
99562.1,72.208
99582,72.1703
99601.9,72.1326
99621.8,72.0949
99641.7,72.0572
99661.6,72.0195
99681.5,71.9818
99701.4,71.9441
99721.3,71.9064
99741.3,71.8687
99761.2,71.831
99781.1,71.7933
99801,71.7556
99820.9,71.7179
99840.8,71.6802
99860.7,71.6425
99880.6,71.6048
99900.5,71.5671
99920.4,71.5294
99940.3,71.4917
99960.2,71.454
99980.1,71.4163
100000,71.3786