500,23513.7
519.904,23019.3
539.808,22524.9
559.712,22030.4
579.616,21536
599.52,21041.5
619.424,20547.1
639.328,20052.7
659.232,19558.2
679.136,19063.8
699.04,18569.3
718.944,18074.9
738.848,17580.5
758.752,17086
778.656,16591.6
798.56,16097.1
818.464,15602.7
838.368,15108.3
858.272,14613.8
878.176,14119.4
898.08,13624.9
917.984,13130.5
937.888,12636.1
957.792,12141.6
977.696,11647.2
997.599,11152.7
1017.5,10658.3
1037.41,40047.8
1057.31,58162.9
1077.22,57286.3
1097.12,56425.1
1117.02,55581
1136.93,54779.7
1156.83,54020.3
1176.74,53266.2
1196.64,59744
1216.54,57288.2
1236.45,55004.2
1256.35,52910.1
1276.26,50965.7
1296.16,49095.6
1316.06,47313.4
1335.97,45635.8
1355.87,44030
1375.78,42480.2
1395.68,41026.1
1415.58,39670.9
1435.49,38328.2
1455.39,37055.4
1475.3,35843.7
1495.2,34706.4
1515.1,33631.6
1535.01,32567.4
1554.91,31515.8
1574.81,30557.3
1594.72,29630.3
1614.62,28739.5
1634.53,27895.8
1654.43,27074.1
1674.33,26284.7
1694.24,25526
1714.14,24796.3
1734.05,24097.1
1753.95,23417.6
1773.85,22796.8
1793.76,22187.6
1813.66,21593
1833.57,21016.3
1853.47,20447.9
1873.37,19917.5
1893.28,19395.3
1913.18,18910.6
1933.09,18433.7
1952.99,17979
1972.89,17533.9
1992.8,17106.6
2012.7,16674.5
2032.61,16265.5
2052.51,15863.5
2072.41,15470.9
2092.32,15087.8
2112.22,14718.1
2132.13,14361.9
2152.03,14025.3
2171.93,13693.4
2191.84,13372.4
2211.74,13056.3
2231.65,12761.1
2251.55,12466.3
2271.45,12189.7
2291.36,11913.1
2311.26,11653.3
2331.17,11397.4
2351.07,11150.9
2370.97,10911.9
2390.88,10676.8
2410.78,10454.1
2430.69,10231.3
2450.59,10018.4
2470.49,9806.72
2490.4,9605.17
2510.3,9412.85
2530.21,9221.03
2550.11,9036.72
2570.01,8852.42
2589.92,8678.59
2609.82,8511.78
2629.73,8345.25
2649.63,8186.15
2669.53,8027.03
2689.44,7872.95
2709.34,7724.46
2729.25,7575.96
2749.15,7438.46
2769.05,7302.73
2788.96,7168.08
2808.86,7039.62
2828.77,6911.17
2848.67,6786.44
2868.57,6666.54
2888.48,6546.65
2908.38,6432.48
2928.29,6321.81
2948.19,6211.14
2968.09,6104.14
2988,5998.32
3007.9,5891.91
3027.81,5791.29
3047.71,5691.47
3067.61,5591.64
3087.52,5498.03
3107.42,5404.89
3127.33,5311.75
3147.23,5224.32
3167.13,5137.43
3187.04,5050.53
3206.94,4969.52
3226.85,4889.53
3246.75,4809.55
3266.65,4732.28
3286.56,4656.24
3306.46,4580.2
3326.37,4507.38
3346.27,4437.51
3366.17,4367.64
3386.08,4298.95
3405.98,4233.71
3425.89,4168.46
3445.79,4103.22
3465.69,4042.67
3485.6,3982.43
3505.5,3922.18
3525.41,3863.45
3545.31,3806.09
3565.21,3748.74
3585.12,3691.87
3605.02,3639.15
3624.92,3586.42
3644.83,3533.69
3664.73,3483.33
3684.64,3434.61
3704.54,3385.9
3724.45,3337.18
3744.35,3291.38
3764.25,3245.66
3784.16,3199.94
3804.06,3155.16
3823.96,3112.54
3843.87,3069.91
3863.77,3027.29
3883.68,2986.43
3903.58,2946.82
3923.48,2907.21
3943.39,2867.61
3963.29,2829.62
3983.2,2792.11
4003.1,2754.74
4023,2718.1
4042.91,2683.12
4062.81,2648.33
4082.72,2613.54
4102.62,2578.75
4122.52,2545.88
4142.43,2513.16
4162.33,2480.44
4182.24,2447.72
4202.14,2417.33
4222.04,2387.16
4241.95,2357
4261.85,2326.83
4281.76,2298.07
4301.66,2269.69
4321.56,2241.31
4341.47,2212.92
4361.37,2185.91
4381.28,2159.73
4401.18,2133.56
4421.08,2107.38
4440.99,2081.84
4460.89,2057.47
4480.8,2033.1
4500.7,2008.73
4520.6,1984.35
4540.51,1961.57
4560.41,1938.81
4580.32,1916.06
4600.22,1893.3
4620.12,1871.4
4640.03,1850.16
4659.93,1828.93
4679.84,1807.7
4699.74,1786.53
4719.64,1766.9
4739.55,1747.26
4759.45,1727.63
4779.36,1708
4799.26,1688.95
4819.16,1670.71
4839.07,1652.47
4858.97,1634.23
4878.88,1615.99
4898.78,1598.45
4918.68,1581.23
4938.59,1564.01
4958.49,1546.79
4978.4,1529.57
4998.3,1513.74
5018.2,1497.82
5038.11,1481.88
5058.01,1465.94
5077.92,1450
5097.82,1435.05
5117.72,1420.11
5137.63,1405.17
5157.53,1390.24
5177.44,1375.32
5197.34,1361.45
5217.24,1347.59
5237.15,1333.72
5257.05,1319.86
5276.96,1305.99
5296.86,1292.98
5316.76,1280.02
5336.67,1267.06
5356.57,1254.1
5376.48,1241.14
5396.38,1228.94
5416.28,1216.96
5436.19,1204.98
5456.09,1193.01
5476,1181.03
5495.9,1169.43
5515.8,1158.3
5535.71,1147.17
5555.61,1136.04
5575.52,1124.91
5595.42,1113.83
5615.32,1103.38
5635.23,1092.93
5655.13,1082.49
5675.04,1072.04
5694.94,1061.59
5714.84,1051.66
5734.75,1042.08
5754.65,1032.5
5774.55,1022.91
5794.46,1013.33
5814.36,1003.75
5834.27,994.697
5854.17,985.663
5874.07,976.629
5893.98,967.594
5913.88,958.56
5933.79,949.668
5953.69,941.125
5973.59,932.581
5993.5,924.037
6013.4,915.638
6033.31,907.31
6053.21,899.221
6073.11,891.412
6093.02,883.604
6112.92,875.795
6132.83,867.986
6152.73,860.177
6172.63,852.611
6192.54,845.303
6212.44,837.996
6232.35,830.688
6252.25,823.38
6272.15,816.073
6292.06,808.992
6311.96,802.182
6331.87,795.372
6351.77,788.562
6371.67,781.752
6391.58,774.942
6411.48,768.248
6431.39,761.861
6451.29,755.474
6471.19,749.087
6491.1,742.7
6511,736.313
6530.91,729.926
6550.81,724.095
6570.71,718.267
6590.62,712.438
6610.52,706.61
6630.43,700.782
6650.33,694.953
6670.23,689.323
6690.14,683.847
6710.04,678.37
6729.95,672.893
6749.85,667.416
6769.75,661.939
6789.66,656.475
6809.56,651.397
6829.47,646.32
6849.37,641.242
6869.27,636.164
6889.18,631.086
6909.08,626.008
6928.99,621.052
6948.89,616.321
6968.79,611.59
6988.7,606.859
7008.6,602.128
7028.51,597.397
7048.41,592.666
7068.31,588.122
7088.22,583.722
7108.12,579.321
7128.03,574.92
7147.93,570.52
7167.83,566.119
7187.74,561.718
7207.64,557.525
7227.55,553.45
7247.45,549.375
7267.35,545.3
7287.26,541.225
7307.16,537.15
7327.07,533.075
7346.97,529.147
7366.87,525.34
7386.78,521.532
7406.68,517.725
7426.59,513.917
7446.49,510.11
7466.39,506.303
7486.3,502.596
7506.2,499.064
7526.1,495.532
7546.01,492
7565.91,488.468
7585.82,484.936
7605.72,481.404
7625.63,477.88
7645.53,474.617
7665.43,471.354
7685.34,468.091
7705.24,464.827
7725.15,461.564
7745.05,458.301
7764.95,455.037
7784.86,451.876
7804.76,448.82
7824.67,445.763
7844.57,442.706
7864.47,439.649
7884.38,436.593
7904.28,433.536
7924.18,430.479
7944.09,427.553
7963.99,424.648
7983.9,421.744
8003.8,418.861
8023.7,416.068
8043.61,413.274
8063.51,410.481
8083.42,407.697
8103.32,405.03
8123.23,402.362
8143.13,399.695
8163.03,397.028
8182.94,394.36
8202.84,391.693
8222.74,389.026
8242.65,386.384
8262.55,383.913
8282.46,381.442
8302.36,378.97
8322.26,376.499
8342.17,374.028
8362.07,371.557
8381.98,369.085
8401.88,366.621
8421.78,364.315
8441.69,362.009
8461.59,359.702
8481.5,357.396
8501.4,355.089
8521.3,352.783
8541.21,350.476
8561.11,348.17
8581.02,345.998
8600.92,343.859
8620.82,341.719
8640.73,339.579
8660.63,337.44
8680.54,335.3
8700.44,333.161
8720.34,331.021
8740.25,328.947
8760.15,326.964
8780.06,324.982
8799.96,323
8819.86,321.017
8839.77,319.035
8859.67,317.053
8879.58,315.07
8899.48,313.088
8919.38,311.214
8939.29,309.364
8959.19,307.513
8979.1,305.663
8999,303.813
9018.9,301.962
9038.81,300.112
9058.71,298.261
9078.62,296.422
9098.52,294.709
9118.42,292.996
9138.33,291.283
9158.23,289.569
9178.14,287.856
9198.04,286.143
9217.94,284.43
9237.85,282.716
9257.75,281.02
9277.66,279.429
9297.56,277.838
9317.46,276.248
9337.37,274.657
9357.27,273.066
9377.17,271.475
9397.08,269.884
9416.98,268.293
9436.89,266.707
9456.79,265.221
9476.7,263.734
9496.6,262.247
9516.5,260.761
9536.41,259.274
9556.31,257.788
9576.21,256.301
9596.12,254.814
9616.02,253.328
9635.93,251.903
9655.83,250.493
9675.74,1803.28
9695.64,1794.44
9715.54,1785.6
9735.45,1776.75
9755.35,1767.91
9775.25,1759.07
9795.16,1750.22
9815.06,1741.57
9834.97,1733.25
9854.87,1724.93
9874.77,1716.62
9894.68,1708.3
9914.58,1699.98
9934.49,1691.67
9954.39,1683.35
9974.29,1675.03
9994.2,1666.72
10014.1,1658.82
10034,1651.1
10053.9,1643.38
10073.8,1635.66
10093.7,1627.93
10113.6,1620.21
10133.5,1612.49
10153.4,1604.77
10173.3,1597.05
10193.2,1589.32
10213.1,1581.56
10233,1573.78
10253,1565.99
10272.9,1558.21
10292.8,1550.43
10312.7,1542.64
10332.6,1534.86
10352.5,1527.07
10372.4,1519.29
10392.3,1511.63
10412.2,1504.89
10432.1,1498.16
10452,1491.43
10471.9,1484.7
10491.8,1477.97
10511.7,1471.24
10531.6,1464.51
10551.5,1457.78
10571.4,1451.05
10591.3,1444.32
10611.2,1437.72
10631.1,1431.24
10651,1424.76
10670.9,1418.28
10690.8,1411.8
10710.7,1405.32
10730.6,1398.83
10750.5,1392.35
10770.5,1385.87
10790.4,1379.39
10810.3,1372.91
10830.2,1366.68
10850.1,1360.45
10870,1354.21
10889.9,1347.98
10909.8,1341.75
10929.7,1335.52
10949.6,1329.28
10969.5,1323.05
10989.4,1316.82
11009.3,1310.59
11029.2,1304.47
11049.1,1298.49
11069,1292.5
11088.9,1286.52
11108.8,1280.54
11128.7,1274.55
11148.6,1268.57
11168.5,1262.59
11188.4,1256.6
11208.3,1250.62
11228.2,1244.64
11248.1,1239.17
11268.1,1233.76
11288,1228.35
11307.9,1222.93
11327.8,1217.52
11347.7,1212.11
11367.6,1206.69
11387.5,1201.28
11407.4,1195.86
11427.3,1190.45
11447.2,1185.04
11467.1,1179.97
11487,1174.96
11506.9,1169.96
11526.8,1164.95
11546.7,1159.94
11566.6,1154.93
11586.5,1149.93
11606.4,1144.92
11626.3,1139.91
11646.2,1134.9
11666.1,1129.9
11686,1124.89
11705.9,1119.89
11725.8,1114.9
11745.7,1109.9
11765.7,1104.9
11785.6,1099.9
11805.5,1094.91
11825.4,1089.91
11845.3,1084.91
11865.2,1079.92
11885.1,1074.92
11905,1070.08
11924.9,1065.72
11944.8,1061.35
11964.7,1056.99
11984.6,1052.63
12004.5,1048.27
12024.4,1043.9
12044.3,1039.54
12064.2,1035.18
12084.1,1030.82
12104,1026.45
12123.9,1022.09
12143.8,1017.72
12163.7,1013.34
12183.6,1008.96
12203.5,1004.58
12223.4,1000.2
12243.3,995.815
12263.3,991.433
12283.2,987.052
12303.1,982.67
12323,978.288
12342.9,973.906
12362.8,969.525
12382.7,965.5
12402.6,961.678
12422.5,957.856
12442.4,954.034
12462.3,950.213
12482.2,946.391
12502.1,942.569
12522,938.747
12541.9,934.926
12561.8,931.104
12581.7,927.282
12601.6,923.461
12621.5,919.643
12641.4,915.881
12661.3,912.118
12681.2,908.355
12701.1,904.592
12721,900.829
12740.9,897.066
12760.9,893.303
12780.8,889.541
12800.7,885.778
12820.6,882.015
12840.5,878.252
12860.4,874.494
12880.3,870.987
12900.2,867.479
12920.1,863.971
12940,860.464
12959.9,856.956
12979.8,853.448
12999.7,849.941
13019.6,846.433
13039.5,842.926
13059.4,839.418
13079.3,835.91
13099.2,832.403
13119.1,829.049
13139,825.878
13158.9,822.706
13178.8,819.535
13198.7,816.364
13218.6,813.193
13238.5,810.021
13258.5,806.85
13278.4,803.678
13298.3,800.507
13318.2,797.336
13338.1,794.164
13358,790.993
13377.9,787.862
13397.8,784.791
13417.7,781.72
13437.6,778.649
13457.5,775.579
13477.4,772.508
13497.3,769.437
13517.2,766.367
13537.1,763.296
13557,760.225
13576.9,757.155
13596.8,754.084
13616.7,751.013
13636.6,748.045
13656.5,745.282
13676.4,742.519
13696.3,739.756
13716.2,736.993
13736.1,734.23
13756.1,731.467
13776,728.704
13795.9,725.941
13815.8,723.178
13835.7,720.414
13855.6,717.651
13875.5,714.888
13895.4,712.125
13915.3,709.437
13935.2,706.771
13955.1,704.105
13975,701.438
13994.9,698.772
14014.8,696.106
14034.7,693.44
14054.6,690.774
14074.5,688.108
14094.4,685.442
14114.3,682.776
14134.2,680.11
14154.1,677.444
14174,674.825
14193.9,672.395
14213.8,669.964
14233.7,667.533
14253.7,665.103
14273.6,662.672
14293.5,660.241
14313.4,657.811
14333.3,655.38
14353.2,652.949
14373.1,650.519
14393,648.088
14412.9,645.657
14432.8,643.227
14452.7,640.812
14472.6,638.503
14492.5,636.194
14512.4,633.885
14532.3,631.576
14552.2,629.267
14572.1,626.958
14592,624.649
14611.9,622.339
14631.8,620.03
14651.7,617.721
14671.6,615.412
14691.5,613.103
14711.4,610.794
14731.3,608.496
14751.3,606.353
14771.2,604.211
14791.1,602.068
14811,599.926
14830.9,597.783
14850.8,595.641
14870.7,593.498
14890.6,591.355
14910.5,589.213
14930.4,587.07
14950.3,584.928
14970.2,582.785
14990.1,580.643
15010,578.656
15029.9,576.734
15049.8,574.721
15069.7,572.708
15089.6,570.695
15109.5,568.682
15129.4,566.669
15149.3,564.656
15169.2,562.644
15189.1,560.631
15209,558.618
15228.9,556.605
15248.8,554.592
15268.8,552.579
15288.7,550.566
15308.6,548.554
15328.5,546.688
15348.4,544.834
15368.3,542.98
15388.2,541.126
15408.1,539.271
15428,537.417
15447.9,535.563
15467.8,533.709
15487.7,531.855
15507.6,530.001
15527.5,528.146
15547.4,526.292
15567.3,524.438
15587.2,522.584
15607.1,520.73
15627,519.01
15646.9,517.313
15666.8,515.615
15686.7,513.918
15706.6,512.221
15726.5,510.524
15746.5,508.826
15766.4,507.129
15786.3,505.432
15806.2,503.735
15826.1,502.038
15846,500.34
15865.9,498.643
15885.8,496.946
15905.7,495.249
15925.6,493.574
15945.5,491.957
15965.4,490.34
15985.3,488.723
16005.2,487.106
16025.1,485.489
16045,483.872
16064.9,482.255
16084.8,480.638
16104.7,479.021
16124.6,477.404
16144.5,475.787
16164.4,474.17
16184.3,472.553
16204.2,470.936
16224.1,469.319
16244,467.758
16264,466.221
16283.9,464.685
16303.8,463.148
16323.7,461.611
16343.6,460.074
16363.5,458.537
16383.4,457.001
16403.3,455.464
16423.2,453.927
16443.1,452.39
16463,450.853
16482.9,449.316
16502.8,447.78
16522.7,446.243
16542.6,444.728
16562.5,443.36
16582.4,441.992
16602.3,440.623
16622.2,439.255
16642.1,437.887
16662,436.518
16681.9,435.15
16701.8,433.782
16721.7,432.414
16741.6,431.045
16761.6,429.677
16781.5,428.309
16801.4,426.94
16821.3,425.572
16841.2,424.204
16861.1,422.835
16881,421.504
16900.9,420.203
16920.8,418.902
16940.7,417.602
16960.6,416.301
16980.5,415
17000.4,413.699
17020.3,412.398
17040.2,411.097
17060.1,409.796
17080,408.495
17099.9,407.195
17119.8,405.894
17139.7,404.593
17159.6,403.292
17179.5,401.991
17199.4,400.69
17219.3,399.451
17239.2,398.214
17259.2,396.976
17279.1,395.739
17299,394.501
17318.9,393.264
17338.8,392.026
17358.7,390.789
17378.6,389.552
17398.5,388.314
17418.4,387.077
17438.3,385.839
17458.2,384.602
17478.1,383.364
17498,382.127
17517.9,380.89
17537.8,379.703
17557.7,378.597
17577.6,377.49
17597.5,376.383
17617.4,375.276
17637.3,374.169
17657.2,373.062
17677.1,371.955
17697,370.848
17716.9,369.741
17736.8,368.635
17756.8,367.528
17776.7,366.421
17796.6,365.314
17816.5,364.207
17836.4,363.1
17856.3,361.993
17876.2,360.886
17896.1,359.825
17916,358.774
17935.9,357.723
17955.8,356.672
17975.7,355.622
17995.6,354.571
18015.5,353.52
18035.4,352.469
18055.3,351.418
18075.2,350.368
18095.1,349.317
18115,348.266
18134.9,347.215
18154.8,346.165
18174.7,345.114
18194.6,344.063
18214.5,343.012
18234.4,341.973
18254.3,340.975
18274.3,339.976
18294.2,338.978
18314.1,337.979
18334,336.981
18353.9,335.982
18373.8,334.984
18393.7,333.986
18413.6,332.987
18433.5,331.989
18453.4,330.99
18473.3,329.992
18493.2,328.993
18513.1,327.995
18533,326.996
18552.9,325.998
18572.8,325
18592.7,324.065
18612.6,323.167
18632.5,322.268
18652.4,321.37
18672.3,320.471
18692.2,319.573
18712.1,318.674
18732,317.776
18752,316.877
18771.9,315.979
18791.8,315.08
18811.7,314.182
18831.6,313.283
18851.5,312.385
18871.4,311.486
18891.3,310.588
18911.2,309.689
18931.1,308.791
18951,307.895
18970.9,307.042
18990.8,306.19
19010.7,305.337
19030.6,304.485
19050.5,303.632
19070.4,302.78
19090.3,301.927
19110.2,301.075
19130.1,300.222
19150,299.37
19169.9,298.517
19189.8,297.665
19209.7,296.812
19229.6,295.96
19249.5,295.107
19269.5,294.255
19289.4,293.402
19309.3,292.55
19329.2,291.717
19349.1,290.907
19369,290.097
19388.9,289.287
19408.8,288.477
19428.7,287.667
19448.6,286.856
19468.5,286.046
19488.4,285.236
19508.3,284.426
19528.2,283.616
19548.1,282.806
19568,281.996
19587.9,281.186
19607.8,280.376
19627.7,279.566
19647.6,278.756
19667.5,277.946
19687.4,277.136
19707.3,276.388
19727.2,275.649
19747.2,274.91
19767.1,274.171
19787,273.432
19806.9,272.694
19826.8,271.955
19846.7,271.216
19866.6,270.477
19886.5,269.738
19906.4,268.999
19926.3,268.261
19946.2,267.522
19966.1,266.783
19986,266.044
20005.9,265.316
20025.8,264.612
20045.7,263.909
20065.6,263.205
20085.5,262.504
20105.4,261.809
20125.3,261.115
20145.2,260.42
20165.1,259.725
20185,259.031
20204.9,258.336
20224.8,257.641
20244.7,256.947
20264.7,256.252
20284.6,255.557
20304.5,254.863
20324.4,254.168
20344.3,253.473
20364.2,252.779
20384.1,252.084
20404,251.389
20423.9,250.695
20443.8,250
20463.7,249.305
20483.6,248.647
20503.5,248.006
20523.4,247.364
20543.3,246.723
20563.2,246.082
20583.1,245.44
20603,244.799
20622.9,244.158
20642.8,243.516
20662.7,242.875
20682.6,242.234
20702.5,241.593
20722.4,240.951
20742.3,240.31
20762.3,239.669
20782.2,239.027
20802.1,238.386
20822,237.745
20841.9,237.103
20861.8,236.462
20881.7,235.849
20901.6,235.255
20921.5,234.661
20941.4,234.067
20961.3,233.474
20981.2,232.88
21001.1,232.286
21021,231.692
21040.9,231.099
21060.8,230.505
21080.7,229.911
21100.6,229.317
21120.5,228.724
21140.4,228.13
21160.3,227.536
21180.2,226.942
21200.1,226.348
21220,225.755
21239.9,225.161
21259.9,224.567
21279.8,223.973
21299.7,223.421
21319.6,222.87
21339.5,222.318
21359.4,221.767
21379.3,221.215
21399.2,220.664
21419.1,220.112
21439,219.56
21458.9,219.009
21478.8,218.457
21498.7,217.906
21518.6,217.354
21538.5,216.803
21558.4,216.251
21578.3,215.699
21598.2,215.148
21618.1,214.596
21638,214.045
21657.9,213.493
21677.8,212.942
21697.7,212.39
21717.6,211.863
21737.5,211.34
21757.5,210.816
21777.4,210.293
21797.3,209.769
21817.2,209.246
21837.1,208.722
21857,208.199
21876.9,207.675
21896.8,207.152
21916.7,206.628
21936.6,206.104
21956.5,205.581
21976.4,205.057
21996.3,204.534
22016.2,204.01
22036.1,203.487
22056,202.963
22075.9,202.44
22095.8,201.916
22115.7,201.393
22135.6,200.898
22155.5,200.411
22175.4,199.924
22195.3,199.437
22215.2,198.95
22235.1,198.463
22255.1,197.976
22275,197.489
22294.9,197.002
22314.8,196.515
22334.7,196.028
22354.6,195.541
22374.5,195.054
22394.4,194.567
22414.3,194.08
22434.2,193.593
22454.1,193.106
22474,192.619
22493.9,192.132
22513.8,191.645
22533.7,191.158
22553.6,190.678
22573.5,190.229
22593.4,189.779
22613.3,189.33
22633.2,188.881
22653.1,188.432
22673,187.983
22692.9,187.534
22712.8,187.084
22732.7,186.635
22752.7,186.186
22772.6,185.737
22792.5,185.288
22812.4,184.839
22832.3,184.389
22852.2,183.94
22872.1,183.491
22892,183.042
22911.9,182.593
22931.8,182.144
22951.7,181.695
22971.6,181.245
22991.5,180.798
23011.4,180.38
23031.3,179.961
23051.2,179.542
23071.1,179.123
23091,178.704
23110.9,178.286
23130.8,177.867
23150.7,177.448
23170.6,177.029
23190.5,176.61
23210.4,176.191
23230.3,175.773
23250.3,175.354
23270.2,174.935
23290.1,174.516
23310,174.097
23329.9,173.679
23349.8,173.26
23369.7,172.841
23389.6,172.422
23409.5,172.003
23429.4,171.584
23449.3,171.18
23469.2,170.794
23489.1,170.407
23509,170.02
23528.9,169.633
23548.8,169.246
23568.7,168.859
23588.6,168.472
23608.5,168.085
23628.4,167.698
23648.3,167.311
23668.2,166.924
23688.1,166.537
23708,166.15
23727.9,165.763
23747.8,165.376
23767.8,164.989
23787.7,164.602
23807.6,164.215
23827.5,163.828
23847.4,163.441
23867.3,163.054
23887.2,162.668
23907.1,162.29
23927,161.931
23946.9,161.572
23966.8,161.213
23986.7,160.854
24006.6,160.494
24026.5,160.135
24046.4,159.776
24066.3,159.417
24086.2,159.057
24106.1,158.698
24126,158.339
24145.9,157.98
24165.8,157.62
24185.7,157.261
24205.6,156.902
24225.5,156.543
24245.4,156.184
24265.4,155.824
24285.3,155.465
24305.2,155.106
24325.1,154.747
24345,154.387
24364.9,154.028
24384.8,153.687
24404.7,153.351
24424.6,153.016
24444.5,152.68
24464.4,152.345
24484.3,152.01
24504.2,151.674
24524.1,151.339
24544,151.004
24563.9,150.668
24583.8,150.333
24603.7,149.997
24623.6,149.662
24643.5,149.327
24663.4,148.991
24683.3,148.656
24703.2,148.321
24723.1,147.985
24743,147.65
24763,147.314
24782.9,146.979
24802.8,146.644
24822.7,146.308
24842.6,145.973
24862.5,145.649
24882.4,145.333
24902.3,145.017
24922.2,144.701
24942.1,144.384
24962,144.068
24981.9,143.752
25001.8,143.435
25021.7,143.119
25041.6,142.803
25061.5,142.486
25081.4,142.17
25101.3,141.854
25121.2,141.538
25141.1,141.221
25161,140.905
25180.9,140.589
25200.8,140.272
25220.7,139.956
25240.6,139.64
25260.6,139.324
25280.5,139.007
25300.4,138.691
25320.3,138.375
25340.2,138.071
25360.1,137.781
25380,137.49
25399.9,137.2
25419.8,136.909
25439.7,136.619
25459.6,136.328
25479.5,136.038
25499.4,135.747
25519.3,135.456
25539.2,135.166
25559.1,134.875
25579,134.585
25598.9,134.294
25618.8,134.004
25638.7,133.713
25658.6,133.423
25678.5,133.132
25698.4,132.841
25718.3,132.551
25738.2,132.26
25758.2,131.97
25778.1,131.679
25798,131.389
25817.9,131.098
25837.8,130.815
25857.7,130.542
25877.6,130.27
25897.5,129.998
25917.4,129.726
25937.3,129.454
25957.2,129.181
25977.1,128.909
25997,128.637
26016.9,128.365
26036.8,128.092
26056.7,127.82
26076.6,127.548
26096.5,127.276
26116.4,127.003
26136.3,126.731
26156.2,126.459
26176.1,126.187
26196,125.915
26215.9,125.642
26235.8,125.37
26255.8,125.098
26275.7,124.826
26295.6,124.553
26315.5,124.281
26335.4,124.014
26355.3,123.763
26375.2,123.511
26395.1,123.259
26415,123.008
26434.9,122.756
26454.8,122.504
26474.7,122.253
26494.6,122.001
26514.5,121.749
26534.4,121.497
26554.3,121.246
26574.2,120.994
26594.1,120.742
26614,120.491
26633.9,120.239
26653.8,119.987
26673.7,119.736
26693.6,119.484
26713.5,119.232
26733.4,118.98
26753.4,118.729
26773.3,118.477
26793.2,118.225
26813.1,117.974
26833,117.722
26852.9,117.473
26872.8,117.236
26892.7,116.999
26912.6,116.763
26932.5,116.526
26952.4,116.29
26972.3,116.053
26992.2,115.816
27012.1,115.58
27032,115.343
27051.9,115.107
27071.8,114.87
27091.7,114.633
27111.6,114.397
27131.5,114.16
27151.4,113.924
27171.3,113.687
27191.2,113.45
27211.1,113.214
27231,112.977
27251,112.741
27270.9,112.504
27290.8,112.267
27310.7,112.031
27330.6,111.794
27350.5,111.558
27370.4,111.321
27390.3,111.106
27410.2,110.89
27430.1,110.674
27450,110.459
27469.9,110.243
27489.8,110.027
27509.7,109.811
27529.6,109.596
27549.5,109.38
27569.4,109.164
27589.3,108.949
27609.2,108.733
27629.1,108.517
27649,108.302
27668.9,108.086
27688.8,107.87
27708.7,107.654
27728.6,107.439
27748.5,107.223
27768.5,107.007
27788.4,106.792
27808.3,106.576
27828.2,106.36
27848.1,106.144
27868,105.929
27887.9,105.713
27907.8,105.497
27927.7,105.292
27947.6,105.089
27967.5,104.885
27987.4,104.682
28007.3,104.478
28027.2,104.274
28047.1,104.071
28067,103.867
28086.9,103.664
28106.8,103.46
28126.7,103.256
28146.6,103.053
28166.5,102.849
28186.4,102.646
28206.3,102.442
28226.2,102.238
28246.1,102.035
28266.1,101.831
28286,101.628
28305.9,101.424
28325.8,101.22
28345.7,101.017
28365.6,100.813
28385.5,100.61
28405.4,100.406
28425.3,100.202
28445.2,99.9989
28465.1,99.8061
28485,99.6168
28504.9,99.4275
28524.8,99.2382
28544.7,99.0489
28564.6,98.8596
28584.5,98.6703
28604.4,98.481
28624.3,98.2916
28644.2,98.1023
28664.1,97.913
28684,97.7237
28703.9,97.5344
28723.8,97.3451
28743.8,97.1558
28763.7,96.9665
28783.6,96.7772
28803.5,96.5879
28823.4,96.3985
28843.3,96.2092
28863.2,96.0199
28883.1,95.8306
28903,95.6413
28922.9,95.452
28942.8,95.2627
28962.7,95.0734
28982.6,94.8841
29002.5,94.6947
29022.4,94.5161
29042.3,94.3439
29062.2,94.1717
29082.1,93.9994
29102,93.8272
29121.9,93.655
29141.8,93.4828
29161.7,93.3106
29181.6,93.1384
29201.5,92.9662
29221.4,92.794
29241.3,92.6218
29261.3,92.4495
29281.2,92.2773
29301.1,92.1051
29321,91.9329
29340.9,91.7607
29360.8,91.5885
29380.7,91.4163
29400.6,91.2441
29420.5,91.0718
29440.4,90.8996
29460.3,90.7274
29480.2,90.5552
29500.1,90.383
29520,90.2108
29539.9,90.0386
29559.8,89.8664
29579.7,89.6942
29599.6,89.5258
29619.5,89.3575
29639.4,89.1893
29659.3,89.021
29679.2,88.8527
29699.1,88.6844
29719,88.5162
29738.9,88.3479
29758.8,88.1796
29778.8,88.0113
29798.7,87.8431
29818.6,87.6748
29838.5,87.5065
29858.4,87.3382
29878.3,87.1699
29898.2,87.0017
29918.1,86.8334
29938,86.6651
29957.9,86.4968
29977.8,86.3286
29997.7,86.1603
30017.6,86.002
30037.5,85.8449
30057.4,85.6878
30077.3,85.5308
30097.2,85.3737
30117.1,85.2166
30137,85.0596
30156.9,84.9039
30176.8,84.7509
30196.7,84.5978
30216.6,84.4447
30236.5,84.2917
30256.5,84.1386
30276.4,83.9855
30296.3,83.8325
30316.2,83.6794
30336.1,83.5264
30356,83.3733
30375.9,83.2202
30395.8,83.0672
30415.7,82.9141
30435.6,82.761
30455.5,82.608
30475.4,82.4549
30495.3,82.3018
30515.2,82.1488
30535.1,81.9957
30555,81.8426
30574.9,81.6896
30594.8,81.5365
30614.7,81.3834
30634.6,81.2304
30654.5,81.0773
30674.4,80.9242
30694.3,80.7712
30714.2,80.6181
30734.1,80.465
30754.1,80.3215
30774,80.1819
30793.9,80.0423
30813.8,79.9027
30833.7,79.7631
30853.6,79.6235
30873.5,79.4838
30893.4,79.3443
30913.3,79.2046
30933.2,79.065
30953.1,78.9254
30973,78.7858
30992.9,78.6462
31012.8,78.5066
31032.7,78.367
31052.6,78.2274
31072.5,78.0878
31092.4,77.9482
31112.3,77.8086
31132.2,77.669
31152.1,77.5294
31172,77.3897
31191.9,77.2501
31211.8,77.1105
31231.7,76.9709
31251.7,76.8313
31271.6,76.6917
31291.5,76.5521
31311.4,76.4125
31331.3,76.2729
31351.2,76.1382
31371.1,76.0073
31391,75.8764
31410.9,75.7455
31430.8,75.6146
31450.7,75.4838
31470.6,75.3529
31490.5,75.222
31510.4,75.0911
31530.3,74.9602
31550.2,74.8294
31570.1,74.6985
31590,74.5676
31609.9,74.4367
31629.8,74.3058
31649.7,74.175
31669.6,74.0441
31689.5,73.9132
31709.4,73.7823
31729.3,73.6514
31749.2,73.5206
31769.2,73.3897
31789.1,73.2588
31809,73.1279
31828.9,72.997
31848.8,72.8662
31868.7,72.7353
31888.6,72.6044
31908.5,72.4735
31928.4,72.3426
31948.3,72.2117
31968.2,72.0843
31988.1,71.9619
32008,71.8395
32027.9,71.717
32047.8,71.5946
32067.7,71.4721
32087.6,71.3497
32107.5,71.2273
32127.4,71.1048
32147.3,70.9824
32167.2,70.86
32187.1,70.7375
32207,70.6151
32226.9,70.4927
32246.8,70.3702
32266.8,70.2478
32286.7,70.1253
32306.6,70.0029
32326.5,69.8805
32346.4,69.758
32366.3,69.6356
32386.2,69.5131
32406.1,69.3907
32426,69.2683
32445.9,69.1458
32465.8,69.0234
32485.7,68.901
32505.6,68.7785
32525.5,68.6561
32545.4,68.5337
32565.3,68.4112
32585.2,68.2916
32605.1,68.1799
32625,68.0683
32644.9,67.9566
32664.8,67.845
32684.7,67.7333
32704.6,67.6217
32724.5,67.51
32744.4,67.3983
32764.4,67.2867
32784.3,67.175
32804.2,67.0634
32824.1,66.9517
32844,66.84
32863.9,66.7284
32883.8,66.6167
32903.7,66.5051
32923.6,66.3934
32943.5,66.2818
32963.4,66.1701
32983.3,66.0584
33003.2,65.9468
33023.1,65.8351
33043,65.7235
33062.9,65.6118
33082.8,65.5001
33102.7,65.3885
33122.6,65.2768
33142.5,65.1652
33162.4,65.0535
33182.3,64.9419
33202.2,64.8302
33222.1,64.7193
33242,64.6146
33262,64.5099
33281.9,64.4052
33301.8,64.3005
33321.7,64.1958
33341.6,64.091
33361.5,63.9864
33381.4,63.8817
33401.3,63.7769
33421.2,63.6722
33441.1,63.5675
33461,63.4628
33480.9,63.3581
33500.8,63.2534
33520.7,63.1487
33540.6,63.044
33560.5,62.9393
33580.4,62.8346
33600.3,62.7299
33620.2,62.6252
33640.1,62.5205
33660,62.4158
33679.9,62.3111
33699.8,62.2064
33719.7,62.1017
33739.6,61.997
33759.6,61.8923
33779.5,61.7875
33799.4,61.6828
33819.3,61.5781
33839.2,61.4734
33859.1,61.3687
33879,61.2671
33898.9,61.1691
33918.8,61.0711
33938.7,60.9732
33958.6,60.8752
33978.5,60.7772
33998.4,60.6793
34018.3,60.5813
34038.2,60.4834
34058.1,60.3854
34078,60.2874
34097.9,60.1895
34117.8,60.0915
34137.7,59.9936
34157.6,59.8956
34177.5,59.7976
34197.4,59.6997
34217.3,59.6017
34237.2,59.5037
34257.2,59.4058
34277.1,59.3078
34297,59.2098
34316.9,59.1119
34336.8,59.0139
34356.7,58.916
34376.6,58.818
34396.5,58.72
34416.4,58.6221
34436.3,58.5241
34456.2,58.4261
34476.1,58.3282
34496,58.2302
34515.9,58.1323
34535.8,58.0367
34555.7,57.9468
34575.6,57.8569
34595.5,57.767
34615.4,57.6771
34635.3,57.5872
34655.2,57.4973
34675.1,57.4074
34695,57.3176
34714.9,57.2277
34734.8,57.1378
34754.8,57.0479
34774.7,56.958
34794.6,56.8681
34814.5,56.7783
34834.4,56.6884
34854.3,56.5985
34874.2,56.5086
34894.1,56.4187
34914,56.3288
34933.9,56.239
34953.8,56.1491
34973.7,56.0592
34993.6,55.9693
35013.5,55.8794
35033.4,55.7895
35053.3,55.6997
35073.2,55.6098
35093.1,55.5199
35113,55.43
35132.9,55.3401
35152.8,55.2502
35172.7,55.1603
35192.6,55.0704
35212.5,54.9812
35232.4,54.8961
35252.4,54.811
35272.3,54.726
35292.2,54.6409
35312.1,54.5558
35332,54.4708
35351.9,54.3857
35371.8,54.3006
35391.7,54.2155
35411.6,54.1305
35431.5,54.0454
35451.4,53.9603
35471.3,53.8752
35491.2,53.7902
35511.1,53.7051
35531,53.62
35550.9,53.5349
35570.8,53.4499
35590.7,53.3648
35610.6,53.2797
35630.5,53.1946
35650.4,53.1096
35670.3,53.0245
35690.2,52.9394
35710.1,52.8544
35730,52.7693
35749.9,52.6842
35769.9,52.5991
35789.8,52.5141
35809.7,52.429
35829.6,52.3439
35849.5,52.2589
35869.4,52.1738
35889.3,52.0887
35909.2,52.0112
35929.1,51.9339
35949,51.8567
35968.9,51.7795
35988.8,51.7022
36008.7,51.625
36028.6,51.5478
36048.5,51.4705
36068.4,51.3933
36088.3,51.316
36108.2,51.2388
36128.1,51.1616
36148,51.0843
36167.9,51.0071
36187.8,50.9299
36207.7,50.8526
36227.6,50.7754
36247.6,50.6981
36267.5,50.6209
36287.4,50.5437
36307.3,50.4664
36327.2,50.3892
36347.1,50.3119
36367,50.2347
36386.9,50.1575
36406.8,50.0802
36426.7,50.003
36446.6,49.9257
36466.5,49.8485
36486.4,49.7713
36506.3,49.694
36526.2,49.6168
36546.1,49.5396
36566,49.4623
36585.9,49.3851
36605.8,49.309
36625.7,49.2359
36645.6,49.1627
36665.5,49.0895
36685.4,49.0163
36705.3,48.9431
36725.2,48.8699
36745.1,48.7967
36765.1,48.7236
36785,48.6504
36804.9,48.5772
36824.8,48.504
36844.7,48.4308
36864.6,48.3576
36884.5,48.2845
36904.4,48.2113
36924.3,48.1381
36944.2,48.0649
36964.1,47.9917
36984,47.9186
37003.9,47.8454
37023.8,47.7722
37043.7,47.699
37063.6,47.6258
37083.5,47.5526
37103.4,47.4794
37123.3,47.4063
37143.2,47.3331
37163.1,47.2599
37183,47.1867
37202.9,47.1135
37222.8,47.0404
37242.7,46.9672
37262.7,46.894
37282.6,46.8208
37302.5,46.7476
37322.4,46.6781
37342.3,46.6109
37362.2,46.5437
37382.1,46.4764
37402,46.4092
37421.9,46.342
37441.8,46.2747
37461.7,46.2075
37481.6,46.1403
37501.5,46.073
37521.4,46.0058
37541.3,45.9386
37561.2,45.8713
37581.1,45.8041
37601,45.7369
37620.9,45.6696
37640.8,45.6024
37660.7,45.5352
37680.6,45.4679
37700.5,45.4007
37720.4,45.3335
37740.3,45.2662
37760.3,45.199
37780.2,45.1318
37800.1,45.0645
37820,44.9973
37839.9,44.9301
37859.8,44.8628
37879.7,44.7956
37899.6,44.7284
37919.5,44.6611
37939.4,44.5939
37959.3,44.5267
37979.2,44.4594
37999.1,44.3922
38019,44.325
38038.9,44.2577
38058.8,44.1953
38078.7,44.1332
38098.6,44.0711
38118.5,44.0089
38138.4,43.9468
38158.3,43.8847
38178.2,43.8226
38198.1,43.7605
38218,43.6983
38237.9,43.6362
38257.9,43.5741
38277.8,43.5119
38297.7,43.4498
38317.6,43.3877
38337.5,43.3256
38357.4,43.2634
38377.3,43.2013
38397.2,43.1392
38417.1,43.0771
38437,43.0149
38456.9,42.9528
38476.8,42.8907
38496.7,42.8286
38516.6,42.7665
38536.5,42.7043
38556.4,42.6422
38576.3,42.5801
38596.2,42.5179
38616.1,42.4558
38636,42.3937
38655.9,42.3316
38675.8,42.2694
38695.7,42.2073
38715.6,42.1452
38735.5,42.0831
38755.5,42.0209
38775.4,41.9588
38795.3,41.8976
38815.2,41.8388
38835.1,41.78
38855,41.7211
38874.9,41.6623
38894.8,41.6035
38914.7,41.5447
38934.6,41.4859
38954.5,41.4271
38974.4,41.3683
38994.3,41.3095
39014.2,41.2507
39034.1,41.1919
39054,41.133
39073.9,41.0742
39093.8,41.0154
39113.7,40.9566
39133.6,40.8978
39153.5,40.839
39173.4,40.7802
39193.3,40.7214
39213.2,40.6626
39233.1,40.6038
39253.1,40.545
39273,40.4861
39292.9,40.4273
39312.8,40.3685
39332.7,40.3097
39352.6,40.2509
39372.5,40.1921
39392.4,40.1333
39412.3,40.0745
39432.2,40.0157
39452.1,39.9569
39472,39.898
39491.9,39.8392
39511.8,39.7804
39531.7,39.7216
39551.6,39.6654
39571.5,39.6111
39591.4,39.5567
39611.3,39.5024
39631.2,39.448
39651.1,39.3937
39671,39.3394
39690.9,39.285
39710.8,39.2307
39730.7,39.1763
39750.6,39.122
39770.6,39.0676
39790.5,39.0133
39810.4,38.9589
39830.3,38.9046
39850.2,38.8503
39870.1,38.7959
39890,38.7416
39909.9,38.6872
39929.8,38.6329
39949.7,38.5785
39969.6,38.5242
39989.5,38.4699
40009.4,38.4164
40029.3,38.3641
40049.2,38.3117
40069.1,38.2594
40089,38.207
40108.9,38.1547
40128.8,38.1023
40148.7,38.05
40168.6,37.9976
40188.5,37.9453
40208.4,37.8929
40228.3,37.8406
40248.3,37.7882
40268.2,37.7359
40288.1,37.6835
40308,37.6312
40327.9,37.5797
40347.8,37.5297
40367.7,37.4797
40387.6,37.4296
40407.5,37.3796
40427.4,37.3296
40447.3,37.2795
40467.2,37.2295
40487.1,37.1795
40507,37.1294
40526.9,37.0794
40546.8,37.0294
40566.7,36.9793
40586.6,36.9293
40606.5,36.8793
40626.4,36.8292
40646.3,36.7792
40666.2,36.7292
40686.1,36.6791
40706,36.6291
40725.9,36.5791
40745.9,36.529
40765.8,36.479
40785.7,36.429
40805.6,36.3789
40825.5,36.3289
40845.4,36.2789
40865.3,36.2288
40885.2,36.1788
40905.1,36.1288
40925,36.0787
40944.9,36.0287
40964.8,35.9787
40984.7,35.9286
41004.6,35.8786
41024.5,35.8286
41044.4,35.7785
41064.3,35.7285
41084.2,35.6785
41104.1,35.6284
41124,35.5808
41143.9,35.5342
41163.8,35.4875
41183.7,35.4409
41203.6,35.3943
41223.5,35.3477
41243.4,35.301
41263.4,35.2544
41283.3,35.2078
41303.2,35.1612
41323.1,35.1145
41343,35.0679
41362.9,35.0213
41382.8,34.9747
41402.7,34.928
41422.6,34.8814
41442.5,34.8348
41462.4,34.7881
41482.3,34.7415
41502.2,34.6949
41522.1,34.6483
41542,34.6016
41561.9,34.555
41581.8,34.5084
41601.7,34.4618
41621.6,34.4151
41641.5,34.3685
41661.4,34.3219
41681.3,34.2753
41701.2,34.2286
41721.1,34.182
41741,34.1354
41760.9,34.0888
41780.9,34.0421
41800.8,33.9955
41820.7,33.9489
41840.6,33.9022
41860.5,33.8556
41880.4,33.809
41900.3,33.7624
41920.2,33.7175
41940.1,33.6742
41960,33.631
41979.9,33.5877
41999.8,33.5444
42019.7,33.5012
42039.6,33.4579
42059.5,33.4147
42079.4,33.3714
42099.3,33.3282
42119.2,33.2849
42139.1,33.2417
42159,33.1984
42178.9,33.1552
42198.8,33.1119
42218.7,33.0686
42238.6,33.0254
42258.6,32.9821
42278.5,32.9389
42298.4,32.8956
42318.3,32.8524
42338.2,32.8091
42358.1,32.7659
42378,32.7226
42397.9,32.6794
42417.8,32.6361
42437.7,32.5928
42457.6,32.5496
42477.5,32.5063
42497.4,32.4631
42517.3,32.4198
42537.2,32.3766
42557.1,32.3333
42577,32.2901
42596.9,32.2468
42616.8,32.2035
42636.7,32.1603
42656.6,32.117
42676.5,32.0738
42696.4,32.0305
42716.3,31.9873
42736.3,31.945
42756.2,31.9048
42776.1,31.8646
42796,31.8243
42815.9,31.7841
42835.8,31.7439
42855.7,31.7037
42875.6,31.6635
42895.5,31.6233
42915.4,31.5831
42935.3,31.5429
42955.2,31.5027
42975.1,31.4625
42995,31.4222
43014.9,31.382
43034.8,31.3418
43054.7,31.3016
43074.6,31.2614
43094.5,31.2212
43114.4,31.181
43134.3,31.1408
43154.2,31.1006
43174.1,31.0603
43194,31.0201
43213.9,30.9799
43233.8,30.9397
43253.8,30.8995
43273.7,30.8593
43293.6,30.8191
43313.5,30.7789
43333.4,30.7387
43353.3,30.6984
43373.2,30.6582
43393.1,30.618
43413,30.5778
43432.9,30.5376
43452.8,30.4974
43472.7,30.4572
43492.6,30.417
43512.5,30.3768
43532.4,30.3366
43552.3,30.2963
43572.2,30.2581
43592.1,30.2211
43612,30.1841
43631.9,30.1472
43651.8,30.1102
43671.7,30.0732
43691.6,30.0362
43711.5,29.9992
43731.4,29.9623
43751.3,29.9253
43771.3,29.8883
43791.2,29.8513
43811.1,29.8143
43831,29.7774
43850.9,29.7404
43870.8,29.7034
43890.7,29.6664
43910.6,29.6294
43930.5,29.5924
43950.4,29.5555
43970.3,29.5185
43990.2,29.4815
44010.1,29.4445
44030,29.4075
44049.9,29.3706
44069.8,29.3336
44089.7,29.2966
44109.6,29.2596
44129.5,29.2226
44149.4,29.1856
44169.3,29.1487
44189.2,29.1117
44209.1,29.0747
44229,29.0377
44248.9,29.0007
44268.9,28.9638
44288.8,28.9268
44308.7,28.8898
44328.6,28.8528
44348.5,28.8158
44368.4,28.7789
44388.3,28.7419
44408.2,28.7049
44428.1,28.6688
44448,28.6339
44467.9,28.5991
44487.8,28.5642
44507.7,28.5294
44527.6,28.4945
44547.5,28.4597
44567.4,28.4248
44587.3,28.39
44607.2,28.3551
44627.1,28.3203
44647,28.2854
44666.9,28.2506
44686.8,28.2157
44706.7,28.1809
44726.6,28.146
44746.6,28.1112
44766.5,28.0763
44786.4,28.0415
44806.3,28.0066
44826.2,27.9717
44846.1,27.9369
44866,27.9021
44885.9,27.8672
44905.8,27.8323
44925.7,27.7975
44945.6,27.7626
44965.5,27.7278
44985.4,27.6929
45005.3,27.6581
45025.2,27.6232
45045.1,27.5884
45065,27.5535
45084.9,27.5187
45104.8,27.4838
45124.7,27.449
45144.6,27.4141
45164.5,27.3793
45184.4,27.3444
45204.3,27.3096
45224.2,27.2747
45244.1,27.2399
45264.1,27.205
45284,27.1708
45303.9,27.1389
45323.8,27.1069
45343.7,27.075
45363.6,27.0431
45383.5,27.0112
45403.4,26.9793
45423.3,26.9474
45443.2,26.9155
45463.1,26.8836
45483,26.8517
45502.9,26.8197
45522.8,26.7878
45542.7,26.7559
45562.6,26.724
45582.5,26.6921
45602.4,26.6602
45622.3,26.6283
45642.2,26.5964
45662.1,26.5644
45682,26.5325
45701.9,26.5006
45721.8,26.4687
45741.7,26.4368
45761.7,26.4049
45781.6,26.373
45801.5,26.3411
45821.4,26.3092
45841.3,26.2772
45861.2,26.2453
45881.1,26.2134
45901,26.1815
45920.9,26.1496
45940.8,26.1177
45960.7,26.0858
45980.6,26.0539
46000.5,26.0219
46020.4,25.99
46040.3,25.9581
46060.2,25.9262
46080.1,25.8943
46100,25.8624
46119.9,25.8305
46139.8,25.7986
46159.7,25.7667
46179.6,25.7358
46199.5,25.7059
46219.4,25.6761
46239.3,25.6463
46259.3,25.6165
46279.2,25.5867
46299.1,25.5569
46319,25.5271
46338.9,25.4973
46358.8,25.4675
46378.7,25.4376
46398.6,25.4078
46418.5,25.378
46438.4,25.3482
46458.3,25.3184
46478.2,25.2886
46498.1,25.2588
46518,25.229
46537.9,25.1992
46557.8,25.1693
46577.7,25.1395
46597.6,25.1097
46617.5,25.0799
46637.4,25.0501
46657.3,25.0203
46677.2,24.9905
46697.1,24.9607
46717,24.9308
46736.9,24.901
46756.9,24.8712
46776.8,24.8414
46796.7,24.8116
46816.6,24.7818
46836.5,24.752
46856.4,24.7222
46876.3,24.6923
46896.2,24.6625
46916.1,24.6327
46936,24.6029
46955.9,24.5731
46975.8,24.5433
46995.7,24.5135
47015.6,24.4837
47035.5,24.4538
47055.4,24.424
47075.3,24.3948
47095.2,24.3672
47115.1,24.3396
47135,24.312
47154.9,24.2844
47174.8,24.2568
47194.7,24.2292
47214.6,24.2016
47234.5,24.174
47254.5,24.1464
47274.4,24.1188
47294.3,24.0912
47314.2,24.0636
47334.1,24.036
47354,24.0084
47373.9,23.9808
47393.8,23.9532
47413.7,23.9256
47433.6,23.898
47453.5,23.8704
47473.4,23.8428
47493.3,23.8152
47513.2,23.7876
47533.1,23.76
47553,23.7324
47572.9,23.7048
47592.8,23.6772
47612.7,23.6496
47632.6,23.6221
47652.5,23.5944
47672.4,23.5669
47692.3,23.5393
47712.2,23.5117
47732.1,23.4841
47752.1,23.4565
47772,23.4289
47791.9,23.4013
47811.8,23.3737
47831.7,23.3461
47851.6,23.3185
47871.5,23.2909
47891.4,23.2633
47911.3,23.2357
47931.2,23.2081
47951.1,23.1805
47971,23.1529
47990.9,23.1254
48010.8,23.0999
48030.7,23.0744
48050.6,23.0489
48070.5,23.0234
48090.4,22.998
48110.3,22.9725
48130.2,22.947
48150.1,22.9215
48170,22.896
48189.9,22.8706
48209.8,22.8451
48229.7,22.8196
48249.6,22.7941
48269.6,22.7686
48289.5,22.7432
48309.4,22.7177
48329.3,22.6922
48349.2,22.6667
48369.1,22.6412
48389,22.6158
48408.9,22.5903
48428.8,22.5648
48448.7,22.5393
48468.6,22.5138
48488.5,22.4884
48508.4,22.4629
48528.3,22.4374
48548.2,22.4119
48568.1,22.3864
48588,22.361
48607.9,22.3355
48627.8,22.31
48647.7,22.2845
48667.6,22.259
48687.5,22.2336
48707.4,22.2081
48727.3,22.1826
48747.3,22.1571
48767.2,22.1316
48787.1,22.1062
48807,22.0807
48826.9,22.0552
48846.8,22.0297
48866.7,22.0042
48886.6,21.9788
48906.5,21.9533
48926.4,21.9278
48946.3,21.9038
48966.2,21.88
48986.1,21.8563
49006,21.8326
49025.9,21.8089
49045.8,21.7851
49065.7,21.7614
49085.6,21.7377
49105.5,21.714
49125.4,21.6903
49145.3,21.6665
49165.2,21.6428
49185.1,21.6191
49205,21.5954
49224.9,21.5716
49244.8,21.5479
49264.8,21.5242
49284.7,21.5005
49304.6,21.4768
49324.5,21.453
49344.4,21.4293
49364.3,21.4056
49384.2,21.3819
49404.1,21.3582
49424,21.3344
49443.9,21.3107
49463.8,21.287
49483.7,21.2633
49503.6,21.2395
49523.5,21.2158
49543.4,21.1921
49563.3,21.1684
49583.2,21.1446
49603.1,21.1209
49623,21.0972
49642.9,21.0735
49662.8,21.0498
49682.7,21.026
49702.6,21.0023
49722.5,20.9786
49742.4,20.9549
49762.4,20.9311
49782.3,20.9074
49802.2,20.8837
49822.1,20.86
49842,20.8363
49861.9,20.8125
49881.8,20.7888
49901.7,20.7657
49921.6,20.7431
49941.5,20.7205
49961.4,20.6979
49981.3,20.6753
50001.2,20.6527
50021.1,20.6307
50041,20.6086
50060.9,20.5865
50080.8,20.5645
50100.7,20.5424
50120.6,20.5203
50140.5,20.4983
50160.4,20.4762
50180.3,20.4541
50200.2,20.4321
50220.1,20.41
50240,20.3879
50260,20.3659
50279.9,20.3438
50299.8,20.3217
50319.7,20.2997
50339.6,20.2776
50359.5,20.2555
50379.4,20.2335
50399.3,20.2114
50419.2,20.1893
50439.1,20.1673
50459,20.1452
50478.9,20.1231
50498.8,20.1011
50518.7,20.079
50538.6,20.0569
50558.5,20.0349
50578.4,20.0128
50598.3,19.9907
50618.2,19.9687
50638.1,19.9466
50658,19.9245
50677.9,19.9025
50697.8,19.8804
50717.7,19.8583
50737.6,19.8363
50757.6,19.8142
50777.5,19.7921
50797.4,19.7701
50817.3,19.748
50837.2,19.7259
50857.1,19.7039
50877,19.6833
50896.9,19.663
50916.8,19.6427
50936.7,19.6224
50956.6,19.6022
50976.5,19.5819
50996.4,19.5616
51016.3,19.5413
51036.2,19.521
51056.1,19.5007
51076,19.4804
51095.9,19.4601
51115.8,19.4399
51135.7,19.4196
51155.6,19.3993
51175.5,19.379
51195.4,19.3587
51215.3,19.3384
51235.3,19.3181
51255.2,19.2979
51275.1,19.2776
51295,19.2573
51314.9,19.237
51334.8,19.2167
51354.7,19.1964
51374.6,19.1761
51394.5,19.1559
51414.4,19.1356
51434.3,19.1153
51454.2,19.095
51474.1,19.0747
51494,19.0544
51513.9,19.0341
51533.8,19.0139
51553.7,18.9936
51573.6,18.9733
51593.5,18.953
51613.4,18.9327
51633.3,18.9124
51653.2,18.8921
51673.1,18.8718
51693,18.8516
51712.9,18.8313
51732.8,18.811
51752.8,18.7907
51772.7,18.7704
51792.6,18.7501
51812.5,18.7298
51832.4,18.7095
51852.3,18.6893
51872.2,18.6697
51892.1,18.6507
51912,18.6316
51931.9,18.6126
51951.8,18.5935
51971.7,18.5745
51991.6,18.5554
52011.5,18.5364
52031.4,18.5173
52051.3,18.4983
52071.2,18.4792
52091.1,18.4602
52111,18.4411
52130.9,18.4221
52150.8,18.403
52170.7,18.384
52190.6,18.3649
52210.5,18.3459
52230.4,18.3269
52250.3,18.3078
52270.3,18.2887
52290.2,18.2697
52310.1,18.2507
52330,18.2316
52349.9,18.2126
52369.8,18.1935
52389.7,18.1745
52409.6,18.1554
52429.5,18.1364
52449.4,18.1173
52469.3,18.0983
52489.2,18.0792
52509.1,18.0602
52529,18.0411
52548.9,18.0221
52568.8,18.003
52588.7,17.984
52608.6,17.9649
52628.5,17.9459
52648.4,17.9268
52668.3,17.9078
52688.2,17.8887
52708.1,17.8697
52728,17.8506
52747.9,17.8316
52767.9,17.8125
52787.8,17.7935
52807.7,17.7744
52827.6,17.7554
52847.5,17.7363
52867.4,17.7173
52887.3,17.6996
52907.2,17.6821
52927.1,17.6646
52947,17.6471
52966.9,17.6296
52986.8,17.6121
53006.7,17.5946
53026.6,17.5771
53046.5,17.5596
53066.4,17.5421
53086.3,17.5247
53106.2,17.5072
53126.1,17.4897
53146,17.4722
53165.9,17.4547
53185.8,17.4372
53205.7,17.4197
53225.6,17.4022
53245.5,17.3847
53265.4,17.3672
53285.4,17.3497
53305.3,17.3322
53325.2,17.3147
53345.1,17.2972
53365,17.2798
53384.9,17.2623
53404.8,17.2448
53424.7,17.2273
53444.6,17.2098
53464.5,17.1923
53484.4,17.1748
53504.3,17.1573
53524.2,17.1398
53544.1,17.1223
53564,17.1048
53583.9,17.0873
53603.8,17.0698
53623.7,17.0523
53643.6,17.0349
53663.5,17.0174
53683.4,16.9999
53703.3,16.9824
53723.2,16.9649
53743.1,16.9474
53763.1,16.9299
53783,16.9124
53802.9,16.8949
53822.8,16.8774
53842.7,16.8599
53862.6,16.8424
53882.5,16.8249
53902.4,16.8074
53922.3,16.7906
53942.2,16.7741
53962.1,16.7577
53982,16.7412
54001.9,16.7248
54021.8,16.7083
54041.7,16.6919
54061.6,16.6754
54081.5,16.659
54101.4,16.6425
54121.3,16.6261
54141.2,16.6096
54161.1,16.5932
54181,16.5767
54200.9,16.5602
54220.8,16.5438
54240.8,16.5273
54260.7,16.5109
54280.6,16.4944
54300.5,16.478
54320.4,16.4615
54340.3,16.4451
54360.2,16.4286
54380.1,16.4122
54400,16.3957
54419.9,16.3793
54439.8,16.3628
54459.7,16.3463
54479.6,16.3299
54499.5,16.3134
54519.4,16.297
54539.3,16.2805
54559.2,16.2641
54579.1,16.2476
54599,16.2312
54618.9,16.2147
54638.8,16.1983
54658.7,16.1818
54678.6,16.1654
54698.5,16.1489
54718.4,16.1325
54738.3,16.116
54758.3,16.0995
54778.2,16.0831
54798.1,16.0666
54818,16.0502
54837.9,16.0337
54857.8,16.0173
54877.7,16.0008
54897.6,15.9844
54917.5,15.9679
54937.4,15.9515
54957.3,15.935
54977.2,15.9197
54997.1,15.9045
55017,15.8893
55036.9,15.8742
55056.8,15.859
55076.7,15.8438
55096.6,15.8287
55116.5,15.8135
55136.4,15.7983
55156.3,15.7832
55176.2,15.768
55196.1,15.7528
55216,15.7377
55235.9,15.7225
55255.9,15.7073
55275.8,15.6922
55295.7,15.677
55315.6,15.6618
55335.5,15.6467
55355.4,15.6315
55375.3,15.6163
55395.2,15.6011
55415.1,15.586
55435,15.5708
55454.9,15.5556
55474.8,15.5405
55494.7,15.5253
55514.6,15.5101
55534.5,15.495
55554.4,15.4798
55574.3,15.4646
55594.2,15.4495
55614.1,15.4343
55634,15.4191
55653.9,15.404
55673.8,15.3888
55693.7,15.3736
55713.6,15.3585
55733.6,15.3433
55753.5,15.3281
55773.4,15.313
55793.3,15.2978
55813.2,15.2826
55833.1,15.2675
55853,15.2523
55872.9,15.2371
55892.8,15.222
55912.7,15.2068
55932.6,15.1916
55952.5,15.1765
55972.4,15.1613
55992.3,15.1461
56012.2,15.131
56032.1,15.1159
56052,15.1019
56071.9,15.0878
56091.8,15.0738
56111.7,15.0597
56131.6,15.0457
56151.5,15.0317
56171.4,15.0176
56191.3,15.0036
56211.2,14.9895
56231.1,14.9755
56251,14.9615
56271,14.9474
56290.9,14.9334
56310.8,14.9193
56330.7,14.9053
56350.6,14.8913
56370.5,14.8772
56390.4,14.8632
56410.3,14.8491
56430.2,14.8351
56450.1,14.8211
56470,14.807
56489.9,14.793
56509.8,14.7789
56529.7,14.7649
56549.6,14.7509
56569.5,14.7368
56589.4,14.7228
56609.3,14.7087
56629.2,14.6947
56649.1,14.6807
56669,14.6666
56688.9,14.6526
56708.8,14.6385
56728.7,14.6245
56748.6,14.6105
56768.6,14.5964
56788.5,14.5824
56808.4,14.5683
56828.3,14.5543
56848.2,14.5403
56868.1,14.5262
56888,14.5122
56907.9,14.4981
56927.8,14.4841
56947.7,14.4701
56967.6,14.456
56987.5,14.442
57007.4,14.4279
57027.3,14.4139
57047.2,14.3999
57067.1,14.3858
57087,14.3718
57106.9,14.3577
57126.8,14.3437
57146.7,14.3306
57166.6,14.3176
57186.5,14.3046
57206.4,14.2916
57226.3,14.2787
57246.2,14.2657
57266.2,14.2527
57286.1,14.2398
57306,14.2268
57325.9,14.2138
57345.8,14.2008
57365.7,14.1879
57385.6,14.1749
57405.5,14.1619
57425.4,14.149
57445.3,14.136
57465.2,14.123
57485.1,14.1101
57505,14.0971
57524.9,14.0841
57544.8,14.0711
57564.7,14.0582
57584.6,14.0452
57604.5,14.0322
57624.4,14.0193
57644.3,14.0063
57664.2,13.9933
57684.1,13.9803
57704,13.9674
57723.9,13.9544
57743.8,13.9414
57763.8,13.9285
57783.7,13.9155
57803.6,13.9025
57823.5,13.8895
57843.4,13.8766
57863.3,13.8636
57883.2,13.8506
57903.1,13.8377
57923,13.8247
57942.9,13.8117
57962.8,13.7987
57982.7,13.7858
58002.6,13.7728
58022.5,13.7598
58042.4,13.7469
58062.3,13.7339
58082.2,13.7209
58102.1,13.7079
58122,13.695
58141.9,13.682
58161.8,13.669
58181.7,13.6561
58201.6,13.6431
58221.5,13.6301
58241.4,13.6171
58261.4,13.6047
58281.3,13.5926
58301.2,13.5806
58321.1,13.5685
58341,13.5565
58360.9,13.5444
58380.8,13.5324
58400.7,13.5203
58420.6,13.5083
58440.5,13.4962
58460.4,13.4841
58480.3,13.4721
58500.2,13.46
58520.1,13.448
58540,13.4359
58559.9,13.4239
58579.8,13.4118
58599.7,13.3998
58619.6,13.3877
58639.5,13.3757
58659.4,13.3636
58679.3,13.3515
58699.2,13.3395
58719.1,13.3274
58739.1,13.3154
58759,13.3033
58778.9,13.2913
58798.8,13.2792
58818.7,13.2672
58838.6,13.2551
58858.5,13.243
58878.4,13.231
58898.3,13.2189
58918.2,13.2069
58938.1,13.1948
58958,13.1828
58977.9,13.1707
58997.8,13.1587
59017.7,13.1466
59037.6,13.1346
59057.5,13.1225
59077.4,13.1104
59097.3,13.0984
59117.2,13.0863
59137.1,13.0743
59157,13.0622
59176.9,13.0502
59196.8,13.0381
59216.7,13.0261
59236.6,13.014
59256.6,13.002
59276.5,12.9899
59296.4,12.9778
59316.3,12.9658
59336.2,12.9537
59356.1,12.9417
59376,12.9296
59395.9,12.9177
59415.8,12.9061
59435.7,12.8945
59455.6,12.8829
59475.5,12.8714
59495.4,12.8598
59515.3,12.8482
59535.2,12.8366
59555.1,12.825
59575,12.8134
59594.9,12.8018
59614.8,12.7903
59634.7,12.7787
59654.6,12.7671
59674.5,12.7555
59694.4,12.7439
59714.3,12.7323
59734.3,12.7207
59754.2,12.7092
59774.1,12.6976
59794,12.686
59813.9,12.6744
59833.8,12.6628
59853.7,12.6512
59873.6,12.6396
59893.5,12.628
59913.4,12.6165
59933.3,12.6049
59953.2,12.5933
59973.1,12.5817
59993,12.5701
60012.9,12.5589
60032.8,12.548
60052.7,12.5371
60072.6,12.5261
60092.5,12.5152
60112.4,12.5042
60132.3,12.4933
60152.2,12.4823
60172.1,12.4714
60192,12.4604
60211.9,12.4495
60231.8,12.4385
60251.7,12.4276
60271.7,12.4166
60291.6,12.4057
60311.5,12.3947
60331.4,12.3838
60351.3,12.3729
60371.2,12.3619
60391.1,12.351
60411,12.34
60430.9,12.3291
60450.8,12.3181
60470.7,12.3072
60490.6,12.2962
60510.5,12.2853
60530.4,12.2743
60550.3,12.2634
60570.2,12.253
60590.1,12.2425
60610,12.2321
60629.9,12.2217
60649.8,12.2113
60669.7,12.2008
60689.6,12.1904
60709.5,12.18
60729.4,12.1696
60749.3,12.1591
60769.3,12.1487
60789.2,12.1383
60809.1,12.1279
60829,12.1174
60848.9,12.107
60868.8,12.0966
60888.7,12.0862
60908.6,12.0757
60928.5,12.0653
60948.4,12.0549
60968.3,12.0444
60988.2,12.034
61008.1,12.0236
61028,12.0132
61047.9,12.0027
61067.8,11.9923
61087.7,11.9819
61107.6,11.9715
61127.5,11.961
61147.4,11.9506
61167.3,11.9402
61187.2,11.9298
61207.1,11.9193
61227,11.9089
61246.9,11.8985
61266.9,11.8881
61286.8,11.8776
61306.7,11.8672
61326.6,11.8568
61346.5,11.8464
61366.4,11.8359
61386.3,11.8255
61406.2,11.8151
61426.1,11.8047
61446,11.7942
61465.9,11.7838
61485.8,11.7734
61505.7,11.7629
61525.6,11.7525
61545.5,11.7421
61565.4,11.7317
61585.3,11.7212
61605.2,11.7108
61625.1,11.7004
61645,11.69
61664.9,11.6795
61684.8,11.6691
61704.7,11.6587
61724.6,11.6483
61744.5,11.6384
61764.5,11.6288
61784.4,11.6192
61804.3,11.6095
61824.2,11.5999
61844.1,11.5903
61864,11.5807
61883.9,11.571
61903.8,11.5614
61923.7,11.5518
61943.6,11.5421
61963.5,11.5325
61983.4,11.5229
62003.3,11.5133
62023.2,11.5036
62043.1,11.494
62063,11.4844
62082.9,11.4748
62102.8,11.4651
62122.7,11.4555
62142.6,11.4459
62162.5,11.4363
62182.4,11.4266
62202.3,11.417
62222.2,11.4074
62242.1,11.3977
62262.1,11.3881
62282,11.3785
62301.9,11.3689
62321.8,11.3592
62341.7,11.3496
62361.6,11.34
62381.5,11.3304
62401.4,11.3207
62421.3,11.3111
62441.2,11.3015
62461.1,11.2919
62481,11.2822
62500.9,11.2726
62520.8,11.263
62540.7,11.2533
62560.6,11.2437
62580.5,11.2341
62600.4,11.2245
62620.3,11.2148
62640.2,11.2052
62660.1,11.1956
62680,11.186
62699.9,11.1763
62719.8,11.1667
62739.8,11.1571
62759.7,11.1474
62779.6,11.1378
62799.5,11.1282
62819.4,11.1186
62839.3,11.1089
62859.2,11.0993
62879.1,11.0897
62899,11.0801
62918.9,11.0704
62938.8,11.0608
62958.7,11.0518
62978.6,11.0429
62998.5,11.034
63018.4,11.025
63038.3,11.0161
63058.2,11.0071
63078.1,10.9982
63098,10.9893
63117.9,10.9803
63137.8,10.9714
63157.7,10.9624
63177.6,10.9535
63197.5,10.9446
63217.4,10.9356
63237.3,10.9267
63257.3,10.9178
63277.2,10.9088
63297.1,10.8999
63317,10.8909
63336.9,10.882
63356.8,10.8731
63376.7,10.8641
63396.6,10.8552
63416.5,10.8462
63436.4,10.8373
63456.3,10.8284
63476.2,10.8194
63496.1,10.8105
63516,10.8016
63535.9,10.7926
63555.8,10.7837
63575.7,10.7747
63595.6,10.7658
63615.5,10.7569
63635.4,10.7479
63655.3,10.739
63675.2,10.7301
63695.1,10.7211
63715,10.7122
63734.9,10.7032
63754.9,10.6943
63774.8,10.6854
63794.7,10.6764
63814.6,10.6675
63834.5,10.6585
63854.4,10.6496
63874.3,10.6407
63894.2,10.6317
63914.1,10.6228
63934,10.6139
63953.9,10.6049
63973.8,10.596
63993.7,10.587
64013.6,10.5781
64033.5,10.5692
64053.4,10.5602
64073.3,10.5513
64093.2,10.5423
64113.1,10.5334
64133,10.5245
64152.9,10.5155
64172.8,10.5067
64192.7,10.4983
64212.6,10.4899
64232.5,10.4815
64252.4,10.4732
64272.4,10.4648
64292.3,10.4564
64312.2,10.448
64332.1,10.4397
64352,10.4313
64371.9,10.4229
64391.8,10.4145
64411.7,10.4062
64431.6,10.3978
64451.5,10.3894
64471.4,10.381
64491.3,10.3727
64511.2,10.3643
64531.1,10.3559
64551,10.3475
64570.9,10.3391
64590.8,10.3308
64610.7,10.3224
64630.6,10.314
64650.5,10.3056
64670.4,10.2973
64690.3,10.2889
64710.2,10.2805
64730.1,10.2721
64750,10.2638
64770,10.2554
64789.9,10.247
64809.8,10.2386
64829.7,10.2303
64849.6,10.2219
64869.5,10.2135
64889.4,10.2051
64909.3,10.1967
64929.2,10.1884
64949.1,10.18
64969,10.1716
64988.9,10.1632
65008.8,10.1549
65028.7,10.1465
65048.6,10.1381
65068.5,10.1297
65088.4,10.1214
65108.3,10.113
65128.2,10.1046
65148.1,10.0962
65168,10.0879
65187.9,10.0795
65207.8,10.0711
65227.7,10.0627
65247.6,10.0543
65267.6,10.046
65287.5,10.0376
65307.4,10.0292
65327.3,10.0208
65347.2,10.0125
65367.1,10.0041
65387,9.99571
65406.9,9.98734
65426.8,9.9792
65446.7,9.97153
65466.6,9.96387
65486.5,9.95619
65506.4,9.94853
65526.3,9.94086
65546.2,9.93319
65566.1,9.92552
65586,9.91785
65605.9,9.91018
65625.8,9.90251
65645.7,9.89484
65665.6,9.88717
65685.5,9.87951
65705.4,9.87184
65725.3,9.86417
65745.3,9.8565
65765.2,9.84883
65785.1,9.84116
65805,9.8335
65824.9,9.82583
65844.8,9.81816
65864.7,9.81049
65884.6,9.80282
65904.5,9.79515
65924.4,9.78748
65944.3,9.77981
65964.2,9.77215
65984.1,9.76448
66004,9.75681
66023.9,9.74914
66043.8,9.74147
66063.7,9.7338
66083.6,9.72613
66103.5,9.71846
66123.4,9.71079
66143.3,9.70313
66163.2,9.69546
66183.1,9.68779
66203,9.68012
66222.9,9.67245
66242.9,9.66478
66262.8,9.65711
66282.7,9.64944
66302.6,9.64177
66322.5,9.63411
66342.4,9.62643
66362.3,9.61877
66382.2,9.6111
66402.1,9.60343
66422,9.59576
66441.9,9.58809
66461.8,9.58043
66481.7,9.57275
66501.6,9.56509
66521.5,9.55742
66541.4,9.54975
66561.3,9.54208
66581.2,9.53441
66601.1,9.52674
66621,9.51907
66640.9,9.5114
66660.8,9.50374
66680.7,9.49607
66700.6,9.48842
66720.5,9.48132
66740.5,9.47423
66760.4,9.46714
66780.3,9.46004
66800.2,9.45295
66820.1,9.44586
66840,9.43876
66859.9,9.43167
66879.8,9.42457
66899.7,9.41748
66919.6,9.41039
66939.5,9.40329
66959.4,9.3962
66979.3,9.38911
66999.2,9.38201
67019.1,9.37492
67039,9.36783
67058.9,9.36073
67078.8,9.35364
67098.7,9.34655
67118.6,9.33945
67138.5,9.33236
67158.4,9.32526
67178.3,9.31817
67198.2,9.31108
67218.1,9.30398
67238,9.29689
67258,9.2898
67277.9,9.2827
67297.8,9.27561
67317.7,9.26852
67337.6,9.26142
67357.5,9.25433
67377.4,9.24724
67397.3,9.24014
67417.2,9.23305
67437.1,9.22595
67457,9.21886
67476.9,9.21177
67496.8,9.20467
67516.7,9.19758
67536.6,9.19049
67556.5,9.18339
67576.4,9.1763
67596.3,9.1692
67616.2,9.16211
67636.1,9.15502
67656,9.14792
67675.9,9.14083
67695.8,9.13374
67715.7,9.12664
67735.6,9.11955
67755.6,9.11246
67775.5,9.10536
67795.4,9.09827
67815.3,9.09118
67835.2,9.08408
67855.1,9.07699
67875,9.06989
67894.9,9.0628
67914.8,9.05571
67934.7,9.04861
67954.6,9.04152
67974.5,9.03443
67994.4,9.02733
68014.3,9.02035
68034.2,9.01376
68054.1,9.00716
68074,9.00057
68093.9,8.99397
68113.8,8.98738
68133.7,8.98079
68153.6,8.9742
68173.5,8.9676
68193.4,8.96101
68213.3,8.95442
68233.2,8.94782
68253.1,8.94123
68273.1,8.93464
68293,8.92804
68312.9,8.92145
68332.8,8.91486
68352.7,8.90826
68372.6,8.90167
68392.5,8.89508
68412.4,8.88848
68432.3,8.88189
68452.2,8.87529
68472.1,8.8687
68492,8.86211
68511.9,8.85552
68531.8,8.84892
68551.7,8.84233
68571.6,8.83574
68591.5,8.82914
68611.4,8.82255
68631.3,8.81596
68651.2,8.80936
68671.1,8.80277
68691,8.79618
68710.9,8.78958
68730.8,8.78299
68750.8,8.7764
68770.6,8.76981
68790.6,8.76321
68810.5,8.75662
68830.4,8.75002
68850.3,8.74343
68870.2,8.73684
68890.1,8.73024
68910,8.72365
68929.9,8.71706
68949.8,8.71047
68969.7,8.70387
68989.6,8.69728
69009.5,8.69069
69029.4,8.68409
69049.3,8.6775
69069.2,8.67091
69089.1,8.66431
69109,8.65772
69128.9,8.65112
69148.8,8.64453
69168.7,8.63794
69188.6,8.63134
69208.5,8.62475
69228.4,8.61816
69248.4,8.61156
69268.3,8.60497
69288.2,8.59838
69308.1,8.59179
69328,8.58519
69347.9,8.57875
69367.8,8.57255
69387.7,8.56634
69407.6,8.56014
69427.5,8.55394
69447.4,8.54773
69467.3,8.54153
69487.2,8.53532
69507.1,8.52911
69527,8.52291
69546.9,8.51671
69566.8,8.5105
69586.7,8.5043
69606.6,8.49809
69626.5,8.49189
69646.4,8.48568
69666.3,8.47948
69686.2,8.47327
69706.1,8.46707
69726,8.46086
69745.9,8.45466
69765.9,8.44845
69785.8,8.44225
69805.7,8.43605
69825.6,8.42984
69845.5,8.42363
69865.4,8.41743
69885.3,8.41122
69905.2,8.40502
69925.1,8.39882
69945,8.39261
69964.9,8.38641
69984.8,8.3802
70004.7,8.374
70024.6,8.36779
70044.5,8.36159
70064.4,8.35538
70084.3,8.34918
70104.2,8.34297
70124.1,8.33677
70144,8.33056
70163.9,8.32436
70183.8,8.31815
70203.7,8.31195
70223.6,8.30574
70243.5,8.29954
70263.5,8.29333
70283.4,8.28713
70303.3,8.28093
70323.2,8.27472
70343.1,8.26852
70363,8.26231
70382.9,8.25611
70402.8,8.2499
70422.7,8.2437
70442.6,8.23749
70462.5,8.23129
70482.4,8.22508
70502.3,8.21888
70522.2,8.21267
70542.1,8.20647
70562,8.20026
70581.9,8.19406
70601.8,8.18785
70621.7,8.18165
70641.6,8.17545
70661.5,8.16924
70681.4,8.16304
70701.3,8.15712
70721.3,8.15143
70741.1,8.14574
70761.1,8.14005
70781,8.13436
70800.9,8.12867
70820.8,8.12298
70840.7,8.11729
70860.6,8.1116
70880.5,8.10591
70900.4,8.10022
70920.3,8.09453
70940.2,8.08884
70960.1,8.08315
70980,8.07746
70999.9,8.07177
71019.8,8.06608
71039.7,8.06038
71059.6,8.05469
71079.5,8.049
71099.4,8.04331
71119.3,8.03762
71139.2,8.03193
71159.1,8.02624
71179,8.02055
71198.9,8.01486
71218.8,8.00917
71238.8,8.00348
71258.7,7.99779
71278.6,7.9921
71298.5,7.98641
71318.4,7.98072
71338.3,7.97503
71358.2,7.96934
71378.1,7.96365
71398,7.95795
71417.9,7.95227
71437.8,7.94657
71457.7,7.94088
71477.6,7.93519
71497.5,7.9295
71517.4,7.92381
71537.3,7.91812
71557.2,7.91243
71577.1,7.90674
71597,7.90105
71616.9,7.89536
71636.8,7.88967
71656.7,7.88398
71676.6,7.87829
71696.5,7.8726
71716.4,7.86691
71736.4,7.86122
71756.3,7.85553
71776.2,7.84984
71796.1,7.84414
71816,7.83846
71835.9,7.83277
71855.8,7.82707
71875.7,7.82139
71895.6,7.81569
71915.5,7.81
71935.4,7.80431
71955.3,7.79862
71975.2,7.79293
71995.1,7.78724
72015,7.78155
72034.9,7.77586
72054.8,7.77017
72074.7,7.76458
72094.6,7.75928
72114.5,7.75399
72134.4,7.7487
72154.3,7.74341
72174.2,7.73812
72194.1,7.73283
72214,7.72754
72233.9,7.72225
72253.9,7.71696
72273.8,7.71166
72293.7,7.70637
72313.6,7.70108
72333.5,7.69579
72353.4,7.6905
72373.3,7.68521
72393.2,7.67992
72413.1,7.67463
72433,7.66934
72452.9,7.66405
72472.8,7.65875
72492.7,7.65346
72512.6,7.64817
72532.5,7.64288
72552.4,7.63759
72572.3,7.6323
72592.2,7.62701
72612.1,7.62172
72632,7.61643
72651.9,7.61114
72671.8,7.60584
72691.7,7.60056
72711.6,7.59526
72731.5,7.58997
72751.4,7.58468
72771.4,7.57939
72791.3,7.5741
72811.2,7.56881
72831.1,7.56352
72851,7.55823
72870.9,7.55294
72890.8,7.54765
72910.7,7.54235
72930.6,7.53706
72950.5,7.53177
72970.4,7.52648
72990.3,7.52119
73010.2,7.5159
73030.1,7.51061
73050,7.50532
73069.9,7.50003
73089.8,7.49474
73109.7,7.48945
73129.6,7.48415
73149.5,7.47886
73169.4,7.47357
73189.3,7.46828
73209.2,7.46299
73229.1,7.4577
73249,7.45241
73269,7.44712
73288.9,7.44183
73308.8,7.43653
73328.7,7.43124
73348.6,7.42595
73368.5,7.42066
73388.4,7.41537
73408.3,7.41008
73428.2,7.40479
73448.1,7.3995
73468,7.39421
73487.9,7.38907
73507.8,7.38416
73527.7,7.37925
73547.6,7.37434
73567.5,7.36944
73587.4,7.36453
73607.3,7.35962
73627.2,7.35471
73647.1,7.3498
73667,7.34489
73686.9,7.33999
73706.8,7.33508
73726.7,7.33017
73746.6,7.32526
73766.6,7.32035
73786.5,7.31545
73806.4,7.31054
73826.3,7.30563
73846.2,7.30072
73866.1,7.29581
73886,7.29091
73905.9,7.286
73925.8,7.28109
73945.7,7.27618
73965.6,7.27128
73985.5,7.26637
74005.4,7.26146
74025.3,7.25655
74045.2,7.25164
74065.1,7.24673
74085,7.24183
74104.9,7.23692
74124.8,7.23201
74144.7,7.2271
74164.6,7.22219
74184.5,7.21729
74204.4,7.21238
74224.3,7.20747
74244.3,7.20256
74264.2,7.19765
74284.1,7.19275
74304,7.18784
74323.9,7.18293
74343.8,7.17802
74363.7,7.17311
74383.6,7.16821
74403.5,7.1633
74423.4,7.15839
74443.3,7.15348
74463.2,7.14857
74483.1,7.14367
74503,7.13876
74522.9,7.13385
74542.8,7.12894
74562.7,7.12403
74582.6,7.11913
74602.5,7.11422
74622.4,7.10931
74642.3,7.1044
74662.2,7.09949
74682.1,7.09459
74702,7.08968
74721.9,7.08477
74741.9,7.07986
74761.8,7.07495
74781.7,7.07005
74801.6,7.06514
74821.5,7.06023
74841.4,7.05532
74861.3,7.05041
74881.2,7.0455
74901.1,7.0406
74921,7.03571
74940.9,7.03113
74960.8,7.02656
74980.7,7.02199
75000.6,7.01742
75020.5,7.01285
75040.4,7.00827
75060.3,7.0037
75080.2,6.99913
75100.1,6.99456
75120,6.98999
75139.9,6.98541
75159.8,6.98084
75179.7,6.97627
75199.6,6.9717
75219.5,6.96713
75239.5,6.96255
75259.4,6.95798
75279.3,6.95341
75299.2,6.94884
75319.1,6.94427
75339,6.9397
75358.9,6.93513
75378.8,6.93055
75398.7,6.92598
75418.6,6.92141
75438.5,6.91684
75458.4,6.91226
75478.3,6.90769
75498.2,6.90312
75518.1,6.89855
75538,6.89398
75557.9,6.88941
75577.8,6.88483
75597.7,6.88026
75617.6,6.87569
75637.5,6.87112
75657.4,6.86655
75677.3,6.86197
75697.2,6.8574
75717.1,6.85283
75737,6.84826
75757,6.84369
75776.9,6.83911
75796.8,6.83454
75816.7,6.82997
75836.6,6.8254
75856.5,6.82083
75876.4,6.81626
75896.3,6.81168
75916.2,6.80711
75936.1,6.80254
75956,6.79797
75975.9,6.79339
75995.8,6.78882
76015.7,6.78425
76035.6,6.77968
76055.5,6.77511
76075.4,6.77054
76095.3,6.76596
76115.2,6.76139
76135.1,6.75682
76155,6.75225
76174.9,6.74768
76194.8,6.74311
76214.7,6.73853
76234.6,6.73396
76254.5,6.72939
76274.5,6.72482
76294.4,6.72025
76314.3,6.71567
76334.2,6.7111
76354.1,6.70653
76374,6.70196
76393.9,6.69764
76413.8,6.69344
76433.7,6.68923
76453.6,6.68502
76473.5,6.68082
76493.4,6.67661
76513.3,6.67241
76533.2,6.6682
76553.1,6.664
76573,6.65979
76592.9,6.65559
76612.8,6.65138
76632.7,6.64717
76652.6,6.64297
76672.5,6.63876
76692.4,6.63456
76712.3,6.63035
76732.2,6.62615
76752.1,6.62194
76772.1,6.61773
76792,6.61353
76811.9,6.60932
76831.8,6.60512
76851.7,6.60091
76871.6,6.59671
76891.5,6.5925
76911.4,6.58829
76931.3,6.58409
76951.2,6.57988
76971.1,6.57568
76991,6.57147
77010.9,6.56727
77030.8,6.56306
77050.7,6.55885
77070.6,6.55465
77090.5,6.55044
77110.4,6.54624
77130.3,6.54203
77150.2,6.53783
77170.1,6.53362
77190,6.52942
77209.9,6.52521
77229.8,6.521
77249.8,6.5168
77269.6,6.51259
77289.6,6.50839
77309.5,6.50418
77329.4,6.49998
77349.3,6.49577
77369.2,6.49156
77389.1,6.48736
77409,6.48315
77428.9,6.47895
77448.8,6.47474
77468.7,6.47054
77488.6,6.46633
77508.5,6.46212
77528.4,6.45792
77548.3,6.45371
77568.2,6.44951
77588.1,6.4453
77608,6.4411
77627.9,6.43689
77647.8,6.43268
77667.7,6.42848
77687.6,6.42427
77707.5,6.42007
77727.4,6.41586
77747.4,6.41166
77767.3,6.40745
77787.2,6.40325
77807.1,6.39904
77827,6.39483
77846.9,6.39063
77866.8,6.38642
77886.7,6.38231
77906.6,6.3784
77926.5,6.37448
77946.4,6.37056
77966.3,6.36664
77986.2,6.36273
78006.1,6.35881
78026,6.35489
78045.9,6.35097
78065.8,6.34705
78085.7,6.34314
78105.6,6.33922
78125.5,6.3353
78145.4,6.33138
78165.3,6.32747
78185.2,6.32355
78205.1,6.31963
78225,6.31571
78245,6.31179
78264.9,6.30788
78284.8,6.30396
78304.7,6.30004
78324.6,6.29612
78344.5,6.2922
78364.4,6.28829
78384.3,6.28437
78404.2,6.28045
78424.1,6.27653
78444,6.27261
78463.9,6.2687
78483.8,6.26478
78503.7,6.26086
78523.6,6.25694
78543.5,6.25303
78563.4,6.24911
78583.3,6.24519
78603.2,6.24127
78623.1,6.23735
78643,6.23344
78662.9,6.22952
78682.8,6.2256
78702.7,6.22168
78722.6,6.21776
78742.5,6.21385
78762.5,6.20993
78782.4,6.20601
78802.3,6.20209
78822.2,6.19818
78842.1,6.19426
78862,6.19034
78881.9,6.18642
78901.8,6.1825
78921.7,6.17859
78941.6,6.17467
78961.5,6.17075
78981.4,6.16683
79001.3,6.16292
79021.2,6.159
79041.1,6.15508
79061,6.15116
79080.9,6.14724
79100.8,6.14333
79120.7,6.13941
79140.6,6.13549
79160.5,6.13157
79180.4,6.12765
79200.3,6.12374
79220.3,6.11982
79240.1,6.1159
79260.1,6.11198
79280,6.10807
79299.9,6.10415
79319.8,6.10023
79339.7,6.09631
79359.6,6.09239
79379.5,6.08848
79399.4,6.08456
79419.3,6.08084
79439.2,6.07714
79459.1,6.07343
79479,6.06972
79498.9,6.06601
79518.8,6.0623
79538.7,6.0586
79558.6,6.05489
79578.5,6.05118
79598.4,6.04747
79618.3,6.04376
79638.2,6.04005
79658.1,6.03634
79678,6.03264
79697.9,6.02893
79717.8,6.02522
79737.8,6.02151
79757.7,6.0178
79777.6,6.01409
79797.5,6.01039
79817.4,6.00668
79837.3,6.00297
79857.2,5.99926
79877.1,5.99555
79897,5.99185
79916.9,5.98814
79936.8,5.98443
79956.7,5.98072
79976.6,5.97701
79996.5,5.9733
80016.4,5.96969
80036.3,5.96609
80056.2,5.9625
80076.1,5.9589
80096,5.9553
80115.9,5.95171
80135.8,5.94811
80155.7,5.94452
80175.6,5.94092
80195.5,5.93733
80215.4,5.93373
80235.3,5.93013
80255.3,5.92654
80275.2,5.92294
80295.1,5.91935
80315,5.91575
80334.9,5.91215
80354.8,5.90856
80374.7,5.90496
80394.6,5.90137
80414.5,5.89777
80434.4,5.89418
80454.3,5.89058
80474.2,5.88698
80494.1,5.88339
80514,5.87979
80533.9,5.8762
80553.8,5.8726
80573.7,5.86901
80593.6,5.86541
80613.5,5.86181
80633.4,5.85822
80653.3,5.85462
80673.2,5.85103
80693.1,5.84743
80713,5.84384
80732.9,5.84024
80752.9,5.83664
80772.8,5.83305
80792.7,5.82945
80812.6,5.82586
80832.5,5.82226
80852.4,5.81867
80872.3,5.81507
80892.2,5.81147
80912.1,5.80788
80932,5.80428
80951.9,5.80071
80971.8,5.79736
80991.7,5.79401
81011.6,5.79066
81031.5,5.78731
81051.4,5.78396
81071.3,5.78061
81091.2,5.77726
81111.1,5.77391
81131,5.77056
81150.9,5.76721
81170.8,5.76386
81190.7,5.76051
81210.6,5.75716
81230.5,5.75381
81250.4,5.75046
81270.4,5.74711
81290.3,5.74375
81310.2,5.7404
81330.1,5.73705
81350,5.7337
81369.9,5.73035
81389.8,5.727
81409.7,5.72365
81429.6,5.7203
81449.5,5.71695
81469.4,5.7136
81489.3,5.71025
81509.2,5.7069
81529.1,5.70355
81549,5.7002
81568.9,5.69685
81588.8,5.6935
81608.7,5.69015
81628.6,5.6868
81648.5,5.68345
81668.4,5.6801
81688.3,5.67675
81708.2,5.6734
81728.1,5.67005
81748,5.6667
81768,5.66335
81787.9,5.66
81807.8,5.65665
81827.7,5.6533
81847.6,5.64995
81867.5,5.6466
81887.4,5.64325
81907.3,5.6399
81927.2,5.63655
81947.1,5.6332
81967,5.62985
81986.9,5.6265
82006.8,5.62315
82026.7,5.6198
82046.6,5.61645
82066.5,5.6131
82086.4,5.60975
82106.3,5.6064
82126.2,5.60304
82146.1,5.5997
82166,5.59634
82185.9,5.59299
82205.8,5.58964
82225.8,5.58629
82245.6,5.58294
82265.6,5.57959
82285.5,5.57624
82305.4,5.57289
82325.3,5.56954
82345.2,5.56619
82365.1,5.56284
82385,5.55949
82404.9,5.55614
82424.8,5.55279
82444.7,5.54944
82464.6,5.54609
82484.5,5.54274
82504.4,5.53939
82524.3,5.53604
82544.2,5.53274
82564.1,5.52961
82584,5.52648
82603.9,5.52335
82623.8,5.52022
82643.7,5.51709
82663.6,5.51396
82683.5,5.51083
82703.4,5.5077
82723.3,5.50457
82743.3,5.50144
82763.2,5.49831
82783.1,5.49518
82803,5.49205
82822.9,5.48892
82842.8,5.48579
82862.7,5.48266
82882.6,5.47953
82902.5,5.4764
82922.4,5.47327
82942.3,5.47014
82962.2,5.46701
82982.1,5.46388
83002,5.46075
83021.9,5.45762
83041.8,5.45449
83061.7,5.45136
83081.6,5.44823
83101.5,5.4451
83121.4,5.44197
83141.3,5.43884
83161.2,5.43571
83181.1,5.43258
83201,5.42945
83220.9,5.42632
83240.9,5.42319
83260.8,5.42007
83280.7,5.41694
83300.6,5.4138
83320.5,5.41068
83340.4,5.40755
83360.3,5.40442
83380.2,5.40129
83400.1,5.39816
83420,5.39503
83439.9,5.3919
83459.8,5.38877
83479.7,5.38564
83499.6,5.38251
83519.5,5.37938
83539.4,5.37625
83559.3,5.37312
83579.2,5.36999
83599.1,5.36686
83619,5.36373
83638.9,5.3606
83658.8,5.35747
83678.7,5.35434
83698.6,5.35121
83718.5,5.34808
83738.5,5.34495
83758.4,5.34182
83778.3,5.33869
83798.2,5.33556
83818.1,5.33243
83838,5.3293
83857.9,5.32617
83877.8,5.32304
83897.7,5.31991
83917.6,5.31678
83937.5,5.31365
83957.4,5.31052
83977.3,5.30739
83997.2,5.30426
84017.1,5.30113
84037,5.298
84056.9,5.29487
84076.8,5.29174
84096.7,5.28861
84116.6,5.28548
84136.5,5.28235
84156.4,5.27931
84176.3,5.27643
84196.2,5.27355
84216.1,5.27067
84236,5.26779
84255.9,5.26491
84275.9,5.26203
84295.8,5.25915
84315.7,5.25627
84335.6,5.25339
84355.5,5.25051
84375.4,5.24763
84395.3,5.24475
84415.2,5.24187
84435.1,5.23899
84455,5.23612
84474.9,5.23323
84494.8,5.23036
84514.7,5.22748
84534.6,5.2246
84554.5,5.22172
84574.4,5.21884
84594.3,5.21596
84614.2,5.21308
84634.1,5.2102
84654,5.20732
84673.9,5.20444
84693.8,5.20156
84713.7,5.19868
84733.6,5.1958
84753.5,5.19292
84773.5,5.19005
84793.4,5.18717
84813.3,5.18429
84833.2,5.18141
84853.1,5.17853
84873,5.17565
84892.9,5.17277
84912.8,5.16989
84932.7,5.16701
84952.6,5.16413
84972.5,5.16125
84992.4,5.15837
85012.3,5.15549
85032.2,5.15261
85052.1,5.14973
85072,5.14685
85091.9,5.14398
85111.8,5.1411
85131.7,5.13822
85151.6,5.13534
85171.5,5.13246
85191.4,5.12958
85211.3,5.1267
85231.2,5.12382
85251.1,5.12094
85271.1,5.11806
85291,5.11518
85310.9,5.1123
85330.8,5.10942
85350.7,5.10654
85370.6,5.10366
85390.5,5.10078
85410.4,5.0979
85430.3,5.09503
85450.2,5.09215
85470.1,5.08927
85490,5.08639
85509.9,5.08351
85529.8,5.08063
85549.7,5.07775
85569.6,5.07487
85589.5,5.07199
85609.4,5.06911
85629.3,5.06623
85649.2,5.06335
85669.1,5.06047
85689,5.05759
85708.9,5.05471
85728.8,5.05183
85748.8,5.04895
85768.7,5.04607
85788.6,5.0432
85808.5,5.04039
85828.4,5.03769
85848.3,5.03498
85868.2,5.03228
85888.1,5.02958
85908,5.02687
85927.9,5.02417
85947.8,5.02146
85967.7,5.01876
85987.6,5.01606
86007.5,5.01335
86027.4,5.01065
86047.3,5.00795
86067.2,5.00524
86087.1,5.00254
86107,4.99983
86126.9,4.99713
86146.8,4.99443
86166.7,4.99172
86186.6,4.98902
86206.5,4.98631
86226.4,4.98361
86246.4,4.98091
86266.3,4.9782
86286.2,4.9755
86306.1,4.9728
86326,4.97009
86345.9,4.96739
86365.8,4.96468
86385.7,4.96198
86405.6,4.95928
86425.5,4.95657
86445.4,4.95387
86465.3,4.95117
86485.2,4.94846
86505.1,4.94576
86525,4.94305
86544.9,4.94035
86564.8,4.93765
86584.7,4.93494
86604.6,4.93224
86624.5,4.92953
86644.4,4.92683
86664.3,4.92413
86684.2,4.92142
86704.1,4.91872
86724,4.91601
86744,4.91331
86763.9,4.91061
86783.8,4.9079
86803.7,4.9052
86823.6,4.9025
86843.5,4.89979
86863.4,4.89709
86883.3,4.89438
86903.2,4.89168
86923.1,4.88898
86943,4.88627
86962.9,4.88357
86982.8,4.88086
87002.7,4.87816
87022.6,4.87546
87042.5,4.87275
87062.4,4.87005
87082.3,4.86735
87102.2,4.86464
87122.1,4.86194
87142,4.85923
87161.9,4.85653
87181.8,4.85383
87201.7,4.85112
87221.6,4.84842
87241.5,4.84572
87261.5,4.84301
87281.4,4.84031
87301.3,4.8376
87321.2,4.8349
87341.1,4.8322
87361,4.82949
87380.9,4.82679
87400.8,4.82408
87420.7,4.82138
87440.6,4.81868
87460.5,4.81597
87480.4,4.81338
87500.3,4.81089
87520.2,4.80841
87540.1,4.80592
87560,4.80343
87579.9,4.80094
87599.8,4.79846
87619.7,4.79597
87639.6,4.79348
87659.5,4.79099
87679.4,4.78851
87699.3,4.78602
87719.2,4.78353
87739.1,4.78104
87759.1,4.77856
87779,4.77607
87798.9,4.77358
87818.8,4.77109
87838.7,4.76861
87858.6,4.76612
87878.5,4.76363
87898.4,4.76115
87918.3,4.75866
87938.2,4.75617
87958.1,4.75368
87978,4.75119
87997.9,4.74871
88017.8,4.74622
88037.7,4.74373
88057.6,4.74124
88077.5,4.73876
88097.4,4.73627
88117.3,4.73378
88137.2,4.73129
88157.1,4.72881
88177,4.72632
88196.9,4.72383
88216.8,4.72134
88236.7,4.71886
88256.6,4.71637
88276.6,4.71388
88296.5,4.71139
88316.4,4.70891
88336.3,4.70642
88356.2,4.70393
88376.1,4.70145
88396,4.69896
88415.9,4.69647
88435.8,4.69398
88455.7,4.69149
88475.6,4.68901
88495.5,4.68652
88515.4,4.68403
88535.3,4.68154
88555.2,4.67906
88575.1,4.67657
88595,4.67408
88614.9,4.67159
88634.8,4.66911
88654.7,4.66662
88674.6,4.66413
88694.5,4.66164
88714.4,4.65916
88734.3,4.65667
88754.3,4.65418
88774.1,4.65169
88794.1,4.64921
88814,4.64672
88833.9,4.64423
88853.8,4.64174
88873.7,4.63926
88893.6,4.63677
88913.5,4.63428
88933.4,4.63179
88953.3,4.62931
88973.2,4.62682
88993.1,4.62433
89013,4.62184
89032.9,4.61936
89052.8,4.61687
89072.7,4.61438
89092.6,4.61189
89112.5,4.60941
89132.4,4.60692
89152.3,4.60443
89172.2,4.60194
89192.1,4.59957
89212,4.59727
89231.9,4.59496
89251.9,4.59266
89271.8,4.59035
89291.7,4.58805
89311.6,4.58575
89331.5,4.58344
89351.4,4.58114
89371.3,4.57884
89391.2,4.57653
89411.1,4.57423
89431,4.57193
89450.9,4.56962
89470.8,4.56732
89490.7,4.56502
89510.6,4.56271
89530.5,4.56041
89550.4,4.5581
89570.3,4.5558
89590.2,4.5535
89610.1,4.5512
89630,4.54889
89649.9,4.54659
89669.8,4.54428
89689.7,4.54198
89709.6,4.53968
89729.5,4.53737
89749.5,4.53507
89769.4,4.53277
89789.3,4.53046
89809.2,4.52816
89829.1,4.52586
89849,4.52355
89868.9,4.52125
89888.8,4.51894
89908.7,4.51664
89928.6,4.51434
89948.5,4.51203
89968.4,4.50973
89988.3,4.50743
90008.2,4.50512
90028.1,4.50282
90048,4.50052
90067.9,4.49821
90087.8,4.49591
90107.7,4.49361
90127.6,4.4913
90147.5,4.489
90167.4,4.4867
90187.3,4.48439
90207.2,4.48209
90227.1,4.47979
90247,4.47748
90267,4.47518
90286.9,4.47288
90306.8,4.47057
90326.7,4.46827
90346.6,4.46596
90366.5,4.46366
90386.4,4.46136
90406.3,4.45905
90426.2,4.45675
90446.1,4.45445
90466,4.45214
90485.9,4.44984
90505.8,4.44754
90525.7,4.44523
90545.6,4.44293
90565.5,4.44063
90585.4,4.43832
90605.3,4.43602
90625.2,4.43372
90645.1,4.43141
90665,4.42911
90684.9,4.42681
90704.8,4.4245
90724.8,4.4222
90744.6,4.41989
90764.6,4.41759
90784.5,4.41529
90804.4,4.41298
90824.3,4.41068
90844.2,4.40838
90864.1,4.40607
90884,4.40377
90903.9,4.40147
90923.8,4.39916
90943.7,4.39697
90963.6,4.39482
90983.5,4.39267
91003.4,4.39053
91023.3,4.38838
91043.2,4.38623
91063.1,4.38408
91083,4.38194
91102.9,4.37979
91122.8,4.37764
91142.7,4.3755
91162.6,4.37335
91182.5,4.3712
91202.4,4.36906
91222.3,4.36691
91242.3,4.36476
91262.2,4.36261
91282.1,4.36047
91302,4.35832
91321.9,4.35617
91341.8,4.35403
91361.7,4.35188
91381.6,4.34973
91401.5,4.34758
91421.4,4.34544
91441.3,4.34329
91461.2,4.34114
91481.1,4.339
91501,4.33685
91520.9,4.3347
91540.8,4.33256
91560.7,4.33041
91580.6,4.32826
91600.5,4.32611
91620.4,4.32397
91640.3,4.32182
91660.2,4.31967
91680.1,4.31753
91700,4.31538
91719.9,4.31323
91739.9,4.31108
91759.8,4.30894
91779.7,4.30679
91799.6,4.30464
91819.5,4.3025
91839.4,4.30035
91859.3,4.2982
91879.2,4.29606
91899.1,4.29391
91919,4.29176
91938.9,4.28961
91958.8,4.28747
91978.7,4.28532
91998.6,4.28317
92018.5,4.28103
92038.4,4.27888
92058.3,4.27673
92078.2,4.27459
92098.1,4.27244
92118,4.27029
92137.9,4.26814
92157.8,4.266
92177.7,4.26385
92197.6,4.2617
92217.5,4.25956
92237.4,4.25741
92257.4,4.25526
92277.3,4.25312
92297.2,4.25097
92317.1,4.24882
92337,4.24667
92356.9,4.24453
92376.8,4.24238
92396.7,4.24023
92416.6,4.23809
92436.5,4.23594
92456.4,4.23379
92476.3,4.23164
92496.2,4.2295
92516.1,4.22735
92536,4.2252
92555.9,4.22306
92575.8,4.22091
92595.7,4.21876
92615.6,4.21662
92635.5,4.21447
92655.4,4.21232
92675.3,4.21017
92695.2,4.20803
92715.1,4.20592
92735,4.20393
92754.9,4.20194
92774.9,4.19996
92794.8,4.19797
92814.7,4.19598
92834.6,4.19399
92854.5,4.192
92874.4,4.19001
92894.3,4.18802
92914.2,4.18604
92934.1,4.18405
92954,4.18206
92973.9,4.18007
92993.8,4.17808
93013.7,4.17609
93033.6,4.1741
93053.5,4.17212
93073.4,4.17013
93093.3,4.16814
93113.2,4.16615
93133.1,4.16416
93153,4.16217
93172.9,4.16018
93192.8,4.1582
93212.7,4.15621
93232.6,4.15422
93252.5,4.15223
93272.5,4.15024
93292.4,4.14825
93312.3,4.14627
93332.2,4.14428
93352.1,4.14229
93372,4.1403
93391.9,4.13831
93411.8,4.13632
93431.7,4.13433
93451.6,4.13235
93471.5,4.13036
93491.4,4.12837
93511.3,4.12638
93531.2,4.12439
93551.1,4.1224
93571,4.12041
93590.9,4.11843
93610.8,4.11644
93630.7,4.11445
93650.6,4.11246
93670.5,4.11047
93690.4,4.10848
93710.3,4.10649
93730.3,4.10451
93750.1,4.10252
93770.1,4.10053
93790,4.09854
93809.9,4.09655
93829.8,4.09456
93849.7,4.09257
93869.6,4.09059
93889.5,4.0886
93909.4,4.08661
93929.3,4.08462
93949.2,4.08263
93969.1,4.08064
93989,4.07866
94008.9,4.07667
94028.8,4.07468
94048.7,4.07269
94068.6,4.0707
94088.5,4.06871
94108.4,4.06672
94128.3,4.06474
94148.2,4.06275
94168.1,4.06076
94188,4.05877
94207.9,4.05678
94227.8,4.05479
94247.8,4.0528
94267.7,4.05082
94287.6,4.04883
94307.5,4.04684
94327.4,4.04485
94347.3,4.04286
94367.2,4.04087
94387.1,4.03888
94407,4.0369
94426.9,4.03491
94446.8,4.03292
94466.7,4.03093
94486.6,4.02894
94506.5,4.02695
94526.4,4.02501
94546.3,4.02316
94566.2,4.02132
94586.1,4.01947
94606,4.01762
94625.9,4.01578
94645.8,4.01393
94665.7,4.01208
94685.6,4.01024
94705.5,4.00839
94725.4,4.00655
94745.4,4.0047
94765.3,4.00285
94785.2,4.00101
94805.1,3.99916
94825,3.99731
94844.9,3.99547
94864.8,3.99362
94884.7,3.99177
94904.6,3.98993
94924.5,3.98808
94944.4,3.98623
94964.3,3.98439
94984.2,3.98254
95004.1,3.9807
95024,3.97885
95043.9,3.977
95063.8,3.97516
95083.7,3.97331
95103.6,3.97146
95123.5,3.96962
95143.4,3.96777
95163.3,3.96592
95183.2,3.96408
95203.1,3.96223
95223,3.96038
95243,3.95854
95262.9,3.95669
95282.8,3.95484
95302.7,3.953
95322.6,3.95115
95342.5,3.9493
95362.4,3.94746
95382.3,3.94561
95402.2,3.94377
95422.1,3.94192
95442,3.94007
95461.9,3.93823
95481.8,3.93638
95501.7,3.93453
95521.6,3.93269
95541.5,3.93084
95561.4,3.92899
95581.3,3.92715
95601.2,3.9253
95621.1,3.92345
95641,3.92161
95660.9,3.91976
95680.8,3.91791
95700.7,3.91607
95720.6,3.91422
95740.6,3.91237
95760.5,3.91053
95780.4,3.90868
95800.3,3.90684
95820.2,3.90499
95840.1,3.90314
95860,3.9013
95879.9,3.89945
95899.8,3.8976
95919.7,3.89576
95939.6,3.89391
95959.5,3.89206
95979.4,3.89022
95999.3,3.88837
96019.2,3.88652
96039.1,3.88468
96059,3.88283
96078.9,3.88098
96098.8,3.87914
96118.7,3.87729
96138.6,3.87545
96158.5,3.8736
96178.4,3.87175
96198.3,3.86991
96218.2,3.86806
96238.1,3.86621
96258,3.86437
96278,3.86252
96297.9,3.86067
96317.8,3.85883
96337.7,3.85698
96357.6,3.85513
96377.5,3.85333
96397.4,3.85162
96417.3,3.8499
96437.2,3.84818
96457.1,3.84646
96477,3.84474
96496.9,3.84302
96516.8,3.8413
96536.7,3.83958
96556.6,3.83786
96576.5,3.83614
96596.4,3.83442
96616.3,3.8327
96636.2,3.83098
96656.1,3.82926
96676,3.82754
96695.9,3.82582
96715.8,3.8241
96735.7,3.82238
96755.6,3.82066
96775.6,3.81894
96795.5,3.81722
96815.4,3.8155
96835.3,3.81379
96855.2,3.81207
96875.1,3.81035
96895,3.80863
96914.9,3.80691
96934.8,3.80519
96954.7,3.80347
96974.6,3.80175
96994.5,3.80003
97014.4,3.79831
97034.3,3.79659
97054.2,3.79487
97074.1,3.79315
97094,3.79143
97113.9,3.78971
97133.8,3.78799
97153.7,3.78627
97173.6,3.78455
97193.5,3.78283
97213.4,3.78111
97233.3,3.77939
97253.3,3.77767
97273.2,3.77595
97293.1,3.77424
97313,3.77252
97332.9,3.7708
97352.8,3.76908
97372.7,3.76736
97392.6,3.76564
97412.5,3.76392
97432.4,3.7622
97452.3,3.76048
97472.2,3.75876
97492.1,3.75704
97512,3.75532
97531.9,3.7536
97551.8,3.75188
97571.7,3.75016
97591.6,3.74844
97611.5,3.74672
97631.4,3.745
97651.3,3.74328
97671.2,3.74156
97691.1,3.73984
97711,3.73812
97730.9,3.73641
97750.9,3.73469
97770.8,3.73297
97790.7,3.73125
97810.6,3.72953
97830.5,3.72781
97850.4,3.72609
97870.3,3.72437
97890.2,3.72265
97910.1,3.72093
97930,3.71921
97949.9,3.71749
97969.8,3.71577
97989.7,3.71405
98009.6,3.71233
98029.5,3.71061
98049.4,3.70889
98069.3,3.70717
98089.2,3.70545
98109.1,3.70373
98129,3.70201
98148.9,3.70029
98168.8,3.69858
98188.7,3.69685
98208.6,3.69514
98228.5,3.69342
98248.5,3.6917
98268.4,3.69009
98288.3,3.68849
98308.2,3.68689
98328.1,3.68529
98348,3.68368
98367.9,3.68208
98387.8,3.68048
98407.7,3.67888
98427.6,3.67728
98447.5,3.67568
98467.4,3.67408
98487.3,3.67248
98507.2,3.67088
98527.1,3.66928
98547,3.66768
98566.9,3.66608
98586.8,3.66448
98606.7,3.66288
98626.6,3.66128
98646.5,3.65968
98666.4,3.65808
98686.3,3.65648
98706.2,3.65488
98726.1,3.65328
98746,3.65167
98766,3.65007
98785.9,3.64847
98805.8,3.64687
98825.7,3.64527
98845.6,3.64367
98865.5,3.64207
98885.4,3.64047
98905.3,3.63887
98925.2,3.63727
98945.1,3.63567
98965,3.63407
98984.9,3.63247
99004.8,3.63087
99024.7,3.62927
99044.6,3.62767
99064.5,3.62607
99084.4,3.62447
99104.3,3.62287
99124.2,3.62127
99144.1,3.61967
99164,3.61806
99183.9,3.61646
99203.8,3.61486
99223.8,3.61326
99243.6,3.61166
99263.6,3.61006
99283.5,3.60846
99303.4,3.60686
99323.3,3.60526
99343.2,3.60366
99363.1,3.60206
99383,3.60046
99402.9,3.59886
99422.8,3.59726
99442.7,3.59566
99462.6,3.59406
99482.5,3.59246
99502.4,3.59086
99522.3,3.58926
99542.2,3.58766
99562.1,3.58606
99582,3.58445
99601.9,3.58285
99621.8,3.58125
99641.7,3.57965
99661.6,3.57805
99681.5,3.57645
99701.4,3.57485
99721.3,3.57325
99741.3,3.57165
99761.2,3.57005
99781.1,3.56845
99801,3.56685
99820.9,3.56525
99840.8,3.56365
99860.7,3.56205
99880.6,3.56045
99900.5,3.55885
99920.4,3.55725
99940.3,3.55565
99960.2,3.55404
99980.1,3.55244
100000,3.55084